query_key,answerset_f1,answerset_precision,answerset_recall,bleu,codebleu,cosine_sim,euclidean,exact_match_spinach,f1_qald,f1_spinach,hit@5,jaccard,levenshtein,meteor,mrr,naive-can-bleu,naive-can-rouge-4,ndcg,p@1,precision_qald,qcan-bleu-flex,qcan-bleu-strict,qcan-rouge-4-flex,qcan-rouge-4-strict,query_exact_match,query_execution,recall_qald,rouge_1,rouge_2,rouge_3,rouge_4,sp-bleu,sp-f1,token_f1,token_precision,token_recall,uri_hallucination
ck25_AIFB_ck25:1-en,0.0,0.0,0.0,0.04706926274683055,0.3630439455653647,0.20327890704543544,0.18660549686337075,0.0,0.0,0.0,0.0,0.17391304347826086,0.21674876847290636,0.2703030303030303,0.0,0.13168323999915624,0.0,,0.0,1.0,0.05523886218000656,0.0,0.0,0.0,0.0,0.0,0.0,0.20512820512820512,0.0,0.0,0.0,0.10255501042872261,0.4827586206896552,0.3448275862068966,0.4166666666666667,0.29411764705882354,0.0
ck25_AIFB_ck25:10-en,0.0,0.0,0.0,0.043769857293223975,0.3365308975460599,0.10486450101861526,0.16952084719853724,0.0,0.0,0.0,0.0,0.1111111111111111,0.19565217391304346,0.24572649572649571,0.0,0.16679551613797314,0.0,,0.0,1.0,0.04089148102978526,0.0,0.0,0.0,0.0,0.0,0.0,0.11538461538461538,0.0,0.0,0.0,0.15013058019014863,0.45,0.3,0.3157894736842105,0.2857142857142857,0.0
ck25_AIFB_ck25:11-en,0.0,0.0,0.0,0.059951120430386216,0.38597161095096055,0.15384615384615385,0.1951941016011038,0.0,0.0,0.0,0.0,0.19047619047619047,0.24154589371980673,0.38005621410240736,0.0,0.45788313721339824,0.11764705882352941,,0.0,1.0,0.06170290107295076,0.0,0.0,0.0,0.0,0.0,0.0,0.21052631578947364,0.05555555555555555,0.0,0.0,0.36956560609943756,0.7096774193548386,0.45161290322580644,0.5,0.4117647058823529,0.0
ck25_AIFB_ck25:12-en,0.0,0.0,0.0,0.038859279057273,0.3966827923567709,0.147087101353638,0.1951941016011038,0.0,0.0,0.0,0.0,0.15,0.21739130434782605,0.27530864197530863,0.0,0.11339744694506108,0.0,,0.0,1.0,0.053862244752318676,0.0,0.0,0.0,0.0,0.0,0.0,0.17647058823529413,0.0,0.0,0.0,0.08125282127526637,0.5384615384615384,0.3846153846153846,0.5555555555555556,0.29411764705882354,0.0
ck25_AIFB_ck25:13-en,0.0,0.0,0.0,0.20515739829104168,0.5367965959495721,0.5163977794943222,0.1951941016011038,0.0,0.0,0.0,0.0,0.2608695652173913,0.29670329670329665,0.5957229195722918,0.0,0.4331371630306181,0.060606060606060615,,0.0,1.0,0.18556675930109115,0.0,0.0,0.0,0.0,0.0,0.0,0.4324324324324324,0.1142857142857143,0.0,0.0,0.2746997742001637,0.6808510638297872,0.5957446808510638,0.6086956521739131,0.5833333333333334,0.0
ck25_AIFB_ck25:14-en,0.0,0.0,0.0,0.03877190058667321,0.3403379801524698,0.12712834523274563,0.18660549686337075,0.0,0.0,0.0,0.0,0.17391304347826086,0.2581967213114754,0.21862745098039219,0.0,0.09397755281483296,0.0,,0.0,1.0,0.047623326797529605,0.0,0.0,0.0,0.0,0.0,0.0,0.19047619047619047,0.0,0.0,0.0,0.07694231258851399,0.3888888888888889,0.2777777777777778,0.3333333333333333,0.23809523809523808,0.0
ck25_AIFB_ck25:15-en,0.0,0.0,0.0,0.30318440807633684,0.65147177769476,0.48055562994426915,0.1907435698305462,0.0,0.0,0.0,0.0,0.41935483870967744,0.40153452685422,0.5043454142011834,0.0,0.2680587226950746,0.023255813953488372,,0.0,1.0,0.0735462701389417,0.0,0.014388489208633094,0.0,0.0,0.0,0.0,0.5066666666666667,0.2465753424657534,0.16901408450704225,0.11594202898550725,0.24718202040813214,0.6363636363636364,0.5909090909090909,0.7027027027027027,0.5098039215686274,0.0
ck25_AIFB_ck25:16-en,0.0,0.0,1.0,0.11109730299189916,0.5215239592759601,0.3698001308168194,0.2,1.0,0.0,0.0,0.0,0.15789473684210525,0.2727272727272727,0.4651283112582782,0.0,0.17907273195267667,0.0,,0.0,0.0,0.04579911341208652,0.0,0.0,0.0,0.0,0.0,0.0,0.27586206896551724,0.0,0.0,0.0,0.17907273195267667,0.5806451612903225,0.5161290322580646,0.5,0.5333333333333333,0.0
ck25_AIFB_ck25:17-en,0.0,0.0,0.0,0.052981501718128016,0.35957179560112973,0.14173667737846019,0.2,0.0,0.0,0.0,0.0,0.15789473684210525,0.2704402515723271,0.3042328042328043,0.0,0.11868095023232444,0.0,,0.0,1.0,0.05090643635966016,0.0,0.0,0.0,0.0,0.0,0.0,0.20689655172413793,0.0,0.0,0.0,0.10386640112199426,0.5,0.37500000000000006,0.4,0.35294117647058826,0.0
ck25_AIFB_ck25:18-en,0.0,0.0,0.0,0.3543272321193154,0.5969151413631623,0.41871789467931186,0.20521309615767264,0.0,0.0,0.0,0.0,0.34782608695652173,0.3031496062992126,0.4957694821700922,0.0,0.33612674853629154,0.0,,0.0,1.0,0.18659365120723373,0.0,0.0,0.0,0.0,0.0,0.0,0.423076923076923,0.24,0.20833333333333334,0.17391304347826086,0.2893069735550058,0.6530612244897959,0.5714285714285714,0.7,0.4827586206896552,0.0
ck25_AIFB_ck25:19-en,0.0,0.0,0.0,0.36049175611468287,0.6109562723620041,0.5000000000000001,0.2240092377397959,0.0,0.0,0.0,0.0,0.4,0.37628865979381443,0.5287465401344406,0.0,0.3812922160077082,0.04444444444444444,,0.0,1.0,0.19008289325963618,0.0,0.0,0.0,0.0,0.0,0.0,0.5454545454545455,0.28571428571428575,0.25,0.21052631578947367,0.32818125166662054,0.6938775510204082,0.6122448979591838,0.75,0.5172413793103449,0.0
ck25_AIFB_ck25:2-en,0.0,0.0,0.0,0.06616869624437408,0.3584370225242072,0.20683507599800766,0.18660549686337075,0.0,0.0,0.0,0.0,0.20833333333333334,0.17045454545454541,0.3430769230769231,0.0,0.1700933695363378,0.0,,0.0,1.0,0.1527898075109779,0.1527898075109779,0.0,0.0,0.0,1.0,0.0,0.24999999999999994,0.043478260869565216,0.0,0.0,0.1700933695363378,0.5384615384615384,0.38461538461538464,0.38461538461538464,0.38461538461538464,0.5
ck25_AIFB_ck25:20-en,0.0,0.0,0.0,0.2385876047364477,0.5243208142275901,0.33220529851337466,0.1951941016011038,0.0,0.0,0.0,0.0,0.2916666666666667,0.33613445378151263,0.420280612244898,0.0,0.3312088268269367,0.03571428571428571,,0.0,1.0,0.1729634245765596,0.0,0.0,0.0,0.0,0.0,0.0,0.4,0.20833333333333331,0.08695652173913043,0.0,0.29070653589028245,0.6428571428571429,0.5,0.6086956521739131,0.42424242424242425,0.0
ck25_AIFB_ck25:21-en,0.0,0.0,0.0,0.22210383917841148,0.4452318421475441,0.2133739798676325,0.1757340838011157,0.0,0.0,0.0,0.0,0.2903225806451613,0.3571428571428571,0.4219801992693039,0.0,0.4607120909347473,0.15189873417721522,,0.0,1.0,0.18668642560213028,0.0,0.025974025974025972,0.0,0.0,0.0,0.0,0.4050632911392405,0.1558441558441558,0.08,0.0547945205479452,0.4218028489051673,0.6835443037974683,0.48101265822784806,0.5588235294117647,0.4222222222222222,0.0
ck25_AIFB_ck25:22-en,0.0,0.0,0.0,0.06060584471778204,0.4010444438754766,0.2809757434745082,0.1907435698305462,0.0,0.0,0.0,0.0,0.18181818181818182,0.28402366863905326,0.353968253968254,0.0,0.17685732282413552,0.0,,0.0,1.0,0.07517081801936397,0.0,0.0,0.0,0.0,0.0,0.0,0.2777777777777778,0.0,0.0,0.0,0.12672380930774957,0.6363636363636364,0.4545454545454546,0.5555555555555556,0.38461538461538464,1.0
ck25_AIFB_ck25:23-en,0.0,0.0,0.0,0.0448154271230522,0.508001701041946,0.1559625734730109,0.1639607805437114,0.0,0.0,0.0,0.0,0.10344827586206896,0.22545454545454546,0.25952743902439024,0.0,0.11408461064516072,0.0,,0.0,1.0,0.04503072895167872,0.0,0.0,0.0,0.0,0.0,0.0,0.19607843137254902,0.0,0.0,0.0,0.0945794641611119,0.5945945945945946,0.4324324324324324,0.5,0.38095238095238093,0.0
ck25_AIFB_ck25:24-en,0.0,0.0,0.0,0.14624803814409562,0.5115620095360239,0.22268088570756167,0.1827439976315568,0.0,0.0,0.0,0.0,0.25925925925925924,0.22067039106145248,0.3361455147169433,0.0,0.14946019878871306,0.0,,0.0,1.0,0.16549195566383204,0.0,0.0,0.0,0.0,0.0,0.0,0.25352112676056343,0.17391304347826086,0.1492537313432836,0.12307692307692307,0.1286415852555201,0.5079365079365079,0.44444444444444453,0.7,0.32558139534883723,0.0
ck25_AIFB_ck25:25-en,0.0,0.0,0.0,0.04868174294574317,0.46842043573643577,0.22949627301078918,0.17253779651421453,0.0,0.0,0.0,0.0,0.25806451612903225,0.15082644628099173,0.2261342553550346,0.0,0.049750978340529314,0.0,,0.0,1.0,0.14244024627404225,0.0,0.0,0.0,0.0,0.0,0.0,0.21505376344086025,0.13186813186813184,0.11235955056179775,0.09195402298850575,0.04282106389264387,0.37647058823529417,0.32941176470588235,0.7,0.2153846153846154,0.0
ck25_AIFB_ck25:26-en,0.0,0.0,0.0,0.04078535300633206,0.43250503288203407,0.2867073193284778,0.1757340838011157,0.0,0.0,0.0,0.0,0.21428571428571427,0.23948220064724923,0.2601204416192707,0.0,0.2467017248961994,0.06666666666666667,,0.0,1.0,0.052254659652797096,0.0,0.0,0.0,0.0,0.0,0.0,0.25925925925925924,0.03846153846153846,0.0,0.0,0.21066838846660987,0.40909090909090906,0.3181818181818182,0.3684210526315789,0.28,0.0
ck25_AIFB_ck25:27-en,0.0,0.0,0.0,0.1803915734907086,0.6225172482113869,0.47842902870957005,0.16139047779640892,0.0,0.0,0.0,0.0,0.2702702702702703,0.3106796116504854,0.4125484904705684,0.0,0.21194388915072448,0.024096385542168672,0.0,0.0,1.0,0.11256868319261296,0.0,0.0,0.0,0.0,0.0,0.0,0.43373493975903615,0.271604938271605,0.1518987341772152,0.0779220779220779,0.15853874084357186,0.6097560975609755,0.5365853658536586,0.7096774193548387,0.43137254901960786,0.0
ck25_AIFB_ck25:28-en,0.0,0.0,1.0,0.030191440713365093,0.4874329176496056,0.2681332221799479,0.14459058185587106,1.0,0.0,0.0,0.0,0.18604651162790697,0.22103386809269165,0.16761416081681726,0.0,0.08480836717356179,0.0,,0.0,0.0,0.017528189751626778,0.0,0.0,0.0,0.0,0.0,0.0,0.21739130434782608,0.04444444444444444,0.0,0.0,0.04255251818337256,0.42990654205607476,0.3177570093457944,0.5862068965517241,0.21794871794871795,0.0
ck25_AIFB_ck25:29-en,0.0,0.0,0.0,0.17980069287107234,0.533839062106657,0.38952622254023866,0.179128784747792,0.0,0.0,0.0,0.0,0.36363636363636365,0.2786885245901639,0.38580246913580246,0.0,0.33478824544383934,0.09345794392523364,,0.0,1.0,0.10878033102408234,0.0,0.0,0.0,0.0,0.0,0.0,0.4285714285714286,0.14634146341463414,0.075,0.025641025641025637,0.28339213147640346,0.5813953488372093,0.46511627906976744,0.5555555555555556,0.4,0.0
ck25_AIFB_ck25:3-en,0.0,0.0,0.0,0.05523886218000656,0.3645847347859018,0.4403855060505443,0.2,0.0,0.0,0.0,0.0,0.30434782608695654,0.24022346368715086,0.2883720930232559,0.0,0.13081435925695184,0.0,,0.0,1.0,0.07472892616029096,0.07472892616029096,0.0,0.0,0.0,1.0,0.0,0.40909090909090906,0.04761904761904763,0.0,0.0,0.12035502058767225,0.5599999999999999,0.4,0.4166666666666667,0.38461538461538464,1.0
ck25_AIFB_ck25:30-en,0.0,0.0,0.0,0.20670089563170554,0.4731037953364978,0.32778114068761827,0.1907435698305462,0.0,0.0,0.0,0.0,0.35714285714285715,0.3817567567567568,0.5151880722593417,0.0,0.6226181525241928,0.25,,0.0,1.0,0.21658794587240243,0.0,0.0,0.0,0.0,0.0,0.0,0.3939393939393939,0.06250000000000001,0.0,0.0,0.5245311637341498,0.7901234567901234,0.5925925925925927,0.6857142857142857,0.5217391304347826,0.0
ck25_AIFB_ck25:31-en,0.0,0.0,0.0,0.14943940799000247,0.4402808141968133,0.1295059035568172,0.16666666666666666,0.0,0.0,0.0,0.0,0.2647058823529412,0.22648752399232241,0.42876173894692426,0.0,0.13287251113851375,0.0,,0.0,1.0,0.04461187050502448,0.0,0.0,0.0,0.0,0.0,0.0,0.25,0.09803921568627451,0.039999999999999994,0.0,0.13287251113851375,0.5,0.37500000000000006,0.27835051546391754,0.574468085106383,0.0
ck25_AIFB_ck25:32-en,0.0,0.0,0.0,0.1371331771348768,0.42822268822311316,0.2562264162305973,0.1757340838011157,0.0,0.0,0.0,0.0,0.35294117647058826,0.28348909657320875,0.35802761074702166,0.0,0.3500925931424679,0.09411764705882353,,0.0,1.0,0.05472347885914856,0.0,0.0,0.0,0.0,0.0,0.0,0.3611111111111111,0.11428571428571428,0.0588235294117647,0.030303030303030304,0.29189072112903947,0.6428571428571428,0.45238095238095244,0.5757575757575758,0.37254901960784315,0.0
ck25_AIFB_ck25:33-en,0.0,0.0,1.0,0.023145811414266155,0.3708482577634673,0.14920941939059815,0.1639607805437114,1.0,0.0,0.0,0.0,0.10344827586206896,0.2222222222222222,0.200859291084855,0.0,0.14901113775104888,0.0,,0.0,0.0,0.04956456493477342,0.0,0.0,0.0,0.0,0.0,0.0,0.1509433962264151,0.0,0.0,0.0,0.08177904630538547,0.4444444444444444,0.31111111111111117,0.4666666666666667,0.23333333333333334,0.0
ck25_AIFB_ck25:34-en,0.0,0.0,0.0,0.18716424886481792,0.4488318785427351,0.2505267803471616,0.1757340838011157,0.0,0.0,0.0,0.0,0.21428571428571427,0.35652173913043483,0.4470433255269321,0.0,0.29460341745011737,0.05063291139240506,,0.0,1.0,0.062234178445447735,0.0,0.0,0.0,0.0,0.0,0.0,0.2631578947368421,0.027027027027027025,0.0,0.0,0.29460341745011737,0.6153846153846153,0.43956043956043955,0.40816326530612246,0.47619047619047616,0.0
ck25_AIFB_ck25:35-en,0.0,0.0,0.0,0.01432785237341245,0.335611373460581,0.02963188789948769,0.1380262631157473,0.0,0.0,0.0,0.0,0.07142857142857142,0.22134387351778662,0.10242085661080073,0.0,0.05417129779602214,0.017699115044247784,,0.0,1.0,0.01723518006146725,0.0,0.0,0.0,0.0,0.0,0.0,0.06818181818181818,0.0,0.0,0.0,0.04124062995998316,0.49438202247191004,0.24719101123595502,0.3333333333333333,0.19642857142857142,0.0
ck25_AIFB_ck25:36-en,0.0,0.0,0.0,0.2185409328155925,0.4143913307648737,0.1700782399304053,0.16666666666666666,0.0,0.0,0.0,0.0,0.24242424242424243,0.19762845849802368,0.4775681129441716,0.0,0.3183377426376394,0.06557377049180328,,0.0,1.0,0.10090835404165316,0.0,0.0,0.0,0.0,0.0,0.0,0.2647058823529412,0.12121212121212123,0.0625,0.03225806451612904,0.3183377426376394,0.6582278481012659,0.4556962025316456,0.43902439024390244,0.47368421052631576,0.0
ck25_AIFB_ck25:37-en,0.0,0.0,0.0,0.4081853762297206,0.6870463440574301,0.5337119867948301,0.16952084719853724,0.0,0.0,0.0,0.0,0.4,0.3935643564356436,0.5092455463075408,0.0,0.6198730416747721,0.42857142857142855,0.0,0.0,1.0,0.30678495481911056,0.0,0.027777777777777776,0.0,0.0,0.0,0.0,0.5106382978723405,0.3478260869565217,0.24444444444444446,0.1590909090909091,0.5177614865678352,0.7603305785123967,0.6942148760330579,0.84,0.5915492957746479,0.0
ck25_AIFB_ck25:38-en,0.0,0.0,0.0,0.07554041244971385,0.5070467264984724,0.31227829014591124,0.1566130288262323,0.0,0.0,0.0,0.0,0.17142857142857143,0.3459915611814346,0.35910391288298266,0.0,0.19556197151961213,0.052631578947368425,,0.0,1.0,0.06905743274054423,0.0,0.0,0.0,0.0,0.0,0.0,0.3232323232323232,0.16494845360824742,0.08421052631578949,0.0,0.15938646722171956,0.5660377358490567,0.45283018867924524,0.5454545454545454,0.3870967741935484,0.0
ck25_AIFB_ck25:39-en,0.0,0.0,0.0,0.46351490910852766,0.7549916305029384,0.5553948742635308,0.1951941016011038,0.0,0.0,0.0,0.0,0.2916666666666667,0.47038327526132406,0.6792747252747252,0.0,0.6898981633006311,0.26229508196721313,,0.0,1.0,0.04006457848139358,0.0,0.0,0.0,0.0,0.0,0.0,0.5396825396825397,0.26229508196721313,0.2033898305084746,0.14035087719298245,0.5684967578492964,0.7941176470588235,0.7352941176470588,0.8064516129032258,0.6756756756756757,0.0
ck25_AIFB_ck25:4-en,0.0,0.0,0.0,0.02843540695507365,0.5246635370995056,0.5332647821200917,0.21089672205953397,0.0,0.0,0.0,0.0,0.36363636363636365,0.27235772357723576,0.21131595677050224,0.0,0.10281247968715854,0.0,,0.0,1.0,0.037231447725050104,0.0,0.0,0.0,0.0,0.0,0.0,0.4444444444444445,0.09302325581395349,0.0,0.0,0.08779565452597866,0.49056603773584906,0.4150943396226416,0.5789473684210527,0.3235294117647059,0.0
ck25_AIFB_ck25:40-en,0.0,0.0,0.0,0.10203198615804732,0.5474378211009153,0.35383657317018624,0.179128784747792,0.0,0.0,0.0,0.0,0.2222222222222222,0.17391304347826086,0.3796144652974504,0.0,0.062007965158604246,0.0,,0.0,1.0,0.02531677316048489,0.0,0.0,0.0,0.0,0.0,0.0,0.3548387096774194,0.13333333333333333,0.034482758620689655,0.0,0.062007965158604246,0.4931506849315068,0.4383561643835617,0.42105263157894735,0.45714285714285713,0.0
ck25_AIFB_ck25:41-en,0.0,0.0,0.0,0.15621301385971523,0.47407309473477005,0.30585214552924955,0.15894454156034005,0.0,0.0,0.0,0.0,0.2222222222222222,0.23750000000000004,0.41683753419826974,0.0,0.48214236864967236,0.07272727272727272,,0.0,1.0,0.08991935824058152,0.0,0.0,0.0,0.0,0.0,0.0,0.3185840707964602,0.05405405405405406,0.01834862385321101,0.0,0.3774526056242812,0.7354838709677419,0.5548387096774194,0.5972222222222222,0.5180722891566265,0.0
ck25_AIFB_ck25:42-en,0.0,0.0,0.0,0.054092441109753565,0.5204675547218829,0.41851307651550557,0.14285714285714285,0.0,0.0,0.0,0.0,0.25,0.23809523809523814,0.2496337768145606,0.0,0.087659497945582,0.05555555555555556,,0.0,1.0,0.028908556944704105,0.0,0.0,0.0,0.0,0.0,0.0,0.3025210084033613,0.15384615384615383,0.06956521739130435,0.05309734513274336,0.06826928564366547,0.42758620689655175,0.3862068965517241,0.7777777777777778,0.25688073394495414,0.0
ck25_AIFB_ck25:43-en,0.0,0.0,0.0,0.023649213722095833,0.34361373969028103,0.0936585811581694,0.21089672205953397,0.0,0.0,0.0,0.0,0.125,0.17557251908396942,0.15564853556485356,0.0,0.24063106335701254,0.18181818181818182,,0.0,1.0,0.029762769471936894,0.0,0.0,0.0,0.0,0.0,0.0,0.12903225806451613,0.0,0.0,0.0,0.19421760171622302,0.5641025641025641,0.25641025641025644,0.35714285714285715,0.2,0.0
ck25_AIFB_ck25:44-en,0.0,0.0,0.0,0.18290926664869445,0.26160033253518944,0.5110810275869886,0.15022110482233483,0.0,0.0,0.0,0.0,0.23809523809523808,0.2700892857142857,0.4186112439317567,0.0,0.22550787304775333,0.046511627906976744,,0.0,1.0,0.12241224838957877,0.0,0.0,0.0,0.0,0.0,0.0,0.3666666666666667,0.1016949152542373,0.05172413793103449,0.017543859649122806,0.2244078018410791,0.6703910614525139,0.5810055865921788,0.5777777777777777,0.5842696629213483,0.0
ck25_AIFB_ck25:45-en,0.0,0.0,0.0,0.23332324893699252,0.43333081223424813,0.18486846666163398,0.179128784747792,0.0,0.0,0.0,0.0,0.25,0.3164983164983165,0.4653626156344891,0.0,0.3419664738551679,0.0,,0.0,1.0,0.1721916742076807,0.0,0.0,0.0,0.0,0.0,0.0,0.27586206896551724,0.10714285714285714,0.037037037037037035,0.0,0.3299689030636487,0.7017543859649122,0.49122807017543857,0.5,0.4827586206896552,0.0
ck25_AIFB_ck25:46-en,0.0,0.0,0.0,0.22765549068098961,0.4709763726702474,0.2936400684442067,0.1907435698305462,0.0,0.0,0.0,0.0,0.35714285714285715,0.4618055555555556,0.5735814925221023,0.0,0.7510821500954031,0.39215686274509803,,0.0,1.0,0.1808005048648916,0.0,0.0,0.0,0.0,0.0,0.0,0.43636363636363634,0.1509433962264151,0.0392156862745098,0.0,0.6838680799094585,0.8823529411764706,0.6176470588235293,0.65625,0.5833333333333334,0.0
ck25_AIFB_ck25:47-en,0.0,0.0,0.0,0.039355130326445956,0.36799322745156776,0.17083336359718304,0.179128784747792,0.0,0.0,0.0,0.0,0.19230769230769232,0.28515625,0.26976495726495725,0.0,0.2974670900137624,0.037037037037037035,,0.0,1.0,0.046492593010831494,0.0,0.0,0.0,0.0,0.0,0.0,0.20833333333333331,0.04347826086956522,0.0,0.0,0.2518004554530412,0.6666666666666666,0.380952380952381,0.4444444444444444,0.3333333333333333,0.0
ck25_AIFB_ck25:48-en,0.0,0.0,0.0,0.05706733402570389,0.45584952460375333,0.2803970080640199,0.1951941016011038,0.0,0.0,0.0,0.0,0.32,0.3558718861209964,0.2475797140065725,0.0,0.2580755930169561,0.06666666666666667,,0.0,1.0,0.0371013711444028,0.0,0.0,0.0,0.0,0.0,0.0,0.3673469387755102,0.1276595744680851,0.04444444444444444,0.0,0.21632500940327412,0.5652173913043479,0.391304347826087,0.5294117647058824,0.3103448275862069,0.0
ck25_AIFB_ck25:49-en,0.0,0.0,0.0,0.13934664450075085,0.5382775915315349,0.30565602486509597,0.179128784747792,0.0,0.0,0.0,0.0,0.2222222222222222,0.26890756302521013,0.5849038912330052,0.0,0.41643966418296896,0.04761904761904761,,0.0,1.0,0.1262863052097525,0.0,0.0,0.0,0.0,0.0,0.0,0.34782608695652173,0.045454545454545456,0.0,0.0,0.3610023414596031,0.7999999999999999,0.6666666666666666,0.7142857142857143,0.625,0.0
ck25_AIFB_ck25:5-en,0.0,0.0,0.0,0.03415317583358608,0.31259350266943564,0.2123976976214366,0.179128784747792,0.0,0.0,0.0,0.0,0.16,0.18128654970760238,0.2676258992805755,0.0,0.12436722085116984,0.06666666666666667,,0.0,1.0,0.1258220555845937,0.1258220555845937,0.06666666666666667,0.06666666666666667,0.0,1.0,0.0,0.2051282051282051,0.0,0.0,0.0,0.12436722085116984,0.39999999999999997,0.2857142857142857,0.22727272727272727,0.38461538461538464,1.0
ck25_AIFB_ck25:50-en,0.0,0.0,0.0,0.25796746709733265,0.5618877001076665,0.39279220242478624,0.21089672205953397,0.0,0.0,0.0,0.0,0.4166666666666667,0.30927835051546393,0.638109410430839,0.0,0.46198040323368755,0.14285714285714288,,0.0,1.0,0.18653972896686136,0.0,0.0,0.0,0.0,0.0,0.0,0.47058823529411764,0.16326530612244897,0.0425531914893617,0.0,0.46198040323368755,0.8125,0.65625,0.65625,0.65625,0.0
ck25_AIFB_ck25:6-en,0.0,0.0,0.0,0.051466978923295874,0.3507903224968735,0.08559209850218259,0.1951941016011038,0.0,0.0,0.0,0.0,0.10526315789473684,0.20359281437125754,0.24658203125000006,0.0,0.2596535889340338,0.0,,0.0,1.0,0.061729293904138435,0.0,0.0,0.0,0.0,0.0,0.0,0.125,0.0,0.0,0.0,0.21648693746244407,0.4999999999999999,0.33333333333333337,0.36363636363636365,0.3076923076923077,0.0
ck25_AIFB_ck25:7-en,0.0,0.0,0.0,0.05355086326309536,0.3533113949453804,0.10039117221153818,0.1827439976315568,0.0,0.0,0.0,0.0,0.13043478260869565,0.24338624338624337,0.3024326101249178,0.0,0.25336549464486463,0.0,,0.0,1.0,0.04579911341208652,0.0,0.0,0.0,0.0,0.0,0.0,0.15384615384615383,0.0,0.0,0.0,0.23801485533558359,0.6060606060606061,0.3636363636363636,0.375,0.35294117647058826,0.0
ck25_AIFB_ck25:8-en,0.0,0.0,0.0,0.057840878869691144,0.3437830384563755,0.16222142113076254,0.18660549686337075,0.0,0.0,0.0,0.0,0.17391304347826086,0.1807228915662651,0.3378787878787879,0.0,0.11478444221317999,0.0,,0.0,1.0,0.04599915789122599,0.0,0.0,0.0,0.0,0.0,0.0,0.21621621621621623,0.057142857142857134,0.0,0.0,0.11478444221317999,0.5,0.3571428571428571,0.3333333333333333,0.38461538461538464,0.0
ck25_AIFB_ck25:9-en,0.0,0.0,0.0,0.09627276933982402,0.4249018584236502,0.19318156363130862,0.1827439976315568,0.0,0.0,0.0,0.0,0.2,0.23880597014925375,0.45187375320604156,0.0,0.519308727369202,0.12765957446808512,,0.0,0.0,0.559978208842951,0.559978208842951,0.13043478260869568,0.13043478260869568,0.0,1.0,0.0,0.196078431372549,0.0,0.0,0.0,0.3054086810815273,0.65,0.5,0.625,0.4166666666666667,1.0
ck25_FRANZ_ck25:1-en,0.0,0.0,0.0,0.0,0.0,0.0,0.18660549686337075,0.0,0.0,0.0,0.0,0.0,0.0049261083743842304,0.0,0.0,0.0,0.0,,0.0,1.0,0.0,0.0,0.0,0.0,0.0,0.0,0.0,0.0,0.0,0.0,0.0,0.0,0.0,0.0,0.0,0.0,0.0
ck25_FRANZ_ck25:10-en,0.0,0.0,0.0,0.0,0.0,0.0,0.179128784747792,0.0,0.0,0.0,0.0,0.0,0.0036231884057971175,0.0,0.0,0.0,0.0,,0.0,1.0,0.0,0.0,0.0,0.0,0.0,0.0,0.0,0.0,0.0,0.0,0.0,0.0,0.0,0.0,0.0,0.0,0.0
ck25_FRANZ_ck25:11-en,0.0,0.0,0.0,0.0,0.0,0.0,0.1907435698305462,0.0,0.0,0.0,0.0,0.0,0.004830917874396157,0.0,0.0,0.0,0.0,,0.0,1.0,0.0,0.0,0.0,0.0,0.0,0.0,0.0,0.0,0.0,0.0,0.0,0.0,0.0,0.0,0.0,0.0,0.0
ck25_FRANZ_ck25:12-en,0.0,0.0,0.0,0.0,0.0,0.0,0.1907435698305462,0.0,0.0,0.0,0.0,0.0,0.004830917874396157,0.0,0.0,0.0,0.0,,0.0,1.0,0.0,0.0,0.0,0.0,0.0,0.0,0.0,0.0,0.0,0.0,0.0,0.0,0.0,0.0,0.0,0.0,0.0
ck25_FRANZ_ck25:13-en,0.0,0.0,0.0,0.3387144423286913,0.5846786105821729,0.5455447255899808,0.1907435698305462,0.0,0.0,0.0,0.0,0.4375,0.5465587044534412,0.7623428291326106,0.0,0.6455651607183006,0.4074074074074074,,0.0,0.0,0.5004109072643123,0.5004109072643123,0.46511627906976744,0.46511627906976744,0.0,1.0,0.0,0.5423728813559322,0.31578947368421045,0.2545454545454545,0.18867924528301888,0.38359825152812527,0.7450980392156864,0.7058823529411765,0.6666666666666666,0.75,0.3333333333333333
ck25_FRANZ_ck25:14-en,0.0,0.0,0.0,0.0,0.0,0.0,0.1827439976315568,0.0,0.0,0.0,0.0,0.0,0.004098360655737654,0.0,0.0,0.0,0.0,,0.0,1.0,0.0,0.0,0.0,0.0,0.0,0.0,0.0,0.0,0.0,0.0,0.0,0.0,0.0,0.0,0.0,0.0,0.0
ck25_FRANZ_ck25:15-en,0.0,0.0,0.0,0.0,0.0,0.0,0.15438708879488486,0.0,0.0,0.0,0.0,0.0,0.002557544757033292,0.0,0.0,0.0,0.0,,0.0,1.0,0.0,0.0,0.0,0.0,0.0,0.0,0.0,0.0,0.0,0.0,0.0,0.0,0.0,0.0,0.0,0.0,0.0
ck25_FRANZ_ck25:16-en,0.0,0.0,1.0,0.0,0.0,0.0,0.20521309615767264,1.0,0.0,0.0,0.0,0.0,0.006993006993006978,0.0,0.0,0.0,0.0,,0.0,0.0,0.0,0.0,0.0,0.0,0.0,0.0,0.0,0.0,0.0,0.0,0.0,0.0,0.0,0.0,0.0,0.0,0.0
ck25_FRANZ_ck25:17-en,0.0,0.0,0.0,0.0,0.0,0.0,0.2,0.0,0.0,0.0,0.0,0.0,0.0062893081761006275,0.0,0.0,0.0,0.0,,0.0,1.0,0.0,0.0,0.0,0.0,0.0,0.0,0.0,0.0,0.0,0.0,0.0,0.0,0.0,0.0,0.0,0.0,0.0
ck25_FRANZ_ck25:18-en,0.0,0.0,0.0,0.0,0.0,0.0,0.17253779651421453,0.0,0.0,0.0,0.0,0.0,0.003937007874015741,0.0,0.0,0.0,0.0,,0.0,1.0,0.0,0.0,0.0,0.0,0.0,0.0,0.0,0.0,0.0,0.0,0.0,0.0,0.0,0.0,0.0,0.0,0.0
ck25_FRANZ_ck25:19-en,0.0,0.0,0.0,0.0,0.0,0.0,0.1827439976315568,0.0,0.0,0.0,0.0,0.0,0.005154639175257714,0.0,0.0,0.0,0.0,,0.0,1.0,0.0,0.0,0.0,0.0,0.0,0.0,0.0,0.0,0.0,0.0,0.0,0.0,0.0,0.0,0.0,0.0,0.0
ck25_FRANZ_ck25:2-en,0.0,0.0,0.0,0.0,0.0,0.0,0.1907435698305462,0.0,0.0,0.0,0.0,0.0,0.005681818181818232,0.0,0.0,0.0,0.0,,0.0,1.0,0.0,0.0,0.0,0.0,0.0,0.0,0.0,0.0,0.0,0.0,0.0,0.0,0.0,0.0,0.0,0.0,0.0
ck25_FRANZ_ck25:20-en,0.0,0.0,0.0,0.0,0.0,0.0,0.179128784747792,0.0,0.0,0.0,0.0,0.0,0.004201680672268893,0.0,0.0,0.0,0.0,,0.0,1.0,0.0,0.0,0.0,0.0,0.0,0.0,0.0,0.0,0.0,0.0,0.0,0.0,0.0,0.0,0.0,0.0,0.0
ck25_FRANZ_ck25:21-en,0.0,0.0,0.0,0.0,0.0,0.0,0.16666666666666666,0.0,0.0,0.0,0.0,0.0,0.0028571428571428914,0.0,0.0,0.0,0.0,,0.0,1.0,0.0,0.0,0.0,0.0,0.0,0.0,0.0,0.0,0.0,0.0,0.0,0.0,0.0,0.0,0.0,0.0,0.0
ck25_FRANZ_ck25:22-en,0.0,0.0,0.0,0.0,0.0,0.0,0.1951941016011038,0.0,0.0,0.0,0.0,0.0,0.00591715976331364,0.0,0.0,0.0,0.0,,0.0,1.0,0.0,0.0,0.0,0.0,0.0,0.0,0.0,0.0,0.0,0.0,0.0,0.0,0.0,0.0,0.0,0.0,0.0
ck25_FRANZ_ck25:23-en,0.0,0.0,0.0,0.0,0.0,0.0,0.17253779651421453,0.0,0.0,0.0,0.0,0.0,0.0036363636363636598,0.0,0.0,0.0,0.0,,0.0,1.0,0.0,0.0,0.0,0.0,0.0,0.0,0.0,0.0,0.0,0.0,0.0,0.0,0.0,0.0,0.0,0.0,0.0
ck25_FRANZ_ck25:24-en,0.0,0.0,0.0,0.0,0.0,0.0,0.1639607805437114,0.0,0.0,0.0,0.0,0.0,0.0027932960893854997,0.0,0.0,0.0,0.0,,0.0,1.0,0.0,0.0,0.0,0.0,0.0,0.0,0.0,0.0,0.0,0.0,0.0,0.0,0.0,0.0,0.0,0.0,0.0
ck25_FRANZ_ck25:25-en,0.0,0.0,0.0,0.0,0.0,0.0,0.15225881209433406,0.0,0.0,0.0,0.0,0.0,0.0020661157024793875,0.0,0.0,0.0,0.0,,0.0,1.0,0.0,0.0,0.0,0.0,0.0,0.0,0.0,0.0,0.0,0.0,0.0,0.0,0.0,0.0,0.0,0.0,0.0
ck25_FRANZ_ck25:26-en,0.0,0.0,0.0,0.0,0.0,0.0,0.16952084719853724,0.0,0.0,0.0,0.0,0.0,0.003236245954692518,0.0,0.0,0.0,0.0,,0.0,1.0,0.0,0.0,0.0,0.0,0.0,0.0,0.0,0.0,0.0,0.0,0.0,0.0,0.0,0.0,0.0,0.0,0.0
ck25_FRANZ_ck25:27-en,0.0,0.0,0.0,0.0,0.0,0.0,0.1482675827043134,0.0,0.0,0.0,0.0,0.0,0.0024271844660194164,0.0,0.0,0.0,0.0,0.0,0.0,1.0,0.0,0.0,0.0,0.0,0.0,0.0,0.0,0.0,0.0,0.0,0.0,0.0,0.0,0.0,0.0,0.0,0.0
ck25_FRANZ_ck25:28-en,0.0,0.0,1.0,0.0,0.0,0.0,0.13957875683699938,1.0,0.0,0.0,0.0,0.0,0.0017825311942959443,0.0,0.0,0.0,0.0,,0.0,0.0,0.0,0.0,0.0,0.0,0.0,0.0,0.0,0.0,0.0,0.0,0.0,0.0,0.0,0.0,0.0,0.0,0.0
ck25_FRANZ_ck25:29-en,0.0,0.0,0.0,0.0,0.0,0.0,0.15438708879488486,0.0,0.0,0.0,0.0,0.0,0.002732240437158473,0.0,0.0,0.0,0.0,,0.0,1.0,0.0,0.0,0.0,0.0,0.0,0.0,0.0,0.0,0.0,0.0,0.0,0.0,0.0,0.0,0.0,0.0,0.0
ck25_FRANZ_ck25:3-en,0.0,0.0,0.0,0.0,0.0,0.0,0.1907435698305462,0.0,0.0,0.0,0.0,0.0,0.005586592178770999,0.0,0.0,0.0,0.0,,0.0,1.0,0.0,0.0,0.0,0.0,0.0,0.0,0.0,0.0,0.0,0.0,0.0,0.0,0.0,0.0,0.0,0.0,0.0
ck25_FRANZ_ck25:30-en,0.0,0.0,0.0,0.0,0.0,0.0,0.16666666666666666,0.0,0.0,0.0,0.0,0.0,0.0033783783783783994,0.0,0.0,0.0,0.0,,0.0,1.0,0.0,0.0,0.0,0.0,0.0,0.0,0.0,0.0,0.0,0.0,0.0,0.0,0.0,0.0,0.0,0.0,0.0
ck25_FRANZ_ck25:31-en,0.0,0.0,0.0,0.0,0.0,0.0,0.16139047779640892,0.0,0.0,0.0,0.0,0.0,0.0032051282051281937,0.0,0.0,0.0,0.0,,0.0,1.0,0.0,0.0,0.0,0.0,0.0,0.0,0.0,0.0,0.0,0.0,0.0,0.0,0.0,0.0,0.0,0.0,0.0
ck25_FRANZ_ck25:32-en,0.0,0.0,0.0,0.0,0.0,0.0,0.1566130288262323,0.0,0.0,0.0,0.0,0.0,0.0031152647975077885,0.0,0.0,0.0,0.0,,0.0,1.0,0.0,0.0,0.0,0.0,0.0,0.0,0.0,0.0,0.0,0.0,0.0,0.0,0.0,0.0,0.0,0.0,0.0
ck25_FRANZ_ck25:33-en,0.0,0.0,1.0,0.19239650562414276,0.4230991264060357,0.504524979109513,0.18660549686337075,0.0,0.0,0.0,0.0,0.45714285714285713,0.45195729537366547,0.48724832214765096,0.0,0.41556935709811826,0.4050632911392405,,0.0,0.0,0.5309354663044072,0.5309354663044072,0.6551724137931035,0.6551724137931035,0.0,1.0,0.0,0.4578313253012048,0.29629629629629634,0.2278481012658228,0.15584415584415584,0.2653117169252599,0.6206896551724138,0.4827586206896552,0.5,0.4666666666666667,0.0
ck25_FRANZ_ck25:34-en,0.0,0.0,0.0,0.0,0.0,0.0,0.1757340838011157,0.0,0.0,0.0,0.0,0.0,0.0028985507246376274,0.0,0.0,0.0,0.0,,0.0,1.0,0.0,0.0,0.0,0.0,0.0,0.0,0.0,0.0,0.0,0.0,0.0,0.0,0.0,0.0,0.0,0.0,0.0
ck25_FRANZ_ck25:35-en,0.0,0.0,0.0,0.0,0.0,0.0,0.15022110482233483,0.0,0.0,0.0,0.0,0.0,0.0019762845849802257,0.0,0.0,0.0,0.0,,0.0,1.0,0.0,0.0,0.0,0.0,0.0,0.0,0.0,0.0,0.0,0.0,0.0,0.0,0.0,0.0,0.0,0.0,0.0
ck25_FRANZ_ck25:36-en,0.0,0.0,0.0,0.0,0.0,0.0,0.17253779651421453,0.0,0.0,0.0,0.0,0.0,0.0039525691699604515,0.0,0.0,0.0,0.0,,0.0,1.0,0.0,0.0,0.0,0.0,0.0,0.0,0.0,0.0,0.0,0.0,0.0,0.0,0.0,0.0,0.0,0.0,0.0
ck25_FRANZ_ck25:37-en,0.0,0.0,0.0,0.0,0.0,0.0,0.14118784806383944,0.0,0.0,0.0,0.0,0.0,0.0024752475247524774,0.0,0.0,0.0,0.0,0.0,0.0,1.0,0.0,0.0,0.0,0.0,0.0,0.0,0.0,0.0,0.0,0.0,0.0,0.0,0.0,0.0,0.0,0.0,0.0
ck25_FRANZ_ck25:38-en,0.0,0.0,0.0,0.0,0.0,0.0,0.15225881209433406,0.0,0.0,0.0,0.0,0.0,0.002109704641350185,0.0,0.0,0.0,0.0,,0.0,1.0,0.0,0.0,0.0,0.0,0.0,0.0,0.0,0.0,0.0,0.0,0.0,0.0,0.0,0.0,0.0,0.0,0.0
ck25_FRANZ_ck25:39-en,0.0,0.0,0.0,0.0,0.0,0.0,0.1757340838011157,0.0,0.0,0.0,0.0,0.0,0.0034843205574912606,0.0,0.0,0.0,0.0,,0.0,1.0,0.0,0.0,0.0,0.0,0.0,0.0,0.0,0.0,0.0,0.0,0.0,0.0,0.0,0.0,0.0,0.0,0.0
ck25_FRANZ_ck25:4-en,0.0,0.0,0.0,0.0,0.0,0.0,0.179128784747792,0.0,0.0,0.0,0.0,0.0,0.004065040650406471,0.0,0.0,0.0,0.0,,0.0,1.0,0.0,0.0,0.0,0.0,0.0,0.0,0.0,0.0,0.0,0.0,0.0,0.0,0.0,0.0,0.0,0.0,0.0
ck25_FRANZ_ck25:40-en,0.09692074709742554,0.0522591181273816,0.6666666666666666,0.21640542567015006,0.5202471897508709,0.41248236375008596,0.1907435698305462,0.0,0.09692074709742554,0.062015503875968984,0.0,0.45454545454545453,0.5365853658536586,0.440054645353649,0.047619047619047616,0.3690557440883036,0.46808510638297873,,0.0,0.0522591181273816,0.3606136357750372,0.3606136357750372,0.5287356321839081,0.5287356321839081,0.0,1.0,0.6666666666666666,0.4878048780487805,0.25,0.17948717948717952,0.13157894736842105,0.2577703531479902,0.6567164179104478,0.5074626865671641,0.53125,0.4857142857142857,0.2
ck25_FRANZ_ck25:41-en,0.0,0.0,0.0,0.0,0.0,0.0,0.15894454156034005,0.0,0.0,0.0,0.0,0.0,0.002083333333333326,0.0,0.0,0.0,0.0,,0.0,1.0,0.0,0.0,0.0,0.0,0.0,0.0,0.0,0.0,0.0,0.0,0.0,0.0,0.0,0.0,0.0,0.0,0.0
ck25_FRANZ_ck25:42-en,0.0,0.0,0.0,0.0,0.0,0.0,0.13100580420257674,0.0,0.0,0.0,0.0,0.0,0.001536098310291889,0.0,0.0,0.0,0.0,,0.0,1.0,0.0,0.0,0.0,0.0,0.0,0.0,0.0,0.0,0.0,0.0,0.0,0.0,0.0,0.0,0.0,0.0,0.0
ck25_FRANZ_ck25:43-en,0.0,0.0,0.0,0.0,0.0,0.0,0.21712927295533244,0.0,0.0,0.0,0.0,0.0,0.007633587786259555,0.0,0.0,0.0,0.0,,0.0,1.0,0.0,0.0,0.0,0.0,0.0,0.0,0.0,0.0,0.0,0.0,0.0,0.0,0.0,0.0,0.0,0.0,0.0
ck25_FRANZ_ck25:44-en,0.0,0.0,0.0,0.0,0.0,0.0,0.15225881209433406,0.0,0.0,0.0,0.0,0.0,0.0022321428571429047,0.0,0.0,0.0,0.0,,0.0,1.0,0.0,0.0,0.0,0.0,0.0,0.0,0.0,0.0,0.0,0.0,0.0,0.0,0.0,0.0,0.0,0.0,0.0
ck25_FRANZ_ck25:45-en,0.0,0.0,0.0,0.0,0.0,0.0,0.17253779651421453,0.0,0.0,0.0,0.0,0.0,0.0033670033670033517,0.0,0.0,0.0,0.0,,0.0,1.0,0.0,0.0,0.0,0.0,0.0,0.0,0.0,0.0,0.0,0.0,0.0,0.0,0.0,0.0,0.0,0.0,0.0
ck25_FRANZ_ck25:46-en,0.0,0.0,0.0,0.0,0.0,0.0,0.17253779651421453,0.0,0.0,0.0,0.0,0.0,0.00347222222222221,0.0,0.0,0.0,0.0,,0.0,1.0,0.0,0.0,0.0,0.0,0.0,0.0,0.0,0.0,0.0,0.0,0.0,0.0,0.0,0.0,0.0,0.0,0.0
ck25_FRANZ_ck25:47-en,0.0,0.0,0.0,0.0,0.0,0.0,0.1757340838011157,0.0,0.0,0.0,0.0,0.0,0.00390625,0.0,0.0,0.0,0.0,,0.0,1.0,0.0,0.0,0.0,0.0,0.0,0.0,0.0,0.0,0.0,0.0,0.0,0.0,0.0,0.0,0.0,0.0,0.0
ck25_FRANZ_ck25:48-en,0.0,0.0,0.0,0.0,0.0,0.0,0.17253779651421453,0.0,0.0,0.0,0.0,0.0,0.003558718861209953,0.0,0.0,0.0,0.0,,0.0,1.0,0.0,0.0,0.0,0.0,0.0,0.0,0.0,0.0,0.0,0.0,0.0,0.0,0.0,0.0,0.0,0.0,0.0
ck25_FRANZ_ck25:49-en,0.0,0.0,0.0,0.07089916315971664,0.43093653158215084,0.484124264743025,0.15225881209433406,0.0,0.0,0.0,0.0,0.29545454545454547,0.2874806800618238,0.419582693758618,0.0,0.19999012467593583,0.13432835820895522,,0.0,0.0,0.20767659805551386,0.20767659805551386,0.25000000000000006,0.25000000000000006,0.0,1.0,0.0,0.36363636363636365,0.18518518518518517,0.1320754716981132,0.09615384615384615,0.16720322190847908,0.5405405405405406,0.45945945945945954,0.34,0.7083333333333334,0.8333333333333334
ck25_FRANZ_ck25:5-en,0.0,0.0,0.0,0.0,0.0,0.0,0.2,0.0,0.0,0.0,0.0,0.0,0.005847953216374324,0.0,0.0,0.0,0.0,,0.0,1.0,0.0,0.0,0.0,0.0,0.0,0.0,0.0,0.0,0.0,0.0,0.0,0.0,0.0,0.0,0.0,0.0,0.0
ck25_FRANZ_ck25:50-en,0.0,0.0,0.0,0.0,0.0,0.0,0.179128784747792,0.0,0.0,0.0,0.0,0.0,0.005154639175257714,0.0,0.0,0.0,0.0,,0.0,1.0,0.0,0.0,0.0,0.0,0.0,0.0,0.0,0.0,0.0,0.0,0.0,0.0,0.0,0.0,0.0,0.0,0.0
ck25_FRANZ_ck25:6-en,0.0,0.0,0.0,0.0,0.0,0.0,0.2,0.0,0.0,0.0,0.0,0.0,0.005988023952095856,0.0,0.0,0.0,0.0,,0.0,1.0,0.0,0.0,0.0,0.0,0.0,0.0,0.0,0.0,0.0,0.0,0.0,0.0,0.0,0.0,0.0,0.0,0.0
ck25_FRANZ_ck25:7-en,0.0,0.0,0.0,0.0,0.0,0.0,0.1907435698305462,0.0,0.0,0.0,0.0,0.0,0.005291005291005346,0.0,0.0,0.0,0.0,,0.0,1.0,0.0,0.0,0.0,0.0,0.0,0.0,0.0,0.0,0.0,0.0,0.0,0.0,0.0,0.0,0.0,0.0,0.0
ck25_FRANZ_ck25:8-en,0.0,0.0,0.0,0.0,0.0,0.0,0.1951941016011038,0.0,0.0,0.0,0.0,0.0,0.0060240963855421326,0.0,0.0,0.0,0.0,,0.0,1.0,0.0,0.0,0.0,0.0,0.0,0.0,0.0,0.0,0.0,0.0,0.0,0.0,0.0,0.0,0.0,0.0,0.0
ck25_FRANZ_ck25:9-en,0.0,0.0,0.0,0.09054897427681956,0.3750025650892128,0.3987052753471655,0.179128784747792,0.0,0.0,0.0,0.0,0.4,0.3387622149837134,0.5160112825618052,0.0,0.5131275135405763,0.35443037974683544,,0.0,0.0,0.35788354361456914,0.35788354361456914,0.3880597014925374,0.3880597014925374,0.0,1.0,0.0,0.4050632911392405,0.12987012987012986,0.10666666666666667,0.08219178082191782,0.280643364807006,0.6296296296296297,0.4814814814814815,0.43333333333333335,0.5416666666666666,0.5
ck25_IIS-L_ck25:1-en,0.0,0.0,0.0,0.049264344376112636,0.38429127203756136,0.4767312946227962,0.179128784747792,0.0,0.0,0.0,0.0,0.3,0.4285714285714286,0.3097643097643098,0.0,0.121853486832718,0.21276595744680854,,0.0,0.0,0.3291467773009902,0.3291467773009902,0.16666666666666666,0.16666666666666666,0.0,1.0,0.0,0.4074074074074074,0.23076923076923075,0.2,0.16666666666666666,0.10603637439089451,0.5517241379310345,0.41379310344827586,0.5,0.35294117647058826,0.0
ck25_IIS-L_ck25:10-en,1.0,1.0,1.0,0.08929790278481002,0.5109481937590483,0.7682949439951461,0.23166247903554,1.0,1.0,1.0,1.0,0.6333333333333333,0.48013245033112584,0.35428571428571426,1.0,0.3748830057524345,0.6976744186046512,,1.0,1.0,0.8242367502646054,0.8242367502646054,0.8095238095238095,0.8095238095238095,0.0,1.0,1.0,0.7209302325581396,0.5714285714285715,0.4634146341463415,0.39999999999999997,0.26608125176434144,0.5714285714285714,0.47619047619047616,0.47619047619047616,0.47619047619047616,0.0
ck25_IIS-L_ck25:11-en,1.0,1.0,1.0,0.053050912715976145,0.3630139460774995,0.6016568375961869,0.21089672205953397,1.0,1.0,1.0,1.0,0.5172413793103449,0.4907749077490775,0.46807909604519776,1.0,0.5611121564750133,0.761904761904762,,1.0,1.0,0.22401521369401356,0.22401521369401356,0.6557377049180327,0.6557377049180327,0.0,1.0,1.0,0.6,0.4411764705882353,0.3636363636363637,0.3125,0.27748702735605824,0.6829268292682927,0.48780487804878053,0.4166666666666667,0.5882352941176471,0.0
ck25_IIS-L_ck25:12-en,0.0,0.0,0.0,0.0607839609197962,0.371740533176643,0.6537204504606136,0.20521309615767264,0.0,0.0,0.0,0.0,0.4642857142857143,0.49593495934959353,0.36915204678362573,0.0,0.14743621221142436,0.6538461538461539,,0.0,1.0,0.7205745450576256,0.7205745450576256,0.9199999999999999,0.9199999999999999,0.0,0.0,0.0,0.5937499999999999,0.45161290322580644,0.4000000000000001,0.3448275862068965,0.06582102961542448,0.6285714285714287,0.45714285714285713,0.4444444444444444,0.47058823529411764,0.0
ck25_IIS-L_ck25:13-en,0.0,0.0,0.0,0.3635146665245769,0.5833029090553866,0.6857142857142858,0.3090169943749474,0.0,0.0,0.0,0.0,0.75,0.7087912087912087,0.5982259570494863,0.0,0.5689415508721521,0.5581395348837208,,0.0,0.0,0.3114222097854281,0.3114222097854281,0.4186046511627907,0.4186046511627907,0.0,1.0,0.0,0.7555555555555555,0.5116279069767442,0.4390243902439024,0.41025641025641024,0.4109087738294192,0.6521739130434783,0.6086956521739131,0.6363636363636364,0.5833333333333334,0.0
ck25_IIS-L_ck25:14-en,0.6666666666666666,0.5,1.0,0.046896327010626626,0.47422664270547255,0.5216429405994211,0.1951941016011038,1.0,0.6666666666666666,1.0,1.0,0.5,0.37570621468926557,0.4056756858749387,1.0,0.12718909367419343,0.46808510638297873,,1.0,0.5,0.4622377023605667,0.4622377023605667,0.6451612903225806,0.6451612903225806,0.0,1.0,1.0,0.5476190476190477,0.36585365853658536,0.3,0.25641025641025644,0.0789156272571999,0.588235294117647,0.4313725490196078,0.36666666666666664,0.5238095238095238,0.0
ck25_IIS-L_ck25:15-en,0.0,0.0,0.0,0.002140518380735119,0.3867745980769608,0.44941697788179624,0.16952084719853724,0.0,0.0,0.0,0.0,0.3333333333333333,0.3120204603580563,0.10874704491725767,0.0,0.0013747348993531875,0.16666666666666669,,0.0,0.0,0.00016895755376216987,0.00016895755376216987,0.10144927536231883,0.10144927536231883,0.0,1.0,0.0,0.4473684210526316,0.29729729729729726,0.25,0.2,0.004325899309000801,0.25806451612903225,0.1935483870967742,0.5454545454545454,0.11764705882352941,0.0
ck25_IIS-L_ck25:16-en,0.0,0.0,1.0,0.02982694575964459,0.45480828690917696,0.3972149547533682,0.1951941016011038,1.0,0.0,0.0,0.0,0.34615384615384615,0.3261648745519713,0.35390946502057613,0.0,0.09450179167421512,0.24000000000000002,,0.0,0.0,0.07460730850126862,0.07460730850126862,0.24000000000000002,0.24000000000000002,0.0,1.0,0.0,0.36363636363636365,0.18867924528301885,0.1568627450980392,0.12244897959183675,0.08019922910109241,0.4444444444444444,0.4,0.3,0.6,0.25
ck25_IIS-L_ck25:17-en,0.6666666666666666,0.5,1.0,0.044179480207124866,0.33701622899058975,0.33675994130020287,0.21089672205953397,1.0,0.6666666666666666,1.0,1.0,0.46153846153846156,0.42396313364055305,0.3271137026239067,1.0,0.11441728723970392,0.34782608695652173,,1.0,0.5,0.158726962599775,0.158726962599775,0.391304347826087,0.391304347826087,0.0,1.0,1.0,0.4528301886792453,0.2745098039215686,0.16326530612244897,0.12765957446808512,0.08525113369830635,0.5128205128205129,0.358974358974359,0.3181818181818182,0.4117647058823529,0.0
ck25_IIS-L_ck25:18-en,0.6666666666666666,0.5,1.0,0.13349002703913093,0.5006344115216875,0.5962975306375411,0.20521309615767264,1.0,0.6666666666666666,1.0,1.0,0.5454545454545454,0.6026058631921825,0.44213763936947326,1.0,0.30144722311283434,0.5609756097560975,,1.0,0.5,0.4577275269488853,0.4577275269488853,0.627906976744186,0.627906976744186,0.0,1.0,1.0,0.6428571428571428,0.3902439024390244,0.3,0.2564102564102564,0.1684115625844761,0.6666666666666666,0.5263157894736843,0.5357142857142857,0.5172413793103449,0.0
ck25_IIS-L_ck25:19-en,0.6666666666666666,0.5,1.0,0.36338078974176485,0.5726160307687745,0.5020790110464023,0.23166247903554,1.0,0.6666666666666666,1.0,1.0,0.5925925925925926,0.562992125984252,0.6242613899577396,1.0,0.5596577952801853,0.5588235294117647,,1.0,0.5,0.9276077030810346,0.9276077030810346,0.9428571428571428,0.9428571428571428,0.0,1.0,1.0,0.5882352941176471,0.36363636363636365,0.31250000000000006,0.25806451612903225,0.31719068523657046,0.7868852459016394,0.6229508196721311,0.59375,0.6551724137931034,0.0
ck25_IIS-L_ck25:2-en,0.0,0.0,0.0,0.022624239313761597,0.2914810292455895,0.7065618047809736,0.25,0.0,0.0,0.0,0.0,0.6086956521739131,0.5023696682464456,0.35119569300112685,0.0,0.03692195161178508,0.38461538461538464,,0.0,1.0,0.06462894370396262,0.06462894370396262,0.38461538461538464,0.38461538461538464,0.0,1.0,0.0,0.7142857142857142,0.5185185185185185,0.4615384615384615,0.39999999999999997,0.04030688575003631,0.3050847457627119,0.23728813559322035,0.15217391304347827,0.5384615384615384,0.0
ck25_IIS-L_ck25:20-en,0.4,0.25,1.0,0.2599652917078001,0.5874272203628474,0.5504594370148408,0.25,1.0,0.4,1.0,1.0,0.6538461538461539,0.5046728971962617,0.6073341434872626,0.25,0.29945403248339375,0.41237113402061853,,0.0,0.25,0.5408409837011728,0.5408409837011728,0.6597938144329897,0.6597938144329897,0.0,1.0,1.0,0.6486486486486486,0.33333333333333337,0.19999999999999998,0.11764705882352941,0.25558860194930705,0.7500000000000001,0.638888888888889,0.5897435897435898,0.696969696969697,0.0
ck25_IIS-L_ck25:21-en,0.0,0.0,0.0,0.1759609850989829,0.4044553625538155,0.4244933319042059,0.1907435698305462,0.0,0.0,0.0,0.0,0.5263157894736842,0.4971910112359551,0.39319103680253265,0.0,0.42191595316370883,0.5811965811965812,,0.0,1.0,0.36418187954380055,0.36418187954380055,0.5811965811965812,0.5811965811965812,0.0,1.0,0.0,0.5913043478260869,0.4070796460176991,0.28828828828828823,0.20183486238532114,0.33817128964649584,0.6136363636363636,0.4318181818181818,0.4418604651162791,0.4222222222222222,0.0
ck25_IIS-L_ck25:22-en,1.0,1.0,1.0,0.19151421080811973,0.46090996966049635,0.8010018789148142,0.36602540378443865,1.0,1.0,1.0,1.0,0.8333333333333334,0.7842105263157895,0.6619183285849952,1.0,1.0,1.0,,1.0,1.0,1.0,1.0,1.0,1.0,0.0,1.0,1.0,0.8333333333333334,0.6956521739130435,0.6363636363636364,0.5714285714285714,0.5923033072023249,0.8461538461538461,0.6923076923076923,0.6923076923076923,0.6923076923076923,0.0
ck25_IIS-L_ck25:23-en,0.0,0.0,0.0,0.09004076117136119,0.27133621674191716,0.647461535910077,0.3333333333333333,0.0,0.0,0.0,0.0,0.84,0.439873417721519,0.5300453514739228,0.0,0.2741229265391949,0.5581395348837209,,0.0,1.0,0.043196066902345405,0.0,0.32911392405063294,0.0,0.0,0.0,0.0,0.7692307692307694,0.5789473684210527,0.48648648648648646,0.41666666666666663,0.15941167877150525,0.7083333333333334,0.5833333333333334,0.5185185185185185,0.6666666666666666,0.0
ck25_IIS-L_ck25:24-en,0.0,0.0,0.0,0.0,0.0,0.0,0.1639607805437114,0.0,0.0,0.0,0.0,0.0,0.0,0.0,0.0,0.0,0.0,,0.0,1.0,0.0,0.0,0.0,0.0,0.0,0.0,0.0,0.0,0.0,0.0,0.0,0.0,0.0,0.0,0.0,0.0,0.0
ck25_IIS-L_ck25:25-en,0.6666666666666666,0.5,1.0,0.2263496620362278,0.46071877144126033,0.4302319234645207,0.1951941016011038,1.0,0.6666666666666666,1.0,1.0,0.5952380952380952,0.4049586776859504,0.404954542433217,1.0,0.17576685949420442,0.4276729559748428,,1.0,0.5,0.23726265416281114,0.23726265416281114,0.5571428571428572,0.5571428571428572,0.0,1.0,1.0,0.6164383561643836,0.4305555555555556,0.3098591549295775,0.2142857142857143,0.1596083290686748,0.6290322580645161,0.46774193548387105,0.4915254237288136,0.4461538461538462,0.0
ck25_IIS-L_ck25:26-en,0.6666666666666666,0.5,1.0,0.04446867962114748,0.5266480980839658,0.555648662773595,0.1827439976315568,1.0,0.6666666666666666,1.0,1.0,0.47368421052631576,0.30831099195710454,0.40944370026002685,0.5,0.11101614141976891,0.45045045045045046,,0.0,0.5,0.15209404090446677,0.15209404090446677,0.5321100917431192,0.5321100917431192,0.0,1.0,1.0,0.6382978723404255,0.3695652173913044,0.26666666666666666,0.22727272727272727,0.07307455391753147,0.5084745762711865,0.4745762711864407,0.4117647058823529,0.56,0.0
ck25_IIS-L_ck25:27-en,0.5816733067729084,1.0,0.4101123595505618,0.25357035007183004,0.6189481430735131,0.49634156811343655,0.179128784747792,0.0,0.5816733067729084,0.5538461538461539,1.0,0.475,0.47572815533980584,0.5128487406867509,1.0,0.2580345464916756,0.27118644067796605,0.6657083750175392,1.0,1.0,0.3086293821277759,0.3086293821277759,0.3025210084033613,0.3025210084033613,0.0,1.0,0.4101123595505618,0.5321100917431193,0.2990654205607477,0.1904761904761905,0.11650485436893204,0.20685421922636194,0.6458333333333334,0.5833333333333334,0.6222222222222222,0.5490196078431373,0.0
ck25_IIS-L_ck25:28-en,0.0,0.0,1.0,0.0004216505438614461,0.4455910932957356,0.29643243059996244,0.15225881209433406,0.0,0.0,0.0,0.0,0.24390243902439024,0.17647058823529416,0.07440996503496504,0.0,0.0013532024349702848,0.10989010989010987,,0.0,0.0,0.0022310536380987156,0.0022310536380987156,0.11111111111111112,0.11111111111111112,0.0,1.0,0.0,0.24444444444444444,0.11363636363636365,0.09302325581395349,0.07142857142857142,0.0008859831598922281,0.21978021978021975,0.17582417582417584,0.6153846153846154,0.10256410256410256,0.0
ck25_IIS-L_ck25:29-en,0.25,0.17647058823529413,0.42857142857142855,0.13987402556236903,0.4972134043497759,0.41727406708160464,0.23166247903554,0.0,0.25,0.2857142857142857,0.0,0.6666666666666666,0.35678391959798994,0.38407393298994685,0.07142857142857142,0.2725150980979239,0.3974358974358974,,0.0,0.17647058823529413,0.34028889489075503,0.34028889489075503,0.5128205128205128,0.5128205128205128,0.0,1.0,0.42857142857142855,0.5471698113207547,0.15384615384615383,0.11764705882352941,0.08,0.2327782233608476,0.5454545454545455,0.4444444444444445,0.4489795918367347,0.44,0.0
ck25_IIS-L_ck25:3-en,0.0,0.0,0.0,0.06053829631834109,0.36093702857806165,0.7085516597577445,0.1951941016011038,0.0,0.0,0.0,0.0,0.45161290322580644,0.45038167938931295,0.3872053872053872,0.0,0.3993879176377878,0.717948717948718,,0.0,1.0,0.5969491792019646,0.5969491792019646,0.8000000000000002,0.8000000000000002,0.0,1.0,0.0,0.5714285714285714,0.411764705882353,0.36363636363636365,0.3125,0.15166074951267752,0.5714285714285715,0.42857142857142855,0.4,0.46153846153846156,0.5
ck25_IIS-L_ck25:30-en,0.7777777777777778,0.6363636363636364,1.0,0.2183608985461313,0.4570292490267767,0.45135378373869656,0.25,1.0,0.7777777777777778,1.0,1.0,0.6666666666666666,0.3918918918918919,0.5318681318681318,0.5,0.28626404447044795,0.3023255813953488,,0.0,0.6363636363636364,0.4394153021665802,0.4394153021665802,0.3529411764705882,0.3529411764705882,0.0,1.0,1.0,0.5454545454545454,0.21333333333333335,0.136986301369863,0.11267605633802817,0.2522910229462766,0.7586206896551724,0.5747126436781609,0.6097560975609756,0.5434782608695652,0.0
ck25_IIS-L_ck25:31-en,0.07142857142857142,0.07142857142857142,0.07142857142857142,0.30869791204937036,0.5861834870213517,0.4605554179057682,0.23166247903554,0.0,0.07142857142857142,0.7999999999999999,1.0,0.6333333333333333,0.516025641025641,0.5534956264471315,0.5,0.734420787066824,0.7252747252747254,,0.0,0.07142857142857142,0.20024762559140372,0.20024762559140372,0.3516483516483516,0.3516483516483516,0.0,1.0,0.07142857142857142,0.5679012345679013,0.3037974683544304,0.1818181818181818,0.10666666666666669,0.5754355696574979,0.7857142857142857,0.6190476190476191,0.7027027027027027,0.5531914893617021,0.0
ck25_IIS-L_ck25:32-en,0.1417322834645669,0.1320754716981132,0.1529126213592233,0.08994564698494745,0.38677212603195116,0.39816151357734525,0.21712927295533244,0.0,0.1417322834645669,0.16740088105726872,1.0,0.59375,0.4330218068535826,0.30364372469635625,0.25,0.2815471396407517,0.41818181818181815,,0.0,0.1320754716981132,0.06691567086354093,0.06691567086354093,0.3571428571428571,0.3571428571428571,0.0,1.0,0.1529126213592233,0.4941176470588236,0.21686746987951808,0.1728395061728395,0.12658227848101267,0.254321205565697,0.5813953488372093,0.37209302325581395,0.45714285714285713,0.3137254901960784,0.0
ck25_IIS-L_ck25:33-en,0.0,0.0,1.0,0.19290741634629793,0.5794768540865745,0.7460470969529905,0.2402530733520421,0.0,0.0,0.0,0.0,0.6551724137931034,0.2592592592592593,0.47150415721844297,0.0,0.5834041060170845,0.6779661016949153,,0.0,0.0,0.35050403701715416,0.35050403701715416,0.49122807017543857,0.49122807017543857,0.0,1.0,0.0,0.6511627906976745,0.5,0.4146341463414634,0.325,0.3223833286593516,0.6666666666666665,0.5555555555555556,0.625,0.5,0.0
ck25_IIS-L_ck25:34-en,0.9992107340173638,0.998422712933754,1.0,0.17091134990857404,0.44849706824637425,0.5355658703341137,0.179128784747792,1.0,0.9992107340173638,1.0,1.0,0.4166666666666667,0.3439306358381503,0.45884585815875467,1.0,0.3519033997473491,0.42477876106194684,,1.0,0.998422712933754,0.30467580781056375,0.30467580781056375,0.46428571428571425,0.46428571428571425,0.0,1.0,1.0,0.393939393939394,0.16923076923076927,0.125,0.07936507936507936,0.2781292489464381,0.6382978723404256,0.4680851063829788,0.4230769230769231,0.5238095238095238,0.0
ck25_IIS-L_ck25:35-en,0.0,0.0,0.0,0.003014344402778852,0.40440571941177417,0.4138348212261256,0.17253779651421453,0.0,0.0,0.0,0.0,0.30303030303030304,0.19762845849802368,0.13584985493230176,0.0,0.002900205377512677,0.07619047619047618,,0.0,1.0,0.0008914888673370999,0.0008914888673370999,0.07142857142857142,0.07142857142857142,0.0,1.0,0.0,0.3132530120481928,0.14814814814814814,0.12658227848101267,0.1038961038961039,0.0034249564876402397,0.2898550724637681,0.23188405797101452,0.6153846153846154,0.14285714285714285,0.0
ck25_IIS-L_ck25:36-en,0.0,0.0,0.0,0.02026668448341191,0.35348119791588883,0.3689059064087502,0.15438708879488486,0.0,0.0,0.0,0.0,0.23076923076923078,0.2837370242214533,0.174378453038674,0.0,0.02244953127316192,0.18181818181818182,,0.0,1.0,0.07285135084977609,0.07285135084977609,0.38596491228070173,0.38596491228070173,0.0,1.0,0.0,0.34883720930232553,0.2142857142857143,0.17073170731707318,0.125,0.02482151788117024,0.41379310344827586,0.27586206896551724,0.4,0.21052631578947367,0.0
ck25_IIS-L_ck25:37-en,0.0,0.0,0.0,0.3903663196919408,0.607649051187353,0.5811299295908761,0.1907435698305462,0.0,0.0,0.0,0.0,0.5609756097560976,0.4752475247524752,0.44839914753208493,0.0,0.647853207821814,0.5892857142857143,0.0,0.0,1.0,0.537282485125516,0.537282485125516,0.44897959183673475,0.44897959183673475,0.0,1.0,0.0,0.5636363636363637,0.35185185185185186,0.28301886792452835,0.21153846153846154,0.5539434143587879,0.7441860465116279,0.6356589147286821,0.7068965517241379,0.5774647887323944,0.0
ck25_IIS-L_ck25:38-en,0.8727272727272727,1.0,0.7741935483870968,0.09417564439981688,0.5665221193323997,0.44698841618582125,0.20521309615767264,0.0,0.8727272727272727,0.8089887640449438,1.0,0.6052631578947368,0.3752417794970987,0.3023501921995229,1.0,0.2925672238430091,0.46408839779005523,,1.0,1.0,0.06793396495953569,0.06793396495953569,0.40449438202247195,0.40449438202247195,0.0,1.0,0.7741935483870968,0.5633802816901409,0.3,0.21739130434782608,0.17647058823529413,0.22847843491631079,0.5289256198347108,0.4462809917355372,0.4576271186440678,0.43548387096774194,0.0
ck25_IIS-L_ck25:39-en,1.0,1.0,1.0,0.3940133416219468,0.6860033354054866,0.6105579948610594,0.28989794855663564,1.0,1.0,1.0,1.0,0.75,0.602787456445993,0.7049956089736611,1.0,0.9420254600938036,0.9662921348314608,,1.0,1.0,0.41965971352197884,0.41965971352197884,0.5842696629213482,0.5842696629213482,0.0,1.0,1.0,0.6904761904761904,0.4878048780487805,0.37499999999999994,0.25641025641025644,0.46184312248257015,0.7073170731707318,0.6585365853658536,0.6,0.7297297297297297,0.0
ck25_IIS-L_ck25:4-en,1.0,1.0,1.0,0.012417063121165483,0.39817519564424764,0.32217275590333283,0.20521309615767264,1.0,1.0,1.0,1.0,0.4230769230769231,0.3577235772357723,0.18001540238737002,1.0,0.022659974943685858,0.23333333333333336,,1.0,1.0,0.01607793441594403,0.01607793441594403,0.2033898305084746,0.2033898305084746,0.0,1.0,1.0,0.3859649122807018,0.21818181818181817,0.18867924528301885,0.1568627450980392,0.02648454306167987,0.39130434782608703,0.3043478260869565,0.5833333333333334,0.20588235294117646,0.0
ck25_IIS-L_ck25:40-en,0.0,0.0,0.0,0.24218547774539342,0.633463036103015,0.4892509742832446,0.2612038749637414,0.0,0.0,0.0,0.0,0.6666666666666666,0.3517786561264822,0.550108069164265,0.0,0.26716272693313553,0.47826086956521735,,0.0,1.0,0.3709348315305931,0.3709348315305931,0.5531914893617021,0.5531914893617021,0.0,1.0,0.0,0.5555555555555556,0.2857142857142857,0.2058823529411765,0.1212121212121212,0.23697414096049643,0.6567164179104478,0.5970149253731343,0.625,0.5714285714285714,0.4
ck25_IIS-L_ck25:41-en,0.0,0.0,0.0,0.054429696205239804,0.3867891673454321,0.4307984267412761,0.14285714285714285,0.0,0.0,0.0,0.0,0.28,0.2736156351791531,0.21514750859258996,0.0,0.22523248674291635,0.2764227642276423,,0.0,1.0,0.07888042670103654,0.07888042670103654,0.23140495867768593,0.23140495867768593,0.0,1.0,0.0,0.3243243243243243,0.136986301369863,0.09722222222222222,0.07042253521126761,0.18613822691808862,0.6,0.4142857142857143,0.5087719298245614,0.3493975903614458,0.0
ck25_IIS-L_ck25:42-en,0.5,0.5,0.5,0.09888564830815119,0.4559714120770378,0.4169117544645969,0.16139047779640892,0.0,0.5,0.6666666666666666,1.0,0.4489795918367347,0.3394777265745008,0.2595538312318138,1.0,0.15404340412088444,0.3280423280423281,,1.0,0.5,0.10281244596872159,0.10281244596872159,0.3351351351351352,0.3351351351351352,0.0,1.0,0.5,0.4225352112676056,0.2142857142857143,0.15942028985507245,0.11764705882352944,0.13468330291351638,0.5031446540880503,0.37735849056603776,0.6,0.27522935779816515,0.0
ck25_IIS-L_ck25:43-en,1.0,1.0,1.0,0.03913940938099167,0.3294439302525451,0.49530906473585523,0.28989794855663564,0.0,1.0,,1.0,0.625,0.4455445544554455,0.22989918859109912,1.0,0.33025043908340385,0.5142857142857143,,1.0,1.0,0.19637780931708043,0.19637780931708043,0.4,0.4,0.0,1.0,1.0,0.4444444444444445,0.27906976744186046,0.24390243902439024,0.20512820512820512,0.1985274647376983,0.5306122448979592,0.2857142857142857,0.2916666666666667,0.28,0.0
ck25_IIS-L_ck25:44-en,0.10328638497652583,0.5238095238095238,0.057291666666666664,0.0930433290402646,0.5113560703553042,0.4654913838589651,0.16952084719853724,0.0,0.10328638497652583,0.13377926421404684,1.0,0.4146341463414634,0.3415178571428571,0.2734573119188503,0.5,0.1549935407211084,0.37398373983739835,,0.0,0.5238095238095238,0.06536472540749254,0.06536472540749254,0.3064516129032258,0.3064516129032258,0.0,1.0,0.057291666666666664,0.43636363636363634,0.24074074074074073,0.15094339622641512,0.07692307692307693,0.10978665116292681,0.4375,0.40625,0.6666666666666666,0.29213483146067415,0.0
ck25_IIS-L_ck25:45-en,0.6666666666666666,0.5,1.0,0.36615107686578496,0.6609822136608907,0.7050950935222076,0.2240092377397959,1.0,0.6666666666666666,1.0,1.0,0.625,0.6640826873385013,0.7229317973119627,1.0,0.36752344561789696,0.5376344086021505,,1.0,0.5,0.42159855546937786,0.42159855546937786,0.5652173913043478,0.5652173913043478,0.0,1.0,1.0,0.6888888888888889,0.5227272727272727,0.41860465116279066,0.3333333333333333,0.25264736339869626,0.7384615384615385,0.676923076923077,0.6111111111111112,0.7586206896551724,0.0
ck25_IIS-L_ck25:46-en,1.0,1.0,1.0,0.3504520460941294,0.5786844400949609,0.547508728663324,0.2612038749637414,1.0,1.0,1.0,1.0,0.6923076923076923,0.5694444444444444,0.680133704735376,1.0,0.8472824295591622,0.7619047619047619,,1.0,1.0,0.5041566170114462,0.5041566170114462,0.4,0.4,0.0,1.0,1.0,0.676923076923077,0.4126984126984127,0.22950819672131148,0.13559322033898305,0.7033322406631145,0.9014084507042254,0.7042253521126761,0.7142857142857143,0.6944444444444444,0.0
ck25_IIS-L_ck25:47-en,0.0,0.0,0.0,0.1004280833321256,0.45150427018286865,0.5097372669405272,0.20521309615767264,0.0,0.0,0.0,0.0,0.5454545454545454,0.5973154362416108,0.47264226751406235,0.0,0.8806626677278203,0.9545454545454546,,0.0,0.0,0.161379527749023,0.161379527749023,0.5909090909090909,0.5909090909090909,0.0,1.0,0.0,0.6,0.41025641025641024,0.31578947368421056,0.2432432432432432,0.3265250050211476,0.7450980392156864,0.5098039215686274,0.48148148148148145,0.5416666666666666,0.0
ck25_IIS-L_ck25:48-en,0.0,0.0,0.0,0.05842569751326673,0.5203284716137779,0.41478067789217,0.1827439976315568,0.0,0.0,0.0,0.0,0.47368421052631576,0.45012787723785164,0.27863777089783287,0.0,0.36275382698457337,0.728813559322034,,0.0,1.0,0.06449932499988635,0.06449932499988635,0.41739130434782606,0.41739130434782606,0.0,1.0,0.0,0.5517241379310345,0.25882352941176473,0.1686746987951807,0.07407407407407407,0.11995465606204637,0.4615384615384615,0.3956043956043956,0.2903225806451613,0.6206896551724138,0.0
ck25_IIS-L_ck25:49-en,0.0,0.0,0.0,0.10347631205603677,0.5297432777291804,0.7073955730226379,0.27429188517743175,0.0,0.0,0.0,0.0,0.7083333333333334,0.6176470588235294,0.46390677157844545,0.0,0.16450430485268352,0.5263157894736842,,0.0,0.0,0.04940742959268937,0.04940742959268937,0.6071428571428571,0.6071428571428571,0.0,1.0,0.0,0.7796610169491526,0.5614035087719299,0.4727272727272727,0.4150943396226415,0.10556779935335599,0.6341463414634146,0.5853658536585366,0.7058823529411765,0.5,0.0
ck25_IIS-L_ck25:5-en,1.0,1.0,1.0,0.055165880563672894,0.35947581478379537,0.8100172991859399,0.3333333333333333,1.0,1.0,1.0,1.0,0.7777777777777778,0.4064171122994652,0.5126596715328466,1.0,1.0,1.0,,1.0,1.0,1.0,1.0,1.0,1.0,0.0,1.0,1.0,0.7843137254901961,0.5306122448979592,0.3829787234042554,0.26666666666666666,0.28051550320162943,0.6060606060606061,0.4848484848484849,0.4,0.6153846153846154,0.0
ck25_IIS-L_ck25:50-en,1.0,1.0,1.0,0.25699685690433,0.5488983370331001,0.43234601527373523,0.21712927295533244,1.0,1.0,1.0,1.0,0.5806451612903226,0.5254237288135593,0.6843854013244111,1.0,0.5096800214871768,0.2962962962962963,,1.0,1.0,0.7365589940842712,0.7365589940842712,0.5964912280701754,0.5964912280701754,0.0,1.0,1.0,0.5633802816901408,0.31884057971014496,0.208955223880597,0.1230769230769231,0.42408925407665227,0.8285714285714286,0.6571428571428571,0.6052631578947368,0.71875,0.0
ck25_IIS-L_ck25:6-en,1.0,1.0,1.0,0.13771619438474478,0.44408856410045516,0.8095238095238096,0.3333333333333333,1.0,1.0,1.0,1.0,0.7777777777777778,0.8562874251497006,0.544452519379845,1.0,0.795637166192145,1.0,,1.0,1.0,1.0,1.0,1.0,1.0,0.0,1.0,1.0,0.8333333333333334,0.6956521739130435,0.6363636363636364,0.5714285714285714,0.5186805880190236,0.8,0.64,0.6666666666666666,0.6153846153846154,0.0
ck25_IIS-L_ck25:7-en,0.0,0.0,0.0,0.06368306760701084,0.38637047889839743,0.5925063964103967,0.179128784747792,0.0,0.0,0.0,0.0,0.34375,0.44796380090497734,0.41558801775147924,0.0,0.3521740722723756,0.16666666666666669,,0.0,0.0,0.0708867005978134,0.0708867005978134,0.1276595744680851,0.1276595744680851,0.0,1.0,0.0,0.5079365079365079,0.360655737704918,0.2711864406779661,0.2105263157894737,0.30415590104969054,0.6060606060606061,0.48484848484848486,0.5,0.47058823529411764,0.0
ck25_IIS-L_ck25:8-en,0.0,0.0,0.0,0.05492450887447034,0.37071587818674046,0.6841170910977036,0.21089672205953397,0.0,0.0,0.0,0.0,0.5,0.5504201680672269,0.46759259259259267,0.0,0.19699560337584165,0.5652173913043479,,0.0,0.0,0.16418333304040367,0.16418333304040367,0.5777777777777777,0.5777777777777777,0.0,1.0,0.0,0.6229508196721311,0.47457627118644075,0.42105263157894735,0.3636363636363637,0.10424028087082636,0.6451612903225806,0.5161290322580646,0.4444444444444444,0.6153846153846154,0.0
ck25_IIS-L_ck25:9-en,0.0,0.0,0.0,0.10947115584893757,0.44194506720419147,0.8194054442478947,0.3090169943749474,0.0,0.0,0.0,0.0,0.7619047619047619,0.5149253731343284,0.5401650021710812,0.0,0.519308727369202,0.6101694915254237,,0.0,0.0,0.16378468913060704,0.16378468913060704,0.4482758620689656,0.4482758620689656,0.0,1.0,0.0,0.6666666666666667,0.46875,0.4193548387096775,0.3666666666666667,0.24896495281356715,0.744186046511628,0.6046511627906976,0.6842105263157895,0.5416666666666666,0.0
ck25_IIS-Q_ck25:1-en,1.0,1.0,1.0,0.14079004048782912,0.4508895649576653,0.7724598467726547,0.36602540378443865,1.0,1.0,1.0,1.0,0.85,0.7733990147783252,0.5183697753978879,1.0,0.6238030919943091,0.8163265306122449,,1.0,1.0,0.4793941561908407,0.4793941561908407,0.6938775510204082,0.6938775510204082,0.0,1.0,1.0,0.8214285714285715,0.6666666666666666,0.6153846153846153,0.5599999999999999,0.416025330918058,0.7333333333333334,0.5999999999999999,0.6923076923076923,0.5294117647058824,0.0
ck25_IIS-Q_ck25:10-en,0.6666666666666666,0.5,1.0,0.10390862980835826,0.40061819063517157,0.7072150366715306,0.3090169943749474,1.0,0.6666666666666666,1.0,1.0,0.782608695652174,0.7717391304347826,0.48130657221566314,0.5,0.1723126905846567,0.6744186046511628,,0.0,0.5,0.8153551038173115,0.8153551038173115,0.9156626506024096,0.9156626506024096,0.0,1.0,1.0,0.7692307692307693,0.631578947368421,0.5675675675675675,0.5,0.18814785746917084,0.7142857142857143,0.5238095238095238,0.5238095238095238,0.5238095238095238,0.0
ck25_IIS-Q_ck25:11-en,1.0,1.0,1.0,0.16975970856453712,0.5953891967261202,0.8247621221537365,0.36602540378443865,1.0,1.0,1.0,1.0,0.8421052631578947,0.5893719806763285,0.665680473372781,1.0,0.7419446627365011,0.8888888888888888,,1.0,1.0,1.0,1.0,1.0,1.0,0.0,1.0,1.0,0.8679245283018867,0.6666666666666667,0.5714285714285715,0.5106382978723404,0.4726889449143114,0.8484848484848485,0.7272727272727272,0.75,0.7058823529411765,0.0
ck25_IIS-Q_ck25:12-en,1.0,1.0,1.0,0.14911018208693466,0.5601385634523837,0.7329966878690527,0.3333333333333333,1.0,1.0,1.0,1.0,0.8,0.6135265700483092,0.527810650887574,1.0,0.5515397895542207,0.8679245283018868,,1.0,1.0,1.0,1.0,1.0,1.0,0.0,1.0,1.0,0.7999999999999999,0.6415094339622641,0.5490196078431373,0.4897959183673469,0.4301414003402814,0.7272727272727272,0.6060606060606061,0.625,0.5882352941176471,0.0
ck25_IIS-Q_ck25:13-en,0.0,0.0,0.0,0.30826423742301434,0.5546301619198561,0.598056818096707,0.25,0.0,0.0,0.0,0.0,0.6086956521739131,0.4536585365853658,0.6198347107438016,0.0,0.5811493732471116,0.4255319148936171,,0.0,0.0,0.4918537211621339,0.4918537211621339,0.4255319148936171,0.4255319148936171,0.0,1.0,0.0,0.6153846153846154,0.36000000000000004,0.2916666666666667,0.2173913043478261,0.35345481163747966,0.64,0.6,0.5769230769230769,0.625,0.0
ck25_IIS-Q_ck25:14-en,1.0,1.0,1.0,0.14014538231535095,0.5562859039871735,0.6212121212121211,0.3333333333333333,1.0,1.0,1.0,1.0,0.8181818181818182,0.8137651821862348,0.5886165116934348,1.0,0.8578928092681435,1.0,,1.0,1.0,1.0,1.0,1.0,1.0,0.0,1.0,1.0,0.78125,0.5806451612903226,0.4666666666666667,0.41379310344827586,0.4303767738122004,0.7619047619047619,0.6190476190476191,0.6190476190476191,0.6190476190476191,0.0
ck25_IIS-Q_ck25:15-en,0.0,0.0,0.0,0.0,0.0,0.0,0.15438708879488486,0.0,0.0,0.0,0.0,0.0,0.0,0.0,0.0,0.0,0.0,,0.0,1.0,0.0,0.0,0.0,0.0,0.0,0.0,0.0,0.0,0.0,0.0,0.0,0.0,0.0,0.0,0.0,0.0,0.0
ck25_IIS-Q_ck25:16-en,0.0,0.0,1.0,0.061255426141696975,0.5109370285780617,0.5728918992315463,0.27429188517743175,0.0,0.0,0.0,0.0,0.6111111111111112,0.6363636363636364,0.4180463576158941,0.0,0.12807327174314076,0.45714285714285713,,0.0,0.0,0.13929692701099317,0.13929692701099317,0.5714285714285715,0.5714285714285715,0.0,1.0,0.0,0.6486486486486486,0.34285714285714286,0.24242424242424243,0.19354838709677422,0.10744977968537141,0.45161290322580644,0.5161290322580646,0.5,0.5333333333333333,0.0
ck25_IIS-Q_ck25:17-en,1.0,1.0,1.0,0.11214884239336034,0.39672768421477134,0.38729833462074154,0.28989794855663564,1.0,1.0,1.0,1.0,0.6666666666666666,0.6666666666666667,0.4437869822485207,1.0,0.3279475209724914,0.4864864864864865,,1.0,1.0,0.14798568161101283,0.14798568161101283,0.5405405405405405,0.5405405405405405,0.0,1.0,1.0,0.6153846153846154,0.43243243243243246,0.34285714285714286,0.30303030303030304,0.33660383646185255,0.6060606060606061,0.48484848484848486,0.5,0.47058823529411764,0.0
ck25_IIS-Q_ck25:18-en,0.6666666666666666,0.5,1.0,0.3788234172943225,0.5732004779794946,0.617822993478285,0.27429188517743175,1.0,0.6666666666666666,1.0,1.0,0.7307692307692307,0.6928571428571428,0.6050228310502284,1.0,0.31709296634777956,0.4615384615384615,,1.0,0.5,0.43810835784126073,0.43810835784126073,0.5957446808510639,0.5957446808510639,0.0,1.0,1.0,0.717948717948718,0.5789473684210528,0.5135135135135136,0.4444444444444445,0.2816497457616417,0.7333333333333333,0.6000000000000001,0.5806451612903226,0.6206896551724138,0.0
ck25_IIS-Q_ck25:19-en,0.0,0.0,0.0,0.394999459615671,0.6168658069329033,0.6181150999636872,0.3090169943749474,0.0,0.0,0.0,0.0,0.75,0.6185567010309279,0.5909766557824455,0.0,0.4156761142079494,0.41379310344827586,,0.0,0.0,0.3652779667133232,0.3652779667133232,0.32786885245901637,0.32786885245901637,0.0,1.0,0.0,0.7307692307692307,0.48000000000000004,0.41666666666666663,0.34782608695652173,0.32072222422390356,0.7307692307692308,0.6538461538461539,0.7391304347826086,0.5862068965517241,0.0
ck25_IIS-Q_ck25:2-en,1.0,1.0,1.0,0.14798568161101283,0.44613341312256494,0.8046508572754798,0.3090169943749474,1.0,1.0,1.0,1.0,0.75,0.7954545454545454,0.5813953488372093,1.0,0.795637166192145,0.9230769230769231,,1.0,1.0,1.0,1.0,1.0,1.0,0.0,1.0,1.0,0.8235294117647058,0.6938775510204083,0.6382978723404256,0.5777777777777778,0.32279203460361755,0.8,0.64,0.6666666666666666,0.6153846153846154,0.0
ck25_IIS-Q_ck25:20-en,0.5,0.3333333333333333,1.0,0.3807134866446316,0.6273212288040151,0.6684239227769608,0.28989794855663564,1.0,0.5,1.0,1.0,0.7391304347826086,0.5588235294117647,0.6212349397590361,0.3333333333333333,0.2618929316459148,0.36170212765957444,,0.0,0.3333333333333333,0.41295510006120767,0.41295510006120767,0.4421052631578947,0.4421052631578947,0.0,1.0,1.0,0.7384615384615385,0.4444444444444445,0.3278688524590164,0.23728813559322032,0.24171945320008964,0.7647058823529412,0.6470588235294118,0.6285714285714286,0.6666666666666666,0.0
ck25_IIS-Q_ck25:21-en,0.0125,0.006289308176100629,1.0,0.015530500850019148,0.33217167079622345,0.39046820710283653,0.2,0.0,0.0125,0.02127659574468085,0.0,0.4666666666666667,0.4285714285714286,0.13406299287865028,0.006369426751592357,0.0314154394883223,0.4571428571428572,,0.0,0.006289308176100629,0.059936393151243016,0.059936393151243016,0.5576923076923076,0.5576923076923076,0.0,1.0,1.0,0.5161290322580646,0.37362637362637363,0.3146067415730337,0.25287356321839083,0.03200006503851922,0.38805970149253727,0.208955223880597,0.3181818181818182,0.15555555555555556,0.0
ck25_IIS-Q_ck25:22-en,0.0,0.0,0.0,0.10734632390769645,0.36799352280836595,0.6090882093150158,0.28989794855663564,0.0,0.0,0.0,0.0,0.7142857142857143,0.5551470588235294,0.6146384479717812,0.0,0.3187271473320672,0.5882352941176471,,0.0,1.0,0.07178681338813069,0.0,0.40816326530612246,0.0,0.0,0.0,0.0,0.6896551724137931,0.5714285714285715,0.5185185185185185,0.4615384615384615,0.18157374168582124,0.6111111111111112,0.5,0.391304347826087,0.6923076923076923,0.0
ck25_IIS-Q_ck25:23-en,0.6666666666666666,1.0,0.5,0.12315616840085004,0.5274806054436677,0.6713534250330869,0.27429188517743175,0.0,0.6666666666666666,0.6666666666666666,1.0,0.75,0.6876790830945558,0.6076388888888888,1.0,0.6978429290017016,0.8817204301075269,,1.0,1.0,0.1542799023366259,0.1542799023366259,0.6451612903225806,0.6451612903225806,0.0,1.0,0.5,0.7058823529411764,0.5783132530120482,0.49382716049382713,0.40506329113924056,0.3339087646492816,0.7083333333333334,0.5833333333333334,0.5185185185185185,0.6666666666666666,0.0
ck25_IIS-Q_ck25:24-en,0.6666666666666666,0.5,1.0,0.3020089249326176,0.5034092079773405,0.4898729556760462,0.2612038749637414,1.0,0.6666666666666666,1.0,1.0,0.7419354838709677,0.5782122905027933,0.5236294896030246,1.0,0.27990847361788956,0.48000000000000004,,1.0,0.5,0.382168164855617,0.382168164855617,0.6949152542372882,0.6949152542372882,0.0,1.0,1.0,0.7407407407407408,0.5283018867924528,0.42307692307692313,0.3137254901960785,0.2457341642657527,0.6976744186046512,0.5116279069767442,0.5116279069767442,0.5116279069767442,0.0
ck25_IIS-Q_ck25:25-en,0.011560693641618497,0.005813953488372093,1.0,0.011164495639872183,0.31630730098317617,0.33436927796973975,0.1827439976315568,0.0,0.011560693641618497,0.02127659574468085,0.0,0.4594594594594595,0.3450413223140496,0.10247564935064934,0.0035587188612099642,0.02854691454904813,0.47945205479452047,,0.0,0.005813953488372093,0.1945205994271336,0.1945205994271336,0.578125,0.578125,0.0,1.0,1.0,0.5599999999999999,0.3739837398373983,0.2809917355371901,0.18487394957983194,0.025260972592514645,0.37500000000000006,0.16666666666666666,0.25806451612903225,0.12307692307692308,0.0
ck25_IIS-Q_ck25:26-en,1.0,1.0,1.0,0.1799945737066507,0.6302615676589167,0.6847826086956526,0.3333333333333333,1.0,1.0,1.0,1.0,0.8461538461538461,0.8705501618122977,0.6988271604938271,1.0,1.0,1.0,,1.0,1.0,1.0,1.0,1.0,1.0,0.0,1.0,1.0,0.8292682926829268,0.675,0.5641025641025641,0.47368421052631576,0.426864158766622,0.8000000000000002,0.72,0.72,0.72,0.0
ck25_IIS-Q_ck25:27-en,0.7552447552447552,1.0,0.6067415730337079,0.1945938140860263,0.6304666353396884,0.6420341275831838,0.20521309615767264,0.0,0.7552447552447552,0.7297297297297297,1.0,0.5588235294117647,0.5097087378640777,0.4490423159439928,1.0,0.22935816090758138,0.42477876106194684,0.6657083750175392,1.0,1.0,0.26796645549029263,0.26796645549029263,0.4827586206896552,0.4827586206896552,0.0,1.0,0.6067415730337079,0.6,0.38636363636363635,0.25581395348837205,0.16666666666666666,0.1899890834996084,0.6428571428571428,0.5714285714285714,0.7272727272727273,0.47058823529411764,0.0
ck25_IIS-Q_ck25:28-en,0.0,0.0,1.0,0.017595764195137545,0.4537448648275182,0.3905353061016929,0.1639607805437114,0.0,0.0,0.0,0.0,0.3953488372093023,0.3172905525846702,0.14496764305177112,0.0,0.08207329470739501,0.4444444444444444,,0.0,0.0,0.10592145842311303,0.10592145842311303,0.46268656716417905,0.46268656716417905,0.0,1.0,0.0,0.3725490196078431,0.14,0.1020408163265306,0.06250000000000001,0.04346731259671518,0.4,0.2727272727272727,0.46875,0.19230769230769232,0.0
ck25_IIS-Q_ck25:29-en,0.0,0.0,0.0,0.19049294448392295,0.562096920331507,0.5168706713328824,0.2240092377397959,0.0,0.0,0.0,0.0,0.625,0.3879781420765027,0.46731147540983614,0.0,0.2733534577396872,0.3823529411764706,,0.0,0.0,0.29821477995428214,0.29821477995428214,0.4,0.4,0.0,1.0,0.0,0.5777777777777777,0.22727272727272727,0.1627906976744186,0.11904761904761905,0.2117668828486532,0.6818181818181819,0.5681818181818182,0.6578947368421053,0.5,0.0
ck25_IIS-Q_ck25:3-en,0.0,0.0,0.0,0.11938182130178442,0.39812899945174113,0.7247759457422593,0.27429188517743175,0.0,0.0,0.0,0.0,0.6818181818181818,0.6875,0.5639097744360902,0.0,0.39832871551569504,0.7083333333333333,,0.0,0.0,0.27091988546756285,0.27091988546756285,0.6666666666666666,0.6666666666666666,0.0,1.0,0.0,0.7636363636363636,0.6415094339622641,0.5882352941176471,0.5306122448979592,0.25336549464486463,0.6896551724137931,0.5517241379310345,0.5,0.6153846153846154,0.0
ck25_IIS-Q_ck25:30-en,0.0,0.0,0.0,0.21929592592628902,0.47149064814823893,0.48611111111111127,0.25,0.0,0.0,0.0,0.0,0.6666666666666666,0.44932432432432434,0.5522192614653133,0.0,0.3361736311583555,0.380952380952381,,0.0,1.0,0.5440235490737528,0.5440235490737528,0.42857142857142855,0.42857142857142855,0.0,1.0,0.0,0.56,0.2191780821917808,0.14084507042253522,0.11594202898550725,0.24919223305836732,0.7999999999999999,0.6117647058823529,0.6666666666666666,0.5652173913043478,0.0
ck25_IIS-Q_ck25:31-en,0.0,0.0,0.0,0.08082638442337035,0.1045815961058426,0.29535409689589803,0.1951941016011038,0.0,0.0,0.0,0.0,0.5,0.2874617737003058,0.45725646123260444,0.0,0.17793925745339384,0.34965034965034963,,0.0,1.0,0.05229821945947527,0.0,0.052631578947368425,0.0,0.0,0.0,0.0,0.37837837837837834,0.14678899082568805,0.09345794392523364,0.0761904761904762,0.1505392121779174,0.5984251968503936,0.4251968503937008,0.3375,0.574468085106383,0.0
ck25_IIS-Q_ck25:32-en,0.4106280193236715,0.40865384615384615,0.41262135922330095,0.2604676322950052,0.4457987262555695,0.4282477688876274,0.23166247903554,0.0,0.4106280193236715,0.6666666666666666,1.0,0.65625,0.4112149532710281,0.4384656146298016,0.5,0.540903617336017,0.48275862068965514,,0.0,0.40865384615384615,0.36071379866601666,0.36071379866601666,0.33613445378151263,0.33613445378151263,0.0,1.0,0.41262135922330095,0.5348837209302325,0.2619047619047619,0.14634146341463417,0.1,0.47718287224272316,0.6736842105263158,0.48421052631578954,0.5227272727272727,0.45098039215686275,0.0
ck25_IIS-Q_ck25:33-en,0.0,0.0,1.0,0.1629422912688097,0.4157355728172024,0.4938291646584311,0.2,1.0,0.0,0.0,0.0,0.4666666666666667,0.38148148148148153,0.38801375339836874,0.0,0.4922703681524304,0.6268656716417911,,0.0,0.0,0.3446913316729032,0.3446913316729032,0.6060606060606061,0.6060606060606061,0.0,1.0,0.0,0.4776119402985074,0.24615384615384614,0.19047619047619044,0.1311475409836066,0.27577517053497935,0.5714285714285715,0.4642857142857143,0.5,0.43333333333333335,0.0
ck25_IIS-Q_ck25:34-en,0.9992107340173638,0.998422712933754,1.0,0.056105580995645665,0.35997345707114037,0.40868825155186655,0.2402530733520421,1.0,0.9992107340173638,1.0,1.0,0.6,0.4164810690423163,0.3687207943925233,1.0,0.12357471278769112,0.4035087719298246,,1.0,0.998422712933754,0.1976925259772795,0.1976925259772795,0.4035087719298246,0.4035087719298246,0.0,1.0,1.0,0.43902439024390244,0.15,0.12820512820512822,0.10526315789473684,0.11296250966348592,0.6521739130434783,0.43478260869565216,0.4,0.47619047619047616,0.0
ck25_IIS-Q_ck25:35-en,0.0,0.0,0.0,0.005028151570547531,0.37589776597577973,0.36878177829171543,0.16952084719853724,0.0,0.0,0.0,0.0,0.29411764705882354,0.26679841897233203,0.12139423076923075,0.0,0.012212205597446204,0.09259259259259259,,0.0,1.0,0.0036319882973726153,0.0036319882973726153,0.06896551724137931,0.06896551724137931,0.0,1.0,0.0,0.3023255813953488,0.14285714285714288,0.12195121951219513,0.1,0.01953102998352618,0.3888888888888889,0.22222222222222224,0.5,0.14285714285714285,0.0
ck25_IIS-Q_ck25:36-en,0.0,0.0,0.0,0.017487139362914232,0.10028023591850728,0.5655919464019671,0.18660549686337075,0.0,0.0,0.0,0.0,0.36666666666666664,0.2259136212624585,0.13321995464852607,0.0,0.10590468537741984,0.23684210526315788,,0.0,1.0,0.021083807047942795,0.0,0.17721518987341775,0.0,0.0,0.0,0.0,0.4285714285714286,0.26829268292682923,0.225,0.1794871794871795,0.10841661517135792,0.42857142857142855,0.25,0.3888888888888889,0.18421052631578946,0.0
ck25_IIS-Q_ck25:37-en,0.1,1.0,0.05263157894736842,0.1594857716360487,0.5301815204283921,0.519725834001674,0.17253779651421453,0.0,0.1,0.0909090909090909,1.0,0.425,0.3465346534653465,0.2568697729988053,1.0,0.1328855638393487,0.3125,0.13765549174170919,1.0,1.0,0.2184111319175883,0.2184111319175883,0.3095238095238095,0.3095238095238095,0.0,1.0,0.05263157894736842,0.4421052631578948,0.27956989247311825,0.17582417582417584,0.0898876404494382,0.08187123110223106,0.5263157894736842,0.4736842105263158,0.627906976744186,0.38028169014084506,0.0
ck25_IIS-Q_ck25:38-en,0.7124183006535947,0.7218543046357616,0.7032258064516129,0.042485503987593494,0.4934492845420082,0.45662965113740955,0.1757340838011157,0.0,0.7124183006535947,0.579088471849866,1.0,0.3888888888888889,0.40295358649789026,0.24636708096516982,0.5,0.11702276090086454,0.3356643356643356,,0.0,0.7218543046357616,0.06689402521039865,0.06689402521039865,0.38095238095238093,0.38095238095238093,0.0,1.0,0.7032258064516129,0.42424242424242425,0.22680412371134023,0.12631578947368421,0.08602150537634409,0.09141035920090324,0.4948453608247423,0.37113402061855677,0.5142857142857142,0.2903225806451613,0.0
ck25_IIS-Q_ck25:39-en,1.0,1.0,1.0,0.48214557983962303,0.7625818495053603,0.7418936012822234,0.3090169943749474,1.0,1.0,1.0,1.0,0.782608695652174,0.6724738675958188,0.728110219103945,1.0,1.0,1.0,,1.0,1.0,1.0,1.0,1.0,1.0,0.0,1.0,1.0,0.767123287671233,0.5633802816901408,0.43478260869565216,0.29850746268656714,0.6062526039702989,0.8285714285714285,0.7714285714285715,0.8181818181818182,0.7297297297297297,0.0
ck25_IIS-Q_ck25:4-en,1.0,1.0,1.0,0.012417063121165483,0.39817519564424764,0.32217275590333283,0.20521309615767264,1.0,1.0,1.0,1.0,0.4230769230769231,0.3577235772357723,0.18001540238737002,1.0,0.022659974943685858,0.23333333333333336,,1.0,1.0,0.01607793441594403,0.01607793441594403,0.2033898305084746,0.2033898305084746,0.0,1.0,1.0,0.3859649122807018,0.21818181818181817,0.18867924528301885,0.1568627450980392,0.02648454306167987,0.39130434782608703,0.3043478260869565,0.5833333333333334,0.20588235294117646,0.0
ck25_IIS-Q_ck25:40-en,0.08,0.045454545454545456,0.3333333333333333,0.017147687871857303,0.3864312856000436,0.37274965820548744,0.2240092377397959,0.0,0.08,0.031496062992125984,0.0,0.4782608695652174,0.4189723320158103,0.16122159090909094,0.047619047619047616,0.13835116780627943,0.4375,,0.0,0.045454545454545456,0.05051199590741392,0.05051199590741392,0.29850746268656714,0.29850746268656714,0.0,1.0,0.3333333333333333,0.42857142857142866,0.22222222222222218,0.1923076923076923,0.16,0.0648485140499682,0.48000000000000004,0.32,0.5333333333333333,0.22857142857142856,0.0
ck25_IIS-Q_ck25:41-en,0.5384615384615384,0.5384615384615384,0.5384615384615384,0.05104730245426605,0.39740258863369915,0.34201772954183957,0.1827439976315568,0.0,0.5384615384615384,0.7999999999999999,1.0,0.4444444444444444,0.2875,0.24381773344754257,1.0,0.2181000270681603,0.2741935483870968,,1.0,0.5384615384615384,0.13638075081738932,0.13638075081738932,0.2580645161290323,0.2580645161290323,0.0,1.0,0.5384615384615384,0.3636363636363637,0.12962962962962962,0.09433962264150944,0.07692307692307693,0.1849443341780959,0.618705035971223,0.4460431654676259,0.5535714285714286,0.37349397590361444,0.0
ck25_IIS-Q_ck25:42-en,0.5,0.5,0.5,0.09695273481527977,0.5034048503704867,0.5149843878017901,0.1639607805437114,0.0,0.5,0.6666666666666666,1.0,0.4583333333333333,0.36866359447004604,0.266410906485118,1.0,0.16382555114597303,0.36363636363636365,,1.0,0.5,0.10281244596872159,0.10281244596872159,0.3351351351351352,0.3351351351351352,0.0,1.0,0.5,0.4511278195488722,0.25954198473282447,0.17054263565891473,0.12598425196850394,0.128281573275475,0.5095541401273885,0.40764331210191085,0.6666666666666666,0.29357798165137616,0.0
ck25_IIS-Q_ck25:43-en,1.0,1.0,1.0,0.08522008177835778,0.3701233138698514,0.4370374100610488,0.3090169943749474,0.0,1.0,,1.0,0.6875,0.4511627906976744,0.3582329317269077,1.0,0.4363506212597198,0.47368421052631576,,1.0,1.0,0.37471279942920577,0.37471279942920577,0.47368421052631576,0.47368421052631576,0.0,1.0,1.0,0.4888888888888889,0.27906976744186046,0.24390243902439024,0.20512820512820512,0.2614627333227602,0.6530612244897959,0.4081632653061225,0.4166666666666667,0.4,0.0
ck25_IIS-Q_ck25:44-en,0.7695390781563126,0.6254071661237784,1.0,0.05716989516564754,0.5569192019020109,0.6047766633752688,0.1951941016011038,0.0,0.7695390781563126,0.9637305699481865,1.0,0.5,0.3325892857142857,0.2381011887450924,0.5,0.07764992322146665,0.3770491803278689,,0.0,0.6254071661237784,0.10171352263143651,0.10171352263143651,0.43548387096774194,0.43548387096774194,0.0,1.0,1.0,0.5208333333333334,0.3404255319148936,0.2173913043478261,0.13333333333333333,0.05196917329971055,0.4166666666666667,0.3833333333333334,0.7419354838709677,0.25842696629213485,0.0
ck25_IIS-Q_ck25:45-en,0.0,0.0,0.0,0.23152888964854848,0.4245488890788038,0.5620501008809764,0.27429188517743175,0.0,0.0,0.0,0.0,0.72,0.5521885521885521,0.47014166491338805,0.0,0.37908392151145764,0.5365853658536585,,0.0,1.0,0.371904308877465,0.371904308877465,0.5238095238095238,0.5238095238095238,0.0,1.0,0.0,0.625,0.3548387096774193,0.2333333333333333,0.13793103448275862,0.29228063843552243,0.6779661016949153,0.47457627118644075,0.4666666666666667,0.4827586206896552,0.0
ck25_IIS-Q_ck25:46-en,1.0,1.0,1.0,0.3465905293369606,0.5658142990009067,0.6245127971196698,0.27429188517743175,1.0,1.0,1.0,1.0,0.7307692307692307,0.5902777777777778,0.654320987654321,1.0,0.7356844708274168,0.5714285714285714,,1.0,1.0,0.5814307369682193,0.5814307369682193,0.4931506849315069,0.4931506849315069,0.0,1.0,1.0,0.7301587301587302,0.4262295081967213,0.23728813559322032,0.14035087719298248,0.6782935530456147,0.8333333333333334,0.6666666666666666,0.6666666666666666,0.6666666666666666,0.0
ck25_IIS-Q_ck25:47-en,0.0,0.0,0.0,0.1343180670387899,0.5337822987925757,0.6053684596594245,0.27429188517743175,0.0,0.0,0.0,0.0,0.7307692307692307,0.6386292834890965,0.49353369763205834,0.0,0.8256883303374226,0.9545454545454546,,0.0,0.0,0.161379527749023,0.161379527749023,0.5909090909090909,0.5909090909090909,0.0,1.0,0.0,0.6666666666666666,0.5,0.40540540540540543,0.3055555555555556,0.34906991342965005,0.7307692307692307,0.576923076923077,0.5357142857142857,0.625,0.0
ck25_IIS-Q_ck25:48-en,0.0,0.0,0.0,0.05922825536645831,0.4802248650251822,0.38794291597509756,0.2240092377397959,0.0,0.0,0.0,0.0,0.52,0.43060498220640564,0.3220216606498195,0.0,0.2920676447083178,0.463768115942029,,0.0,1.0,0.04533159191900481,0.04533159191900481,0.29411764705882354,0.29411764705882354,0.0,1.0,0.0,0.490566037735849,0.3137254901960784,0.2448979591836735,0.21276595744680848,0.23369525548757403,0.6222222222222222,0.4444444444444445,0.625,0.3448275862068966,0.0
ck25_IIS-Q_ck25:49-en,1.0,1.0,1.0,0.24373357804213125,0.5817667278438662,0.7363735392481271,0.3090169943749474,1.0,1.0,1.0,1.0,0.7916666666666666,0.7204724409448819,0.7170781893004116,1.0,0.8343664980911134,0.9,,1.0,1.0,0.4938413945711103,0.4938413945711103,0.6666666666666666,0.6666666666666666,0.0,1.0,1.0,0.8064516129032258,0.5666666666666667,0.4482758620689655,0.39285714285714285,0.4772486380802148,0.875,0.75,0.75,0.75,0.0
ck25_IIS-Q_ck25:5-en,0.0,0.0,0.0,0.0,0.0,0.0,0.2,0.0,0.0,0.0,0.0,0.0,0.0,0.0,0.0,0.0,0.0,,0.0,1.0,0.0,0.0,0.0,0.0,0.0,0.0,0.0,0.0,0.0,0.0,0.0,0.0,0.0,0.0,0.0,0.0,0.0
ck25_IIS-Q_ck25:50-en,1.0,1.0,1.0,0.3030197025229566,0.5833306832064967,0.5116817192534651,0.3090169943749474,1.0,1.0,1.0,1.0,0.782608695652174,0.6582278481012658,0.7014351418358273,1.0,0.5155584764947907,0.26415094339622636,,1.0,1.0,0.7365589940842712,0.7365589940842712,0.5964912280701754,0.5964912280701754,0.0,1.0,1.0,0.7017543859649122,0.43636363636363634,0.3018867924528302,0.19607843137254902,0.49347894192728003,0.8615384615384615,0.7076923076923077,0.696969696969697,0.71875,0.0
ck25_IIS-Q_ck25:6-en,0.0,0.0,0.0,0.04489817685148793,0.30457166619284415,0.6237343238042664,0.1951941016011038,0.0,0.0,0.0,0.0,0.43333333333333335,0.35250000000000004,0.46875,0.0,0.11846592694382017,0.3614457831325301,,0.0,1.0,0.02872554166777652,0.02872554166777652,0.3058823529411765,0.3058823529411765,0.0,1.0,0.0,0.475,0.38461538461538464,0.34210526315789475,0.29729729729729726,0.059695447432394674,0.3571428571428571,0.2857142857142857,0.18604651162790697,0.6153846153846154,0.0
ck25_IIS-Q_ck25:7-en,0.18181818181818182,0.1,1.0,0.11838984034964084,0.44646447393317457,0.695421649681194,0.28989794855663564,0.0,0.18181818181818182,0.18181818181818182,1.0,0.7,0.6825396825396826,0.49568644950171054,0.3333333333333333,0.38700945902187867,0.6046511627906976,,0.0,0.1,0.19784762204656053,0.19784762204656053,0.6666666666666666,0.6666666666666666,0.0,1.0,1.0,0.76,0.6249999999999999,0.5652173913043478,0.5,0.354127456853081,0.7333333333333334,0.5999999999999999,0.6923076923076923,0.5294117647058824,0.0
ck25_IIS-Q_ck25:8-en,0.0,0.0,0.0,0.07907824947236808,0.41074751797146636,0.6578947368421052,0.2240092377397959,0.0,0.0,0.0,0.0,0.45454545454545453,0.536144578313253,0.4920107577914886,0.0,0.17685732282413552,0.20689655172413793,,0.0,1.0,0.05678170484701192,0.0,0.3243243243243243,0.0,0.0,0.0,0.0,0.6521739130434783,0.5,0.4285714285714286,0.35,0.152408022375532,0.7199999999999999,0.5599999999999999,0.5833333333333334,0.5384615384615384,0.0
ck25_IIS-Q_ck25:9-en,1.0,1.0,1.0,0.12445219211377126,0.4325556799167729,0.8284519001009361,0.28989794855663564,1.0,1.0,1.0,1.0,0.7272727272727273,0.7723880597014925,0.5824463118580765,1.0,0.6734927403341204,0.8648648648648649,,1.0,1.0,0.9011400823378845,0.9011400823378845,0.9589041095890412,0.9589041095890412,0.0,1.0,1.0,0.8157894736842105,0.6486486486486486,0.5833333333333333,0.5142857142857143,0.365111491798843,0.7391304347826088,0.6086956521739131,0.6363636363636364,0.5833333333333334,0.0
ck25_INFAI_ck25:1-en,0.0,0.0,0.0,0.058556934086208476,0.39548555721833445,0.5398704058349734,0.1907435698305462,0.0,0.0,0.0,0.0,0.3793103448275862,0.5024630541871922,0.38234570936808454,0.0,0.32773490290644675,0.2916666666666667,,0.0,0.0,0.3291467773009902,0.3291467773009902,0.16666666666666666,0.16666666666666666,0.0,1.0,0.0,0.4727272727272728,0.26415094339622647,0.19607843137254902,0.16326530612244897,0.2725071240263198,0.5999999999999999,0.4666666666666667,0.5384615384615384,0.4117647058823529,0.0
ck25_INFAI_ck25:10-en,0.6666666666666666,0.5,1.0,0.037623508742483144,0.4340184919399667,0.6823692701163263,0.25,1.0,0.6666666666666666,1.0,1.0,0.6666666666666666,0.39400921658986177,0.4000565784200476,0.5,0.07381893316834348,0.43137254901960786,,0.0,0.5,0.15051192747836994,0.15051192747836994,0.5154639175257731,0.5154639175257731,0.0,1.0,1.0,0.5684210526315789,0.30107526881720426,0.1978021978021978,0.1348314606741573,0.03373209218687619,0.3373493975903614,0.3132530120481928,0.20967741935483872,0.6190476190476191,0.0
ck25_INFAI_ck25:11-en,1.0,1.0,1.0,0.12396328368146875,0.5376569991889545,0.8153742483272113,0.3333333333333333,1.0,1.0,1.0,1.0,0.7894736842105263,0.3754266211604096,0.5216374269005848,1.0,0.6048297152818375,0.6984126984126984,,1.0,1.0,0.7166258375282707,0.7166258375282707,0.8666666666666666,0.8666666666666666,0.0,1.0,1.0,0.6567164179104477,0.49230769230769234,0.38095238095238093,0.3278688524590164,0.364475284252601,0.6857142857142857,0.5714285714285715,0.5555555555555556,0.5882352941176471,0.0
ck25_INFAI_ck25:12-en,0.6666666666666666,0.5,1.0,0.05275165043991027,0.3542263209524759,0.683202929930246,0.20521309615767264,1.0,0.6666666666666666,1.0,1.0,0.4827586206896552,0.26993865030674846,0.3057650862068965,1.0,0.15799661345581248,0.5373134328358209,,1.0,0.5,0.18543829210530705,0.18543829210530705,0.6153846153846154,0.6153846153846154,0.0,1.0,1.0,0.5633802816901409,0.43478260869565216,0.35820895522388063,0.3076923076923077,0.10619370134651737,0.6315789473684211,0.42105263157894735,0.38095238095238093,0.47058823529411764,0.0
ck25_INFAI_ck25:13-en,0.0,0.0,0.0,0.11045799810404763,0.47440827683676307,0.5303948353054367,0.1907435698305462,0.0,0.0,0.0,0.0,0.45454545454545453,0.33333333333333337,0.5658049886621316,0.0,0.22816849039973935,0.2622950819672131,,0.0,0.0,0.10978875852432814,0.10978875852432814,0.339622641509434,0.339622641509434,0.0,1.0,0.0,0.4507042253521127,0.17391304347826086,0.11940298507462685,0.09230769230769231,0.11679511301239232,0.5660377358490567,0.5283018867924529,0.4827586206896552,0.5833333333333334,0.0
ck25_INFAI_ck25:14-en,0.0,0.0,0.0,0.062448841784698984,0.46968048790155625,0.6099521159242057,0.179128784747792,0.0,0.0,0.0,0.0,0.43243243243243246,0.4049382716049382,0.454320987654321,0.0,0.4806216298219478,0.5952380952380953,,0.0,1.0,0.02717076173570544,0.0,0.13793103448275865,0.0,0.0,0.0,0.0,0.528735632183908,0.32941176470588235,0.21686746987951805,0.14814814814814817,0.19454290935168922,0.5263157894736842,0.4210526315789474,0.3333333333333333,0.5714285714285714,0.0
ck25_INFAI_ck25:15-en,0.33333333333333337,0.2,1.0,0.12344066466123695,0.5260982614034044,0.5423781178279713,0.16952084719853724,1.0,0.33333333333333337,1.0,1.0,0.52,0.33601070950468537,0.4488140970303867,1.0,0.25851864130680585,0.4046242774566474,,1.0,0.2,0.2627388182670421,0.2627388182670421,0.3185840707964602,0.3185840707964602,0.0,1.0,1.0,0.5170068027210885,0.27586206896551724,0.1678321678321678,0.0851063829787234,0.12234113308791392,0.5777777777777777,0.47407407407407404,0.38095238095238093,0.6274509803921569,0.0
ck25_INFAI_ck25:16-en,0.0,0.0,1.0,0.11868279563287523,0.5449283913100308,0.5570066518960166,0.21712927295533244,1.0,0.0,0.0,0.0,0.4583333333333333,0.507537688442211,0.5868421052631579,0.0,0.2737678098181288,0.41860465116279066,,0.0,0.0,0.29377167835760565,0.29377167835760565,0.6666666666666667,0.6666666666666667,0.0,0.0,0.0,0.5,0.34782608695652173,0.22727272727272727,0.19047619047619047,0.11559748758264836,0.5625,0.625,0.5882352941176471,0.6666666666666666,0.0
ck25_INFAI_ck25:17-en,0.6666666666666666,0.5,1.0,0.0497210107982665,0.31992991703269763,0.3668162211890153,0.179128784747792,1.0,0.6666666666666666,1.0,1.0,0.36363636363636365,0.3505434782608695,0.4270618556701031,1.0,0.23114663823833642,0.2647058823529412,,1.0,0.5,0.1566391541195429,0.1566391541195429,0.30508474576271183,0.30508474576271183,0.0,1.0,1.0,0.32,0.2191780821917808,0.16901408450704225,0.14492753623188406,0.09118099089300939,0.48275862068965514,0.3448275862068965,0.24390243902439024,0.5882352941176471,0.0
ck25_INFAI_ck25:18-en,0.6666666666666666,0.5,1.0,0.06233104928824592,0.3516337142084873,0.46452579668325833,0.16139047779640892,1.0,0.6666666666666666,1.0,1.0,0.2894736842105263,0.2977099236641222,0.240654407321074,1.0,0.07680844383435684,0.08823529411764706,,1.0,0.5,0.046553781800732635,0.046553781800732635,0.08695652173913045,0.08695652173913045,0.0,1.0,1.0,0.4358974358974359,0.3157894736842105,0.27027027027027023,0.22222222222222224,0.12487326007128452,0.5185185185185185,0.3333333333333333,0.36,0.3103448275862069,0.0
ck25_INFAI_ck25:19-en,0.6666666666666666,0.5,1.0,0.036226482616483494,0.36872260419002956,0.2721655269759087,0.16952084719853724,1.0,0.6666666666666666,1.0,1.0,0.29411764705882354,0.29064039408866993,0.2948398576512456,1.0,0.07891880510402059,0.06779661016949153,,1.0,0.5,0.06919581415766825,0.06919581415766825,0.06666666666666667,0.06666666666666667,0.0,1.0,1.0,0.32786885245901637,0.16949152542372883,0.10526315789473684,0.07272727272727272,0.073890990270695,0.5714285714285714,0.3673469387755102,0.45,0.3103448275862069,0.0
ck25_INFAI_ck25:2-en,1.0,1.0,1.0,0.14010300531454548,0.45343371053418846,0.8506309062626501,0.36602540378443865,1.0,1.0,1.0,1.0,0.8333333333333334,0.46590909090909094,0.5294873855053832,1.0,1.0,1.0,,1.0,1.0,1.0,1.0,1.0,1.0,0.0,1.0,1.0,0.8571428571428572,0.7234042553191491,0.6222222222222222,0.5581395348837209,0.4874858042804568,0.7826086956521738,0.608695652173913,0.7,0.5384615384615384,0.0
ck25_INFAI_ck25:20-en,0.0,0.0,0.0,0.2669375629343246,0.564074816265496,0.5543971756862223,0.2,0.0,0.0,0.0,0.0,0.5151515151515151,0.4937655860349127,0.5932100936387217,0.0,0.19999012467593583,0.2692307692307692,,0.0,0.0,0.26814875437108543,0.26814875437108543,0.3269230769230769,0.3269230769230769,0.0,1.0,0.0,0.5517241379310345,0.32941176470588235,0.21686746987951808,0.14814814814814814,0.1569867927993345,0.65,0.575,0.48936170212765956,0.696969696969697,0.0
ck25_INFAI_ck25:21-en,0.0,0.0,0.0,0.0165375655672473,0.35506923872205426,0.4883465826888196,0.23166247903554,0.0,0.0,0.0,0.0,0.5769230769230769,0.34571428571428575,0.16118772949374044,0.0,0.06130454531838044,0.45000000000000007,,0.0,0.0,0.057829646134964004,0.057829646134964004,0.45000000000000007,0.45000000000000007,0.0,1.0,0.0,0.48837209302325585,0.30952380952380953,0.21951219512195122,0.15,0.08704512447630922,0.3283582089552239,0.2686567164179105,0.4090909090909091,0.2,0.0
ck25_INFAI_ck25:22-en,0.6666666666666666,0.5,1.0,0.09075037749297828,0.3624135661851172,0.6841170910977036,0.21712927295533244,1.0,0.6666666666666666,1.0,1.0,0.5357142857142857,0.4963503649635036,0.38552989130434784,1.0,0.3575297164449809,0.6122448979591837,,1.0,0.5,0.24677894099899664,0.24677894099899664,0.5714285714285714,0.5714285714285714,0.0,1.0,1.0,0.6557377049180328,0.5084745762711865,0.42105263157894735,0.3636363636363637,0.1262863052097525,0.588235294117647,0.47058823529411764,0.38095238095238093,0.6153846153846154,0.0
ck25_INFAI_ck25:23-en,0.6666666666666666,0.5,1.0,0.05075254722511674,0.34621773879791423,0.5242501487841376,0.16139047779640892,1.0,0.6666666666666666,1.0,1.0,0.2894736842105263,0.3156028368794326,0.2738990332975295,1.0,0.12117602670059928,0.18918918918918917,,1.0,0.5,0.11035388173725391,0.11035388173725391,0.18918918918918917,0.18918918918918917,0.0,1.0,1.0,0.47368421052631576,0.2972972972972973,0.22222222222222224,0.17142857142857143,0.10606511868551492,0.5853658536585366,0.3414634146341463,0.35,0.3333333333333333,0.0
ck25_INFAI_ck25:24-en,0.6666666666666666,0.5,1.0,0.03522865670195456,0.399524539582119,0.453948937943904,0.2,1.0,0.6666666666666666,1.0,1.0,0.4666666666666667,0.3770949720670391,0.24611323819468614,1.0,0.041069432397495415,0.1686746987951807,,1.0,0.5,0.05548941648916198,0.05548941648916198,0.1842105263157895,0.1842105263157895,0.0,1.0,1.0,0.46511627906976744,0.2857142857142857,0.24390243902439027,0.2,0.0707701667065929,0.53125,0.37499999999999994,0.5714285714285714,0.27906976744186046,0.0
ck25_INFAI_ck25:25-en,0.2857142857142857,0.16666666666666666,1.0,0.051046193132640555,0.38734637765993424,0.40811335465106663,0.16139047779640892,1.0,0.2857142857142857,1.0,1.0,0.425531914893617,0.2111553784860558,0.2745064920945547,1.0,0.11614932429230793,0.38993710691823896,,1.0,0.16666666666666666,0.0859023852138113,0.0859023852138113,0.38848920863309355,0.38848920863309355,0.0,1.0,1.0,0.5256410256410255,0.28571428571428575,0.18421052631578946,0.10666666666666667,0.1092700575712663,0.6423357664233577,0.4087591240875913,0.3888888888888889,0.4307692307692308,0.0
ck25_INFAI_ck25:26-en,0.0,0.0,0.0,0.1165183447737605,0.5708285555897523,0.6473542883509862,0.1827439976315568,0.0,0.0,0.0,0.0,0.4594594594594595,0.6240208877284595,0.5718767250548652,0.0,0.576091046275884,0.5882352941176471,,0.0,1.0,0.0646001589308482,0.0646001589308482,0.4680851063829787,0.4680851063829787,0.0,1.0,0.0,0.631578947368421,0.43010752688172044,0.30769230769230765,0.2247191011235955,0.27291713543879986,0.6666666666666666,0.5964912280701754,0.53125,0.68,0.0
ck25_INFAI_ck25:27-en,1.0,1.0,1.0,0.276469394486817,0.6158564790564869,0.4786910975134856,0.20521309615767264,1.0,1.0,1.0,1.0,0.5714285714285714,0.4538834951456311,0.504814678998764,1.0,0.5346755917169642,0.6500000000000001,1.0,1.0,1.0,0.3373154824755109,0.3373154824755109,0.4098360655737705,0.4098360655737705,0.0,1.0,1.0,0.5436893203883496,0.3564356435643565,0.24242424242424238,0.14432989690721648,0.3612623238017841,0.6597938144329897,0.5567010309278351,0.5869565217391305,0.5294117647058824,0.0
ck25_INFAI_ck25:28-en,0.0,0.0,1.0,0.006332013071358327,0.33138841547444714,0.21549855796030778,0.12729683913915313,0.0,0.0,0.0,0.0,0.17543859649122806,0.21568627450980393,0.06164383561643836,0.0,0.01904394803133672,0.06451612903225806,,0.0,0.0,0.033957235913051484,0.033957235913051484,0.06837606837606837,0.06837606837606837,0.0,1.0,0.0,0.21848739495798317,0.08547008547008547,0.06956521739130435,0.05309734513274336,0.012249280674639672,0.2641509433962264,0.169811320754717,0.32142857142857145,0.11538461538461539,0.0
ck25_INFAI_ck25:29-en,0.0,0.0,0.0,0.18873460928742752,0.45135031898852357,0.4531778801287012,0.16139047779640892,0.0,0.0,0.0,0.0,0.425531914893617,0.3253424657534246,0.3765060240963856,0.0,0.19844378783680033,0.24050632911392408,,0.0,0.0,0.25346523166475604,0.25346523166475604,0.3178807947019867,0.3178807947019867,0.0,1.0,0.0,0.425531914893617,0.2014388489208633,0.13138686131386862,0.08888888888888888,0.17066265578305084,0.5306122448979592,0.4081632653061225,0.4166666666666667,0.4,0.0
ck25_INFAI_ck25:3-en,0.6666666666666666,0.5,1.0,0.042509295200745076,0.3253701634221322,0.543557306504609,0.179128784747792,1.0,0.6666666666666666,1.0,1.0,0.36363636363636365,0.5060728744939271,0.3067545963229416,1.0,0.09029354637967854,0.16666666666666666,,1.0,0.5,0.09029354637967854,0.09029354637967854,0.16666666666666666,0.16666666666666666,0.0,1.0,1.0,0.5,0.2758620689655172,0.17857142857142858,0.14814814814814814,0.08062554435318109,0.4571428571428572,0.3428571428571428,0.2727272727272727,0.46153846153846156,0.0
ck25_INFAI_ck25:30-en,0.4761904761904762,0.35714285714285715,0.7142857142857143,0.2684279470921339,0.49465800718119673,0.42628679325956953,0.1639607805437114,0.0,0.4761904761904762,0.5714285714285714,1.0,0.3953488372093023,0.41463414634146345,0.5273606911447085,0.5,0.35750740677391096,0.16981132075471697,,0.0,0.35714285714285715,0.12164512428468398,0.12164512428468398,0.16494845360824742,0.16494845360824742,0.0,1.0,0.7142857142857143,0.4672897196261682,0.24761904761904763,0.15533980582524273,0.09900990099009901,0.3123217220865671,0.6736842105263158,0.5263157894736842,0.5102040816326531,0.5434782608695652,0.0
ck25_INFAI_ck25:31-en,0.1830065359477124,0.10071942446043165,1.0,0.1378871312771043,0.4320908304383237,0.4883074788614886,0.15022110482233483,0.0,0.1830065359477124,0.08,1.0,0.37254901960784315,0.18560606060606055,0.4356060606060606,0.5,0.12848830240291706,0.176,,0.0,0.10071942446043165,0.21318086425034996,0.21318086425034996,0.26785714285714285,0.26785714285714285,0.0,1.0,1.0,0.27,0.1515151515151515,0.09183673469387754,0.05154639175257732,0.11179425666738758,0.4605263157894736,0.3552631578947368,0.2571428571428571,0.574468085106383,0.0
ck25_INFAI_ck25:32-en,0.003012048192771084,0.003968253968253968,0.0024271844660194173,0.16161045622185402,0.40706928072213017,0.3867559609725221,0.18660549686337075,0.0,0.003012048192771084,0.002034587995930824,0.0,0.5128205128205128,0.43575418994413406,0.3407434402332361,0.125,0.345553344795092,0.35294117647058826,,0.0,0.003968253968253968,0.09523401909242994,0.09523401909242994,0.34710743801652894,0.34710743801652894,0.0,1.0,0.0024271844660194173,0.49484536082474223,0.1894736842105263,0.1075268817204301,0.08791208791208792,0.2912994939941644,0.625,0.43749999999999994,0.4666666666666667,0.4117647058823529,0.0
ck25_INFAI_ck25:33-en,0.0,0.0,1.0,0.1956902281402708,0.5989225570350677,0.5778855963970647,0.20521309615767264,1.0,0.0,0.0,0.0,0.4827586206896552,0.4037037037037037,0.46375791695988744,0.0,0.36851651412650654,0.2857142857142857,,0.0,0.0,0.34886794674801586,0.34886794674801586,0.375,0.375,0.0,0.0,0.0,0.46875,0.29032258064516125,0.16666666666666666,0.10344827586206896,0.24061606781793723,0.64,0.56,0.7,0.4666666666666667,0.0
ck25_INFAI_ck25:34-en,0.8350923482849605,0.7168742921857305,1.0,0.05361012554086967,0.412459013636704,0.532939271339896,0.1757340838011157,1.0,0.8350923482849605,1.0,1.0,0.40540540540540543,0.393984962406015,0.3596667882382168,0.5,0.1280035676352043,0.35772357723577236,,0.0,0.7168742921857305,0.18921325318724713,0.18921325318724713,0.3652173913043478,0.3652173913043478,0.0,1.0,1.0,0.39682539682539686,0.17741935483870966,0.1311475409836066,0.08333333333333334,0.10689221242155929,0.6236559139784946,0.45161290322580644,0.4117647058823529,0.5,0.0
ck25_INFAI_ck25:35-en,0.96030136192408,0.9236343366778149,1.0,0.042833118591545954,0.3507417632659725,0.48821282121014575,0.17253779651421453,1.0,0.96030136192408,,1.0,0.4888888888888889,0.34980988593155893,0.24012378028998527,1.0,0.3515987524268915,0.5056179775280899,,1.0,0.9236343366778149,0.2602233595086217,0.2602233595086217,0.48554913294797686,0.48554913294797686,0.0,1.0,1.0,0.45283018867924535,0.24203821656050958,0.1935483870967742,0.1568627450980392,0.1972547873740634,0.5981308411214953,0.35514018691588783,0.37254901960784315,0.3392857142857143,0.0
ck25_INFAI_ck25:36-en,0.0,0.0,0.0,0.027549881058420673,0.35876114926801234,0.3575474790154619,0.1566130288262323,0.0,0.0,0.0,0.0,0.2564102564102564,0.23715415019762842,0.22636612021857927,0.0,0.021570121764475907,0.08823529411764705,,0.0,0.0,0.061860663728610696,0.061860663728610696,0.09375000000000001,0.09375000000000001,0.0,1.0,0.0,0.33333333333333337,0.14634146341463414,0.125,0.10256410256410256,0.028834673601816047,0.3870967741935484,0.3225806451612903,0.4166666666666667,0.2631578947368421,0.0
ck25_INFAI_ck25:37-en,1.0,1.0,1.0,0.35387934709530244,0.540850789154778,0.6577416768573948,0.16139047779640892,1.0,1.0,1.0,1.0,0.5,0.4605954465849387,0.49781817548625257,1.0,0.42867166935563533,0.2647058823529412,1.0,1.0,1.0,0.31778694347450115,0.31778694347450115,0.2608695652173913,0.2608695652173913,0.0,1.0,1.0,0.5599999999999999,0.3513513513513513,0.2602739726027397,0.19444444444444442,0.4012151904386976,0.7092198581560283,0.6382978723404257,0.6428571428571429,0.6338028169014085,0.0
ck25_INFAI_ck25:38-en,0.06060606060606061,0.5,0.03225806451612903,0.007860723160322285,0.42456451806755946,0.3562423834901505,0.16952084719853724,0.0,0.06060606060606061,0.037037037037037035,1.0,0.29411764705882354,0.2573839662447257,0.11881952586576683,0.5,0.014945162689786668,0.12962962962962965,,0.0,0.5,0.023764131948742627,0.023764131948742627,0.1592920353982301,0.1592920353982301,0.0,1.0,0.03225806451612903,0.3076923076923077,0.15730337078651685,0.11494252873563218,0.09411764705882354,0.013930266369761975,0.3170731707317073,0.2682926829268293,0.55,0.1774193548387097,0.0
ck25_INFAI_ck25:39-en,1.0,1.0,1.0,0.4833226124631789,0.7511877959729376,0.6782367663050284,0.3090169943749474,1.0,1.0,1.0,1.0,0.782608695652174,0.627177700348432,0.7241530983479453,1.0,0.9420254600938036,0.9662921348314608,,1.0,1.0,0.41965971352197884,0.41965971352197884,0.5842696629213482,0.5842696629213482,0.0,1.0,1.0,0.7341772151898734,0.5194805194805195,0.4,0.27397260273972607,0.5665270713614695,0.8055555555555555,0.75,0.7714285714285715,0.7297297297297297,0.0
ck25_INFAI_ck25:4-en,1.0,1.0,1.0,0.00808595399832032,0.4015842398359985,0.3368243755464973,0.21089672205953397,1.0,1.0,1.0,1.0,0.44,0.22357723577235777,0.16174402250351613,1.0,0.06625900205936441,0.26229508196721313,,1.0,1.0,0.01607793441594403,0.01607793441594403,0.2033898305084746,0.2033898305084746,0.0,1.0,1.0,0.4,0.22641509433962262,0.1568627450980392,0.12244897959183673,0.042377801243257476,0.3636363636363636,0.2727272727272727,0.6,0.17647058823529413,0.0
ck25_INFAI_ck25:40-en,0.0,0.0,0.0,0.14504075414383827,0.37836545169385427,0.48283706496056694,0.1757340838011157,0.0,0.0,0.0,0.0,0.42105263157894735,0.3571428571428571,0.3718130311614731,0.0,0.46324438331614826,0.5094339622641509,,0.0,1.0,0.2592736732419864,0.2592736732419864,0.48484848484848486,0.48484848484848486,0.0,1.0,0.0,0.40366972477064217,0.205607476635514,0.15238095238095237,0.0970873786407767,0.3222746944455824,0.5753424657534247,0.3835616438356164,0.3684210526315789,0.4,0.0
ck25_INFAI_ck25:41-en,0.48000000000000004,0.5,0.46153846153846156,0.16111606662367492,0.3908887727534797,0.456588333626628,0.1380262631157473,0.0,0.48000000000000004,0.49999999999999994,1.0,0.2777777777777778,0.2934306569343066,0.2629929074714687,1.0,0.32775366328728156,0.25675675675675674,,1.0,0.5,0.23102749884589457,0.23102749884589457,0.21897810218978103,0.21897810218978103,0.0,1.0,0.46153846153846156,0.3184713375796179,0.15483870967741936,0.09150326797385622,0.06622516556291391,0.28186564277678694,0.5575757575757576,0.4,0.4024390243902439,0.39759036144578314,0.0
ck25_INFAI_ck25:42-en,0.5,0.5,0.5,0.18915491706071957,0.5446101578366085,0.48326663623095334,0.1482675827043134,0.0,0.5,0.6666666666666666,1.0,0.45901639344262296,0.39170506912442393,0.3463826204819742,1.0,0.17014601356409634,0.2638297872340426,,1.0,0.5,0.13139954127737344,0.13139954127737344,0.29767441860465116,0.29767441860465116,0.0,1.0,0.5,0.49723756906077354,0.3016759776536313,0.22598870056497175,0.18285714285714286,0.18372630801811127,0.547486033519553,0.48044692737430167,0.6142857142857143,0.3944954128440367,0.0
ck25_INFAI_ck25:43-en,0.6666666666666666,0.5,1.0,0.04981896140935246,0.32480791234799644,0.4120428217151646,0.2,1.0,0.6666666666666666,1.0,1.0,0.4074074074074074,0.22488038277511957,0.24163498098859312,1.0,0.1479337874747362,0.1875,,1.0,0.5,0.11822491766244644,0.11822491766244644,0.1875,0.1875,0.0,1.0,1.0,0.31884057971014496,0.1492537313432836,0.12307692307692308,0.09523809523809522,0.07797088829704368,0.47619047619047616,0.3174603174603174,0.2631578947368421,0.4,0.0
ck25_INFAI_ck25:44-en,0.18834080717488788,0.6774193548387096,0.109375,0.12850957088603543,0.5305745976904529,0.44466056137647,0.1566130288262323,0.0,0.18834080717488788,0.1941747572815534,1.0,0.3829787234042553,0.25630252100840334,0.2877804014167651,0.5,0.10444194953737318,0.24657534246575344,,0.0,0.6774193548387096,0.10776561988748205,0.10776561988748205,0.3259259259259259,0.3259259259259259,0.0,1.0,0.109375,0.37762237762237766,0.22695035460992907,0.12949640287769784,0.072992700729927,0.0878865646362144,0.4000000000000001,0.38518518518518524,0.5652173913043478,0.29213483146067415,0.0
ck25_INFAI_ck25:45-en,0.6666666666666666,0.5,1.0,0.03030630824452286,0.3265923897508372,0.32897584747988456,0.15225881209433406,1.0,0.6666666666666666,1.0,1.0,0.24390243902439024,0.32659932659932656,0.15120173364854217,1.0,0.06509931675972247,0.08571428571428572,,1.0,0.5,0.03722835818236136,0.03722835818236136,0.08571428571428572,0.08571428571428572,0.0,1.0,1.0,0.33333333333333337,0.17142857142857143,0.11764705882352941,0.0909090909090909,0.06100925790559649,0.39999999999999997,0.24000000000000002,0.2857142857142857,0.20689655172413793,0.0
ck25_INFAI_ck25:46-en,1.0,1.0,1.0,0.2324167980578978,0.4619503533606283,0.4539206495016018,0.2,1.0,1.0,1.0,1.0,0.5428571428571428,0.48328267477203646,0.6437241735537189,1.0,0.9039661390871763,0.8125,,1.0,1.0,1.0,1.0,1.0,1.0,0.0,1.0,1.0,0.5384615384615385,0.2894736842105263,0.1891891891891892,0.1388888888888889,0.7112927104879834,0.8799999999999999,0.64,0.6153846153846154,0.6666666666666666,0.0
ck25_INFAI_ck25:47-en,0.0,0.0,0.0,0.13520077922092963,0.5482186300590676,0.6611548596985384,0.28989794855663564,0.0,0.0,0.0,0.0,0.75,0.39181286549707606,0.42190840833374765,0.0,0.8256883303374226,0.9545454545454546,,0.0,0.0,0.161379527749023,0.161379527749023,0.5909090909090909,0.5909090909090909,0.0,1.0,0.0,0.6097560975609756,0.45,0.3333333333333333,0.23684210526315788,0.35312422802238125,0.7391304347826088,0.5652173913043478,0.5909090909090909,0.5416666666666666,0.0
ck25_INFAI_ck25:48-en,1.0,1.0,1.0,0.10675076167044856,0.578363836139578,0.47334048179458793,0.179128784747792,1.0,1.0,1.0,1.0,0.46153846153846156,0.4188376753507014,0.5443982044328064,1.0,0.6735211184255079,0.6956521739130435,,1.0,1.0,0.19337763080320752,0.19337763080320752,0.5142857142857142,0.5142857142857142,0.0,1.0,1.0,0.4181818181818182,0.2222222222222222,0.1320754716981132,0.05769230769230769,0.2567411255293559,0.625,0.53125,0.4857142857142857,0.5862068965517241,0.0
ck25_INFAI_ck25:49-en,1.0,1.0,1.0,0.3478125761163508,0.6021046591806029,0.8031157077540441,0.3090169943749474,1.0,1.0,1.0,1.0,0.782608695652174,0.42402826855123676,0.6441209296218487,1.0,0.8725129388059689,0.8852459016393444,,1.0,1.0,0.5721248424548514,0.5721248424548514,0.6557377049180327,0.6557377049180327,0.0,1.0,1.0,0.7384615384615385,0.5714285714285713,0.4262295081967213,0.3389830508474576,0.5429329342584737,0.8260869565217391,0.6956521739130435,0.7272727272727273,0.6666666666666666,0.0
ck25_INFAI_ck25:5-en,0.6666666666666666,0.5,1.0,0.044908149750810186,0.3376711746839716,0.7401804263097367,0.21712927295533244,1.0,0.6666666666666666,1.0,1.0,0.5185185185185185,0.5335570469798658,0.4027245636441039,1.0,0.3575297164449809,0.6122448979591837,,1.0,0.5,0.3489981252688509,0.3489981252688509,0.6530612244897959,0.6530612244897959,0.0,1.0,1.0,0.6060606060606061,0.46874999999999994,0.3870967741935483,0.3333333333333333,0.09726746709666817,0.5365853658536585,0.4390243902439025,0.32142857142857145,0.6923076923076923,0.0
ck25_INFAI_ck25:50-en,0.8,0.6666666666666666,1.0,0.11948047693353725,0.4640806455491738,0.40185160962375804,0.179128784747792,1.0,0.8,1.0,1.0,0.475,0.2684210526315789,0.6302019122763761,1.0,0.2170492534481593,0.08695652173913045,,1.0,0.6666666666666666,0.16418824157367448,0.16418824157367448,0.09803921568627451,0.09803921568627451,0.0,1.0,1.0,0.3925233644859813,0.2095238095238095,0.0970873786407767,0.0594059405940594,0.19066264044626677,0.651685393258427,0.5168539325842696,0.40350877192982454,0.71875,0.0
ck25_INFAI_ck25:6-en,0.6666666666666666,0.5,1.0,0.06317215530592278,0.3582692729799377,0.713652993574675,0.21712927295533244,1.0,0.6666666666666666,1.0,1.0,0.5,0.3070539419087137,0.35525321239606955,1.0,0.3575297164449809,0.6122448979591837,,1.0,0.5,0.12294937654860322,0.12294937654860322,0.5306122448979592,0.5306122448979592,0.0,1.0,1.0,0.6551724137931034,0.5357142857142857,0.4444444444444444,0.3846153846153846,0.14358570275091806,0.5806451612903226,0.45161290322580644,0.3888888888888889,0.5384615384615384,0.0
ck25_INFAI_ck25:7-en,0.0,0.0,0.0,0.10653492264031611,0.3952444626606655,0.5729463126713074,0.1951941016011038,0.0,0.0,0.0,0.0,0.43333333333333335,0.39473684210526316,0.515606936416185,0.0,0.3498761149110956,0.3870967741935484,,0.0,1.0,0.14968428936143183,0.14968428936143183,0.52,0.52,0.0,1.0,0.0,0.5373134328358209,0.4307692307692308,0.38095238095238093,0.3278688524590164,0.3051327880362441,0.6486486486486486,0.5405405405405405,0.5,0.5882352941176471,0.0
ck25_INFAI_ck25:8-en,0.6666666666666666,0.5,1.0,0.04435867375363758,0.32898673821128543,0.4646601886422926,0.179128784747792,1.0,0.6666666666666666,1.0,1.0,0.3225806451612903,0.39495798319327735,0.3089774557165862,1.0,0.10245773882426808,0.1904761904761905,,1.0,0.5,0.0953476696024777,0.0953476696024777,0.14285714285714288,0.14285714285714288,0.0,1.0,1.0,0.4444444444444445,0.23076923076923075,0.16,0.125,0.09075037749297828,0.47058823529411764,0.35294117647058826,0.2857142857142857,0.46153846153846156,0.0
ck25_INFAI_ck25:9-en,0.0,0.0,0.0,0.04440385557177673,0.36615095325409075,0.3924891816559383,0.21089672205953397,0.0,0.0,0.0,0.0,0.44,0.32089552238805974,0.3112970711297071,0.0,0.09358955560225704,0.21818181818181817,,0.0,0.0,0.10545320973160921,0.10545320973160921,0.11111111111111113,0.11111111111111113,0.0,1.0,0.0,0.3728813559322034,0.21052631578947367,0.14545454545454545,0.11320754716981131,0.089607635227404,0.5531914893617021,0.425531914893617,0.43478260869565216,0.4166666666666667,0.0
ck25_LABIC_ck25:1-en,0.0,0.0,0.0,0.2797803653491597,0.5122527836449822,0.8423670871907978,0.3090169943749474,0.0,0.0,0.0,0.0,0.75,0.7142857142857143,0.5831325301204818,0.0,0.3769486629893372,0.5217391304347826,,0.0,1.0,0.3827521065936582,0.3827521065936582,0.391304347826087,0.391304347826087,0.0,1.0,0.0,0.7924528301886793,0.6274509803921569,0.5306122448979592,0.46808510638297873,0.5170754640294244,0.8000000000000002,0.6666666666666667,0.7692307692307693,0.5882352941176471,0.5
ck25_LABIC_ck25:10-en,0.0,0.0,0.0,0.02995096631573751,0.3118653062295696,0.16383306828584604,0.1482675827043134,0.0,0.0,0.0,0.0,0.175,0.22352941176470587,0.2818080357142857,0.0,0.13102495978815187,0.0,,0.0,1.0,0.12062940248564928,0.12062940248564928,0.0,0.0,0.0,1.0,0.0,0.18604651162790697,0.0,0.0,0.0,0.10970214694623821,0.4642857142857143,0.2857142857142857,0.22857142857142856,0.38095238095238093,0.3333333333333333
ck25_LABIC_ck25:11-en,0.0,0.0,0.0,0.1531024544118244,0.11863275646009896,0.6675185501017562,0.23166247903554,0.0,0.0,0.0,0.0,0.56,0.4193548387096774,0.47541095423231705,0.0,0.07509844208355211,0.13043478260869565,,0.0,1.0,0.03260239740954051,0.0,0.22641509433962265,0.0,0.0,0.0,0.0,0.6551724137931035,0.5,0.4444444444444445,0.3846153846153846,0.20891045461440766,0.5777777777777777,0.39999999999999997,0.32142857142857145,0.5294117647058824,1.0
ck25_LABIC_ck25:12-en,0.0,0.0,0.0,0.044179480207124866,0.33701622899058975,0.2786701917117774,0.1482675827043134,0.0,0.0,0.0,0.0,0.13157894736842105,0.2727272727272727,0.3271137026239067,0.0,0.12743417755517877,0.0,,0.0,1.0,0.144769886226851,0.144769886226851,0.0,0.0,0.0,1.0,0.0,0.18421052631578946,0.0,0.0,0.0,0.08303492360915424,0.46153846153846156,0.358974358974359,0.3181818181818182,0.4117647058823529,1.0
ck25_LABIC_ck25:13-en,0.0,0.0,0.0,0.3397180516736864,0.5700485605374692,0.5750546327852952,0.23166247903554,0.0,0.0,0.0,0.0,0.5416666666666666,0.645,0.7160114349322,0.0,0.5132029568291752,0.45283018867924524,,0.0,0.0,0.43600387912116445,0.43600387912116445,0.3846153846153846,0.3846153846153846,0.0,1.0,0.0,0.6,0.4583333333333333,0.391304347826087,0.3636363636363636,0.38630936190395015,0.7307692307692307,0.6538461538461539,0.6071428571428571,0.7083333333333334,0.6666666666666666
ck25_LABIC_ck25:14-en,0.0,0.0,0.0,0.05102550945909314,0.4904532017514597,0.3978917850415951,0.20521309615767264,0.0,0.0,0.0,0.0,0.4230769230769231,0.375,0.43634792626728114,0.0,0.09536176149997595,0.32098765432098764,,0.0,1.0,0.08525113369830635,0.08525113369830635,0.35897435897435903,0.35897435897435903,0.0,1.0,0.0,0.4126984126984127,0.19672131147540983,0.16949152542372883,0.14035087719298248,0.09185894403993188,0.6122448979591837,0.48979591836734687,0.42857142857142855,0.5714285714285714,0.5
ck25_LABIC_ck25:15-en,0.0,0.0,0.0,0.13269781934656744,0.14984112150330853,0.6493298910882582,0.17253779651421453,0.0,0.0,0.0,0.0,0.41025641025641024,0.4322250639386189,0.3358052931916568,0.0,0.08202086465161054,0.3076923076923077,,0.0,1.0,0.021533395768332256,0.0,0.0759493670886076,0.0,0.0,0.0,0.0,0.553191489361702,0.34782608695652173,0.26666666666666666,0.22727272727272727,0.17208997584378385,0.5625,0.43749999999999994,0.4666666666666667,0.4117647058823529,0.25
ck25_LABIC_ck25:16-en,0.0,0.0,1.0,0.09614856970639024,0.5117708890562717,0.3499566196366779,0.20521309615767264,1.0,0.0,0.0,0.0,0.2857142857142857,0.40268456375838924,0.4978354978354978,0.0,0.17907273195267667,0.0,,0.0,0.0,0.12753098059990206,0.12753098059990206,0.0,0.0,0.0,1.0,0.0,0.37837837837837834,0.0,0.0,0.0,0.1544969866859895,0.5882352941176471,0.5294117647058824,0.47368421052631576,0.6,1.0
ck25_LABIC_ck25:17-en,0.0,0.0,0.0,0.25281168697394946,0.20209181063237625,0.5006939628599935,0.23166247903554,0.0,0.0,0.0,0.0,0.5217391304347826,0.54,0.5482456140350876,0.0,0.13809926704227724,0.1111111111111111,,0.0,1.0,0.05312123894060139,0.0,0.22727272727272727,0.0,0.0,0.0,0.0,0.5,0.391304347826087,0.3636363636363637,0.3333333333333333,0.3557285018955928,0.7999999999999999,0.5714285714285715,0.5555555555555556,0.5882352941176471,1.0
ck25_LABIC_ck25:18-en,0.0,0.0,0.0,0.0,0.0,0.0,0.16952084719853724,0.0,0.0,0.0,0.0,0.0,0.019685039370078705,0.0,0.0,0.0,0.0,,0.0,1.0,0.0,0.0,0.0,0.0,0.0,0.0,0.0,0.0,0.0,0.0,0.0,0.0,0.0,0.0,0.0,0.0,0.0
ck25_LABIC_ck25:19-en,0.0,0.0,0.0,0.026727462217333523,0.35459096236703813,0.26403934479377983,0.1951941016011038,0.0,0.0,0.0,0.0,0.2608695652173913,0.3350515463917526,0.18933496441281136,0.0,0.07315810899737056,0.0,,0.0,1.0,0.10677114582285048,0.10677114582285048,0.04444444444444444,0.04444444444444444,0.0,1.0,0.0,0.25531914893617025,0.0,0.0,0.0,0.06859900442023856,0.5306122448979592,0.32653061224489793,0.4,0.27586206896551724,1.0
ck25_LABIC_ck25:2-en,0.0,0.0,0.0,0.0,0.0,0.0,0.1907435698305462,0.0,0.0,0.0,0.0,0.0,0.0,0.0,0.0,0.0,0.0,,0.0,1.0,0.0,0.0,0.0,0.0,0.0,0.0,0.0,0.0,0.0,0.0,0.0,0.0,0.0,0.0,0.0,0.0,0.0
ck25_LABIC_ck25:20-en,0.0,0.0,0.0,0.13035352834565592,0.1471717154197473,0.39857102109769454,0.2,0.0,0.0,0.0,0.0,0.42857142857142855,0.4201680672268907,0.314873458458845,0.0,0.06088500756327187,0.06666666666666667,,0.0,1.0,0.03425546292452803,0.0,0.14705882352941177,0.0,0.0,0.0,0.0,0.3870967741935484,0.3,0.27586206896551724,0.25,0.17532758259993067,0.5263157894736842,0.38596491228070173,0.4583333333333333,0.3333333333333333,1.0
ck25_LABIC_ck25:21-en,0.0,0.0,0.0,0.17492580601761498,0.4155263232992755,0.2805194418965345,0.1951941016011038,0.0,0.0,0.0,0.0,0.46875,0.44571428571428573,0.39673329839534827,0.0,0.32334824078560076,0.2777777777777778,,0.0,1.0,0.1521756789428303,0.0,0.0449438202247191,0.0,0.0,0.0,0.0,0.4175824175824176,0.1797752808988764,0.1149425287356322,0.07058823529411765,0.30337335506937807,0.619047619047619,0.4523809523809524,0.48717948717948717,0.4222222222222222,1.0
ck25_LABIC_ck25:22-en,0.0,0.0,0.0,0.20331710659744473,0.4144656402857248,0.7571976388484816,0.27429188517743175,0.0,0.0,0.0,0.0,0.6666666666666666,0.6292682926829268,0.6744604316546763,0.0,0.09614856970639024,0.41025641025641024,,0.0,1.0,0.09858437095371828,0.09858437095371828,0.41025641025641024,0.41025641025641024,0.0,1.0,0.0,0.7843137254901961,0.6530612244897959,0.5531914893617023,0.4888888888888889,0.2648634566399074,0.6857142857142856,0.5714285714285714,0.45454545454545453,0.7692307692307693,0.5
ck25_LABIC_ck25:23-en,0.0,0.0,0.0,0.0699521732213162,0.06528216095238787,0.7804906709414002,0.2,0.0,0.0,0.0,0.0,0.5151515151515151,0.43380281690140843,0.4663504708401446,0.0,0.03332361446463123,0.28,,0.0,1.0,0.0158907776268271,0.0,0.18181818181818182,0.0,0.0,0.0,0.0,0.6206896551724138,0.3764705882352941,0.2891566265060241,0.24691358024691357,0.08960502892905796,0.33707865168539325,0.29213483146067415,0.19117647058823528,0.6190476190476191,0.0
ck25_LABIC_ck25:24-en,0.0,0.0,0.0,0.0,0.0,0.0,0.1639607805437114,0.0,0.0,0.0,0.0,0.0,0.0,0.0,0.0,0.0,0.0,,0.0,1.0,0.0,0.0,0.0,0.0,0.0,0.0,0.0,0.0,0.0,0.0,0.0,0.0,0.0,0.0,0.0,0.0,0.0
ck25_LABIC_ck25:25-en,0.0,0.0,0.0,0.0,0.0,0.0,0.15225881209433406,0.0,0.0,0.0,0.0,0.0,0.0,0.0,0.0,0.0,0.0,,0.0,1.0,0.0,0.0,0.0,0.0,0.0,0.0,0.0,0.0,0.0,0.0,0.0,0.0,0.0,0.0,0.0,0.0,0.0
ck25_LABIC_ck25:26-en,0.0,0.0,0.0,0.0,0.0,0.0,0.16952084719853724,0.0,0.0,0.0,0.0,0.0,0.0,0.0,0.0,0.0,0.0,,0.0,1.0,0.0,0.0,0.0,0.0,0.0,0.0,0.0,0.0,0.0,0.0,0.0,0.0,0.0,0.0,0.0,0.0,0.0
ck25_LABIC_ck25:27-en,0.0,0.0,0.0,0.0,0.0,0.0,0.1482675827043134,0.0,0.0,0.0,0.0,0.0,0.0,0.0,0.0,0.0,0.0,0.0,0.0,1.0,0.0,0.0,0.0,0.0,0.0,0.0,0.0,0.0,0.0,0.0,0.0,0.0,0.0,0.0,0.0,0.0,0.0
ck25_LABIC_ck25:28-en,0.0,0.0,1.0,0.004530349606053863,0.43726812042940555,0.31346775286392925,0.1482675827043134,1.0,0.0,0.0,0.0,0.21428571428571427,0.2228163992869875,0.12322187962082048,0.0,0.02437392640031924,0.019801980198019806,,0.0,0.0,0.01191168503001911,0.01191168503001911,0.0,0.0,0.0,1.0,0.0,0.2247191011235955,0.022988505747126436,0.0,0.0,0.011177076369424962,0.30927835051546393,0.22680412371134023,0.5789473684210527,0.14102564102564102,1.0
ck25_LABIC_ck25:29-en,0.0,0.0,0.0,0.0,0.0,0.0,0.15438708879488486,0.0,0.0,0.0,0.0,0.0,0.0,0.0,0.0,0.0,0.0,,0.0,1.0,0.0,0.0,0.0,0.0,0.0,0.0,0.0,0.0,0.0,0.0,0.0,0.0,0.0,0.0,0.0,0.0,0.0
ck25_LABIC_ck25:3-en,0.0,0.0,0.0,0.046388791210307104,0.3329681786833017,0.2771609312622936,0.18660549686337075,0.0,0.0,0.0,0.0,0.2692307692307692,0.2887700534759359,0.37307380373073806,0.0,0.1574881506269667,0.0,,0.0,1.0,0.06527078148671275,0.06527078148671275,0.0,0.0,0.0,1.0,0.0,0.3076923076923077,0.04,0.0,0.0,0.113316848391869,0.4848484848484849,0.3636363636363637,0.3,0.46153846153846156,1.0
ck25_LABIC_ck25:30-en,0.0,0.0,0.0,0.0,0.0,0.0,0.16666666666666666,0.0,0.0,0.0,0.0,0.0,0.0,0.0,0.0,0.0,0.0,,0.0,1.0,0.0,0.0,0.0,0.0,0.0,0.0,0.0,0.0,0.0,0.0,0.0,0.0,0.0,0.0,0.0,0.0,0.0
ck25_LABIC_ck25:31-en,0.0,0.0,0.0,0.0,0.0,0.0,0.16139047779640892,0.0,0.0,0.0,0.0,0.0,0.0,0.0,0.0,0.0,0.0,,0.0,1.0,0.0,0.0,0.0,0.0,0.0,0.0,0.0,0.0,0.0,0.0,0.0,0.0,0.0,0.0,0.0,0.0,0.0
ck25_LABIC_ck25:32-en,0.0,0.0,0.0,0.0,0.0,0.0,0.1566130288262323,0.0,0.0,0.0,0.0,0.0,0.0,0.0,0.0,0.0,0.0,,0.0,1.0,0.0,0.0,0.0,0.0,0.0,0.0,0.0,0.0,0.0,0.0,0.0,0.0,0.0,0.0,0.0,0.0,0.0
ck25_LABIC_ck25:33-en,0.0,0.0,1.0,0.041019376328490294,0.057291698644541256,0.6539510639364963,0.17253779651421453,1.0,0.0,0.0,0.0,0.3235294117647059,0.25899280575539574,0.19859374999999999,0.0,0.024843148818183072,0.27586206896551724,,0.0,0.0,0.015340231161598132,0.0,0.27692307692307694,0.0,0.0,0.0,0.0,0.43373493975903615,0.29629629629629634,0.25316455696202533,0.2077922077922078,0.04461912628630591,0.35000000000000003,0.25,0.2,0.3333333333333333,1.0
ck25_LABIC_ck25:34-en,0.0,0.0,0.0,0.0,0.0,0.0,0.1757340838011157,0.0,0.0,0.0,0.0,0.0,0.0,0.0,0.0,0.0,0.0,,0.0,1.0,0.0,0.0,0.0,0.0,0.0,0.0,0.0,0.0,0.0,0.0,0.0,0.0,0.0,0.0,0.0,0.0,0.0
ck25_LABIC_ck25:35-en,0.0,0.0,0.0,0.08846349468181211,0.1887825403371197,0.7470366083851018,0.16952084719853724,0.0,0.0,0.0,0.0,0.4,0.3399209486166008,0.3378363093442722,0.0,0.061488936489868515,0.3411764705882353,,0.0,1.0,0.01839875044217701,0.0,0.0903225806451613,0.0,0.0,0.0,0.0,0.5203252032520325,0.31404958677685957,0.18487394957983194,0.15384615384615385,0.09638264605430448,0.62,0.44,0.5,0.39285714285714285,0.4
ck25_LABIC_ck25:36-en,0.0,0.0,0.0,0.06964012518893652,0.08241003129723413,0.5185243056054647,0.1827439976315568,0.0,0.0,0.0,0.0,0.3548387096774194,0.29931972789115646,0.2929899770559111,0.0,0.08052632996313044,0.24242424242424243,,0.0,1.0,0.017643771154769002,0.0,0.23684210526315788,0.0,0.0,0.0,0.0,0.39506172839506176,0.32911392405063294,0.28571428571428575,0.23999999999999996,0.12374422939017311,0.40909090909090906,0.29545454545454547,0.26,0.34210526315789475,1.0
ck25_LABIC_ck25:37-en,0.0,0.0,0.0,0.0,0.0,0.0,0.14118784806383944,0.0,0.0,0.0,0.0,0.0,0.0,0.0,0.0,0.0,0.0,0.0,0.0,1.0,0.0,0.0,0.0,0.0,0.0,0.0,0.0,0.0,0.0,0.0,0.0,0.0,0.0,0.0,0.0,0.0,0.0
ck25_LABIC_ck25:38-en,0.0,0.0,0.0,0.0,0.0,0.0,0.15225881209433406,0.0,0.0,0.0,0.0,0.0,0.0,0.0,0.0,0.0,0.0,,0.0,1.0,0.0,0.0,0.0,0.0,0.0,0.0,0.0,0.0,0.0,0.0,0.0,0.0,0.0,0.0,0.0,0.0,0.0
ck25_LABIC_ck25:39-en,0.0,0.0,0.0,0.16743194507557216,0.3057468751577819,0.701139528664204,0.2402530733520421,0.0,0.0,0.0,0.0,0.6296296296296297,0.4487951807228916,0.5301499846954392,0.0,0.04949178204608519,0.36585365853658536,,0.0,1.0,0.017266864882416872,0.0,0.37777777777777777,0.0,0.0,0.0,0.0,0.6304347826086958,0.4666666666666667,0.34090909090909094,0.23255813953488372,0.07896475900705206,0.44036697247706424,0.4036697247706422,0.3055555555555556,0.5945945945945946,0.0
ck25_LABIC_ck25:4-en,0.0,0.0,0.0,0.02617394020856505,0.3794958841777615,0.42059978233966905,0.21089672205953397,0.0,0.0,0.0,0.0,0.391304347826087,0.36585365853658536,0.19493865030674845,0.0,0.033330759696445236,0.0,,0.0,1.0,0.0658100589269246,0.0658100589269246,0.0,0.0,0.0,1.0,0.0,0.3673469387755102,0.0425531914893617,0.0,0.0,0.031508224387830366,0.5185185185185185,0.37037037037037035,0.5,0.29411764705882354,1.0
ck25_LABIC_ck25:40-en,0.0,0.0,0.0,0.3375541435377609,0.6843885358844402,0.7925939239012169,0.2612038749637414,0.0,0.0,0.0,0.0,0.6666666666666666,0.5928853754940712,0.5978260869565218,0.0,0.1986438363513743,0.37209302325581395,,0.0,1.0,0.41506051895795937,0.41506051895795937,0.5747126436781609,0.5747126436781609,0.0,1.0,0.0,0.6944444444444444,0.5428571428571428,0.38235294117647056,0.2727272727272727,0.23024115196967826,0.7384615384615385,0.6769230769230768,0.7333333333333333,0.6285714285714286,0.25
ck25_LABIC_ck25:41-en,0.0,0.0,0.0,0.0,0.0,0.0,0.15894454156034005,0.0,0.0,0.0,0.0,0.0,0.0,0.0,0.0,0.0,0.0,,0.0,1.0,0.0,0.0,0.0,0.0,0.0,0.0,0.0,0.0,0.0,0.0,0.0,0.0,0.0,0.0,0.0,0.0,0.0
ck25_LABIC_ck25:42-en,0.0,0.0,0.0,0.09518907127330348,0.4854200748358697,0.4982729856499923,0.13100580420257674,0.0,0.0,0.0,0.0,0.3230769230769231,0.3717357910906298,0.2768541112466748,0.0,0.10041485988730407,0.046242774566473986,,0.0,0.0,0.07031221627179637,0.07031221627179637,0.012658227848101267,0.012658227848101267,0.0,1.0,0.0,0.4090909090909091,0.1954022988505747,0.11627906976744186,0.07058823529411765,0.14237890551323826,0.46987951807228917,0.4096385542168675,0.5964912280701754,0.3119266055045872,0.8
ck25_LABIC_ck25:43-en,1.0,1.0,1.0,0.11993823638921594,0.404984559097304,0.6090882093150157,0.3090169943749474,0.0,1.0,,1.0,0.6875,0.5519125683060109,0.3386170807295636,1.0,0.33025043908340385,0.5142857142857143,,1.0,1.0,0.19637780931708043,0.19637780931708043,0.4,0.4,0.0,1.0,1.0,0.5714285714285714,0.45,0.3684210526315789,0.3333333333333333,0.3792780055336118,0.6976744186046512,0.41860465116279066,0.5,0.36,0.0
ck25_LABIC_ck25:44-en,0.0,0.0,0.0,0.07197950049878217,0.15799487512469557,0.36433602723411906,0.16139047779640892,0.0,0.0,0.0,0.0,0.34146341463414637,0.3504464285714286,0.2596210340775558,0.0,0.1656782402087061,0.25373134328358204,,0.0,1.0,0.04699753654165513,0.0,0.04918032786885246,0.0,0.0,0.0,0.0,0.4247787610619469,0.21621621621621623,0.14678899082568808,0.11214953271028037,0.15538003521031382,0.5755395683453237,0.40287769784172667,0.56,0.3146067415730337,0.5
ck25_LABIC_ck25:45-en,0.0,0.0,0.0,0.12987293870549732,0.3745734978342691,0.6320862688102348,0.15022110482233483,0.0,0.0,0.0,0.0,0.30434782608695654,0.3654618473895582,0.4245443996996792,0.0,0.0718848245522936,0.2184873949579832,,0.0,1.0,0.07641968435605116,0.07641968435605116,0.25862068965517243,0.25862068965517243,0.0,1.0,0.0,0.4339622641509434,0.28846153846153844,0.23529411764705885,0.2,0.17912955295202584,0.5671641791044776,0.417910447761194,0.3684210526315789,0.4827586206896552,0.2857142857142857
ck25_LABIC_ck25:46-en,0.0,0.0,0.0,0.17800606287940812,0.15770906288966335,0.44582257006028236,0.20521309615767264,0.0,0.0,0.0,0.0,0.5454545454545454,0.45498783454987834,0.6059580386089006,0.0,0.23940425698267853,0.225,,0.0,1.0,0.0961242499769303,0.0,0.08108108108108109,0.0,0.0,0.0,0.0,0.5714285714285715,0.3466666666666667,0.24657534246575344,0.1971830985915493,0.2942265492505134,0.7415730337078651,0.5393258426966292,0.4528301886792453,0.6666666666666666,0.6666666666666666
ck25_LABIC_ck25:47-en,0.0,0.0,0.0,0.036368367744368385,0.3539322488615529,0.47641592162014235,0.1827439976315568,0.0,0.0,0.0,0.0,0.375,0.390625,0.24433080221085807,0.0,0.12594231474560164,0.1917808219178082,,0.0,1.0,0.09039104547467312,0.09039104547467312,0.2222222222222222,0.2222222222222222,0.0,1.0,0.0,0.4411764705882353,0.15151515151515152,0.125,0.09677419354838711,0.11677960317817096,0.6382978723404256,0.3829787234042554,0.391304347826087,0.375,0.6666666666666666
ck25_LABIC_ck25:48-en,0.0,0.0,0.0,0.30258667754361157,0.2988609551001886,0.7315635209502899,0.23166247903554,0.0,0.0,0.0,0.0,0.6071428571428571,0.6192170818505338,0.569439104617882,0.0,0.28745184351573544,0.4719101123595505,,0.0,1.0,0.036667350727326846,0.0,0.07894736842105263,0.0,0.0,0.0,0.0,0.6666666666666666,0.5,0.3870967741935484,0.3333333333333333,0.39889519155428343,0.8070175438596492,0.6315789473684211,0.6428571428571429,0.6206896551724138,0.0
ck25_LABIC_ck25:49-en,0.0,0.0,0.0,0.06719271305383546,0.425277664489763,0.3661511092213089,0.1482675827043134,0.0,0.0,0.0,0.0,0.26666666666666666,0.2757111597374179,0.35369184680451127,0.0,0.19143199467006466,0.026666666666666672,,0.0,0.0,0.13237645860785527,0.13237645860785527,0.0,0.0,0.0,1.0,0.0,0.34090909090909094,0.023255813953488372,0.0,0.0,0.15813104411824003,0.48648648648648657,0.43243243243243246,0.32,0.6666666666666666,0.6666666666666666
ck25_LABIC_ck25:5-en,0.0,0.0,0.0,0.11407522846435571,0.34430828080029946,0.5401697696268036,0.21089672205953397,0.0,0.0,0.0,0.0,0.46153846153846156,0.5256410256410257,0.6048387096774195,0.0,0.05104704672197125,0.23076923076923078,,0.0,1.0,0.11824658049755846,0.11824658049755846,0.28,0.28,0.0,1.0,0.0,0.4814814814814815,0.38461538461538464,0.32,0.2916666666666667,0.1454093486128356,0.4313725490196079,0.392156862745098,0.2631578947368421,0.7692307692307693,0.0
ck25_LABIC_ck25:50-en,0.0,0.0,0.0,0.18634766445052386,0.5021424716681865,0.3073399279711329,0.1757340838011157,0.0,0.0,0.0,0.0,0.3888888888888889,0.3787878787878788,0.6380450698632516,0.0,0.440754571603982,0.08108108108108109,,0.0,1.0,0.30311376421440933,0.30311376421440933,0.03508771929824561,0.03508771929824561,0.0,1.0,0.0,0.37209302325581395,0.14285714285714285,0.048780487804878044,0.0,0.3526878583155709,0.7272727272727274,0.5714285714285714,0.4888888888888889,0.6875,0.75
ck25_LABIC_ck25:6-en,0.0,0.0,0.0,0.18519747038795875,0.15046603426365635,0.734930919740164,0.2402530733520421,0.0,0.0,0.0,0.0,0.5652173913043478,0.4347826086956522,0.6648936170212766,0.0,0.08697649186032692,0.4166666666666667,,0.0,1.0,0.037512660129602374,0.0,0.2608695652173913,0.0,0.0,0.0,0.0,0.6909090909090909,0.5660377358490566,0.47058823529411764,0.40816326530612246,0.24125880497129865,0.6486486486486487,0.5405405405405406,0.4166666666666667,0.7692307692307693,0.3333333333333333
ck25_LABIC_ck25:7-en,0.0,0.0,0.0,0.10871733577564763,0.4253229310079438,0.46676797279326265,0.2402530733520421,0.0,0.0,0.0,0.0,0.5238095238095238,0.5185185185185186,0.4518072289156627,0.0,0.4410953964743116,0.4285714285714286,,0.0,1.0,0.07367183038957066,0.07367183038957066,0.34146341463414637,0.34146341463414637,0.0,1.0,0.0,0.5,0.33333333333333337,0.3,0.2631578947368421,0.3656275670003867,0.6666666666666667,0.5333333333333333,0.6153846153846154,0.47058823529411764,0.5
ck25_LABIC_ck25:8-en,0.0,0.0,0.0,0.03154426142961358,0.3073439571452231,0.3713527928760275,0.1482675827043134,0.0,0.0,0.0,0.0,0.15384615384615385,0.22590361445783136,0.26382978723404255,0.0,0.09979838560926617,0.0,,0.0,1.0,0.24903286388467735,0.24903286388467735,0.03846153846153846,0.03846153846153846,0.0,1.0,0.0,0.24,0.0273972602739726,0.0,0.0,0.06462894370396262,0.3783783783783784,0.2702702702702703,0.20833333333333334,0.38461538461538464,0.6
ck25_LABIC_ck25:9-en,0.0,0.0,0.0,0.20144990145560465,0.19619580869723452,0.7107301219052481,0.21712927295533244,0.0,0.0,0.0,0.0,0.5,0.4925373134328358,0.5058460884353742,0.0,0.061728591848393737,0.2985074626865672,,0.0,1.0,0.04345062107749325,0.0,0.1875,0.0,0.0,0.0,0.0,0.5797101449275363,0.44776119402985076,0.3692307692307692,0.3174603174603175,0.2245166162074563,0.75,0.5833333333333334,0.5833333333333334,0.5833333333333334,0.3333333333333333
ck25_LACODAM_ck25:10-en,0.0,0.0,0.0,0.06166187980277491,0.33161066473272166,0.32700687308908905,0.1827439976315568,0.0,0.0,0.0,0.0,0.3548387096774194,0.3405797101449275,0.34690799396681743,0.0,0.3234616980350596,0.30136986301369856,,0.0,0.0,0.04186366988552972,0.04186366988552972,0.20000000000000004,0.20000000000000004,0.0,1.0,0.0,0.2894736842105264,0.18918918918918917,0.16666666666666669,0.14285714285714288,0.24329753873713073,0.5283018867924528,0.3396226415094339,0.28125,0.42857142857142855,0.0
ck25_LACODAM_ck25:11-en,0.5,0.3333333333333333,1.0,0.11161171157241803,0.4050846524010774,0.484182026135042,0.21712927295533244,0.0,0.5,0.5,1.0,0.43478260869565216,0.4057971014492754,0.4464285714285715,1.0,0.31912901122227066,0.20512820512820512,,1.0,0.3333333333333333,0.31455601883230705,0.31455601883230705,0.2,0.2,0.0,1.0,1.0,0.41666666666666663,0.30434782608695654,0.27272727272727276,0.2380952380952381,0.3369699860296666,0.625,0.5,0.5333333333333333,0.47058823529411764,0.0
ck25_LACODAM_ck25:12-en,0.48275862068965514,0.35,0.7777777777777778,0.11161171157241803,0.4050846524010774,0.484182026135042,0.21712927295533244,0.0,0.48275862068965514,0.4827586206896552,1.0,0.43478260869565216,0.4057971014492754,0.4464285714285715,0.3333333333333333,0.31912901122227066,0.20512820512820512,,0.0,0.35,0.12807327174314076,0.12807327174314076,0.15,0.15,0.0,1.0,0.7777777777777778,0.41666666666666663,0.30434782608695654,0.27272727272727276,0.2380952380952381,0.3369699860296666,0.625,0.5,0.5333333333333333,0.47058823529411764,0.0
ck25_LACODAM_ck25:13-en,0.0,0.0,0.0,0.04753880028787322,0.36031156459444286,0.4147575310031266,0.20521309615767264,0.0,0.0,0.0,0.0,0.4444444444444444,0.39303482587064675,0.32212885154061627,0.0,0.05635241623004516,0.29787234042553196,,0.0,0.0,0.08368197255981719,0.08368197255981719,0.33333333333333337,0.33333333333333337,0.0,1.0,0.0,0.5090909090909091,0.3018867924528302,0.19607843137254902,0.16326530612244897,0.058042363541738355,0.5217391304347826,0.3913043478260869,0.4090909090909091,0.375,0.0
ck25_LACODAM_ck25:14-en,0.4615384615384615,0.3,1.0,0.055524653779611806,0.3336590559387689,0.3302891295379082,0.1951941016011038,0.0,0.4615384615384615,0.5,1.0,0.41379310344827586,0.3694779116465864,0.37152466367713005,0.3333333333333333,0.08932477534656336,0.25,,0.0,0.3,0.07140197125976537,0.07140197125976537,0.25,0.25,0.0,1.0,1.0,0.3582089552238806,0.2153846153846154,0.1904761904761905,0.1639344262295082,0.1077448900968642,0.5454545454545455,0.3636363636363637,0.29411764705882354,0.47619047619047616,0.0
ck25_LACODAM_ck25:15-en,0.0,0.0,0.0,0.09804292263257937,0.37916189344884255,0.2593267679554917,0.16952084719853724,0.0,0.0,0.0,0.0,0.35135135135135137,0.31969309462915596,0.3027778084338546,0.0,0.18403932452330066,0.11363636363636362,,0.0,1.0,0.03554655352011645,0.03554655352011645,0.04195804195804197,0.04195804195804197,0.0,1.0,0.0,0.33333333333333337,0.17073170731707318,0.15,0.12820512820512822,0.19850866443536944,0.46808510638297873,0.3829787234042554,0.4186046511627907,0.35294117647058826,0.0
ck25_LACODAM_ck25:16-en,0.0,0.0,1.0,0.02585545716412742,0.31291695003387504,0.35082320772281167,0.21089672205953397,0.0,0.0,0.0,0.0,0.44,0.41960784313725485,0.3148113905325444,0.0,0.06077433806998477,0.35555555555555557,,0.0,0.0,0.05544686915563277,0.05544686915563277,0.391304347826087,0.391304347826087,0.0,1.0,0.0,0.4528301886792453,0.23529411764705885,0.163265306122449,0.12765957446808512,0.05686355801737481,0.4489795918367347,0.326530612244898,0.23529411764705882,0.5333333333333333,0.0
ck25_LACODAM_ck25:17-en,0.6666666666666666,0.5,1.0,0.055524653779611806,0.3336590559387689,0.316227766016838,0.21712927295533244,1.0,0.6666666666666666,1.0,1.0,0.48,0.48235294117647054,0.443048128342246,1.0,0.08768509195835382,0.3404255319148936,,1.0,0.5,0.11146727460890443,0.11146727460890443,0.4166666666666667,0.4166666666666667,0.0,1.0,1.0,0.43636363636363634,0.2641509433962264,0.23529411764705885,0.20408163265306123,0.1059024181148723,0.5490196078431372,0.3921568627450981,0.29411764705882354,0.5882352941176471,0.0
ck25_LACODAM_ck25:18-en,0.0,0.0,0.0,0.17506196011658026,0.39035639912005415,0.3366618544627458,0.2,0.0,0.0,0.0,0.0,0.5,0.4328358208955224,0.5379204719496283,0.0,0.34493863820240545,0.3855421686746988,,0.0,0.0,0.23928621794089552,0.23928621794089552,0.2857142857142857,0.2857142857142857,0.0,1.0,0.0,0.45238095238095233,0.2682926829268293,0.19999999999999998,0.15384615384615385,0.3410220100202101,0.6575342465753425,0.4657534246575343,0.38636363636363635,0.5862068965517241,0.0
ck25_LACODAM_ck25:19-en,0.0,0.0,0.0,0.2700025076621509,0.48750062691553775,0.39735970711951324,0.27429188517743175,0.0,0.0,0.0,0.0,0.6956521739130435,0.634020618556701,0.5736564473588693,0.0,0.699424559610873,0.6440677966101696,,0.0,0.0,0.6655380603108494,0.6655380603108494,0.6229508196721311,0.6229508196721311,0.0,1.0,0.0,0.6557377049180327,0.3728813559322034,0.28070175438596495,0.21818181818181817,0.48160809161291945,0.8148148148148148,0.6296296296296295,0.68,0.5862068965517241,0.0
ck25_LACODAM_ck25:2-en,0.5,0.3333333333333333,1.0,0.03955964972382803,0.297857649283172,0.3608751587888534,0.20521309615767264,1.0,0.5,1.0,1.0,0.4642857142857143,0.3984375,0.45180722891566266,0.3333333333333333,0.04331256747243582,0.22222222222222224,,0.0,0.3333333333333333,0.026949033084497778,0.026949033084497778,0.2545454545454545,0.2545454545454545,0.0,1.0,1.0,0.37142857142857144,0.2058823529411765,0.18181818181818182,0.15625,0.06659271909516515,0.3225806451612903,0.25806451612903225,0.16326530612244897,0.6153846153846154,0.0
ck25_LACODAM_ck25:20-en,0.0,0.0,0.0,0.040615314828607536,0.4245819352296858,0.3805097170738808,0.2240092377397959,0.0,0.0,0.0,0.0,0.5,0.39915966386554624,0.28589743589743594,0.0,0.10647541587375059,0.21818181818181817,,0.0,0.0,0.06155560089902339,0.06155560089902339,0.1754385964912281,0.1754385964912281,0.0,1.0,0.0,0.5925925925925927,0.3076923076923077,0.24000000000000005,0.20833333333333331,0.1213777503983611,0.5000000000000001,0.41666666666666663,0.6666666666666666,0.30303030303030304,0.0
ck25_LACODAM_ck25:21-en,0.02222222222222222,0.011235955056179775,1.0,0.1114523005004804,0.41357736083940577,0.33208525853343995,0.17253779651421453,0.0,0.02222222222222222,0.023529411764705882,0.0,0.3783783783783784,0.3114285714285714,0.3255791991941577,0.010526315789473684,0.16017010464486534,0.19148936170212766,,0.0,0.011235955056179775,0.10413484967423263,0.10413484967423263,0.2365591397849462,0.2365591397849462,0.0,1.0,1.0,0.4423076923076923,0.2156862745098039,0.16,0.12244897959183673,0.18587884733432197,0.6,0.47500000000000003,0.5428571428571428,0.4222222222222222,0.0
ck25_LACODAM_ck25:23-en,0.0,0.0,0.0,0.03235554216753125,0.2914249644995407,0.25374774349557044,0.17253779651421453,0.0,0.0,0.0,0.0,0.3235294117647059,0.2909090909090909,0.286670918367347,0.0,0.0387717817345988,0.1142857142857143,,0.0,1.0,0.04410500865829304,0.04410500865829304,0.1388888888888889,0.1388888888888889,0.0,1.0,0.0,0.27848101265822783,0.18181818181818182,0.16,0.136986301369863,0.06074215910478498,0.3116883116883116,0.20779220779220778,0.14285714285714285,0.38095238095238093,0.0
ck25_LACODAM_ck25:24-en,0.0,0.0,0.0,0.14406189401922298,0.4231122476983541,0.34322531076762663,0.21089672205953397,0.0,0.0,0.0,0.0,0.5483870967741935,0.4217877094972067,0.3855068624691644,0.0,0.19635388206188345,0.3434343434343434,,0.0,0.0,0.49003358727782426,0.49003358727782426,0.5376344086021505,0.5376344086021505,0.0,1.0,0.0,0.5607476635514018,0.38095238095238093,0.23300970873786409,0.13861386138613857,0.20936396112924652,0.6756756756756758,0.45945945945945943,0.5483870967741935,0.3953488372093023,0.0
ck25_LACODAM_ck25:25-en,0.0,0.0,0.0,0.05731017111983982,0.40495254277995996,0.23090194521873184,0.16952084719853724,0.0,0.0,0.0,0.0,0.3684210526315789,0.262396694214876,0.24851431658562942,0.0,0.08907649559958133,0.12612612612612611,,0.0,0.0,0.24549463438710642,0.24549463438710642,0.1978021978021978,0.1978021978021978,0.0,1.0,0.0,0.25862068965517243,0.17543859649122806,0.12500000000000003,0.0909090909090909,0.10479668650027993,0.4742268041237114,0.3711340206185567,0.5625,0.27692307692307694,0.0
ck25_LACODAM_ck25:26-en,0.0,0.0,0.0,0.038678979880221204,0.3037687192013845,0.24431638040905643,0.1639607805437114,0.0,0.0,0.0,0.0,0.2777777777777778,0.2912621359223301,0.2808302808302809,0.0,0.04329311590144932,0.14457831325301204,,0.0,0.0,0.04417957415118844,0.04417957415118844,0.17073170731707318,0.17073170731707318,0.0,1.0,0.0,0.24390243902439024,0.175,0.15384615384615385,0.13157894736842105,0.06869592482449395,0.35616438356164387,0.24657534246575344,0.1875,0.36,0.0
ck25_LACODAM_ck25:27-en,0.4177777777777777,1.0,0.2640449438202247,0.006531018848464071,0.3845132466135799,0.3351955452158101,0.15894454156034005,0.0,0.4177777777777777,0.42458100558659223,1.0,0.2631578947368421,0.2184466019417476,0.11224287974683544,1.0,0.008536116894848051,0.10666666666666667,0.3720112904569302,1.0,1.0,0.0056851869156310225,0.0056851869156310225,0.10126582278481013,0.10126582278481013,0.0,1.0,0.2640449438202247,0.27499999999999997,0.15384615384615385,0.13157894736842107,0.1081081081081081,0.007846403317509345,0.303030303030303,0.2424242424242424,0.5333333333333333,0.1568627450980392,0.0
ck25_LACODAM_ck25:28-en,0.0,0.0,1.0,0.0009755017547387725,0.3835095703802668,0.24445293254085637,0.14459058185587106,0.0,0.0,0.0,0.0,0.20454545454545456,0.16221033868092694,0.08804044630404463,0.0,0.0058619939971442684,0.08695652173913045,,0.0,0.0,0.005544746215807674,0.005544746215807674,0.08602150537634409,0.08602150537634409,0.0,1.0,0.0,0.21505376344086022,0.10989010989010987,0.08988764044943821,0.06896551724137932,0.003333494166656378,0.2150537634408602,0.17204301075268819,0.5333333333333333,0.10256410256410256,0.0
ck25_LACODAM_ck25:29-en,0.0,0.0,0.0,0.10582587917853868,0.428242184080349,0.28495824466261926,0.18660549686337075,0.0,0.0,0.0,0.0,0.45714285714285713,0.34426229508196726,0.31945389526718887,0.0,0.13350065112297274,0.16363636363636364,,0.0,0.0,0.16238316642480216,0.16238316642480216,0.26548672566371684,0.26548672566371684,0.0,1.0,0.0,0.4615384615384615,0.20224719101123595,0.16091954022988506,0.11764705882352942,0.11535394863403427,0.5384615384615385,0.43589743589743596,0.6071428571428571,0.34,0.0
ck25_LACODAM_ck25:3-en,0.5,0.3333333333333333,1.0,0.03955964972382803,0.297857649283172,0.3608751587888534,0.20521309615767264,1.0,0.5,1.0,1.0,0.4642857142857143,0.3977695167286245,0.45180722891566266,0.3333333333333333,0.04331256747243582,0.22222222222222224,,0.0,0.3333333333333333,0.0408608562888127,0.0408608562888127,0.21818181818181817,0.21818181818181817,0.0,1.0,1.0,0.37142857142857144,0.2058823529411765,0.18181818181818182,0.15625,0.06659271909516515,0.3225806451612903,0.25806451612903225,0.16326530612244897,0.6153846153846154,0.0
ck25_LACODAM_ck25:30-en,0.0,0.0,0.0,0.02922677092255839,0.37603683468778615,0.30055731475635705,0.15894454156034005,0.0,0.0,0.0,0.0,0.28205128205128205,0.402027027027027,0.272886306363237,0.0,0.0668335951108134,0.2278481012658228,,0.0,1.0,0.201500913149575,0.201500913149575,0.37037037037037035,0.37037037037037035,0.0,1.0,0.0,0.36363636363636365,0.1395348837209302,0.11904761904761905,0.0975609756097561,0.05999730302417257,0.5679012345679013,0.4197530864197531,0.4857142857142857,0.3695652173913043,0.0
ck25_LACODAM_ck25:31-en,0.0,0.0,0.0,0.008526931987408379,0.3848738342146113,0.369012483211554,0.179128784747792,0.0,0.0,0.0,0.0,0.3225806451612903,0.3173076923076923,0.16035245433789955,0.0,0.00816562390504045,0.1515151515151515,,0.0,0.0,0.0213152854460757,0.0213152854460757,0.14705882352941174,0.14705882352941174,0.0,1.0,0.0,0.32352941176470584,0.1818181818181818,0.15625,0.12903225806451613,0.009016132848797759,0.3225806451612903,0.25806451612903225,0.5333333333333333,0.1702127659574468,0.0
ck25_LACODAM_ck25:32-en,0.0,0.0,0.0,0.006128124797009406,0.26491170692673016,0.05964798183666582,0.14285714285714285,0.0,0.0,0.0,0.0,0.25,0.16789862724392823,0.13152583711922775,0.0,0.010929113980599599,0.059880239520958084,,0.0,1.0,0.0113349006000721,0.0113349006000721,0.046783625730994156,0.046783625730994156,0.0,1.0,0.0,0.14606741573033707,0.06818181818181818,0.05747126436781609,0.046511627906976744,0.011575533228472277,0.12811387900355872,0.09252669039145907,0.05652173913043478,0.2549019607843137,0.0
ck25_LACODAM_ck25:33-en,0.0,0.0,1.0,0.023145811414266155,0.3708482577634673,0.4476282581717944,0.17253779651421453,0.0,0.0,0.0,0.0,0.28125,0.30000000000000004,0.12280701754385966,0.0,0.22165659080219702,0.34146341463414637,,0.0,0.0,0.05217162508340671,0.05217162508340671,0.2380952380952381,0.2380952380952381,0.0,1.0,0.0,0.31746031746031744,0.1639344262295082,0.13559322033898308,0.10526315789473684,0.07965309748053329,0.4,0.31111111111111117,0.4666666666666667,0.23333333333333334,0.0
ck25_LACODAM_ck25:34-en,0.380952380952381,0.494949494949495,0.30963665086887837,0.01891188225684157,0.3657484842378603,0.2952931892760993,0.1951941016011038,0.0,0.380952380952381,0.3333333333333333,1.0,0.39285714285714285,0.2840579710144927,0.1467212606241082,0.5,0.04382411542396149,0.25,,0.0,0.494949494949495,0.09804378369297963,0.09804378369297963,0.30136986301369867,0.30136986301369867,0.0,1.0,0.30963665086887837,0.3888888888888889,0.2,0.14705882352941174,0.12121212121212122,0.037866389938518125,0.41935483870967744,0.29032258064516125,0.45,0.21428571428571427,0.0
ck25_LACODAM_ck25:35-en,0.0,0.0,0.0,0.010887077571500089,0.3258569699125087,0.04352857500660069,0.14118784806383944,0.0,0.0,0.0,0.0,0.075,0.11462450592885376,0.10019420903954801,0.0,0.01956632748359102,0.0,,0.0,1.0,0.021853917655265714,0.021853917655265714,0.0,0.0,0.0,1.0,0.0,0.09411764705882353,0.0,0.0,0.0,0.014019886274933425,0.2650602409638554,0.1927710843373494,0.2962962962962963,0.14285714285714285,0.0
ck25_LACODAM_ck25:36-en,0.4444444444444444,0.6666666666666666,0.3333333333333333,0.2780466795300193,0.48357416988250485,0.3562305409163565,0.21089672205953397,0.0,0.4444444444444444,0.4,1.0,0.5172413793103449,0.2924901185770751,0.5459759661440334,1.0,0.3847823567640559,0.23880597014925373,,1.0,0.6666666666666666,0.2731620476774764,0.2731620476774764,0.2647058823529412,0.2647058823529412,0.0,1.0,0.3333333333333333,0.4615384615384615,0.2894736842105263,0.18918918918918923,0.13888888888888887,0.33076858029443157,0.7714285714285714,0.6,0.65625,0.5526315789473685,0.0
ck25_LACODAM_ck25:37-en,0.0,0.0,0.0,0.044587464886657935,0.3968611519359502,0.4064229235298289,0.1566130288262323,0.0,0.0,0.0,0.0,0.3695652173913043,0.3811881188118812,0.1977280386660858,0.0,0.08180566645210996,0.3333333333333333,0.0,0.0,1.0,0.06216942074568968,0.06216942074568968,0.27848101265822783,0.27848101265822783,0.0,1.0,0.0,0.411214953271028,0.26666666666666666,0.23300970873786406,0.19801980198019803,0.08062416404666356,0.47169811320754707,0.3584905660377358,0.5428571428571428,0.2676056338028169,0.0
ck25_LACODAM_ck25:38-en,0.025477707006369425,1.0,0.012903225806451613,0.009172212544702017,0.34936607949121506,0.43315567961250934,0.15894454156034005,0.0,0.025477707006369425,0.014981273408239702,1.0,0.3333333333333333,0.3291139240506329,0.10050785151186759,1.0,0.015802585555624513,0.18749999999999997,,1.0,1.0,0.005981417203541244,0.005981417203541244,0.17886178861788615,0.17886178861788615,0.0,1.0,0.012903225806451613,0.4426229508196721,0.23333333333333334,0.15254237288135594,0.1206896551724138,0.019003684756675885,0.30588235294117644,0.21176470588235294,0.391304347826087,0.14516129032258066,0.0
ck25_LACODAM_ck25:39-en,0.4009720534629405,0.6156716417910447,0.2972972972972973,0.021305779616783392,0.3536596827497384,0.2970140370712102,0.1951941016011038,0.0,0.4009720534629405,0.26553419758605273,1.0,0.39285714285714285,0.3344947735191638,0.17882436260623227,0.5,0.12942542739274587,0.3880597014925373,,0.0,0.6156716417910447,0.0817812990777308,0.0817812990777308,0.3235294117647059,0.3235294117647059,0.0,1.0,0.2972972972972973,0.45945945945945943,0.2222222222222222,0.1714285714285714,0.11764705882352941,0.07660705129806654,0.4210526315789474,0.2807017543859649,0.4,0.21621621621621623,0.0
ck25_LACODAM_ck25:4-en,0.0,0.0,0.0,0.05955195135792093,0.3289937576853647,0.23541986135140275,0.21089672205953397,0.0,0.0,0.0,0.0,0.5172413793103449,0.36544850498338866,0.3993812998345118,0.0,0.06700577079825723,0.17721518987341772,,0.0,1.0,0.06708423539334496,0.06708423539334496,0.23076923076923078,0.23076923076923078,0.0,1.0,0.0,0.45569620253164556,0.2077922077922078,0.16,0.136986301369863,0.08899971683562798,0.4375,0.35416666666666663,0.27419354838709675,0.5,0.0
ck25_LACODAM_ck25:40-en,0.06395348837209303,0.055,0.0763888888888889,0.01897703613244896,0.38676178109499626,0.3423683940087303,0.20521309615767264,0.0,0.06395348837209303,0.030470914127423827,0.0,0.4,0.31225296442687744,0.16122159090909094,0.09090909090909091,0.09416430706013013,0.2456140350877193,,0.0,0.055,0.025977441198822754,0.025977441198822754,0.16129032258064516,0.16129032258064516,0.0,1.0,0.0763888888888889,0.3728813559322034,0.21052631578947367,0.18181818181818182,0.1509433962264151,0.06195904533420573,0.4,0.32,0.5333333333333333,0.22857142857142856,0.0
ck25_LACODAM_ck25:41-en,0.14285714285714288,1.0,0.07692307692307693,0.028537784731006304,0.3821344461827516,0.3308080444368772,0.17253779651421453,0.0,0.14285714285714288,0.10526315789473682,1.0,0.3611111111111111,0.26249999999999996,0.15030788671373557,1.0,0.07488465460460052,0.2222222222222222,,1.0,1.0,0.012890489424180956,0.012890489424180956,0.14285714285714282,0.14285714285714282,0.0,1.0,0.07692307692307693,0.2641509433962264,0.1346153846153846,0.0980392156862745,0.08,0.05287607802355215,0.382608695652174,0.27826086956521745,0.5,0.1927710843373494,0.0
ck25_LACODAM_ck25:42-en,0.09090909090909091,0.05,0.5,0.00012719623496276056,0.40002297964993094,0.2781025054103256,0.14118784806383944,0.0,0.09090909090909091,0.04878048780487805,0.0,0.22916666666666666,0.16743471582181257,0.058629580048589425,0.05263157894736842,0.0002463329453480926,0.10447761194029852,,0.0,0.05,0.0002497791866796213,0.0002497791866796213,0.07575757575757576,0.07575757575757576,0.0,1.0,0.5,0.22807017543859648,0.10714285714285714,0.0909090909090909,0.07407407407407408,0.0004322210773315313,0.1774193548387097,0.14516129032258066,0.6,0.08256880733944955,0.0
ck25_LACODAM_ck25:43-en,0.0,0.0,0.0,0.03230258199844928,0.372502547157991,0.45056355688958294,0.2402530733520421,0.0,0.0,0.0,0.0,0.47368421052631576,0.43356643356643354,0.23852040816326525,0.0,0.0568516861800726,0.22222222222222224,,0.0,0.0,0.062542832575346,0.062542832575346,0.20689655172413796,0.20689655172413796,0.0,1.0,0.0,0.4878048780487805,0.3076923076923077,0.27027027027027023,0.22857142857142856,0.0627537222083586,0.45,0.35000000000000003,0.4666666666666667,0.28,0.0
ck25_LACODAM_ck25:44-en,0.07692307692307693,0.5,0.041666666666666664,0.038242556524739846,0.353310639131185,0.17831687187954703,0.16666666666666666,0.0,0.07692307692307693,0.11486486486486486,1.0,0.375,0.3370535714285714,0.15193552648962874,0.3333333333333333,0.06757573851833054,0.35036496350364965,,0.0,0.5,0.0686147500055863,0.0686147500055863,0.3823529411764706,0.3823529411764706,0.0,1.0,0.041666666666666664,0.43076923076923074,0.21875,0.14285714285714285,0.08064516129032258,0.053427467688681354,0.3875968992248062,0.23255813953488375,0.375,0.16853932584269662,0.0
ck25_LACODAM_ck25:45-en,0.009950248756218907,0.005,1.0,0.0516490470763505,0.4100655646855994,0.42276002160669474,0.2,0.0,0.009950248756218907,0.009950248756218905,0.0,0.4074074074074074,0.32659932659932656,0.29813025585972447,0.014285714285714285,0.12090936360999602,0.14814814814814814,,0.0,0.005,0.07608758345629794,0.07608758345629794,0.10714285714285714,0.10714285714285714,0.0,1.0,1.0,0.41379310344827586,0.25,0.2222222222222222,0.1923076923076923,0.15506143746245812,0.5,0.4090909090909091,0.6,0.3103448275862069,0.0
ck25_LACODAM_ck25:46-en,0.04784688995215311,0.025,0.5555555555555556,0.03238855368633366,0.4063120057514493,0.32076651393589234,0.2,0.0,0.04784688995215311,0.024691358024691357,0.0,0.4074074074074074,0.3472222222222222,0.24272551804508538,0.08333333333333333,0.028786157103459224,0.13636363636363635,,0.0,0.025,0.033574535957014776,0.033574535957014776,0.1276595744680851,0.1276595744680851,0.0,1.0,0.5555555555555556,0.4150943396226416,0.2745098039215686,0.24489795918367346,0.21276595744680848,0.05936082434275493,0.43137254901960786,0.35294117647058826,0.6,0.25,0.0
ck25_LACODAM_ck25:47-en,0.0,0.0,0.0,0.0651334864701957,0.3960267973636612,0.38310708317909764,0.1951941016011038,0.0,0.0,0.0,0.0,0.37037037037037035,0.3359375,0.3040449134199134,0.0,0.16842258765138185,0.14285714285714288,,0.0,0.0,0.07193447176290634,0.07193447176290634,0.10344827586206896,0.10344827586206896,0.0,1.0,0.0,0.36363636363636365,0.2641509433962264,0.23529411764705885,0.20408163265306123,0.20189480779954402,0.5128205128205129,0.4102564102564102,0.5333333333333333,0.3333333333333333,0.0
ck25_LACODAM_ck25:48-en,0.2608695652173913,0.15,1.0,0.0516490470763505,0.4100655646855994,0.3152036192297667,0.2,0.0,0.2608695652173913,0.2608695652173913,1.0,0.4074074074074074,0.33096085409252674,0.29813025585972447,0.3333333333333333,0.23387938558220173,0.3225806451612903,,0.0,0.15,0.18914047891604338,0.18914047891604338,0.22222222222222224,0.22222222222222224,0.0,1.0,1.0,0.42857142857142855,0.25925925925925924,0.23076923076923078,0.19999999999999998,0.20951903830387475,0.5,0.4090909090909091,0.6,0.3103448275862069,0.0
ck25_LACODAM_ck25:49-en,0.0,0.0,0.0,0.0699904861157078,0.3969733481110074,0.5194624816493197,0.20521309615767264,0.0,0.0,0.0,0.0,0.4230769230769231,0.40336134453781514,0.3246753246753247,0.0,0.04197835143550226,0.14285714285714288,,0.0,0.0,0.07768628014946347,0.07768628014946347,0.13636363636363638,0.13636363636363638,0.0,1.0,0.0,0.47058823529411764,0.2857142857142857,0.2553191489361702,0.22222222222222224,0.07400592873298523,0.5128205128205129,0.4102564102564102,0.5333333333333333,0.3333333333333333,0.0
ck25_LACODAM_ck25:50-en,0.25,0.16666666666666666,0.5,0.042286663208580585,0.4082409873551959,0.3394673699166022,0.21089672205953397,0.0,0.25,0.15384615384615385,1.0,0.44,0.4587628865979382,0.27156419345638266,1.0,0.05051653112689337,0.1714285714285714,,1.0,0.16666666666666666,0.0422894291105035,0.0422894291105035,0.15384615384615383,0.15384615384615383,0.0,1.0,0.5,0.4897959183673469,0.2978723404255319,0.26666666666666666,0.23255813953488372,0.08976972845173443,0.4680851063829787,0.3829787234042553,0.6,0.28125,0.0
ck25_LACODAM_ck25:6-en,1.0,1.0,1.0,0.11219680163507949,0.37342681217108986,0.7141851035782237,0.2402530733520421,1.0,1.0,1.0,1.0,0.5833333333333334,0.5833333333333333,0.6190603073097078,1.0,0.51821142187797,0.6808510638297872,,1.0,1.0,0.456083954535194,0.456083954535194,0.7499999999999999,0.7499999999999999,0.0,1.0,1.0,0.625,0.5161290322580646,0.4666666666666667,0.41379310344827586,0.33118227522229554,0.6285714285714286,0.5142857142857142,0.4090909090909091,0.6923076923076923,0.0
ck25_LACODAM_ck25:9-en,0.0,0.0,0.0,0.09824091033386978,0.3708637639570057,0.4072832735204895,0.16952084719853724,0.0,0.0,0.0,0.0,0.3333333333333333,0.23389830508474574,0.554488888888889,0.0,0.11653767514709958,0.08695652173913043,,0.0,0.0,0.1892240568795935,0.1892240568795935,0.08695652173913043,0.08695652173913043,0.0,1.0,0.0,0.32941176470588235,0.1686746987951807,0.14814814814814814,0.12658227848101267,0.10816244160061882,0.6206896551724139,0.4827586206896552,0.4117647058823529,0.5833333333333334,0.0
ck25_MIPT_ck25:11-en,0.0,0.0,0.0,0.18239905452001884,0.528933096963338,0.6392271115997981,0.18660549686337075,0.0,0.0,0.0,0.0,0.45714285714285713,0.3371428571428572,0.6549293497591102,0.0,0.13484725035093928,0.2820512820512821,,0.0,1.0,0.05833081683042206,0.05833081683042206,0.38805970149253727,0.38805970149253727,0.0,1.0,0.0,0.54320987654321,0.37974683544303794,0.25974025974025977,0.18666666666666668,0.23938844062762363,0.6808510638297872,0.5531914893617021,0.43333333333333335,0.7647058823529411,0.16666666666666666
ck25_MIPT_ck25:13-en,0.0,0.0,0.0,0.30966540054884534,0.5607496834705447,0.7087699119383339,0.1951941016011038,0.0,0.0,0.0,0.0,0.46875,0.42657342657342656,0.7530459653627009,0.0,0.6100140623040721,0.37931034482758624,,0.0,0.0,0.4918537211621339,0.4918537211621339,0.4255319148936171,0.4255319148936171,0.0,1.0,0.0,0.5757575757575758,0.40625000000000006,0.3225806451612903,0.23333333333333334,0.35008941024782075,0.7037037037037038,0.6666666666666665,0.6,0.75,0.0
ck25_MIPT_ck25:14-en,0.0,0.0,0.0,0.005802734914828764,0.011092375929390821,0.00979263322686593,0.11268865367232477,0.0,0.0,0.0,0.0,0.015873015873015872,0.2075471698113207,0.05725190839694656,0.0,0.005802734914828764,0.0,,0.0,1.0,0.004409125062663348,0.0,0.0,0.0,0.0,0.0,0.0,0.02127659574468085,0.0,0.0,0.0,0.005802734914828764,0.06382978723404255,0.06382978723404255,0.0410958904109589,0.14285714285714285,0.0
ck25_MIPT_ck25:15-en,0.0,0.0,0.0,0.0072569284629139235,0.01718588562142745,0.02555065969106246,0.10676232268609791,0.0,0.0,0.0,0.0,0.027777777777777776,0.15601023017902815,0.038461538461538464,0.0,0.0072569284629139235,0.0,,0.0,1.0,0.006577113733913418,0.0,0.0,0.0,0.0,0.0,0.0,0.03773584905660377,0.0,0.0,0.0,0.0072569284629139235,0.07142857142857142,0.07142857142857142,0.06557377049180328,0.0784313725490196,0.0
ck25_MIPT_ck25:16-en,0.0,0.0,1.0,0.08406564527041271,0.4964121416990327,0.7329966878690527,0.1951941016011038,0.0,0.0,0.0,0.0,0.41379310344827586,0.37,0.5951953185154766,0.0,0.12222946149581979,0.29629629629629634,,0.0,0.0,0.11109730299189916,0.11109730299189916,0.409090909090909,0.409090909090909,0.0,1.0,0.0,0.4838709677419354,0.3333333333333333,0.27586206896551724,0.21428571428571425,0.11113611190661184,0.5853658536585367,0.5365853658536585,0.4230769230769231,0.7333333333333333,0.0
ck25_MIPT_ck25:17-en,0.6666666666666666,0.5,1.0,0.08798605835568567,0.3721416510307423,0.5892857142857144,0.2,1.0,0.6666666666666666,1.0,1.0,0.4482758620689655,0.3766666666666667,0.5646613417055267,1.0,0.1285178472738963,0.28571428571428575,,1.0,0.5,0.158726962599775,0.158726962599775,0.391304347826087,0.391304347826087,0.0,1.0,1.0,0.46875,0.3225806451612903,0.2333333333333333,0.17241379310344826,0.1155026361431867,0.6511627906976744,0.5116279069767442,0.4230769230769231,0.6470588235294118,0.0
ck25_MIPT_ck25:18-en,0.0,0.0,0.0,0.007046516773624094,0.013966789226215734,0.07406681724583485,0.11881849050177154,0.0,0.0,0.0,0.0,0.03508771929824561,0.16190476190476188,0.04702194357366771,0.0,0.007046516773624094,0.0,,0.0,1.0,0.005354194904142114,0.0,0.0,0.0,0.0,0.0,0.0,0.06666666666666667,0.0,0.0,0.0,0.007046516773624094,0.06896551724137931,0.06896551724137931,0.05172413793103448,0.10344827586206896,0.0
ck25_MIPT_ck25:19-en,0.0,0.0,0.0,0.47327715365378353,0.6151141602083178,0.6740186015747766,0.21089672205953397,0.0,0.0,0.0,0.0,0.5333333333333333,0.46875,0.6237363960941196,0.0,0.4669856860569745,0.4477611940298507,,0.0,0.0,0.33696749713349267,0.33696749713349267,0.3333333333333333,0.3333333333333333,0.0,1.0,0.0,0.626865671641791,0.523076923076923,0.4444444444444445,0.39344262295081966,0.5014776878904503,0.7272727272727274,0.6181818181818182,0.6538461538461539,0.5862068965517241,0.0
ck25_MIPT_ck25:2-en,0.0,0.0,0.0,0.08184095229301509,0.10907393744832053,0.7350831879156822,0.1951941016011038,0.0,0.0,0.0,0.0,0.45161290322580644,0.34013605442176875,0.5437352245862883,0.0,0.11478444221317999,0.21428571428571427,,0.0,1.0,0.02983272055925956,0.0,0.2,0.0,0.0,0.0,0.0,0.608695652173913,0.44776119402985076,0.30769230769230765,0.253968253968254,0.10565621508953438,0.5405405405405406,0.48648648648648646,0.375,0.6923076923076923,0.0
ck25_MIPT_ck25:20-en,0.0,0.0,0.0,0.008168728879954094,0.020089021510928853,0.03642087113300856,0.11433841851550565,0.0,0.0,0.0,0.0,0.01639344262295082,0.2136986301369863,0.05714285714285715,0.0,0.008168728879954094,0.0,,0.0,1.0,0.006869054832332892,0.0,0.0,0.0,0.0,0.0,0.0,0.043478260869565216,0.0,0.0,0.0,0.008168728879954094,0.09302325581395349,0.09302325581395349,0.07547169811320754,0.12121212121212122,0.0
ck25_MIPT_ck25:21-en,0.6666666666666666,0.5,1.0,0.21316731240372666,0.430484810557072,0.628260280518221,0.1951941016011038,1.0,0.6666666666666666,1.0,1.0,0.575,0.40714285714285714,0.5749957533548496,1.0,0.5188203841228659,0.5652173913043479,,1.0,0.5,0.8953711787948615,0.8953711787948615,0.8870967741935484,0.8870967741935484,0.0,1.0,1.0,0.6929133858267716,0.496,0.3252032520325204,0.21487603305785125,0.3728546570142653,0.7647058823529413,0.5686274509803921,0.5087719298245614,0.6444444444444445,0.0
ck25_MIPT_ck25:22-en,0.0,0.0,0.0,0.005203424609196104,0.004926753974926607,0.08636894040426892,0.11881849050177154,0.0,0.0,0.0,0.0,0.05172413793103448,0.14958448753462605,0.02824858757062147,0.0,0.005203424609196104,0.0,,0.0,1.0,0.0,0.0,0.0,0.0,0.0,0.0,0.0,0.06976744186046512,0.023809523809523808,0.0,0.0,0.005203424609196104,0.0273972602739726,0.0273972602739726,0.016666666666666666,0.07692307692307693,0.0
ck25_MIPT_ck25:23-en,0.0,0.0,0.0,0.11012419619306525,0.48948757078739674,0.6690068507273798,0.17253779651421453,0.0,0.0,0.0,0.0,0.4523809523809524,0.33472803347280333,0.5702293882978723,0.0,0.101996240183618,0.2992125984251969,,0.0,1.0,0.1691896235111172,0.1691896235111172,0.5048543689320388,0.5048543689320388,0.0,1.0,0.0,0.5504587155963303,0.39252336448598135,0.2857142857142857,0.19417475728155337,0.08415262053877881,0.5671641791044776,0.4776119402985074,0.34782608695652173,0.7619047619047619,0.0
ck25_MIPT_ck25:24-en,0.0,0.0,0.0,0.10062798670101017,0.17515699667525253,0.6606199609324328,0.16952084719853724,0.0,0.0,0.0,0.0,0.4666666666666667,0.37476099426386233,0.4037138018891374,0.0,0.07773572139800362,0.40579710144927544,,0.0,1.0,0.016753530423799692,0.0,0.09999999999999999,0.0,0.0,0.0,0.0,0.6614173228346457,0.4,0.2764227642276423,0.18181818181818182,0.07142706469839623,0.6019417475728156,0.4660194174757281,0.4,0.5581395348837209,0.0
ck25_MIPT_ck25:25-en,0.0,0.0,0.0,0.12794708487544584,0.17362638160847185,0.6161112531209681,0.15894454156034005,0.0,0.0,0.0,0.0,0.46153846153846156,0.3248031496062992,0.42033417596645917,0.0,0.08911418825080096,0.3176470588235294,,0.0,1.0,0.029418144195901812,0.0,0.04545454545454545,0.0,0.0,0.0,0.0,0.618421052631579,0.3733333333333333,0.21621621621621626,0.136986301369863,0.11681634681707054,0.676056338028169,0.4788732394366197,0.44155844155844154,0.5230769230769231,0.0
ck25_MIPT_ck25:26-en,0.0,0.0,0.0,0.008408831139847174,0.01707576726521558,0.0,0.11268865367232477,0.0,0.0,0.0,0.0,0.0,0.1326860841423948,0.0551470588235294,0.0,0.008408831139847174,0.0,,0.0,1.0,0.006389329974674238,0.0,0.0,0.0,0.0,0.0,0.0,0.0,0.0,0.0,0.0,0.008408831139847174,0.08333333333333333,0.08333333333333333,0.06382978723404255,0.12,0.0
ck25_MIPT_ck25:27-en,0.695970695970696,1.0,0.5337078651685393,0.28752242435703773,0.6268806060892594,0.7385620915032681,0.18660549686337075,0.0,0.695970695970696,0.7004608294930875,1.0,0.5476190476190477,0.5946601941747574,0.5963074809675833,1.0,0.2610053310950547,0.34108527131782945,0.8081097883148206,1.0,1.0,0.30451282709381056,0.30451282709381056,0.3442622950819672,0.3442622950819672,0.0,1.0,0.5337078651685393,0.6434782608695652,0.46017699115044247,0.3063063063063063,0.2018348623853211,0.2699357758332399,0.6732673267326733,0.6138613861386139,0.62,0.6078431372549019,0.0
ck25_MIPT_ck25:28-en,0.0,0.0,1.0,0.013690081100745391,0.045880761303920596,0.12141968209867596,0.10351694645735657,1.0,0.0,0.0,0.0,0.10714285714285714,0.19786096256684493,0.09020618556701031,0.0,0.01279876476427711,0.0,,0.0,0.0,0.01279876476427711,0.0,0.0,0.0,0.0,0.0,0.0,0.14666666666666667,0.02702702702702703,0.0,0.0,0.013690081100745391,0.17105263157894737,0.17105263157894737,0.17567567567567569,0.16666666666666666,0.0
ck25_MIPT_ck25:29-en,0.0,0.0,0.0,0.23890045777201158,0.3192995825281093,0.7701213959601018,0.16952084719853724,0.0,0.0,0.0,0.0,0.4666666666666667,0.40724946695095954,0.538430583501006,0.0,0.2031112529971839,0.29487179487179493,,0.0,1.0,0.32690104312031687,0.32690104312031687,0.35761589403973515,0.35761589403973515,0.0,0.0,0.0,0.6101694915254238,0.396551724137931,0.2631578947368421,0.19642857142857145,0.21797178995677424,0.6804123711340208,0.6185567010309279,0.6382978723404256,0.6,0.14285714285714285
ck25_MIPT_ck25:3-en,0.0,0.0,0.0,0.1585266710543935,0.37583856431532253,0.5840479543556445,0.179128784747792,0.0,0.0,0.0,0.0,0.4,0.3162650602409639,0.663013698630137,0.0,0.24688498672025874,0.21212121212121213,,0.0,0.0,0.05053904564754847,0.05053904564754847,0.21428571428571427,0.21428571428571427,0.0,1.0,0.0,0.47368421052631576,0.2972972972972973,0.2222222222222222,0.19999999999999998,0.28536431582813054,0.5714285714285715,0.47619047619047616,0.3448275862068966,0.7692307692307693,0.0
ck25_MIPT_ck25:30-en,0.0,0.0,0.0,0.2126571297021582,0.4940733733346305,0.614476298114055,0.17253779651421453,0.0,0.0,0.0,0.0,0.43902439024390244,0.5065274151436031,0.6311529684168442,0.0,0.4545374771137787,0.3,,0.0,1.0,0.11658133712979243,0.0,0.062499999999999986,0.0,0.0,0.0,0.0,0.5510204081632653,0.2916666666666667,0.1914893617021277,0.15217391304347827,0.46531368464411343,0.7524752475247525,0.6138613861386139,0.5636363636363636,0.6739130434782609,0.0
ck25_MIPT_ck25:31-en,0.07142857142857142,0.07142857142857142,0.07142857142857142,0.23559689423998195,0.4838992235599955,0.6339938630661477,0.17253779651421453,0.0,0.07142857142857142,0.7999999999999999,1.0,0.43902439024390244,0.5448717948717949,0.5909772116189888,0.5,0.6892290568683694,0.5742574257425743,,0.0,0.07142857142857142,0.20024762559140372,0.20024762559140372,0.3516483516483516,0.3516483516483516,0.0,1.0,0.07142857142857142,0.5531914893617021,0.3043478260869565,0.22222222222222224,0.1590909090909091,0.670504578839907,0.8505747126436781,0.6436781609195402,0.7,0.5957446808510638,0.0
ck25_MIPT_ck25:32-en,0.0,0.0,0.0,0.006012449720133031,0.011568540874370278,0.03987713980420495,0.1060878539025194,0.0,0.0,0.0,0.0,0.04054054054054054,0.19402985074626866,0.02835538752362949,0.0,0.006012449720133031,0.0,,0.0,1.0,0.0064607976858558226,0.0,0.0,0.0,0.0,0.0,0.0,0.07692307692307693,0.0,0.0,0.0,0.006012449720133031,0.049586776859504134,0.049586776859504134,0.04285714285714286,0.058823529411764705,0.0
ck25_MIPT_ck25:33-en,0.0,0.0,1.0,0.3528066162858026,0.4994919766520958,0.7969557368255787,0.1951941016011038,1.0,0.0,0.0,0.0,0.5277777777777778,0.581039755351682,0.6702149298257509,0.0,0.37457349255717526,0.379746835443038,,0.0,0.0,0.4903047069202663,0.4903047069202663,0.5964912280701754,0.5964912280701754,0.0,1.0,0.0,0.6813186813186812,0.5393258426966292,0.4137931034482759,0.32941176470588235,0.3721837024726832,0.7540983606557377,0.6557377049180327,0.6451612903225806,0.6666666666666666,0.0
ck25_MIPT_ck25:34-en,1.0,1.0,1.0,0.074453112637416,0.3884778166917472,0.6441500464540684,0.2,1.0,1.0,1.0,1.0,0.5151515151515151,0.4282655246252677,0.29315603025783077,1.0,0.33114266407524595,0.5137614678899083,,1.0,1.0,0.17930397161851355,0.17930397161851355,0.5263157894736842,0.5263157894736842,0.0,1.0,1.0,0.56,0.4081632653061224,0.2708333333333333,0.2127659574468085,0.33526206809897147,0.775,0.47500000000000003,0.5,0.4523809523809524,0.0
ck25_MIPT_ck25:35-en,0.6553122465531224,0.9987639060568603,0.4876282438141219,0.051221675427027075,0.3732848923468245,0.6624834743157725,0.15438708879488486,0.0,0.6553122465531224,,1.0,0.375,0.4841897233201581,0.271168294515402,1.0,0.1400968732884838,0.2894736842105263,,1.0,0.9987639060568603,0.039123132718949655,0.039123132718949655,0.25352112676056343,0.25352112676056343,0.0,1.0,0.4876282438141219,0.5079365079365079,0.32258064516129037,0.22950819672131145,0.18333333333333335,0.15203162268354437,0.6274509803921569,0.41176470588235287,0.45652173913043476,0.375,0.0
ck25_MIPT_ck25:36-en,0.0,0.0,0.0,0.18382322063972442,0.19339170259582855,0.586849744337944,0.18660549686337075,0.0,0.0,0.0,0.0,0.4722222222222222,0.41359773371104813,0.5530265748031497,0.0,0.19800686845380944,0.15789473684210525,,0.0,1.0,0.07472485642148699,0.0,0.11494252873563217,0.0,0.0,0.0,0.0,0.5869565217391304,0.4222222222222222,0.3409090909090909,0.27906976744186046,0.19964383622111634,0.7272727272727273,0.5974025974025974,0.5897435897435898,0.6052631578947368,0.0
ck25_MIPT_ck25:37-en,0.0,0.0,0.0,0.46080899903010347,0.6998796691123645,0.7676246685723589,0.18660549686337075,0.0,0.0,0.0,0.0,0.5957446808510638,0.6778042959427208,0.6898772041631145,0.0,0.6673921192146928,0.5663716814159292,0.0,0.0,1.0,0.22355550594005028,0.0,0.1142857142857143,0.0,0.0,0.0,0.0,0.7401574803149606,0.5599999999999999,0.42276422764227645,0.3140495867768595,0.622731739767987,0.8721804511278196,0.7819548872180452,0.8387096774193549,0.7323943661971831,0.0
ck25_MIPT_ck25:38-en,0.9383561643835617,1.0,0.8838709677419355,0.10362397829107146,0.6165036795809223,0.769497228228906,0.1827439976315568,0.0,0.9383561643835617,0.8228761799000555,1.0,0.5238095238095238,0.5882352941176471,0.5176497546830797,1.0,0.18485839653052102,0.4942528735632184,,1.0,1.0,0.11362253688970957,0.11362253688970957,0.4,0.4,0.0,1.0,0.8838709677419355,0.7101449275362319,0.45588235294117646,0.29850746268656714,0.18181818181818182,0.18507537347522196,0.7118644067796611,0.6440677966101694,0.6785714285714286,0.6129032258064516,0.0
ck25_MIPT_ck25:39-en,0.9981981981981982,0.9981981981981982,0.9981981981981982,0.6754849673478157,0.8090739445396566,0.8195664314786577,0.20521309615767264,0.0,0.9981981981981982,0.8571428571428571,1.0,0.5454545454545454,0.7076023391812866,0.808933933933934,1.0,0.6161852915932046,0.6326530612244898,,1.0,0.9981981981981982,0.5687700352727447,0.5687700352727447,0.7954545454545455,0.7954545454545455,0.0,1.0,0.9981981981981982,0.7252747252747254,0.6067415730337079,0.5517241379310345,0.5176470588235293,0.575684321338675,0.8378378378378378,0.8108108108108109,0.8108108108108109,0.8108108108108109,0.0
ck25_MIPT_ck25:4-en,0.0,0.0,0.0,0.06702803008310577,0.38346640254567,0.6126088273030152,0.1907435698305462,0.0,0.0,0.0,0.0,0.47058823529411764,0.23076923076923073,0.3453977691740413,0.0,0.21808973480732646,0.42105263157894735,,0.0,1.0,0.053307245029264975,0.053307245029264975,0.42500000000000004,0.42500000000000004,0.0,1.0,0.0,0.4819277108433735,0.2962962962962963,0.15189873417721522,0.12987012987012989,0.23871431857252154,0.5970149253731343,0.4776119402985075,0.48484848484848486,0.47058823529411764,0.16666666666666666
ck25_MIPT_ck25:40-en,0.0,0.0,0.0,0.09367691614713194,0.5615858180185925,0.7482387262365794,0.1907435698305462,0.0,0.0,0.0,0.0,0.47058823529411764,0.4972677595628415,0.4594384570307524,0.0,0.03921951618207606,0.3333333333333333,,0.0,1.0,0.08480036020158135,0.08480036020158135,0.3908045977011494,0.3908045977011494,0.0,1.0,0.0,0.6304347826086957,0.46666666666666673,0.34090909090909094,0.2558139534883721,0.08058463101617276,0.605263157894737,0.5526315789473684,0.5121951219512195,0.6,0.0
ck25_MIPT_ck25:42-en,0.0,0.0,0.0,0.047720942479179095,0.253654162444213,0.7013946070225014,0.1566130288262323,0.0,0.0,0.0,0.0,0.46296296296296297,0.4470046082949308,0.28610895838975847,0.0,0.09039447524334845,0.22110552763819097,,0.0,1.0,0.034360406757617534,0.0,0.06666666666666668,0.0,0.0,0.0,0.0,0.5786163522012578,0.3821656050955414,0.20645161290322578,0.1568627450980392,0.10659208538072364,0.5590062111801243,0.47204968944099385,0.7307692307692307,0.3486238532110092,0.0
ck25_MIPT_ck25:43-en,0.9993815708101422,0.9987639060568603,1.0,0.09941490945601678,0.3462822987925756,0.5174094612657246,0.1951941016011038,0.0,0.9993815708101422,0.5134370579915134,1.0,0.37037037037037035,0.30645161290322576,0.27760622529644274,1.0,0.05206304128358363,0.1388888888888889,,1.0,0.9987639060568603,0.25507849824763146,0.25507849824763146,0.32,0.32,0.0,1.0,1.0,0.3492063492063492,0.29508196721311475,0.23728813559322032,0.21052631578947367,0.13083737883508872,0.4528301886792452,0.30188679245283023,0.2857142857142857,0.32,0.0
ck25_MIPT_ck25:44-en,0.8851674641148326,0.8185840707964602,0.9635416666666666,0.3430431125457074,0.6478216680661691,0.770938393866011,0.1757340838011157,0.0,0.8851674641148326,0.7085714285714285,1.0,0.4883720930232558,0.3728070175438597,0.5291136890951276,1.0,0.26824687863656765,0.4761904761904762,,1.0,0.8185840707964602,0.4484564504286448,0.4484564504286448,0.5540540540540541,0.5540540540540541,0.0,1.0,0.9635416666666666,0.6412213740458016,0.49612403100775193,0.39370078740157477,0.336,0.24451793331360236,0.6933333333333332,0.6666666666666667,0.819672131147541,0.5617977528089888,0.0
ck25_MIPT_ck25:45-en,1.0,1.0,1.0,0.2012788513843773,0.4157043282307097,0.7504356471402417,0.20521309615767264,1.0,1.0,1.0,1.0,0.5833333333333334,0.3700787401574803,0.5625000000000001,1.0,0.5357872551789357,0.5454545454545454,,1.0,1.0,0.5542373671228978,0.5542373671228978,0.7032967032967032,0.7032967032967032,0.0,1.0,1.0,0.6739130434782609,0.4666666666666667,0.2954545454545454,0.18604651162790697,0.3713418446831997,0.676470588235294,0.5294117647058824,0.46153846153846156,0.6206896551724138,0.0
ck25_MIPT_ck25:46-en,0.0,0.0,0.0,0.2324167980578978,0.2119503533606283,0.5939162812763434,0.1907435698305462,0.0,0.0,0.0,0.0,0.5135135135135135,0.42690058479532167,0.6437241735537189,0.0,0.6375802935592931,0.4303797468354431,,0.0,1.0,0.10897858556397982,0.0,0.07894736842105264,0.0,0.0,0.0,0.0,0.5822784810126582,0.3636363636363637,0.21333333333333335,0.16438356164383564,0.5915970054449881,0.8266666666666667,0.64,0.6153846153846154,0.6666666666666666,0.0
ck25_MIPT_ck25:47-en,0.0,0.0,0.0,0.15701014973532346,0.5189037002245285,0.6912385581484839,0.16666666666666666,0.0,0.0,0.0,0.0,0.40476190476190477,0.3088512241054614,0.5640759807426473,0.0,0.3074203461059601,0.4285714285714286,,0.0,1.0,0.3376093233833273,0.3376093233833273,0.4905660377358491,0.4905660377358491,0.0,1.0,0.0,0.5137614678899083,0.411214953271028,0.30476190476190473,0.21359223300970873,0.2194087383788891,0.6567164179104478,0.5373134328358209,0.4186046511627907,0.75,0.125
ck25_MIPT_ck25:48-en,0.0,0.0,0.0,0.006164037440307641,0.014290117401740049,0.03558403417890825,0.10477782979607683,0.0,0.0,0.0,0.0,0.013513513513513514,0.22018348623853212,0.05970149253731344,0.0,0.006164037440307641,0.0,,0.0,1.0,0.006164037440307641,0.0,0.0,0.0,0.0,0.0,0.0,0.052173913043478265,0.0,0.0,0.0,0.006164037440307641,0.07766990291262137,0.07766990291262137,0.05405405405405406,0.13793103448275862,0.0
ck25_MIPT_ck25:49-en,1.0,1.0,1.0,0.1698754758382859,0.5109373374280399,0.758855330432735,0.20521309615767264,1.0,1.0,1.0,1.0,0.5714285714285714,0.39589442815249265,0.7411067193675889,1.0,0.6782811354313399,0.6582278481012658,,1.0,1.0,0.42473083783161675,0.42473083783161675,0.5882352941176471,0.5882352941176471,0.0,1.0,1.0,0.6829268292682927,0.4750000000000001,0.358974358974359,0.2631578947368421,0.4002116509171388,0.7540983606557377,0.6557377049180328,0.5405405405405406,0.8333333333333334,0.0
ck25_MIPT_ck25:50-en,0.0,0.0,0.0,0.24924950859922126,0.2885028533402815,0.5573864114332941,0.1827439976315568,0.0,0.0,0.0,0.0,0.47368421052631576,0.42148760330578516,0.708096590909091,0.0,0.27957677824721117,0.14285714285714285,,0.0,1.0,0.10004466062654722,0.0,0.07894736842105263,0.0,0.0,0.0,0.0,0.5060240963855421,0.32098765432098764,0.22784810126582278,0.18181818181818182,0.23764595586027978,0.7567567567567567,0.6486486486486486,0.5714285714285714,0.75,0.0
ck25_MIPT_ck25:6-en,0.0,0.0,0.0,0.06825140853123608,0.3340575642159284,0.7360235531305562,0.18660549686337075,0.0,0.0,0.0,0.0,0.40625,0.3220858895705522,0.4843750000000001,0.0,0.11478444221317999,0.29508196721311475,,0.0,1.0,0.11478444221317999,0.11478444221317999,0.43137254901960786,0.43137254901960786,0.0,1.0,0.0,0.5797101449275363,0.44776119402985076,0.3384615384615385,0.25396825396825395,0.08838625874988104,0.4390243902439025,0.3902439024390244,0.2857142857142857,0.6153846153846154,0.0
ck25_MIPT_ck25:7-en,0.0,0.0,0.0,0.1429117357407516,0.3638529339351879,0.5463415171352691,0.1639607805437114,0.0,0.0,0.0,0.0,0.3157894736842105,0.2960893854748603,0.5232432432432432,0.0,0.26512298021756175,0.24444444444444444,,0.0,1.0,0.08062554435318109,0.08062554435318109,0.31884057971014496,0.31884057971014496,0.0,1.0,0.0,0.3950617283950617,0.2278481012658228,0.2077922077922078,0.18666666666666668,0.29160060199573634,0.5306122448979592,0.40816326530612246,0.3125,0.5882352941176471,0.0
ck25_MIPT_ck25:8-en,0.0,0.0,0.0,0.05485362151582179,0.3171296210575589,0.6759225880448437,0.17253779651421453,0.0,0.0,0.0,0.0,0.3783783783783784,0.24870466321243523,0.46206825657894746,0.0,0.10102470562774991,0.28169014084507044,,0.0,1.0,0.05924430086245036,0.05924430086245036,0.3846153846153846,0.3846153846153846,0.0,1.0,0.0,0.47619047619047616,0.36585365853658536,0.27499999999999997,0.20512820512820512,0.07103599015757428,0.37499999999999994,0.3333333333333333,0.22857142857142856,0.6153846153846154,0.0
ck25_MIPT_ck25:9-en,1.0,1.0,1.0,0.0839513811125612,0.36628493777036547,0.7330724916332199,0.21089672205953397,1.0,1.0,1.0,1.0,0.5625,0.3254437869822485,0.6180615369891856,1.0,0.6523366701420595,0.7157894736842105,,1.0,1.0,0.32588164847183143,0.32588164847183143,0.7073170731707318,0.7073170731707318,0.0,1.0,1.0,0.6666666666666666,0.39560439560439553,0.2696629213483146,0.1839080459770115,0.18687299106205504,0.6363636363636364,0.5151515151515152,0.40476190476190477,0.7083333333333334,0.0
ck25_WSE_ck25:1-en,0.0,0.0,0.0,0.04785881980743462,0.30102720495185864,0.5306783931098707,0.12729683913915313,0.0,0.0,0.0,0.0,0.21666666666666667,0.16622340425531912,0.41105990783410146,0.0,0.09347247410316664,0.36666666666666664,,0.0,1.0,0.06462894370396262,0.06462894370396262,0.33333333333333337,0.33333333333333337,0.0,1.0,0.0,0.25675675675675674,0.136986301369863,0.09722222222222222,0.08450704225352113,0.06851320868725716,0.2962962962962963,0.2469135802469136,0.15625,0.5882352941176471,0.0
ck25_WSE_ck25:10-en,0.0,0.0,0.0,0.025903550990392626,0.29510090189510196,0.532064106975621,0.12389934309929541,0.0,0.0,0.0,0.0,0.23076923076923078,0.18259935553168638,0.33688216273289195,0.0,0.08753250724033554,0.28846153846153844,,0.0,1.0,0.11450137919698138,0.11450137919698138,0.33333333333333326,0.33333333333333326,0.0,1.0,0.0,0.2840909090909091,0.1724137931034483,0.11627906976744186,0.09411764705882353,0.052483467492249324,0.3168316831683169,0.25742574257425743,0.1625,0.6190476190476191,0.0
ck25_WSE_ck25:11-en,0.0,0.0,0.0,0.032456865897653,0.291983234142981,0.5215151215238365,0.1261319836228832,0.0,0.0,0.0,0.0,0.2,0.16407185628742516,0.35658914728682173,0.0,0.1007545091528814,0.28571428571428575,,0.0,1.0,0.08435908931542098,0.08435908931542098,0.2903225806451613,0.2903225806451613,0.0,1.0,0.0,0.24675324675324672,0.15789473684210528,0.13333333333333333,0.10810810810810811,0.04682870042349726,0.3291139240506329,0.2278481012658228,0.14516129032258066,0.5294117647058824,0.0
ck25_WSE_ck25:12-en,0.0,0.0,0.0,0.03360408712368302,0.2995392281259077,0.5425864395652036,0.13100580420257674,0.0,0.0,0.0,0.0,0.2413793103448276,0.17170495767835547,0.4113100704009795,0.0,0.294467310498826,0.4126984126984127,,0.0,1.0,0.28433291815307693,0.28433291815307693,0.4666666666666667,0.4666666666666667,0.0,1.0,0.0,0.27272727272727276,0.18421052631578946,0.13333333333333333,0.10810810810810811,0.10848331967484715,0.37499999999999994,0.275,0.1746031746031746,0.6470588235294118,0.0
ck25_WSE_ck25:13-en,0.0,0.0,0.0,0.07712468471104919,0.417008443905035,0.43051445038475855,0.13231996486433337,0.0,0.0,0.0,0.0,0.24561403508771928,0.1554993678887484,0.5835741178530777,0.0,0.3908264772485825,0.25925925925925924,,0.0,0.0,0.4608662469973654,0.4608662469973654,0.4074074074074074,0.4074074074074074,0.0,1.0,0.0,0.2465753424657534,0.13888888888888887,0.08450704225352113,0.07142857142857142,0.1023750074405354,0.4222222222222222,0.37777777777777777,0.25757575757575757,0.7083333333333334,0.0
ck25_WSE_ck25:14-en,0.0,0.0,0.0,0.061602391426739476,0.31540059785668484,0.5268537634375842,0.13507810593582123,0.0,0.0,0.0,0.0,0.29310344827586204,0.2097902097902098,0.4521735078973116,0.0,0.33124989794664067,0.6666666666666666,,0.0,0.0,0.33234858599157885,0.33234858599157885,0.7272727272727272,0.7272727272727272,0.0,1.0,0.0,0.3270440251572327,0.22929936305732482,0.15483870967741936,0.10457516339869281,0.09702512940200814,0.37209302325581395,0.3023255813953489,0.2,0.6190476190476191,0.0
ck25_WSE_ck25:15-en,0.0,0.0,0.0,0.21369051919617385,0.5562004075768212,0.5440839361405624,0.13100580420257674,0.0,0.0,0.0,0.0,0.37142857142857144,0.281703775411423,0.6351544277995319,0.0,0.40517358210330423,0.5352112676056338,,0.0,1.0,0.2997361525794254,0.2997361525794254,0.43939393939393934,0.43939393939393934,0.0,1.0,0.0,0.42424242424242414,0.29591836734693877,0.21649484536082475,0.17708333333333334,0.22487709059475838,0.5815602836879433,0.524822695035461,0.4111111111111111,0.7254901960784313,0.125
ck25_WSE_ck25:16-en,0.0,0.0,1.0,0.07209155266093441,0.31214053522405716,0.44943280969167176,0.1380262631157473,0.0,0.0,0.0,0.0,0.23529411764705882,0.16047548291233282,0.474910394265233,0.0,0.30661487102926754,0.47058823529411764,,0.0,0.0,0.13929692701099317,0.13929692701099317,0.5714285714285715,0.5714285714285715,0.0,1.0,0.0,0.2204724409448819,0.16,0.13008130081300812,0.09917355371900827,0.08265994907303395,0.303030303030303,0.2727272727272727,0.17647058823529413,0.6,0.0
ck25_WSE_ck25:17-en,1.0,1.0,1.0,0.09829979956341452,0.3235945577339909,0.3963736481724248,0.1380262631157473,1.0,1.0,1.0,1.0,0.23529411764705882,0.1642441860465116,0.483578431372549,1.0,0.2763738308030956,0.4444444444444444,,1.0,1.0,0.14798568161101283,0.14798568161101283,0.5405405405405405,0.5405405405405405,0.0,1.0,1.0,0.2170542635658915,0.15748031496062992,0.128,0.0975609756097561,0.11247951467712404,0.35294117647058826,0.29411764705882354,0.19607843137254902,0.5882352941176471,0.0
ck25_WSE_ck25:18-en,0.5,0.3333333333333333,1.0,0.10497988081322855,0.4268859958443328,0.5426206506012915,0.13507810593582123,1.0,0.5,1.0,1.0,0.32786885245901637,0.21905805038335158,0.5616759978327615,1.0,0.3009968197186967,0.4600000000000001,,1.0,0.3333333333333333,0.589997299282604,0.589997299282604,0.6601941747572816,0.6601941747572816,0.0,1.0,1.0,0.36363636363636365,0.22988505747126434,0.13953488372093023,0.09411764705882353,0.12940550811723397,0.4672897196261683,0.3925233644859813,0.2692307692307692,0.7241379310344828,0.0
ck25_WSE_ck25:19-en,0.6666666666666666,0.5,1.0,0.15138069825813041,0.45711600789786594,0.41943524640393065,0.13957875683699938,1.0,0.6666666666666666,1.0,1.0,0.3090909090909091,0.21762349799732972,0.6451366815003179,1.0,0.42804120089940373,0.4477611940298507,,1.0,0.5,0.9276077030810346,0.9276077030810346,0.9428571428571428,0.9428571428571428,0.0,1.0,1.0,0.32000000000000006,0.2027027027027027,0.1232876712328767,0.08333333333333333,0.20114101311340224,0.5591397849462365,0.4731182795698925,0.34375,0.7586206896551724,0.0
ck25_WSE_ck25:2-en,1.0,1.0,1.0,0.06223952261492005,0.3096775277125535,0.5686611536353245,0.13507810593582123,1.0,1.0,1.0,1.0,0.24074074074074073,0.16468842729970323,0.5121987066431513,1.0,0.317023313852343,0.36842105263157887,,1.0,1.0,0.2029192573644279,0.2029192573644279,0.36842105263157887,0.36842105263157887,0.0,1.0,1.0,0.25,0.14925373134328357,0.10606060606060605,0.0923076923076923,0.11005918527570345,0.34375000000000006,0.28125,0.17647058823529413,0.6923076923076923,0.0
ck25_WSE_ck25:20-en,1.0,1.0,1.0,0.14839552834385156,0.43076771325479407,0.4474709579304025,0.13507810593582123,1.0,1.0,1.0,1.0,0.3050847457627119,0.18384697130712013,0.5808342245989304,1.0,0.6363649355806447,0.7586206896551724,,1.0,1.0,0.4612143516921681,0.4612143516921681,0.6067415730337078,0.6067415730337078,0.0,1.0,1.0,0.3214285714285714,0.2289156626506024,0.14634146341463414,0.08641975308641975,0.299233987457103,0.5636363636363637,0.45454545454545453,0.3246753246753247,0.7575757575757576,0.0
ck25_WSE_ck25:21-en,0.0,0.0,0.0,0.16708807344081705,0.37400886046546744,0.42039748477837047,0.13231996486433337,0.0,0.0,0.0,0.0,0.31746031746031744,0.25375000000000003,0.5031185031185033,0.0,0.48652941355858786,0.4814814814814815,,0.0,0.0,0.5443517970897835,0.5443517970897835,0.46296296296296297,0.46296296296296297,0.0,1.0,0.0,0.3957219251336898,0.24864864864864866,0.17486338797814208,0.12154696132596686,0.29341672964524523,0.5454545454545454,0.41322314049586784,0.32894736842105265,0.5555555555555556,0.0
ck25_WSE_ck25:22-en,0.0,0.0,0.0,0.0366680872415994,0.2942300041290807,0.5363229700570775,0.13100580420257674,0.0,0.0,0.0,0.0,0.2,0.15767045454545459,0.41314338235294124,0.0,0.15879290035049448,0.20689655172413793,,0.0,1.0,0.12586898234382776,0.12586898234382776,0.1935483870967742,0.1935483870967742,0.0,1.0,0.0,0.24285714285714285,0.17391304347826086,0.14705882352941174,0.11940298507462686,0.04875293448145475,0.30303030303030304,0.24242424242424243,0.1509433962264151,0.6153846153846154,0.0
ck25_WSE_ck25:23-en,0.0,0.0,0.0,0.05290894053638302,0.4421920273874641,0.6270055372712867,0.13957875683699938,0.0,0.0,0.0,0.0,0.3448275862068966,0.20352035203520347,0.4893410852713179,0.0,0.367110852009989,0.6136363636363638,,0.0,1.0,0.5781724197275697,0.5781724197275697,0.7272727272727273,0.7272727272727273,0.0,1.0,0.0,0.3636363636363637,0.27586206896551724,0.20930232558139533,0.16470588235294117,0.1136219037890708,0.4222222222222222,0.35555555555555557,0.2318840579710145,0.7619047619047619,0.16666666666666666
ck25_WSE_ck25:24-en,0.0,0.0,0.0,0.11363680939673716,0.40375166810260893,0.41423634434383105,0.12729683913915313,0.0,0.0,0.0,0.0,0.2878787878787879,0.2400468384074942,0.44361798306895694,0.0,0.16020102057015165,0.3518518518518519,,0.0,0.0,0.4717488737599082,0.4717488737599082,0.5154639175257733,0.5154639175257733,0.0,1.0,0.0,0.3850267379679144,0.24864864864864866,0.17486338797814208,0.11049723756906076,0.12145365278809658,0.5,0.3793103448275862,0.3013698630136986,0.5116279069767442,0.0
ck25_WSE_ck25:25-en,0.0,0.0,0.0,0.1131417040153319,0.36536066872227957,0.31805193891571715,0.1060878539025194,0.0,0.0,0.0,0.0,0.1839080459770115,0.20983935742971882,0.3160169472897525,0.0,0.10672291262057362,0.09523809523809523,,0.0,1.0,0.2968262486082466,0.2968262486082466,0.19607843137254902,0.19607843137254902,0.0,1.0,0.0,0.19913419913419914,0.11353711790393015,0.09691629955947137,0.08,0.09030253673375273,0.3333333333333333,0.27380952380952384,0.22330097087378642,0.35384615384615387,0.3333333333333333
ck25_WSE_ck25:26-en,0.6666666666666666,0.5,1.0,0.05894163675116644,0.3935232879756704,0.6025563017299211,0.12389934309929541,0.0,0.6666666666666666,0.9090909090909091,1.0,0.2537313432835821,0.19869706840390877,0.3791052844979052,0.5,0.033816151462890603,0.34693877551020413,,0.0,0.5,0.03736130268077203,0.03736130268077203,0.3541666666666667,0.3541666666666667,0.0,1.0,1.0,0.3448275862068965,0.23255813953488375,0.18823529411764706,0.13095238095238096,0.030416781577044385,0.3137254901960784,0.27450980392156865,0.18181818181818182,0.56,0.0
ck25_WSE_ck25:27-en,0.8944099378881988,1.0,0.8089887640449438,0.268634533659898,0.583355816513566,0.6865266929982995,0.14285714285714285,0.0,0.8944099378881988,0.8674698795180723,1.0,0.41935483870967744,0.356718192627824,0.5871580296966231,1.0,0.4136589159542226,0.5614035087719298,0.8206970159778438,1.0,1.0,0.2700816205103133,0.2700816205103133,0.4273504273504274,0.4273504273504274,0.0,1.0,0.8089887640449438,0.4893617021276596,0.36559139784946243,0.2934782608695652,0.2307692307692308,0.3267256142895119,0.6065573770491803,0.5409836065573771,0.4647887323943662,0.6470588235294118,0.0
ck25_WSE_ck25:28-en,0.0,0.0,1.0,0.10955922670444199,0.4877556603346471,0.49025908933867146,0.11034777731716484,1.0,0.0,0.0,0.0,0.2073170731707317,0.2183020948180816,0.2581687968554769,0.0,0.12806212118737176,0.3835616438356164,,0.0,0.0,0.061219449101854076,0.061219449101854076,0.3888888888888889,0.3888888888888889,0.0,1.0,0.0,0.29245283018867924,0.14285714285714285,0.10576923076923077,0.07766990291262135,0.11167116555232999,0.42500000000000004,0.35000000000000003,0.34146341463414637,0.358974358974359,0.14285714285714285
ck25_WSE_ck25:29-en,0.0,0.0,0.0,0.1171871063921881,0.4609799449148787,0.562162162162162,0.13100580420257674,0.0,0.0,0.0,0.0,0.35294117647058826,0.21526586620926247,0.5217410868293562,0.0,0.22884660371488136,0.4161849710982659,,0.0,1.0,0.2325037696902822,0.2325037696902822,0.4067796610169492,0.4067796610169492,0.0,1.0,0.0,0.37681159420289856,0.21463414634146344,0.12807881773399016,0.07960199004975126,0.17569181414186605,0.5033112582781457,0.43708609271523186,0.32673267326732675,0.66,0.0
ck25_WSE_ck25:3-en,1.0,1.0,1.0,0.061006446130066914,0.3085208423017475,0.5566415262675356,0.13367660240019172,1.0,1.0,1.0,1.0,0.23636363636363636,0.17784256559766765,0.509167945065381,1.0,0.2891784933232572,0.358974358974359,,1.0,1.0,0.15879290035049448,0.15879290035049448,0.36842105263157887,0.36842105263157887,0.0,1.0,1.0,0.24817518248175183,0.14814814814814814,0.10526315789473685,0.0916030534351145,0.10787871557407647,0.3384615384615385,0.2769230769230769,0.17307692307692307,0.6923076923076923,0.0
ck25_WSE_ck25:30-en,1.0,1.0,1.0,0.17470750436153634,0.38935588843606306,0.4984618434762178,0.13100580420257674,1.0,1.0,1.0,1.0,0.30158730158730157,0.26279069767441865,0.5289208421362427,1.0,0.690120253158284,0.5747126436781609,,1.0,1.0,0.41301188576603953,0.41301188576603953,0.48275862068965514,0.48275862068965514,0.0,1.0,1.0,0.323699421965318,0.1871345029239766,0.1301775147928994,0.09580838323353294,0.39238542022951706,0.6299212598425197,0.4881889763779527,0.38271604938271603,0.6739130434782609,0.0
ck25_WSE_ck25:31-en,0.0,0.0,0.0,0.09200468486996248,0.3470752452915647,0.5412499286376697,0.12729683913915313,0.0,0.0,0.0,0.0,0.27692307692307694,0.22129629629629632,0.5395645745056497,0.0,0.17495641848640536,0.3582089552238806,,0.0,1.0,0.03919033469644137,0.0,0.029556650246305414,0.0,0.0,0.0,0.0,0.3,0.16161616161616163,0.10204081632653061,0.07216494845360825,0.143932574975341,0.5161290322580645,0.4129032258064516,0.2962962962962963,0.6808510638297872,0.0
ck25_WSE_ck25:32-en,0.7363636363636363,0.9798387096774194,0.5898058252427184,0.1365990491879734,0.3822510281197782,0.5160283047155512,0.13231996486433337,0.0,0.7363636363636363,0.6612244897959184,1.0,0.3582089552238806,0.2411504424778761,0.5098758650569225,1.0,0.4238148145217138,0.5254237288135594,,1.0,0.9798387096774194,0.10389844118286262,0.10389844118286262,0.40983606557377045,0.40983606557377045,0.0,1.0,0.5898058252427184,0.3850267379679144,0.2702702702702703,0.1639344262295082,0.11049723756906076,0.2692580623751063,0.6,0.4769230769230769,0.3924050632911392,0.6078431372549019,0.0
ck25_WSE_ck25:33-en,0.0,0.0,1.0,0.20281018899052447,0.3923692139142978,0.745631124187475,0.1482675827043134,1.0,0.0,0.0,0.0,0.4,0.29891304347826086,0.625,0.0,0.761827408333416,0.8275862068965517,,0.0,0.0,0.8852140475440834,0.8852140475440834,0.9473684210526316,0.9473684210526316,0.0,1.0,0.0,0.41509433962264153,0.3057324840764331,0.24516129032258063,0.19607843137254904,0.30094787454020144,0.5555555555555556,0.4888888888888889,0.36666666666666664,0.7333333333333333,0.0
ck25_WSE_ck25:34-en,0.8345418589321028,0.7160633484162896,1.0,0.17691073997324275,0.43351339927902494,0.5599026340947174,0.13507810593582123,1.0,0.8345418589321028,1.0,1.0,0.2807017543859649,0.3176823176823177,0.6000962000962001,0.5,0.35326651138215576,0.46428571428571425,,0.0,0.7160633484162896,0.4741719119757791,0.4741719119757791,0.6071428571428571,0.6071428571428571,0.0,1.0,1.0,0.32584269662921345,0.18181818181818182,0.1264367816091954,0.1046511627906977,0.19954167673714268,0.6031746031746031,0.4761904761904762,0.35714285714285715,0.7142857142857143,0.0
ck25_WSE_ck25:35-en,0.0,0.0,0.0,0.08158761703149588,0.40657576604649187,0.6000443836225041,0.1365270594958143,0.0,0.0,0.0,0.0,0.38461538461538464,0.3104799216454457,0.3902806732179578,0.0,0.09287825083519755,0.3741935483870968,,0.0,1.0,0.07092879755805383,0.07092879755805383,0.37500000000000006,0.37500000000000006,0.0,1.0,0.0,0.4251207729468599,0.3121951219512195,0.20689655172413793,0.17910447761194032,0.10288755358470796,0.6086956521739131,0.4492753623188406,0.3780487804878049,0.5535714285714286,0.0
ck25_WSE_ck25:36-en,0.0,0.0,0.0,0.12902126694875368,0.3634241479060196,0.47149641006879245,0.12849622184722817,0.0,0.0,0.0,0.0,0.2698412698412698,0.23678160919540225,0.5547112171837709,0.0,0.3536790538050789,0.35714285714285715,,0.0,1.0,0.274451999119728,0.274451999119728,0.3409090909090909,0.3409090909090909,0.0,1.0,0.0,0.30588235294117644,0.16666666666666666,0.0963855421686747,0.07317073170731707,0.2122020191733616,0.5565217391304348,0.43478260869565216,0.3246753246753247,0.6578947368421053,0.0
ck25_WSE_ck25:37-en,0.0,0.0,0.0,0.3671203991845988,0.5182782271369737,0.6115819660981611,0.13507810593582123,0.0,0.0,0.0,0.0,0.4057971014492754,0.36647398843930634,0.578854739010989,0.0,0.7077543364382274,0.803921568627451,0.0,0.0,1.0,0.5323250596363113,0.5323250596363113,0.4222222222222222,0.4222222222222222,0.0,1.0,0.0,0.4387755102040817,0.32989690721649484,0.2708333333333333,0.22105263157894736,0.5606664201335407,0.6999999999999998,0.6,0.5393258426966292,0.676056338028169,0.0
ck25_WSE_ck25:38-en,0.7124183006535947,0.7218543046357616,0.7032258064516129,0.12194490696569414,0.4421925759477727,0.5920784886202096,0.13507810593582123,0.0,0.7124183006535947,0.579088471849866,1.0,0.3492063492063492,0.30381165919282516,0.35501784540246084,0.5,0.15142894101914342,0.35211267605633806,,0.0,0.7218543046357616,0.04497601253426577,0.04497601253426577,0.3561643835616438,0.3561643835616438,0.0,1.0,0.7032258064516129,0.40816326530612246,0.2577319587628866,0.18749999999999997,0.1473684210526316,0.20901432063406264,0.5074626865671641,0.3880597014925373,0.3611111111111111,0.41935483870967744,0.0
ck25_WSE_ck25:39-en,1.0,1.0,1.0,0.35165297902509635,0.6365243558673852,0.5977093073392327,0.14118784806383944,1.0,1.0,1.0,1.0,0.3392857142857143,0.33333333333333337,0.7859881365740742,1.0,0.8547305998833805,0.9438202247191012,,1.0,1.0,1.0,1.0,1.0,1.0,0.0,1.0,1.0,0.4235294117647058,0.34523809523809523,0.3012048192771084,0.2682926829268293,0.4275787361638565,0.6238532110091742,0.5871559633027523,0.4444444444444444,0.8648648648648649,0.0
ck25_WSE_ck25:4-en,0.0,0.0,0.0,0.10994424462309564,0.41915272782244056,0.4034580691877978,0.1365270594958143,0.0,0.0,0.0,0.0,0.2857142857142857,0.17315436241610738,0.391406687555818,0.0,0.22331971512168997,0.5714285714285715,,0.0,1.0,0.09075812862300958,0.09075812862300958,0.5205479452054794,0.5205479452054794,0.0,1.0,0.0,0.29333333333333333,0.21621621621621623,0.136986301369863,0.09722222222222222,0.1573599031778056,0.4893617021276596,0.4042553191489362,0.31666666666666665,0.5588235294117647,0.0
ck25_WSE_ck25:40-en,0.0,0.0,0.0,0.22277604606094104,0.5542572299060399,0.5182615568632445,0.13231996486433337,0.0,0.0,0.0,0.0,0.23214285714285715,0.21138211382113825,0.48231379917268835,0.0,0.504586093821847,0.7297297297297297,,0.0,0.0,0.158118096206813,0.158118096206813,0.4810126582278481,0.4810126582278481,0.0,1.0,0.0,0.3096774193548387,0.23529411764705882,0.1986754966887417,0.16107382550335572,0.32130838445527193,0.45161290322580644,0.4086021505376344,0.3275862068965517,0.5428571428571428,0.0
ck25_WSE_ck25:41-en,0.7000000000000001,1.0,0.5384615384615384,0.12503474340233015,0.38840154299343965,0.5094297578282206,0.122828568570857,0.0,0.7000000000000001,0.7999999999999999,1.0,0.25,0.29010806317539484,0.5143860755400337,1.0,0.49754381582534135,0.3972602739726027,,1.0,1.0,0.26556208310496593,0.26556208310496593,0.2896551724137931,0.2896551724137931,0.0,1.0,0.5384615384615384,0.33027522935779813,0.12962962962962965,0.06542056074766356,0.056603773584905655,0.32177717512041115,0.6564102564102564,0.49230769230769234,0.42857142857142855,0.5783132530120482,0.0
ck25_WSE_ck25:42-en,0.0,0.0,0.0,0.22144404961099295,0.453088285130021,0.5802264041018823,0.12729683913915313,0.0,0.0,0.0,0.0,0.38961038961038963,0.29560439560439555,0.3346319871741007,0.0,0.18182690124032416,0.38974358974358975,,0.0,1.0,0.14045670579286626,0.14045670579286626,0.3730569948186528,0.3730569948186528,0.0,1.0,0.0,0.4188034188034188,0.2931034482758621,0.22608695652173913,0.17543859649122806,0.2726430316319355,0.5177664974619289,0.41624365482233505,0.4659090909090909,0.3761467889908257,0.14285714285714285
ck25_WSE_ck25:43-en,1.0,1.0,1.0,0.06930497532321182,0.3181737014579216,0.4846076114603314,0.14118784806383944,0.0,1.0,,1.0,0.24489795918367346,0.14095744680851063,0.39612676056338025,1.0,0.48196251083825725,0.5405405405405405,,1.0,1.0,0.2624087769829642,0.2624087769829642,0.3783783783783784,0.3783783783783784,0.0,1.0,1.0,0.19259259259259257,0.13533834586466167,0.10687022900763359,0.09302325581395349,0.22603266139885436,0.42857142857142855,0.2857142857142857,0.2033898305084746,0.48,0.0
ck25_WSE_ck25:44-en,0.0,0.0,0.0,0.0005180459416464908,0.458462844818745,0.48075017537254333,0.1827439976315568,0.0,0.0,0.0,0.0,0.3548387096774194,0.2299107142857143,0.10971709717097171,0.0,6.8119871209365e-05,0.11363636363636365,,0.0,0.0,6.85519985367738e-05,6.85519985367738e-05,0.11235955056179776,0.11235955056179776,0.0,1.0,0.0,0.34146341463414637,0.25,0.20512820512820515,0.15789473684210525,0.000741618574223575,0.23762376237623764,0.19801980198019803,0.8333333333333334,0.11235955056179775,0.0
ck25_WSE_ck25:45-en,0.0,0.0,0.0,0.10128121291011515,0.33453082954331825,0.4992895172315304,0.13231996486433337,0.0,0.0,0.0,0.0,0.3064516129032258,0.2226890756302521,0.5007418397626112,0.0,0.278393132039268,0.32967032967032966,,0.0,0.0,0.4507925111378851,0.4507925111378851,0.49462365591397855,0.49462365591397855,0.0,1.0,0.0,0.31460674157303364,0.20454545454545456,0.1264367816091954,0.09302325581395349,0.12447528538919715,0.45714285714285713,0.34285714285714286,0.23684210526315788,0.6206896551724138,0.0
ck25_WSE_ck25:46-en,1.0,1.0,1.0,0.16129378330892935,0.4418645417176433,0.3952939798661425,0.1365270594958143,1.0,1.0,1.0,1.0,0.3333333333333333,0.2485065710872163,0.6362809831129924,1.0,0.7627536614967507,0.6571428571428571,,1.0,1.0,0.5814307369682193,0.5814307369682193,0.4931506849315069,0.4931506849315069,0.0,1.0,1.0,0.31645569620253167,0.20512820512820512,0.11688311688311688,0.07894736842105264,0.3767608087665463,0.6055045871559632,0.4770642201834862,0.3561643835616438,0.7222222222222222,0.0
ck25_WSE_ck25:47-en,1.0,1.0,1.0,0.21359012567909885,0.5666551071773505,0.5502376485526574,0.13367660240019172,0.0,1.0,0.9333333333333333,1.0,0.3,0.2563176895306859,0.6326241134751773,1.0,0.13114214600088037,0.4646464646464646,,1.0,1.0,0.08992097404145884,0.08992097404145884,0.42424242424242425,0.42424242424242425,0.0,1.0,1.0,0.3375,0.25316455696202533,0.23076923076923073,0.20779220779220778,0.06541548321678582,0.4666666666666667,0.4444444444444444,0.30303030303030304,0.8333333333333334,0.0
ck25_WSE_ck25:48-en,0.0,0.0,0.0,0.15096617641657276,0.49109975305936704,0.5621826951410454,0.14285714285714285,0.0,0.0,0.0,0.0,0.3684210526315789,0.22509225092250917,0.6056772302416902,0.0,0.687028746592056,0.7289719626168225,,0.0,1.0,0.20118249140104158,0.20118249140104158,0.5660377358490565,0.5660377358490565,0.0,1.0,0.0,0.38271604938271603,0.275,0.189873417721519,0.14102564102564102,0.25878283715185474,0.5208333333333334,0.4375,0.31343283582089554,0.7241379310344828,0.14285714285714285
ck25_WSE_ck25:49-en,0.0,0.0,0.0,0.07462459713895253,0.41339299139000124,0.53658849410028,0.13231996486433337,0.0,0.0,0.0,0.0,0.25862068965517243,0.20024721878862795,0.46497719967107715,0.0,0.05738883384336237,0.4642857142857143,,0.0,1.0,0.19628122566385411,0.19628122566385411,0.5,0.5,0.0,1.0,0.0,0.3026315789473684,0.21333333333333335,0.14864864864864866,0.1095890410958904,0.04426221123644425,0.37037037037037035,0.345679012345679,0.24561403508771928,0.5833333333333334,0.3333333333333333
ck25_WSE_ck25:5-en,0.0,0.0,0.0,0.03580729351890818,0.29649847638942933,0.5257691622427527,0.13100580420257674,0.0,0.0,0.0,0.0,0.21428571428571427,0.16621983914209115,0.44315992292870915,0.0,0.3161487584488943,0.358974358974359,,0.0,1.0,0.13081435925695184,0.13081435925695184,0.20512820512820512,0.20512820512820512,0.0,1.0,0.0,0.2517482517482517,0.18439716312056736,0.14388489208633093,0.11678832116788321,0.0914302887974876,0.3188405797101449,0.26086956521739135,0.16071428571428573,0.6923076923076923,0.0
ck25_WSE_ck25:50-en,1.0,1.0,1.0,0.1804950112280709,0.46648525515443556,0.36556510590562546,0.13957875683699938,1.0,1.0,1.0,1.0,0.3333333333333333,0.20838627700127066,0.6887353760445682,1.0,0.5096800214871768,0.2962962962962963,,1.0,1.0,0.7365589940842712,0.7365589940842712,0.5964912280701754,0.5964912280701754,0.0,1.0,1.0,0.2894736842105263,0.2,0.14864864864864866,0.1095890410958904,0.2534703861989587,0.6019417475728155,0.48543689320388345,0.352112676056338,0.78125,0.0
ck25_WSE_ck25:6-en,0.0,0.0,0.0,0.057583984408872385,0.305305087011309,0.507346289431841,0.13507810593582123,0.0,0.0,0.0,0.0,0.22641509433962265,0.16358463726884775,0.5002871088142407,0.0,0.195647514979229,0.27272727272727276,,0.0,1.0,0.10371945196706786,0.10371945196706786,0.3636363636363637,0.3636363636363637,0.0,1.0,0.0,0.21897810218978103,0.13333333333333336,0.10526315789473685,0.09160305343511449,0.09314000617785648,0.3235294117647059,0.2647058823529412,0.16363636363636364,0.6923076923076923,0.0
ck25_WSE_ck25:7-en,0.0,0.0,0.0,0.03360408712368302,0.2995392281259077,0.5001775553225328,0.12729683913915313,0.0,0.0,0.0,0.0,0.2033898305084746,0.16352201257861632,0.4113100704009795,0.0,0.21800193956058223,0.32432432432432434,,0.0,1.0,0.22866722231574907,0.22866722231574907,0.3835616438356164,0.3835616438356164,0.0,1.0,0.0,0.21333333333333335,0.12162162162162163,0.0821917808219178,0.06944444444444445,0.09571763961486926,0.37499999999999994,0.275,0.1746031746031746,0.6470588235294118,0.0
ck25_WSE_ck25:8-en,1.0,1.0,1.0,0.03708774367549266,0.2982274371735236,0.5615616980597635,0.13957875683699938,1.0,1.0,1.0,1.0,0.2830188679245283,0.16781292984869323,0.4483430799220274,1.0,0.795637166192145,0.9142857142857143,,1.0,1.0,1.0,1.0,1.0,1.0,0.0,1.0,1.0,0.2978723404255319,0.21582733812949645,0.16058394160583941,0.11851851851851852,0.09491489917825338,0.3283582089552239,0.26865671641791045,0.16666666666666666,0.6923076923076923,0.0
ck25_WSE_ck25:9-en,0.0,0.0,0.0,0.040555642631403946,0.3021737339023318,0.5243266287621414,0.125,0.0,0.0,0.0,0.0,0.24615384615384617,0.18342541436464088,0.35587374581939796,0.0,0.2663927134373192,0.31460674157303375,,0.0,0.0,0.1973641868577576,0.1973641868577576,0.34090909090909094,0.34090909090909094,0.0,1.0,0.0,0.2857142857142857,0.1502890173410405,0.11695906432748537,0.09467455621301775,0.10479997291730712,0.3551401869158878,0.2803738317757009,0.18072289156626506,0.625,0.0
