query_key,answerset_f1,answerset_precision,answerset_recall,bleu,codebleu,cosine_sim,euclidean,exact_match_spinach,f1_qald,f1_spinach,hit@5,jaccard,levenshtein,meteor,mrr,naive-can-bleu,naive-can-rouge-4,ndcg,p@1,precision_qald,qcan-bleu-flex,qcan-bleu-strict,qcan-rouge-4-flex,qcan-rouge-4-strict,query_exact_match,query_execution,recall_qald,rouge_1,rouge_2,rouge_3,rouge_4,sp-bleu,sp-f1,token_f1,token_precision,token_recall,uri_hallucination
ck26_ADFR_ck26:1-en,1.0,1.0,1.0,0.11104262965417018,0.36109399074687587,0.7501196076875476,0.25,1.0,1.0,1.0,1.0,0.64,0.3942307692307693,0.487431693989071,1.0,0.12339856835456843,0.49056603773584906,,1.0,1.0,0.04869199709560803,0.04869199709560803,0.43636363636363634,0.43636363636363634,0.0,1.0,1.0,0.7301587301587302,0.5901639344262296,0.47457627118644063,0.38596491228070173,0.15544349201481006,0.5106382978723405,0.42553191489361697,0.3333333333333333,0.5882352941176471,0.5
ck26_ADFR_ck26:10-en,0.33333333333333337,0.2,1.0,0.020674750227088756,0.2833285247856686,0.46836501111382334,0.15438708879488486,1.0,0.33333333333333337,1.0,1.0,0.375,0.21715817694369977,0.3040983281045233,0.5,0.029554319646887057,0.27672955974842767,,0.0,0.2,0.02224594896203049,0.02224594896203049,0.28205128205128205,0.28205128205128205,0.0,1.0,1.0,0.39160839160839156,0.24113475177304966,0.14388489208633093,0.11678832116788321,0.027800439767305528,0.26153846153846155,0.2,0.11926605504587157,0.6190476190476191,0.0
ck26_ADFR_ck26:11-en,0.6666666666666666,0.5,1.0,0.03412668667092638,0.3003406356669609,0.6041479971785082,0.16666666666666666,1.0,0.6666666666666666,1.0,1.0,0.3902439024390244,0.26914153132250584,0.371516432827215,1.0,0.05878223471320829,0.4044943820224719,,1.0,0.5,0.0699997112529777,0.0699997112529777,0.47191011235955055,0.47191011235955055,0.0,1.0,1.0,0.5217391304347825,0.37777777777777777,0.25,0.18604651162790697,0.055822411568563296,0.379746835443038,0.2784810126582279,0.1774193548387097,0.6470588235294118,0.0
ck26_ADFR_ck26:12-en,0.6666666666666666,0.5,1.0,0.03309762530084244,0.2987629391134739,0.5887840577551897,0.1639607805437114,1.0,0.6666666666666666,1.0,1.0,0.36585365853658536,0.2554112554112554,0.316487032029554,1.0,0.056550355253452485,0.4044943820224719,,1.0,0.5,0.09886263593840232,0.09886263593840232,0.4772727272727273,0.4772727272727273,0.0,1.0,1.0,0.5,0.3555555555555555,0.25,0.18604651162790697,0.04707082304790722,0.37037037037037035,0.2716049382716049,0.171875,0.6470588235294118,0.0
ck26_ADFR_ck26:13-en,0.0,0.0,0.0,0.46497038478222047,0.6495759295288884,0.8238858408710996,0.27429188517743175,0.0,0.0,0.0,0.0,0.6818181818181818,0.6758241758241759,0.7045041346548588,0.0,0.5767595137617552,0.41025641025641024,,0.0,0.0,0.28932539430644016,0.28932539430644016,0.20512820512820512,0.20512820512820512,0.0,1.0,0.0,0.7391304347826085,0.5909090909090909,0.5238095238095238,0.5,0.5112524626996514,0.7727272727272727,0.7272727272727272,0.8,0.6666666666666666,0.0
ck26_ADFR_ck26:14-en,0.6,0.42857142857142855,1.0,0.028079674081935735,0.41152958757168423,0.5123183204211359,0.15438708879488486,1.0,0.6,1.0,1.0,0.375,0.21103117505995206,0.3814001425081433,1.0,0.034168465911642174,0.2972972972972973,,1.0,0.42857142857142855,0.018848968929169208,0.018848968929169208,0.19753086419753088,0.19753086419753088,0.0,1.0,1.0,0.434108527131783,0.31496062992125984,0.22399999999999998,0.13008130081300812,0.03145663058670378,0.25899280575539574,0.21582733812949642,0.1271186440677966,0.7142857142857143,0.0
ck26_ADFR_ck26:15-en,0.25,0.14285714285714285,1.0,0.05514821325974193,0.4184228149043394,0.7117265522563289,0.1463924816619788,1.0,0.25,1.0,1.0,0.41379310344827586,0.23539518900343648,0.3377591112315404,1.0,0.05064849804591178,0.22727272727272724,,1.0,0.14285714285714285,0.12240655937849992,0.12240655937849992,0.43396226415094336,0.43396226415094336,0.0,1.0,1.0,0.39999999999999997,0.2383419689119171,0.13612565445026178,0.08465608465608465,0.046303511043349926,0.4059405940594059,0.32673267326732675,0.2185430463576159,0.6470588235294118,0.0
ck26_ADFR_ck26:16-en,0.0,0.0,1.0,0.2116508492951693,0.5240665584776385,0.760608730574164,0.27429188517743175,1.0,0.0,0.0,0.0,0.65,0.5244755244755245,0.6511472717006314,0.0,0.13566979610140004,0.45161290322580644,,0.0,0.0,0.14253911354181859,0.14253911354181859,0.45161290322580644,0.45161290322580644,0.0,0.0,0.0,0.7368421052631577,0.6111111111111113,0.5294117647058824,0.43749999999999994,0.26158582825795834,0.5853658536585367,0.4878048780487804,0.38461538461538464,0.6666666666666666,0.0
ck26_ADFR_ck26:17-en,0.6666666666666666,0.5,1.0,0.033849968043042016,0.2969267297662309,0.4285714285714285,0.1639607805437114,1.0,0.6666666666666666,1.0,1.0,0.3333333333333333,0.2989949748743719,0.3732524909245385,1.0,0.03831052616334022,0.23880597014925375,,1.0,0.5,0.03740846994984485,0.03740846994984485,0.2352941176470588,0.2352941176470588,0.0,1.0,1.0,0.4166666666666667,0.2571428571428572,0.1764705882352941,0.15151515151515152,0.048458569056265194,0.358974358974359,0.25641025641025644,0.16393442622950818,0.5882352941176471,0.0
ck26_ADFR_ck26:18-en,0.0,0.0,0.0,0.043851732414620856,0.3902878758657496,0.6496280955921628,0.1566130288262323,0.0,0.0,0.0,0.0,0.3409090909090909,0.3030852994555354,0.275093658625731,0.0,0.061159370568044276,0.35114503816793896,,0.0,0.0,0.06087473628081748,0.06087473628081748,0.372093023255814,0.372093023255814,0.0,1.0,0.0,0.45614035087719296,0.28571428571428575,0.19999999999999998,0.14814814814814814,0.04516217881552137,0.38181818181818183,0.2909090909090909,0.19753086419753085,0.5517241379310345,0.0
ck26_ADFR_ck26:19-en,0.33333333333333337,0.2,1.0,0.11223888133567053,0.44733055366725094,0.6253989786553803,0.16139047779640892,1.0,0.33333333333333337,1.0,1.0,0.38636363636363635,0.3252032520325203,0.5885705976443218,1.0,0.17282127035573575,0.27118644067796605,,1.0,0.2,0.21963575775888045,0.21963575775888045,0.2545454545454546,0.2545454545454546,0.0,1.0,1.0,0.4220183486238532,0.24299065420560748,0.13333333333333333,0.0970873786407767,0.1547097357563083,0.5591397849462365,0.4731182795698925,0.34375,0.7586206896551724,0.0
ck26_ADFR_ck26:2-en,1.0,1.0,1.0,0.14345334371446108,0.383689422885137,0.8616404368553293,0.36602540378443865,1.0,1.0,1.0,1.0,0.8421052631578947,0.5480225988700564,0.6146384479717812,1.0,0.2891784933232572,0.9230769230769231,,1.0,1.0,1.0,1.0,1.0,1.0,0.0,1.0,1.0,0.8518518518518519,0.7307692307692308,0.64,0.5416666666666667,0.25367093883371566,0.6111111111111112,0.5,0.391304347826087,0.6923076923076923,0.5
ck26_ADFR_ck26:20-en,0.33333333333333337,0.2,1.0,0.049569091465829086,0.3633538113279957,0.6476654158584217,0.1380262631157473,1.0,0.33333333333333337,1.0,1.0,0.2777777777777778,0.2109375,0.33896036814425246,1.0,0.03185623738221454,0.18536585365853658,,1.0,0.2,0.03812352319613694,0.03812352319613694,0.17647058823529413,0.17647058823529413,0.0,1.0,1.0,0.31788079470198677,0.22818791946308722,0.16326530612244897,0.11034482758620688,0.0617605985484322,0.30681818181818177,0.25,0.15384615384615385,0.6666666666666666,0.0
ck26_ADFR_ck26:21-en,0.4,0.25,1.0,0.14234678993715658,0.3757029765540566,0.5231981484871836,0.17253779651421453,1.0,0.4,1.0,1.0,0.5,0.40501792114695345,0.5695653924649942,1.0,0.32779694217707145,0.5,,1.0,0.25,0.28605366595160875,0.28605366595160875,0.4563758389261745,0.4563758389261745,0.0,1.0,1.0,0.6241134751773049,0.43165467625899284,0.29197080291970806,0.19259259259259257,0.2494433249831005,0.6412213740458015,0.47328244274809156,0.36046511627906974,0.6888888888888889,0.0
ck26_ADFR_ck26:22-en,0.6666666666666666,0.5,1.0,0.03134502161076285,0.291172490152314,0.5920063805475969,0.16952084719853724,1.0,0.6666666666666666,1.0,1.0,0.4,0.26095617529880477,0.39786096256684494,1.0,0.11003640569973151,0.3111111111111111,,1.0,0.5,0.029691409814878566,0.029691409814878566,0.247787610619469,0.247787610619469,0.0,1.0,1.0,0.47311827956989244,0.37362637362637363,0.29213483146067415,0.22988505747126436,0.06463237196781131,0.2891566265060241,0.24096385542168672,0.14285714285714285,0.7692307692307693,0.0
ck26_ADFR_ck26:23-en,0.4,0.25,1.0,0.08661872802698146,0.44092551534007873,0.6355521757318683,0.16666666666666666,1.0,0.4,1.0,1.0,0.46808510638297873,0.29119318181818177,0.42991561949857354,1.0,0.11687304875060683,0.44594594594594594,,1.0,0.25,0.06549680142462881,0.06549680142462881,0.4137931034482758,0.4137931034482758,0.0,1.0,1.0,0.4963503649635037,0.41481481481481486,0.3458646616541353,0.2900763358778626,0.07752588128247945,0.3418803418803419,0.2905982905982906,0.17708333333333334,0.8095238095238095,0.0
ck26_ADFR_ck26:24-en,0.5,0.3333333333333333,1.0,0.04693215248462419,0.32191822330634123,0.4889571583640702,0.1639607805437114,1.0,0.5,1.0,1.0,0.4583333333333333,0.31546707503828486,0.37686882542849615,1.0,0.18140348951392718,0.4157303370786517,,1.0,0.3333333333333333,0.12692620390628237,0.12692620390628237,0.39766081871345027,0.39766081871345027,0.0,1.0,1.0,0.44171779141104295,0.2857142857142857,0.1761006289308176,0.1019108280254777,0.12937741518746276,0.5165562913907285,0.34437086092715236,0.24074074074074073,0.6046511627906976,0.0
ck26_ADFR_ck26:25-en,0.2857142857142857,0.16666666666666666,1.0,0.18162292188342305,0.55656644475657,0.6801197116047909,0.179128784747792,1.0,0.2857142857142857,1.0,1.0,0.5531914893617021,0.38273381294964026,0.52280581655975,1.0,0.27738045136058526,0.4845360824742268,,1.0,0.16666666666666666,0.12379717144670209,0.12379717144670209,0.4508670520231214,0.4508670520231214,0.0,1.0,1.0,0.6391752577319587,0.4583333333333333,0.3263157894736842,0.22340425531914893,0.22581661652413704,0.6440677966101694,0.5310734463276836,0.41964285714285715,0.7230769230769231,0.0
ck26_ADFR_ck26:26-en,1.0,1.0,1.0,0.1277865345895771,0.5118663123622537,0.7654980477744516,0.2,1.0,1.0,1.0,1.0,0.5675675675675675,0.3474747474747475,0.5575801749271138,1.0,0.21889782084717613,0.6178861788617885,,1.0,1.0,0.03515787095573906,0.03515787095573906,0.34444444444444444,0.34444444444444444,0.0,1.0,1.0,0.6796116504854369,0.5544554455445544,0.4242424242424242,0.3092783505154639,0.19499053363816682,0.42592592592592593,0.3888888888888889,0.25301204819277107,0.84,0.0
ck26_ADFR_ck26:27-en,0.8451612903225806,0.9924242424242424,0.7359550561797753,0.1997414438670288,0.5629490595968942,0.7073955730226379,0.1827439976315568,0.0,0.8451612903225806,0.8442622950819672,1.0,0.5833333333333334,0.4938524590163934,0.5740562478861514,1.0,0.24995119570289695,0.4417177914110429,0.7494347066395488,1.0,0.9924242424242424,0.17198039568197035,0.17198039568197035,0.3544303797468355,0.3544303797468355,0.0,1.0,0.7359550561797753,0.6714285714285714,0.44927536231884063,0.3088235294117647,0.22388059701492538,0.26470455041569635,0.6129032258064517,0.5322580645161291,0.4520547945205479,0.6470588235294118,0.0
ck26_ADFR_ck26:28-en,0.0,0.0,1.0,0.22351306711709687,0.5669542161463628,0.703739757474489,0.14118784806383944,1.0,0.0,0.0,0.0,0.3620689655172414,0.3582887700534759,0.38192717537380555,0.0,0.17260133707854738,0.4204545454545455,,0.0,0.0,0.21695017381698728,0.21695017381698728,0.40229885057471265,0.40229885057471265,0.0,0.0,0.0,0.5034965034965034,0.2695035460992908,0.18705035971223022,0.1313868613138686,0.17130060557540225,0.6369426751592356,0.5477707006369428,0.5443037974683544,0.5512820512820513,0.0
ck26_ADFR_ck26:29-en,0.16216216216216214,0.13043478260869565,0.21428571428571427,0.05801776522410952,0.42433350113508717,0.598469907971049,0.15225881209433406,0.0,0.16216216216216214,0.2222222222222222,0.0,0.44642857142857145,0.24743326488706363,0.39365079365079364,0.0625,0.0769090512739979,0.3063063063063063,,0.0,0.13043478260869565,0.06961423832915682,0.06961423832915682,0.31627906976744186,0.31627906976744186,0.0,1.0,0.21428571428571427,0.45783132530120485,0.21951219512195125,0.09876543209876543,0.0625,0.08015332287437392,0.407185628742515,0.33532934131736525,0.23931623931623933,0.56,0.0
ck26_ADFR_ck26:3-en,0.4,0.25,1.0,0.026916423901551013,0.28513219317849786,0.5649818983423677,0.16139047779640892,1.0,0.4,1.0,1.0,0.38636363636363635,0.22377622377622375,0.3738693467336684,1.0,0.03853028292024903,0.26262626262626265,,1.0,0.25,0.020970032734607826,0.020970032734607826,0.24242424242424243,0.24242424242424243,0.0,1.0,1.0,0.47058823529411764,0.36,0.2653061224489796,0.2083333333333333,0.04169874460406653,0.25263157894736843,0.2105263157894737,0.12195121951219512,0.7692307692307693,0.16666666666666666
ck26_ADFR_ck26:30-en,0.4761904761904762,0.35714285714285715,0.7142857142857143,0.16733034585699655,0.5018325864642491,0.6572670690061995,0.16666666666666666,0.0,0.4761904761904762,0.5714285714285714,1.0,0.4318181818181818,0.4025316455696203,0.45647851345518353,0.5,0.16771528728088475,0.1568627450980392,,0.0,0.35714285714285715,0.21359012567909885,0.21359012567909885,0.2156862745098039,0.2156862745098039,0.0,1.0,0.7142857142857143,0.5523809523809524,0.27184466019417475,0.13861386138613863,0.10101010101010101,0.1669835453487272,0.5950413223140497,0.5454545454545454,0.44,0.717391304347826,0.0
ck26_ADFR_ck26:31-en,0.3146067415730337,0.18666666666666668,1.0,0.10399499824046295,0.4480417603128039,0.6575542511486226,0.14285714285714285,1.0,0.3146067415730337,1.0,1.0,0.3684210526315789,0.2276575729068674,0.37183902048766915,0.5,0.08271597757573958,0.1694915254237288,,0.0,0.18666666666666668,0.051303230972588244,0.051303230972588244,0.16101694915254236,0.16101694915254236,0.0,1.0,1.0,0.3567567567567567,0.20765027322404372,0.12154696132596686,0.055865921787709494,0.08599345453455973,0.3433476394849786,0.30042918454935624,0.1881720430107527,0.7446808510638298,0.0
ck26_ADFR_ck26:32-en,0.2711323763955342,0.20190023752969122,0.41262135922330095,0.14672141670034902,0.3657619868281485,0.6114035610447304,0.15438708879488486,0.0,0.2711323763955342,0.6666666666666666,1.0,0.4339622641509434,0.3549488054607508,0.4019597873653501,0.3333333333333333,0.16557402264990145,0.2692307692307692,,0.0,0.20190023752969122,0.21597342195427807,0.21597342195427807,0.2911392405063291,0.2911392405063291,0.0,1.0,0.41262135922330095,0.4962406015037594,0.27480916030534347,0.13953488372093023,0.07874015748031496,0.16668530366057838,0.523489932885906,0.4161073825503356,0.3163265306122449,0.6078431372549019,0.0
ck26_ADFR_ck26:33-en,0.0,0.0,1.0,0.37541625264671097,0.6301443857423229,0.7406714945777091,0.1951941016011038,1.0,0.0,0.0,0.0,0.5277777777777778,0.5202952029520296,0.6847545219638244,0.0,0.4806216298219478,0.41379310344827586,,0.0,0.0,0.6052665103345164,0.6052665103345164,0.8307692307692307,0.8307692307692307,0.0,0.0,0.0,0.6046511627906976,0.4523809523809524,0.34146341463414637,0.225,0.45812487506402666,0.7213114754098361,0.6557377049180327,0.6451612903225806,0.6666666666666666,0.0
ck26_ADFR_ck26:34-en,0.5088757396449705,0.4358108108108108,0.6113744075829384,0.0763649409549849,0.3321753473882789,0.5828510479716591,0.1566130288262323,0.0,0.5088757396449705,0.8571428571428571,1.0,0.35555555555555557,0.336996336996337,0.4987767454357757,0.25,0.11981761745240564,0.25882352941176473,,0.0,0.4358108108108108,0.07253323589371106,0.07253323589371106,0.22797927461139894,0.22797927461139894,0.0,1.0,0.6113744075829384,0.42105263157894735,0.2137404580152672,0.12403100775193797,0.07874015748031496,0.12275120348623365,0.4966442953020134,0.3624161073825503,0.2523364485981308,0.6428571428571429,0.0
ck26_ADFR_ck26:35-en,0.7779342723004695,0.6365731847867845,1.0,0.028386530702085352,0.3847396768674119,0.7099570007939605,0.14459058185587106,1.0,0.7779342723004695,,1.0,0.39655172413793105,0.25023169601482853,0.31763059701492535,1.0,0.02076095196168544,0.32,,1.0,0.6365731847867845,0.03808667488306313,0.03808667488306313,0.3344262295081967,0.3344262295081967,0.0,1.0,1.0,0.4509803921568627,0.2871287128712871,0.15,0.12121212121212122,0.030788336000571553,0.3513513513513513,0.27927927927927926,0.18674698795180722,0.5535714285714286,0.0
ck26_ADFR_ck26:36-en,0.28571428571428575,0.25,0.3333333333333333,0.04819016113795898,0.305525801154055,0.44134766940971076,0.14459058185587106,0.0,0.28571428571428575,0.3333333333333333,1.0,0.33962264150943394,0.22157092614302465,0.42363333333333336,1.0,0.08389272024523937,0.16470588235294117,,1.0,0.25,0.0739292396439496,0.0739292396439496,0.15028901734104047,0.15028901734104047,0.0,1.0,0.3333333333333333,0.3576158940397351,0.174496644295302,0.09523809523809523,0.06896551724137931,0.08729805130180447,0.36363636363636365,0.2727272727272727,0.17391304347826086,0.631578947368421,0.0
ck26_ADFR_ck26:37-en,0.5333333333333333,0.46153846153846156,0.631578947368421,0.3147631535176523,0.5911907883794131,0.740342161972281,0.16139047779640892,0.0,0.5333333333333333,0.7999999999999999,1.0,0.5178571428571429,0.5176056338028169,0.6011026739283597,1.0,0.28597309649484237,0.22818791946308725,0.6396999457379391,1.0,0.46153846153846156,0.2111527633945602,0.2111527633945602,0.17518248175182483,0.17518248175182483,0.0,1.0,0.631578947368421,0.6351351351351351,0.4246575342465753,0.3194444444444445,0.2535211267605634,0.3165365372216953,0.6666666666666666,0.6432748538011696,0.55,0.7746478873239436,0.0
ck26_ADFR_ck26:38-en,0.8401084010840109,0.7242990654205608,1.0,0.11200342333666576,0.44965984200928166,0.6163045835908774,0.1639607805437114,1.0,0.8401084010840109,1.0,1.0,0.48,0.30815109343936387,0.4623992430872894,0.5,0.1288392476581155,0.3058823529411765,,0.0,0.7242990654205608,0.05025764024217815,0.05025764024217815,0.24539877300613497,0.24539877300613497,0.0,1.0,1.0,0.4812834224598931,0.2918918918918919,0.19672131147540986,0.15469613259668508,0.13747611434545678,0.4700460829493088,0.3686635944700461,0.25806451612903225,0.6451612903225806,0.0
ck26_ADFR_ck26:39-en,0.6959247648902821,0.5336538461538461,1.0,0.12877499395619812,0.6183048596001606,0.6995180407434031,0.15225881209433406,1.0,0.6959247648902821,1.0,1.0,0.39215686274509803,0.4186440677966101,0.5969267139479906,1.0,0.11073746786747164,0.267515923566879,,1.0,0.5336538461538461,0.08802566763785752,0.08802566763785752,0.3333333333333333,0.3333333333333333,0.0,1.0,1.0,0.5248226950354609,0.33093525179856115,0.218978102189781,0.14814814814814814,0.10750096560453212,0.47244094488188976,0.4881889763779528,0.34444444444444444,0.8378378378378378,0.0
ck26_ADFR_ck26:4-en,0.5,0.3333333333333333,1.0,0.07258743254158241,0.3333642494397434,0.443443453714334,0.15894454156034005,1.0,0.5,1.0,1.0,0.36363636363636365,0.33710407239819007,0.40531855955678675,0.3333333333333333,0.09060115446516791,0.2641509433962264,,0.0,0.3333333333333333,0.04136774591292265,0.04136774591292265,0.2830188679245283,0.2830188679245283,0.0,1.0,1.0,0.38383838383838387,0.22680412371134023,0.12631578947368421,0.10752688172043011,0.08896960299807798,0.5048543689320389,0.34951456310679613,0.2608695652173913,0.5294117647058824,0.0
ck26_ADFR_ck26:40-en,0.6666666666666666,0.6666666666666666,0.6666666666666666,0.06945810948733996,0.3324330205225199,0.5039121060438531,0.15438708879488486,0.0,0.6666666666666666,0.7999999999999999,1.0,0.3617021276595745,0.3705103969754253,0.42706185567010313,1.0,0.19391065669690064,0.4307692307692308,,1.0,0.6666666666666666,0.07069301148938888,0.07069301148938888,0.3387096774193548,0.3387096774193548,0.0,1.0,0.6666666666666666,0.43103448275862066,0.22807017543859648,0.125,0.09090909090909091,0.18712985351607744,0.48148148148148145,0.3518518518518518,0.2602739726027397,0.5428571428571428,0.0
ck26_ADFR_ck26:41-en,0.5581395348837209,0.4,0.9230769230769231,0.04466446154016036,0.32160567582460053,0.4315938015647023,0.12729683913915313,0.0,0.5581395348837209,0.7999999999999999,1.0,0.265625,0.29171270718232045,0.2957058598510796,1.0,0.08083651274088224,0.21495327102803738,,1.0,0.4,0.04419178531694089,0.04419178531694089,0.1971830985915493,0.1971830985915493,0.0,1.0,0.9230769230769231,0.31958762886597936,0.13541666666666666,0.07368421052631578,0.06382978723404255,0.10085134865871252,0.46037735849056605,0.3320754716981132,0.24175824175824176,0.5301204819277109,0.0
ck26_ADFR_ck26:42-en,0.28571428571428575,0.2,0.5,0.1485668654627391,0.5427964782704466,0.710217239631243,0.12973190755680383,0.0,0.28571428571428575,0.6666666666666666,1.0,0.36619718309859156,0.31899109792284863,0.42691108367674596,1.0,0.2041086962505348,0.24793388429752067,,1.0,0.2,0.13701871899633497,0.13701871899633497,0.28193832599118945,0.28193832599118945,0.0,1.0,0.5,0.5306122448979592,0.26804123711340205,0.11458333333333331,0.06315789473684211,0.19806425725195514,0.6548672566371682,0.6017699115044247,0.6476190476190476,0.5619834710743802,0.0
ck26_ADFR_ck26:43-en,0.6666666666666666,0.5,1.0,0.17022771301247688,0.6009681432063902,0.6265219161172354,0.1757340838011157,1.0,0.6666666666666666,1.0,1.0,0.37142857142857144,0.2367941712204007,0.5298554216867472,1.0,0.1125420180763328,0.12844036697247707,,1.0,0.5,0.0601436412006747,0.0601436412006747,0.07272727272727272,0.07272727272727272,0.0,1.0,1.0,0.38181818181818183,0.31481481481481477,0.24528301886792456,0.19230769230769232,0.13371980239844675,0.3787878787878788,0.3787878787878788,0.2336448598130841,1.0,0.0
ck26_ADFR_ck26:44-en,0.4,0.3246753246753247,0.5208333333333334,0.13588847834678672,0.47719556281013986,0.5034471945764125,0.14285714285714285,0.0,0.4,0.7654320987654321,1.0,0.3684210526315789,0.3081395348837209,0.33623498750468767,0.5,0.16858898909159412,0.23030303030303031,,0.0,0.3246753246753247,0.13773017487026026,0.13773017487026026,0.24675324675324678,0.24675324675324678,0.0,1.0,0.5208333333333334,0.4230769230769231,0.23376623376623376,0.11842105263157895,0.07999999999999999,0.151213922705673,0.5508982035928144,0.4550898203592814,0.48717948717948717,0.42696629213483145,0.0
ck26_ADFR_ck26:45-en,0.4,0.25,1.0,0.05886572440383498,0.32437552201004966,0.5689669560016876,0.15894454156034005,1.0,0.4,1.0,1.0,0.42857142857142855,0.3087478559176673,0.4920764867551605,1.0,0.08090780486139712,0.36800000000000005,,1.0,0.25,0.15111384872173622,0.15111384872173622,0.43200000000000005,0.43200000000000005,0.0,1.0,1.0,0.5254237288135594,0.3448275862068966,0.21052631578947367,0.14285714285714288,0.07008153678315687,0.4615384615384615,0.358974358974359,0.23863636363636365,0.7241379310344828,0.0
ck26_ADFR_ck26:46-en,0.782608695652174,0.6428571428571429,1.0,0.12125397072921895,0.36583980847177844,0.45374260648651504,0.15894454156034005,1.0,0.782608695652174,1.0,1.0,0.40425531914893614,0.3658051689860835,0.5992603550295859,1.0,0.2026107136428549,0.24,,1.0,0.6428571428571429,0.1706188823162792,0.1706188823162792,0.2156862745098039,0.2156862745098039,0.0,1.0,1.0,0.44660194174757284,0.27722772277227725,0.1616161616161616,0.12371134020618557,0.20678900973944847,0.6071428571428572,0.46428571428571425,0.34210526315789475,0.7222222222222222,0.0
ck26_ADFR_ck26:47-en,0.9333333333333333,0.875,1.0,0.2207922286510422,0.5432932952579986,0.7625624825340569,0.2,1.0,0.9333333333333333,1.0,1.0,0.5555555555555556,0.4447174447174447,0.6184908415469518,1.0,0.18676246336830424,0.576923076923077,,1.0,0.875,0.21344051626758015,0.21344051626758015,0.5523809523809523,0.5523809523809523,0.0,1.0,1.0,0.673913043478261,0.5555555555555557,0.45454545454545453,0.37209302325581395,0.10636720514362377,0.696969696969697,0.5757575757575758,0.4523809523809524,0.7916666666666666,0.0
ck26_ADFR_ck26:48-en,0.6666666666666666,0.5,1.0,0.26866276474855993,0.5699434689649178,0.6570183044350496,0.1757340838011157,1.0,0.6666666666666666,1.0,1.0,0.4883720930232558,0.5379464285714286,0.7207457652248045,1.0,0.2002878016306705,0.5238095238095238,,1.0,0.5,0.12453963452769104,0.12453963452769104,0.5391304347826087,0.5391304347826087,0.0,1.0,1.0,0.576923076923077,0.47058823529411764,0.38000000000000006,0.326530612244898,0.1750810269316663,0.7567567567567567,0.6216216216216216,0.5111111111111111,0.7931034482758621,0.0
ck26_ADFR_ck26:49-en,1.0,1.0,1.0,0.10921173274503498,0.4454576950910206,0.7851470742260069,0.25,1.0,1.0,1.0,1.0,0.6896551724137931,0.41032608695652173,0.5266722339905491,1.0,0.20996679138779467,0.4090909090909091,,1.0,1.0,0.07283807558116545,0.07283807558116545,0.32075471698113206,0.32075471698113206,0.0,1.0,1.0,0.6746987951807228,0.4691358024691358,0.3291139240506329,0.23376623376623376,0.20800122829187911,0.55,0.475,0.3392857142857143,0.7916666666666666,0.0
ck26_ADFR_ck26:5-en,0.4,0.25,1.0,0.029711587200251598,0.2889407721717772,0.5469137232897534,0.16952084719853724,1.0,0.4,1.0,1.0,0.38461538461538464,0.2514734774066798,0.3895287958115184,1.0,0.09893615743446081,0.32608695652173914,,1.0,0.25,0.020970032734607826,0.020970032734607826,0.27956989247311825,0.27956989247311825,0.0,1.0,1.0,0.46315789473684216,0.3440860215053763,0.24175824175824173,0.17977528089887637,0.06106557486272513,0.2758620689655173,0.22988505747126436,0.13513513513513514,0.7692307692307693,0.0
ck26_ADFR_ck26:50-en,0.4,0.3333333333333333,0.5,0.22216375985574133,0.5700336935871237,0.5209458852746756,0.1757340838011157,0.0,0.4,0.6666666666666666,1.0,0.4634146341463415,0.3905472636815921,0.7307312499759849,1.0,0.20769071338699366,0.18823529411764706,,1.0,0.3333333333333333,0.23518865235764014,0.23518865235764014,0.1797752808988764,0.1797752808988764,0.0,1.0,0.5,0.5333333333333333,0.3409090909090909,0.2558139534883721,0.1904761904761905,0.203817623807764,0.6138613861386139,0.5346534653465347,0.391304347826087,0.84375,0.0
ck26_ADFR_ck26:6-en,0.4,0.25,1.0,0.03005808144835787,0.2914704307726793,0.5336692949588385,0.1757340838011157,1.0,0.4,1.0,1.0,0.40540540540540543,0.24731182795698925,0.40000000000000013,1.0,0.10447015481416681,0.32608695652173914,,1.0,0.25,0.020970032734607826,0.020970032734607826,0.27956989247311825,0.27956989247311825,0.0,1.0,1.0,0.46315789473684216,0.3440860215053763,0.24175824175824173,0.17977528089887637,0.06343670747640238,0.2926829268292683,0.24390243902439027,0.14492753623188406,0.7692307692307693,0.0
ck26_ADFR_ck26:7-en,0.5,0.3333333333333333,1.0,0.02772992143179488,0.2959127356999098,0.5570109911634286,0.1566130288262323,1.0,0.5,1.0,1.0,0.35555555555555557,0.25555555555555554,0.3264810717797444,1.0,0.044880836396664694,0.3578947368421053,,1.0,0.3333333333333333,0.03195983717679853,0.03195983717679853,0.33684210526315794,0.33684210526315794,0.0,1.0,1.0,0.46938775510204084,0.31249999999999994,0.21276595744680854,0.1739130434782609,0.04026271060692725,0.35555555555555557,0.26666666666666666,0.1643835616438356,0.7058823529411765,0.0
ck26_ADFR_ck26:8-en,0.6666666666666666,0.5,1.0,0.036600169095007684,0.29523894678063917,0.5980363487202721,0.16666666666666666,1.0,0.6666666666666666,1.0,1.0,0.375,0.23340471092077086,0.39329805996472667,1.0,0.045797464191184134,0.21428571428571427,,1.0,0.5,0.016005061722660634,0.016005061722660634,0.1492537313432836,0.1492537313432836,0.0,1.0,1.0,0.48275862068965514,0.35294117647058826,0.26506024096385544,0.19753086419753085,0.04978060192847545,0.30985915492957744,0.2535211267605634,0.15517241379310345,0.6923076923076923,0.3333333333333333
ck26_ADFR_ck26:9-en,1.0,1.0,1.0,0.038760503333710214,0.2997692435455971,0.558208452917967,0.15022110482233483,1.0,1.0,1.0,1.0,0.3191489361702128,0.25316455696202533,0.3105017533003301,1.0,0.11183424828667411,0.2181818181818182,,1.0,1.0,0.0516626906140817,0.0516626906140817,0.1797752808988764,0.1797752808988764,0.0,1.0,1.0,0.4424778761061947,0.12612612612612614,0.11009174311926606,0.09345794392523364,0.07521769986426116,0.34234234234234234,0.2702702702702703,0.1724137931034483,0.625,0.0
ck26_INFAI-ETI-AND-FRIENDS-A_ck26:1-en,1.0,1.0,1.0,0.14079004048782912,0.4508895649576653,0.7784989441615231,0.4142135623730951,1.0,1.0,1.0,1.0,0.8947368421052632,0.7684729064039408,0.5183697753978879,1.0,0.6238030919943091,0.8163265306122449,,1.0,1.0,0.4793941561908407,0.4793941561908407,0.6938775510204082,0.6938775510204082,0.0,1.0,1.0,0.8214285714285715,0.6666666666666666,0.6153846153846153,0.5599999999999999,0.416025330918058,0.7333333333333334,0.5999999999999999,0.6923076923076923,0.5294117647058824,0.0
ck26_INFAI-ETI-AND-FRIENDS-A_ck26:10-en,0.0,0.0,0.0,0.029093477616126247,0.31259948420525185,0.6756701328699573,0.3333333333333333,0.0,0.0,0.0,0.0,0.8181818181818182,0.3621794871794872,0.3571120689655173,0.0,0.36191740494054164,0.6744186046511628,,0.0,0.0,0.5946035575013605,0.5946035575013605,0.7804878048780488,0.7804878048780488,0.0,1.0,0.0,0.6265060240963856,0.41975308641975306,0.32911392405063294,0.2337662337662338,0.10499901541839392,0.37499999999999994,0.3125,0.23255813953488372,0.47619047619047616,0.0
ck26_INFAI-ETI-AND-FRIENDS-A_ck26:11-en,1.0,1.0,1.0,0.09267637757650997,0.3761070066732314,0.7069467841755196,0.3090169943749474,1.0,1.0,1.0,1.0,0.75,0.5635593220338984,0.5068181818181818,1.0,0.7419446627365011,0.8888888888888888,,1.0,1.0,1.0,1.0,1.0,1.0,0.0,1.0,1.0,0.7118644067796611,0.5614035087719299,0.509090909090909,0.4528301886792452,0.338796999974464,0.7,0.5,0.43478260869565216,0.5882352941176471,0.0
ck26_INFAI-ETI-AND-FRIENDS-A_ck26:12-en,1.0,1.0,1.0,0.08184095229301509,0.3590739374483205,0.7111569838961406,0.3090169943749474,1.0,1.0,1.0,1.0,0.75,0.3697478991596639,0.46488107693380776,1.0,0.7419446627365011,0.8888888888888888,,1.0,1.0,1.0,1.0,1.0,1.0,0.0,1.0,1.0,0.7118644067796611,0.4912280701754386,0.4,0.30188679245283023,0.3094986086785959,0.6341463414634146,0.4390243902439025,0.375,0.5294117647058824,0.0
ck26_INFAI-ETI-AND-FRIENDS-A_ck26:13-en,0.0,0.0,0.0,0.11908202116017216,0.5225375348428434,0.6837634587578277,0.25,0.0,0.0,0.0,0.0,0.5909090909090909,0.23383084577114432,0.5849038912330052,0.0,0.14524987567853945,0.2553191489361702,,0.0,0.0,0.10533060825150226,0.10533060825150226,0.30434782608695654,0.30434782608695654,0.0,1.0,0.0,0.5882352941176471,0.24489795918367346,0.1702127659574468,0.1333333333333333,0.11908202116017216,0.6222222222222222,0.6222222222222222,0.6666666666666666,0.5833333333333334,0.0
ck26_INFAI-ETI-AND-FRIENDS-A_ck26:14-en,0.0,0.0,0.0,0.039065257822973994,0.3823677208587134,0.4235868710436787,0.21712927295533244,0.0,0.0,0.0,0.0,0.4090909090909091,0.31557377049180324,0.2798507462686567,0.0,0.22866592865321111,0.16666666666666666,,0.0,0.0,0.10168027229775503,0.10168027229775503,0.12244897959183673,0.12244897959183673,0.0,1.0,0.0,0.3829787234042553,0.26666666666666666,0.18604651162790697,0.14634146341463414,0.1780852042968708,0.4848484848484849,0.36363636363636365,0.5,0.2857142857142857,0.0
ck26_INFAI-ETI-AND-FRIENDS-A_ck26:15-en,0.0,0.0,0.0,0.2924859709503835,0.6159786355947388,0.5927507166790461,0.27429188517743175,0.0,0.0,0.0,0.0,0.78125,0.6274944567627494,0.5953428398058251,0.0,0.4557516142421594,0.5581395348837209,,0.0,0.0,0.4453346947055984,0.4453346947055984,0.6106194690265486,0.6106194690265486,0.0,1.0,0.0,0.6666666666666666,0.47706422018348627,0.35514018691588783,0.26666666666666666,0.2690638842242579,0.6542056074766356,0.5981308411214953,0.5714285714285714,0.6274509803921569,0.0
ck26_INFAI-ETI-AND-FRIENDS-A_ck26:16-en,0.0,0.0,1.0,0.1622222483500926,0.5948015159953299,0.7093084682410772,0.3333333333333333,0.0,0.0,0.0,0.0,0.7333333333333333,0.45999999999999996,0.5853699504493155,0.0,0.4366835442847812,0.5294117647058824,,0.0,0.0,0.29377167835760565,0.29377167835760565,0.6666666666666667,0.6666666666666667,0.0,1.0,0.0,0.631578947368421,0.4444444444444444,0.23529411764705882,0.18750000000000003,0.2468980050800965,0.5925925925925926,0.6666666666666665,0.75,0.6,0.0
ck26_INFAI-ETI-AND-FRIENDS-A_ck26:17-en,1.0,1.0,1.0,0.17702681979267462,0.5708768687501659,0.48750843447494363,0.36602540378443865,1.0,1.0,1.0,1.0,0.8235294117647058,0.7965116279069767,0.6166747690811862,1.0,1.0,1.0,,1.0,1.0,1.0,1.0,1.0,1.0,0.0,1.0,1.0,0.7,0.47368421052631576,0.3333333333333333,0.29411764705882354,0.5118285025257894,0.8235294117647058,0.6470588235294118,0.6470588235294118,0.6470588235294118,0.0
ck26_INFAI-ETI-AND-FRIENDS-A_ck26:18-en,1.0,1.0,1.0,0.07264720160473256,0.34628117761930655,0.4825823849970978,0.18660549686337075,1.0,1.0,1.0,1.0,0.45714285714285713,0.3813559322033898,0.47172077265372164,1.0,0.2198787120479627,0.3541666666666667,,1.0,1.0,0.220376030328225,0.220376030328225,0.30612244897959184,0.30612244897959184,0.0,1.0,1.0,0.4883720930232558,0.21428571428571427,0.14634146341463414,0.125,0.20576899892622622,0.5974025974025974,0.4155844155844156,0.3333333333333333,0.5517241379310345,0.0
ck26_INFAI-ETI-AND-FRIENDS-A_ck26:19-en,1.0,1.0,1.0,0.22533753160530573,0.434905811472755,0.4548996349349056,0.2402530733520421,1.0,1.0,1.0,1.0,0.6296296296296297,0.5678571428571428,0.5701013513513514,1.0,0.8309006988851894,0.8266666666666665,,1.0,1.0,0.8309006988851894,0.8309006988851894,0.8311688311688312,0.8311688311688312,0.0,1.0,1.0,0.5428571428571427,0.29411764705882354,0.2121212121212121,0.15625,0.47318657816969995,0.7812500000000001,0.5625,0.5142857142857142,0.6206896551724138,0.0
ck26_INFAI-ETI-AND-FRIENDS-A_ck26:2-en,1.0,1.0,1.0,0.19151421080811973,0.46090996966049635,0.8362420100070906,0.36602540378443865,1.0,1.0,1.0,1.0,0.8421052631578947,0.8526315789473684,0.6619183285849952,1.0,1.0,1.0,,1.0,1.0,1.0,1.0,1.0,1.0,0.0,1.0,1.0,0.8461538461538461,0.72,0.6666666666666666,0.6086956521739131,0.5923033072023249,0.8461538461538461,0.6923076923076923,0.6923076923076923,0.6923076923076923,0.0
ck26_INFAI-ETI-AND-FRIENDS-A_ck26:20-en,0.0,0.0,0.0,0.3838416175839202,0.6263658098013855,0.5817433986764636,0.3090169943749474,0.0,0.0,0.0,0.0,0.7727272727272727,0.6213991769547325,0.6679929366220302,0.0,0.6996294155682841,0.6493506493506493,,0.0,0.0,0.42048989872853887,0.42048989872853887,0.4155844155844156,0.4155844155844156,0.0,1.0,0.0,0.7058823529411765,0.45454545454545453,0.34375,0.25806451612903225,0.3975676144964635,0.7142857142857142,0.6571428571428571,0.6216216216216216,0.696969696969697,0.0
ck26_INFAI-ETI-AND-FRIENDS-A_ck26:21-en,1.0,1.0,1.0,0.1806001208545335,0.4149416968803,0.5204384901943113,0.25,1.0,1.0,1.0,1.0,0.7096774193548387,0.5552763819095478,0.4716717368352967,1.0,0.5077322105034513,0.6299212598425197,,1.0,1.0,0.45606215162946395,0.45606215162946395,0.6016260162601627,0.6016260162601627,0.0,1.0,1.0,0.6440677966101694,0.4482758620689655,0.2982456140350877,0.19642857142857142,0.36174430145496816,0.7311827956989247,0.4946236559139785,0.4791666666666667,0.5111111111111111,0.0
ck26_INFAI-ETI-AND-FRIENDS-A_ck26:22-en,1.0,1.0,1.0,0.14535614527378005,0.41036232702672604,0.7947194142390264,0.36602540378443865,1.0,1.0,1.0,1.0,0.8333333333333334,0.8502673796791445,0.6421595725078311,1.0,1.0,1.0,,1.0,1.0,1.0,1.0,1.0,1.0,0.0,1.0,1.0,0.8,0.6666666666666666,0.6086956521739131,0.5454545454545454,0.4385068972747104,0.7333333333333334,0.5999999999999999,0.5294117647058824,0.6923076923076923,0.0
ck26_INFAI-ETI-AND-FRIENDS-A_ck26:23-en,1.0,1.0,1.0,0.08277651704097419,0.5014698561373209,0.6016946526766804,0.23166247903554,1.0,1.0,1.0,1.0,0.6071428571428571,0.49829351535836175,0.5004179526748971,1.0,0.5254892544348596,0.6153846153846153,,1.0,1.0,0.4593006739855921,0.4593006739855921,0.7792207792207793,0.7792207792207793,0.0,1.0,1.0,0.684931506849315,0.4507042253521127,0.2898550724637681,0.17910447761194032,0.21849712035317273,0.6250000000000001,0.5,0.4444444444444444,0.5714285714285714,0.0
ck26_INFAI-ETI-AND-FRIENDS-A_ck26:24-en,0.33333333333333337,0.2,1.0,0.22583267309091243,0.47900718788057123,0.524561453006192,0.27429188517743175,1.0,0.33333333333333337,1.0,1.0,0.7666666666666667,0.45628997867803833,0.5644267920348004,1.0,0.5003029417533903,0.6717557251908396,,1.0,0.2,0.2969021879428218,0.2969021879428218,0.5737704918032787,0.5737704918032787,0.0,1.0,1.0,0.6722689075630253,0.4786324786324786,0.3652173913043478,0.26548672566371684,0.4035866741922869,0.7659574468085107,0.5319148936170213,0.49019607843137253,0.5813953488372093,0.0
ck26_INFAI-ETI-AND-FRIENDS-A_ck26:25-en,1.0,1.0,1.0,0.12669763924994512,0.3888172669553434,0.3230645189968986,0.16139047779640892,1.0,1.0,1.0,1.0,0.41304347826086957,0.3202479338842975,0.3189460911769804,1.0,0.22763496527560179,0.3496503496503497,,1.0,1.0,0.20554369664162345,0.20554369664162345,0.3650793650793651,0.3650793650793651,0.0,1.0,1.0,0.5037037037037037,0.27067669172932335,0.16793893129770993,0.07751937984496123,0.2302544980244102,0.5950413223140496,0.396694214876033,0.42857142857142855,0.36923076923076925,0.0
ck26_INFAI-ETI-AND-FRIENDS-A_ck26:26-en,1.0,1.0,1.0,0.05857560624486975,0.5011026843853889,0.5804795618616821,0.16666666666666666,1.0,1.0,1.0,1.0,0.375,0.47619047619047616,0.4803007392473118,1.0,0.15999374216487186,0.3703703703703704,,1.0,1.0,0.05164023601007273,0.05164023601007273,0.33333333333333337,0.33333333333333337,0.0,1.0,1.0,0.5161290322580645,0.26373626373626374,0.13483146067415733,0.06896551724137932,0.1210930592856287,0.43037974683544306,0.4050632911392405,0.2962962962962963,0.64,0.0
ck26_INFAI-ETI-AND-FRIENDS-A_ck26:27-en,1.0,1.0,1.0,0.25584678147991513,0.6107008258047614,0.4786910975134856,0.20521309615767264,1.0,1.0,1.0,1.0,0.5714285714285714,0.3422330097087378,0.48881554822148876,1.0,0.48958753404996574,0.5333333333333333,1.0,1.0,1.0,0.3373154824755109,0.3373154824755109,0.4098360655737705,0.4098360655737705,0.0,1.0,1.0,0.5436893203883496,0.33663366336633666,0.20202020202020202,0.10309278350515463,0.32784748902184735,0.6597938144329897,0.5567010309278351,0.5869565217391305,0.5294117647058824,0.0
ck26_INFAI-ETI-AND-FRIENDS-A_ck26:28-en,0.0,0.0,1.0,0.012084075351614551,0.4701973191910717,0.41599185050656357,0.1639607805437114,1.0,0.0,0.0,0.0,0.36585365853658536,0.2459893048128342,0.13175599910293787,0.0,0.12427175637828917,0.45454545454545453,,0.0,0.0,0.032172031766695225,0.032172031766695225,0.4,0.4,0.0,1.0,0.0,0.359375,0.1746031746031746,0.12903225806451613,0.08196721311475409,0.02864382763663137,0.34615384615384615,0.2692307692307692,0.5384615384615384,0.1794871794871795,0.16666666666666666
ck26_INFAI-ETI-AND-FRIENDS-A_ck26:29-en,0.0,0.0,0.0,0.16896936309914343,0.45474234077478587,0.4743857670876175,0.21089672205953397,0.0,0.0,0.0,0.0,0.5757575757575758,0.3013100436681223,0.34438775510204084,0.0,0.19555258334966483,0.30000000000000004,,0.0,0.0,0.28532204063410316,0.28532204063410316,0.43971631205673756,0.43971631205673756,0.0,1.0,0.0,0.4957264957264957,0.22608695652173916,0.1592920353982301,0.1081081081081081,0.1583640926029026,0.5555555555555556,0.39999999999999997,0.45,0.36,0.0
ck26_INFAI-ETI-AND-FRIENDS-A_ck26:3-en,1.0,1.0,1.0,0.14010300531454548,0.45343371053418846,0.8449079617742182,0.3333333333333333,1.0,1.0,1.0,1.0,0.7894736842105263,0.44134078212290506,0.5294873855053832,1.0,1.0,1.0,,1.0,1.0,1.0,1.0,1.0,1.0,0.0,1.0,1.0,0.8571428571428572,0.7234042553191491,0.6222222222222222,0.5581395348837209,0.4874858042804568,0.7826086956521738,0.608695652173913,0.7,0.5384615384615384,0.0
ck26_INFAI-ETI-AND-FRIENDS-A_ck26:30-en,1.0,1.0,1.0,0.2038497905595868,0.4259624476398967,0.5546479245209873,0.21712927295533244,1.0,1.0,1.0,1.0,0.5666666666666667,0.34541062801932365,0.36916786916786914,1.0,0.34416453205781905,0.43749999999999994,,1.0,1.0,0.23052238678232126,0.23052238678232126,0.44680851063829785,0.44680851063829785,0.0,1.0,1.0,0.5306122448979591,0.22916666666666666,0.14893617021276598,0.10869565217391304,0.30175639102187185,0.6808510638297872,0.5106382978723404,0.5,0.5217391304347826,0.0
ck26_INFAI-ETI-AND-FRIENDS-A_ck26:31-en,0.023809523809523805,0.014285714285714285,0.07142857142857142,0.21144360736979198,0.48402032213230306,0.5296769862997238,0.21089672205953397,0.0,0.023809523809523805,0.05405405405405407,1.0,0.5625,0.22867298578199047,0.491680328325917,0.3333333333333333,0.25148661321058824,0.3116883116883117,,0.0,0.014285714285714285,0.3437196573364447,0.3437196573364447,0.4078947368421053,0.4078947368421053,0.0,1.0,0.07142857142857142,0.3576158940397351,0.20134228187919465,0.12244897959183673,0.06896551724137932,0.21677427245469066,0.603448275862069,0.4655172413793104,0.391304347826087,0.574468085106383,0.0
ck26_INFAI-ETI-AND-FRIENDS-A_ck26:32-en,0.4106280193236715,0.40865384615384615,0.41262135922330095,0.2764400555717471,0.4441100138929368,0.49061455626920764,0.1951941016011038,0.0,0.4106280193236715,0.6666666666666666,1.0,0.5526315789473685,0.31026252983293556,0.41432555353834066,0.5,0.5192558777174091,0.4297520661157025,,0.0,0.40865384615384615,0.36703600080507026,0.36703600080507026,0.34146341463414637,0.34146341463414637,0.0,1.0,0.41262135922330095,0.5045045045045046,0.2752293577981651,0.1869158878504673,0.11428571428571428,0.42292333564276785,0.6597938144329897,0.4742268041237114,0.5,0.45098039215686275,0.0
ck26_INFAI-ETI-AND-FRIENDS-A_ck26:33-en,0.0,0.0,1.0,0.3034422031714574,0.61157483650715,0.41489390686672634,0.2,1.0,0.0,0.0,0.0,0.4838709677419355,0.4296296296296296,0.5775126356781838,0.0,0.6265936963195222,0.6865671641791046,,0.0,0.0,0.6052665103345164,0.6052665103345164,0.8307692307692307,0.8307692307692307,0.0,0.0,0.0,0.5,0.34285714285714286,0.23529411764705882,0.15151515151515152,0.3617634470745825,0.689655172413793,0.6206896551724138,0.6428571428571429,0.6,0.0
ck26_INFAI-ETI-AND-FRIENDS-A_ck26:34-en,0.7790055248618786,0.6920245398773006,0.8909952606635071,0.176011516880402,0.4662251014423227,0.40673842927562615,0.2402530733520421,0.0,0.7790055248618786,0.8571428571428571,1.0,0.5833333333333334,0.5286783042394014,0.48758865248226946,0.5,0.329539028361682,0.40384615384615385,,0.0,0.6920245398773006,0.2485364833746714,0.2485364833746714,0.4230769230769231,0.4230769230769231,0.0,1.0,0.8909952606635071,0.4523809523809524,0.1951219512195122,0.15,0.10256410256410257,0.3018862816890843,0.689655172413793,0.5057471264367817,0.4888888888888889,0.5238095238095238,0.0
ck26_INFAI-ETI-AND-FRIENDS-A_ck26:35-en,0.853287197231834,1.0,0.7441158720579361,0.040129217076687526,0.3336733137404143,0.4447074385282451,0.16139047779640892,0.0,0.853287197231834,,1.0,0.37209302325581395,0.432806324110672,0.2177617038376532,1.0,0.24451635814239742,0.38509316770186336,,1.0,1.0,0.07646308336863335,0.07646308336863335,0.29940119760479045,0.29940119760479045,0.0,1.0,0.7441158720579361,0.4273504273504274,0.1739130434782609,0.12389380530973454,0.0900900900900901,0.13898550158684045,0.5333333333333333,0.2857142857142857,0.30612244897959184,0.26785714285714285,0.0
ck26_INFAI-ETI-AND-FRIENDS-A_ck26:36-en,0.0,0.0,0.0,0.01918865846082185,0.38574218240845326,0.4041204031414044,0.18660549686337075,0.0,0.0,0.0,0.0,0.32142857142857145,0.2924901185770751,0.21355617455896006,0.0,0.11083802267550803,0.27118644067796616,,0.0,1.0,0.11776042643736906,0.11776042643736906,0.2903225806451613,0.2903225806451613,0.0,1.0,0.0,0.48484848484848486,0.3125,0.22580645161290322,0.16666666666666666,0.07787684774715305,0.509090909090909,0.3272727272727273,0.5294117647058824,0.23684210526315788,0.5
ck26_INFAI-ETI-AND-FRIENDS-A_ck26:37-en,0.0,0.0,0.0,0.2954154811815099,0.5898795113210186,0.6714415927956359,0.1907435698305462,0.0,0.0,0.0,0.0,0.55,0.3267326732673267,0.43992607766655567,0.0,0.40787514837663263,0.3333333333333333,0.0,0.0,1.0,0.295247363187719,0.295247363187719,0.31460674157303375,0.31460674157303375,0.0,1.0,0.0,0.625,0.36363636363636365,0.24074074074074076,0.1320754716981132,0.32409279587684564,0.6666666666666667,0.6178861788617886,0.7307692307692307,0.5352112676056338,0.0
ck26_INFAI-ETI-AND-FRIENDS-A_ck26:38-en,0.7430340557275543,0.7142857142857143,0.7741935483870968,0.07206659168458249,0.5282007246461153,0.4693071177587905,0.179128784747792,0.0,0.7430340557275543,0.8089887640449438,1.0,0.4166666666666667,0.3277182235834609,0.3204072249589491,0.5,0.20002705601655332,0.41666666666666663,,0.0,0.7142857142857143,0.07518256411148502,0.07518256411148502,0.40718562874251496,0.40718562874251496,0.0,1.0,0.7741935483870968,0.43137254901960786,0.18543046357615892,0.10738255033557047,0.06802721088435375,0.1595768482516594,0.5663716814159292,0.44247787610619466,0.49019607843137253,0.4032258064516129,0.0
ck26_INFAI-ETI-AND-FRIENDS-A_ck26:39-en,1.0,1.0,1.0,0.44350997780019935,0.7062722312921551,0.6212703558060724,0.3090169943749474,1.0,1.0,1.0,1.0,0.782608695652174,0.6111111111111112,0.6388748502545671,1.0,0.6378512009046996,0.7391304347826088,,1.0,1.0,0.41965971352197884,0.41965971352197884,0.5842696629213482,0.5842696629213482,0.0,1.0,1.0,0.7073170731707318,0.5,0.3846153846153847,0.2631578947368421,0.5230544659752115,0.6933333333333334,0.64,0.631578947368421,0.6486486486486487,0.0
ck26_INFAI-ETI-AND-FRIENDS-A_ck26:4-en,1.0,1.0,1.0,0.19105600040048562,0.5714126487487701,0.5849310575993911,0.25,1.0,1.0,1.0,1.0,0.6538461538461539,0.4876325088339223,0.6100128412153413,1.0,0.40470249998380387,0.49382716049382713,,1.0,1.0,0.10825294789422862,0.10825294789422862,0.38961038961038963,0.38961038961038963,0.0,1.0,1.0,0.5915492957746479,0.2608695652173913,0.11940298507462686,0.09230769230769231,0.28888797974689734,0.6478873239436619,0.619718309859155,0.5945945945945946,0.6470588235294118,0.0
ck26_INFAI-ETI-AND-FRIENDS-A_ck26:40-en,0.8,1.0,0.6666666666666666,0.16340836420369564,0.4741854243842572,0.5467982570756246,0.2402530733520421,0.0,0.8,0.7999999999999999,1.0,0.5833333333333334,0.34736842105263155,0.32711370262390677,1.0,0.2928298013714697,0.46938775510204084,,1.0,1.0,0.1548527282192556,0.1548527282192556,0.46938775510204084,0.46938775510204084,0.0,1.0,0.6666666666666666,0.4631578947368421,0.27956989247311825,0.1758241758241758,0.11235955056179775,0.24543612792919675,0.5428571428571428,0.4000000000000001,0.4,0.4,0.0
ck26_INFAI-ETI-AND-FRIENDS-A_ck26:41-en,0.48000000000000004,0.5,0.46153846153846156,0.1592187350680913,0.3820665885289276,0.3479620470782648,0.1566130288262323,0.0,0.48000000000000004,0.49999999999999994,1.0,0.3409090909090909,0.3391472868217055,0.28649208418326777,1.0,0.2554608395490067,0.23776223776223776,,1.0,0.5,0.19422833926793873,0.19422833926793873,0.21428571428571427,0.21428571428571427,0.0,1.0,0.46153846153846156,0.3333333333333333,0.13846153846153847,0.078125,0.0634920634920635,0.23036349628370037,0.5389221556886228,0.37125748502994016,0.36904761904761907,0.37349397590361444,0.0
ck26_INFAI-ETI-AND-FRIENDS-A_ck26:42-en,0.0,0.0,0.0,0.00010729938371575025,0.36766601082562994,0.2801583577616237,0.14118784806383944,0.0,0.0,0.0,0.0,0.2127659574468085,0.1513353115727003,0.048104091320072324,0.0,0.0007327115204339063,0.13422818791946306,,0.0,0.0,0.000502898787216697,0.000502898787216697,0.11111111111111112,0.11111111111111112,0.0,1.0,0.0,0.27419354838709675,0.1475409836065574,0.11666666666666667,0.0847457627118644,0.00042361003640275255,0.18840579710144928,0.11594202898550725,0.47058823529411764,0.06611570247933884,0.0
ck26_INFAI-ETI-AND-FRIENDS-A_ck26:43-en,1.0,1.0,1.0,0.024971678202179277,0.3378447909518829,0.5243788202755697,0.27429188517743175,0.0,1.0,,1.0,0.5625,0.29000000000000004,0.155,1.0,0.33025043908340385,0.5142857142857143,,1.0,1.0,0.19637780931708043,0.19637780931708043,0.4,0.4,0.0,1.0,1.0,0.4090909090909091,0.23809523809523808,0.2,0.15789473684210525,0.1626532918285058,0.5499999999999999,0.25,0.3333333333333333,0.2,0.0
ck26_INFAI-ETI-AND-FRIENDS-A_ck26:44-en,0.7559055118110236,0.6075949367088608,1.0,0.1138992567675251,0.5543676713347384,0.5290130672387693,0.20521309615767264,0.0,0.7559055118110236,0.9489795918367347,1.0,0.5454545454545454,0.4285714285714286,0.2986678932422536,0.5,0.09871898278317925,0.2992125984251969,,0.0,0.6075949367088608,0.06432360421430014,0.06432360421430014,0.3225806451612903,0.3225806451612903,0.0,1.0,1.0,0.5283018867924528,0.32692307692307687,0.19607843137254902,0.12000000000000002,0.078130895946173,0.4341085271317829,0.41860465116279066,0.675,0.30337078651685395,0.0
ck26_INFAI-ETI-AND-FRIENDS-A_ck26:45-en,1.0,1.0,1.0,0.38951748797593366,0.6037896284042399,0.7178716687062091,0.3090169943749474,1.0,1.0,1.0,1.0,0.7916666666666666,0.5028571428571429,0.6204564029767281,1.0,1.0,1.0,,1.0,1.0,1.0,1.0,1.0,1.0,0.0,1.0,1.0,0.6746987951807228,0.5185185185185185,0.40506329113924044,0.33766233766233766,0.5965781388730574,0.8363636363636363,0.6545454545454545,0.6923076923076923,0.6206896551724138,0.0
ck26_INFAI-ETI-AND-FRIENDS-A_ck26:46-en,1.0,1.0,1.0,0.25264736339869626,0.4798285075163407,0.4737571242819275,0.2612038749637414,1.0,1.0,1.0,1.0,0.7037037037037037,0.6180555555555556,0.6490885416666666,1.0,0.9039661390871763,0.8125,,1.0,1.0,1.0,1.0,1.0,1.0,0.0,1.0,1.0,0.6363636363636364,0.34375,0.22580645161290322,0.16666666666666666,0.773206710578356,0.9166666666666666,0.6666666666666666,0.6666666666666666,0.6666666666666666,0.0
ck26_INFAI-ETI-AND-FRIENDS-A_ck26:47-en,0.0,0.0,0.0,0.07063878852156036,0.3746550449855769,0.4780217663386874,0.21089672205953397,0.0,0.0,0.0,0.0,0.48148148148148145,0.37890625,0.3001469017094017,0.0,0.2084372623045822,0.38235294117647056,,0.0,0.0,0.3018129493172446,0.3018129493172446,0.39999999999999997,0.39999999999999997,0.0,1.0,0.0,0.5806451612903226,0.4666666666666667,0.37931034482758624,0.32142857142857145,0.10977980141449409,0.6666666666666666,0.380952380952381,0.4444444444444444,0.3333333333333333,0.0
ck26_INFAI-ETI-AND-FRIENDS-A_ck26:48-en,0.0,0.0,0.0,0.15965966146432164,0.6393793663498217,0.47238910537719364,0.3090169943749474,0.0,0.0,0.0,0.0,0.8,0.851063829787234,0.6582327586206898,0.0,0.8942255541978509,0.92,,0.0,1.0,0.1884474117972798,0.1884474117972798,0.6326530612244898,0.6326530612244898,0.0,1.0,0.0,0.7222222222222222,0.4857142857142857,0.35294117647058826,0.24242424242424243,0.42386852679520176,0.7931034482758621,0.6896551724137931,0.6896551724137931,0.6896551724137931,0.16666666666666666
ck26_INFAI-ETI-AND-FRIENDS-A_ck26:49-en,1.0,1.0,1.0,0.3478125761163508,0.6021046591806029,0.8031157077540441,0.3090169943749474,1.0,1.0,1.0,1.0,0.782608695652174,0.42756183745583043,0.6441209296218487,1.0,0.8725129388059689,0.8852459016393444,,1.0,1.0,0.5721248424548514,0.5721248424548514,0.6557377049180327,0.6557377049180327,0.0,1.0,1.0,0.7384615384615385,0.5714285714285713,0.4262295081967213,0.3389830508474576,0.5429329342584737,0.8260869565217391,0.6956521739130435,0.7272727272727273,0.6666666666666666,0.0
ck26_INFAI-ETI-AND-FRIENDS-A_ck26:5-en,1.0,1.0,1.0,0.055165880563672894,0.35947581478379537,0.8100172991859399,0.3333333333333333,1.0,1.0,1.0,1.0,0.7777777777777778,0.4293193717277487,0.5126596715328466,1.0,1.0,1.0,,1.0,1.0,1.0,1.0,1.0,1.0,0.0,1.0,1.0,0.7843137254901961,0.5306122448979592,0.3829787234042554,0.26666666666666666,0.28051550320162943,0.6060606060606061,0.4848484848484849,0.4,0.6153846153846154,0.0
ck26_INFAI-ETI-AND-FRIENDS-A_ck26:50-en,0.0,0.0,0.0,0.025651342273789797,0.40463424775019774,0.2752988806446741,0.1757340838011157,0.0,0.0,0.0,0.0,0.3125,0.31958762886597936,0.27156419345638266,0.0,0.04361294306265314,0.0909090909090909,,0.0,0.0,0.07652358312564979,0.07652358312564979,0.16666666666666666,0.16666666666666666,0.0,1.0,0.0,0.39285714285714285,0.22222222222222224,0.11538461538461538,0.08,0.047013053982488166,0.4680851063829787,0.3829787234042553,0.6,0.28125,0.0
ck26_INFAI-ETI-AND-FRIENDS-A_ck26:6-en,1.0,1.0,1.0,0.13243122130715332,0.4009757554355839,0.7812217445161664,0.3333333333333333,1.0,1.0,1.0,1.0,0.7647058823529411,0.5416666666666667,0.5133198317494937,1.0,0.6017502905599221,0.711111111111111,,1.0,1.0,0.6315552371794037,0.6315552371794037,0.8181818181818181,0.8181818181818181,0.0,1.0,1.0,0.7037037037037038,0.576923076923077,0.4799999999999999,0.4166666666666667,0.44534504264163466,0.6666666666666666,0.5185185185185186,0.5,0.5384615384615384,0.0
ck26_INFAI-ETI-AND-FRIENDS-A_ck26:7-en,1.0,1.0,1.0,0.06660854928710955,0.4050471250216069,0.72369302025194,0.28989794855663564,1.0,1.0,1.0,1.0,0.7,0.3820754716981132,0.44910179640718567,1.0,1.0,1.0,,1.0,1.0,1.0,1.0,1.0,1.0,0.0,1.0,1.0,0.6785714285714286,0.5185185185185186,0.4230769230769231,0.35999999999999993,0.43047668245605597,0.7741935483870968,0.5161290322580646,0.5714285714285714,0.47058823529411764,0.0
ck26_INFAI-ETI-AND-FRIENDS-A_ck26:8-en,1.0,1.0,1.0,0.03925446820001179,0.33132806144798743,0.6775225035379984,0.21712927295533244,1.0,1.0,1.0,1.0,0.5185185185185185,0.3717948717948718,0.5215419501133787,1.0,0.24623953025272619,0.4166666666666667,,1.0,1.0,0.05600374888575559,0.05600374888575559,0.37499999999999994,0.37499999999999994,0.0,1.0,1.0,0.5588235294117647,0.42424242424242425,0.34375000000000006,0.29032258064516125,0.14966430143807988,0.5116279069767441,0.41860465116279066,0.3,0.6923076923076923,0.0
ck26_INFAI-ETI-AND-FRIENDS-A_ck26:9-en,1.0,1.0,1.0,0.14913041249319167,0.3818771977178925,0.6731182406973185,0.20521309615767264,1.0,1.0,1.0,1.0,0.53125,0.4495114006514658,0.3518664909969258,1.0,0.4077941784307173,0.47368421052631576,,1.0,1.0,0.4049116787132508,0.4049116787132508,0.4864864864864865,0.4864864864864865,0.0,1.0,1.0,0.6024096385542169,0.3950617283950617,0.32911392405063294,0.25974025974025977,0.23399485663908418,0.5901639344262296,0.45901639344262296,0.3783783783783784,0.5833333333333334,0.0
ck26_INFAI-ETI-AND-FRIENDS-B_ck26:1-en,0.0,0.0,0.0,0.04114212836378983,0.28602082620859454,0.5189399785126421,0.11350416126511091,0.0,0.0,0.0,0.0,0.1527777777777778,0.12818003913894327,0.3042755563763967,0.0,0.09273289296989985,0.21276595744680854,,0.0,0.0,0.3291467773009902,0.3291467773009902,0.16666666666666666,0.16666666666666666,0.0,1.0,0.0,0.18181818181818182,0.14285714285714282,0.12371134020618557,0.10416666666666666,0.051265263059199706,0.21176470588235297,0.16470588235294117,0.10294117647058823,0.4117647058823529,0.0
ck26_INFAI-ETI-AND-FRIENDS-B_ck26:10-en,0.0,0.0,0.0,0.0,0.0,0.0,0.179128784747792,0.0,0.0,0.0,0.0,0.0,0.0,0.0,0.0,0.0,0.0,,0.0,1.0,0.0,0.0,0.0,0.0,0.0,0.0,0.0,0.0,0.0,0.0,0.0,0.0,0.0,0.0,0.0,0.0,0.0
ck26_INFAI-ETI-AND-FRIENDS-B_ck26:11-en,0.6666666666666666,0.5,1.0,0.0331139251349263,0.28753380043266774,0.47502883742369134,0.1111111111111111,0.0,0.6666666666666666,0.6666666666666666,1.0,0.16883116883116883,0.11939034716342078,0.38796132097567504,1.0,0.0581140537483224,0.2465753424657534,,1.0,0.5,0.03641712493031983,0.03641712493031983,0.22535211267605634,0.22535211267605634,0.0,1.0,1.0,0.1932367149758454,0.13658536585365852,0.09852216748768473,0.07960199004975124,0.04382590929829649,0.2702702702702703,0.1981981981981982,0.11702127659574468,0.6470588235294118,0.0
ck26_INFAI-ETI-AND-FRIENDS-B_ck26:12-en,0.0,0.0,0.0,0.04984649791742934,0.29268140469913756,0.4769717037629495,0.11268865367232477,0.0,0.0,0.0,0.0,0.17333333333333334,0.13256227758007122,0.4296504538680396,0.0,0.24850685748956688,0.3548387096774193,,0.0,1.0,0.17729842264695017,0.17729842264695017,0.3050847457627119,0.3050847457627119,0.0,1.0,0.0,0.19704433497536944,0.13930348258706465,0.11055276381909547,0.09137055837563453,0.11763989956733949,0.27777777777777773,0.2037037037037037,0.12087912087912088,0.6470588235294118,0.0
ck26_INFAI-ETI-AND-FRIENDS-B_ck26:13-en,0.0,0.0,0.0,0.11098603838270708,0.41302789487706204,0.3967077629443718,0.11787845042814334,0.0,0.0,0.0,0.0,0.2112676056338028,0.1228239845261122,0.5499722474816066,0.0,0.5811493732471116,0.4255319148936171,,0.0,0.0,0.4918537211621339,0.4918537211621339,0.4255319148936171,0.4255319148936171,0.0,1.0,0.0,0.20320855614973266,0.12972972972972974,0.09836065573770493,0.07734806629834255,0.1258992707516994,0.3366336633663366,0.31683168316831684,0.2077922077922078,0.6666666666666666,0.0
ck26_INFAI-ETI-AND-FRIENDS-B_ck26:14-en,0.0,0.0,0.0,0.0,0.0,0.0,0.1827439976315568,0.0,0.0,0.0,0.0,0.0,0.0,0.0,0.0,0.0,0.0,,0.0,1.0,0.0,0.0,0.0,0.0,0.0,0.0,0.0,0.0,0.0,0.0,0.0,0.0,0.0,0.0,0.0,0.0,0.0
ck26_INFAI-ETI-AND-FRIENDS-B_ck26:15-en,0.0,0.0,0.0,0.1361325692962512,0.5011973214285405,0.4370715927522704,0.1111111111111111,0.0,0.0,0.0,0.0,0.26436781609195403,0.1824966078697422,0.5624583619594863,0.0,0.23064064788211633,0.3221476510067114,,0.0,1.0,0.17547209908035757,0.17547209908035757,0.23,0.23,0.0,1.0,0.0,0.2765957446808511,0.17857142857142855,0.12949640287769784,0.09420289855072463,0.11764843939925478,0.4432432432432433,0.3891891891891892,0.26865671641791045,0.7058823529411765,0.0
ck26_INFAI-ETI-AND-FRIENDS-B_ck26:16-en,0.0,0.0,1.0,0.029242000451898918,0.41529902516764206,0.4448803794686828,0.11787845042814334,0.0,0.0,0.0,0.0,0.17647058823529413,0.11857707509881421,0.3611650485436893,0.0,0.12807327174314076,0.48648648648648646,,0.0,0.0,0.11044506896905561,0.11044506896905561,0.5263157894736842,0.5263157894736842,0.0,1.0,0.0,0.15384615384615385,0.1,0.06741573033707865,0.05681818181818182,0.03387078060563054,0.20930232558139536,0.23255813953488372,0.14084507042253522,0.6666666666666666,0.0
ck26_INFAI-ETI-AND-FRIENDS-B_ck26:17-en,0.0,0.0,0.0,0.0,0.0,0.0,0.2,0.0,0.0,0.0,0.0,0.0,0.0,0.0,0.0,0.0,0.0,,0.0,1.0,0.0,0.0,0.0,0.0,0.0,0.0,0.0,0.0,0.0,0.0,0.0,0.0,0.0,0.0,0.0,0.0,0.0
ck26_INFAI-ETI-AND-FRIENDS-B_ck26:18-en,0.0,0.0,0.0,0.0,0.0,0.0,0.17253779651421453,0.0,0.0,0.0,0.0,0.0,0.0,0.0,0.0,0.0,0.0,,0.0,1.0,0.0,0.0,0.0,0.0,0.0,0.0,0.0,0.0,0.0,0.0,0.0,0.0,0.0,0.0,0.0,0.0,0.0
ck26_INFAI-ETI-AND-FRIENDS-B_ck26:19-en,0.0,0.0,0.0,0.15993626831508873,0.4374199645146696,0.35673932723334245,0.11978243827074593,0.0,0.0,0.0,0.0,0.22857142857142856,0.14314720812182746,0.5773230088495577,0.0,0.4156761142079494,0.41379310344827586,,0.0,0.0,0.3652779667133232,0.3652779667133232,0.32786885245901637,0.32786885245901637,0.0,1.0,0.0,0.22797927461139894,0.1675392670157068,0.12698412698412698,0.0962566844919786,0.14816851906931805,0.41121495327102797,0.37383177570093457,0.2564102564102564,0.6896551724137931,0.0
ck26_INFAI-ETI-AND-FRIENDS-B_ck26:2-en,0.0,0.0,0.0,0.02810072130276062,0.28613518640566493,0.5324922245576517,0.11606619483971768,0.0,0.0,0.0,0.0,0.18309859154929578,0.12384851586489254,0.4056437389770724,0.0,0.2460137257692754,0.24390243902439024,,0.0,1.0,0.05090643635966016,0.05090643635966016,0.1904761904761905,0.1904761904761905,0.0,1.0,0.0,0.1827956989247312,0.09782608695652174,0.06593406593406594,0.05555555555555555,0.05942965172166591,0.25882352941176473,0.21176470588235294,0.125,0.6923076923076923,0.0
ck26_INFAI-ETI-AND-FRIENDS-B_ck26:20-en,0.0,0.0,0.0,0.0,0.0,0.0,0.179128784747792,0.0,0.0,0.0,0.0,0.0,0.0,0.0,0.0,0.0,0.0,,0.0,1.0,0.0,0.0,0.0,0.0,0.0,0.0,0.0,0.0,0.0,0.0,0.0,0.0,0.0,0.0,0.0,0.0,0.0
ck26_INFAI-ETI-AND-FRIENDS-B_ck26:21-en,0.0,0.0,0.0,0.10498997745973271,0.3371170595823245,0.3526777679472353,0.11034777731716484,0.0,0.0,0.0,0.0,0.2073170731707317,0.1824381926683717,0.49706877943485095,0.0,0.39543579559003206,0.4126984126984127,,0.0,1.0,0.3265462321240372,0.3265462321240372,0.2809917355371901,0.2809917355371901,0.0,1.0,0.0,0.26122448979591834,0.1234567901234568,0.07468879668049792,0.05857740585774059,0.2071907573817308,0.48749999999999993,0.35000000000000003,0.24347826086956523,0.6222222222222222,0.6
ck26_INFAI-ETI-AND-FRIENDS-B_ck26:22-en,0.0,0.0,0.0,0.0,0.0,0.0,0.1951941016011038,0.0,0.0,0.0,0.0,0.0,0.0,0.0,0.0,0.0,0.0,,0.0,1.0,0.0,0.0,0.0,0.0,0.0,0.0,0.0,0.0,0.0,0.0,0.0,0.0,0.0,0.0,0.0,0.0,0.0
ck26_INFAI-ETI-AND-FRIENDS-B_ck26:23-en,0.0,0.0,0.0,0.0691534451192778,0.43802006859689263,0.5953770440288861,0.11606619483971768,0.0,0.0,0.0,0.0,0.22666666666666666,0.15226689478186484,0.5115211152111522,0.0,0.5875766810867468,0.6341463414634146,,0.0,1.0,0.40472720024780906,0.40472720024780906,0.674698795180723,0.674698795180723,0.0,1.0,0.0,0.26905829596412556,0.19004524886877827,0.136986301369863,0.10138248847926266,0.10720173593511537,0.3495145631067961,0.2912621359223301,0.18292682926829268,0.7142857142857143,0.2
ck26_INFAI-ETI-AND-FRIENDS-B_ck26:24-en,0.0,0.0,0.0,0.0,0.0,0.0,0.1639607805437114,0.0,0.0,0.0,0.0,0.0,0.0,0.0,0.0,0.0,0.0,,0.0,1.0,0.0,0.0,0.0,0.0,0.0,0.0,0.0,0.0,0.0,0.0,0.0,0.0,0.0,0.0,0.0,0.0,0.0
ck26_INFAI-ETI-AND-FRIENDS-B_ck26:25-en,0.0,0.0,0.0,0.0,0.0,0.0,0.15225881209433406,0.0,0.0,0.0,0.0,0.0,0.0,0.0,0.0,0.0,0.0,,0.0,1.0,0.0,0.0,0.0,0.0,0.0,0.0,0.0,0.0,0.0,0.0,0.0,0.0,0.0,0.0,0.0,0.0,0.0
ck26_INFAI-ETI-AND-FRIENDS-B_ck26:26-en,1.0,1.0,1.0,0.04890348401717557,0.4783717043376272,0.5686828549042016,0.11787845042814334,1.0,1.0,1.0,1.0,0.28205128205128205,0.18995815899581592,0.47350299013643316,1.0,0.18731107713279088,0.5087719298245614,,1.0,1.0,0.3392232499261088,0.3392232499261088,0.625,0.625,0.0,1.0,1.0,0.2972972972972973,0.19999999999999998,0.13761467889908258,0.1111111111111111,0.08498058396562032,0.347107438016529,0.3140495867768595,0.19791666666666666,0.76,0.0
ck26_INFAI-ETI-AND-FRIENDS-B_ck26:27-en,0.8478964401294499,1.0,0.7359550561797753,0.1755599467581271,0.5288414430002114,0.6038604364346588,0.12178632452799958,0.0,0.8478964401294499,0.8442622950819672,1.0,0.34177215189873417,0.26405451448040884,0.5804197835717917,1.0,0.4297498576925287,0.44628099173553715,1.0,1.0,1.0,0.3092923161850889,0.3092923161850889,0.27419354838709675,0.27419354838709675,0.0,1.0,0.7359550561797753,0.38016528925619836,0.26666666666666666,0.20168067226890754,0.15254237288135591,0.2214871448944768,0.5194805194805194,0.45454545454545453,0.33980582524271846,0.6862745098039216,0.0
ck26_INFAI-ETI-AND-FRIENDS-B_ck26:28-en,0.0,0.0,1.0,0.12932954194515578,0.4891080864208684,0.4285251743445729,0.10171118008217982,1.0,0.0,0.0,0.0,0.1958762886597938,0.2116182572614108,0.30958351202038287,0.0,0.1532122124845786,0.4473684210526316,,0.0,0.0,0.15980638418273171,0.15980638418273171,0.47368421052631576,0.47368421052631576,0.0,1.0,0.0,0.2548262548262548,0.13229571984435798,0.08627450980392157,0.06324110671936758,0.08947458718098106,0.4540540540540541,0.3783783783783784,0.32710280373831774,0.44871794871794873,0.14285714285714285
ck26_INFAI-ETI-AND-FRIENDS-B_ck26:29-en,0.0,0.0,0.0,0.0,0.0,0.0,0.15438708879488486,0.0,0.0,0.0,0.0,0.0,0.0,0.0,0.0,0.0,0.0,,0.0,1.0,0.0,0.0,0.0,0.0,0.0,0.0,0.0,0.0,0.0,0.0,0.0,0.0,0.0,0.0,0.0,0.0,0.0
ck26_INFAI-ETI-AND-FRIENDS-B_ck26:3-en,0.0,0.0,0.0,0.029671370021018564,0.2854878427297871,0.5517075721756981,0.11606619483971768,0.0,0.0,0.0,0.0,0.18309859154929578,0.12587412587412583,0.3837943989071039,0.0,0.2260035337078766,0.2926829268292683,,0.0,0.0,0.5133450480401704,0.5133450480401704,0.380952380952381,0.380952380952381,0.0,1.0,0.0,0.20105820105820105,0.16042780748663102,0.12972972972972974,0.1092896174863388,0.045694952606572345,0.25316455696202533,0.20253164556962025,0.12121212121212122,0.6153846153846154,0.0
ck26_INFAI-ETI-AND-FRIENDS-B_ck26:30-en,0.4761904761904762,0.35714285714285715,0.7142857142857143,0.12767987728968533,0.4135526223836458,0.46532569296635273,0.11519216806670013,0.0,0.4761904761904762,0.5714285714285714,1.0,0.24358974358974358,0.19714540588760032,0.5781459808349609,0.5,0.2384238580979267,0.20224719101123595,,0.0,0.35714285714285715,0.41037800886487863,0.41037800886487863,0.24719101123595508,0.24719101123595508,0.0,1.0,0.7142857142857143,0.2636363636363636,0.13761467889908258,0.08333333333333333,0.04672897196261682,0.10672610618796038,0.513888888888889,0.4444444444444445,0.32653061224489793,0.6956521739130435,0.0
ck26_INFAI-ETI-AND-FRIENDS-B_ck26:31-en,0.0,0.0,0.0,0.031928583755902434,0.29721731006958696,0.40347252012359136,0.10745035092526581,0.0,0.0,0.0,0.0,0.1375,0.16427104722792607,0.19128787878787878,0.0,0.014802018764507756,0.21621621621621623,,0.0,1.0,0.05401450922909956,0.05401450922909956,0.28947368421052627,0.28947368421052627,0.0,1.0,0.0,0.16425120772946858,0.0878048780487805,0.05911330049261084,0.04975124378109452,0.03533478636429462,0.2521008403361345,0.2016806722689075,0.16666666666666666,0.2553191489361702,0.0
ck26_INFAI-ETI-AND-FRIENDS-B_ck26:32-en,0.0,0.0,0.0,0.1290528108513934,0.35726320271284834,0.4195906791483446,0.11350416126511091,0.0,0.0,0.0,0.0,0.25609756097560976,0.20146520146520142,0.44963907441138773,0.0,0.40855580969845096,0.4403669724770642,,0.0,1.0,0.1198596902644627,0.1198596902644627,0.3539823008849558,0.3539823008849558,0.0,1.0,0.0,0.26126126126126126,0.14545454545454545,0.08256880733944955,0.06481481481481481,0.2240606889663679,0.49645390070921996,0.3829787234042553,0.3,0.5294117647058824,0.25
ck26_INFAI-ETI-AND-FRIENDS-B_ck26:33-en,0.0,0.0,1.0,0.13674406678232567,0.3450834525930173,0.6776902458085619,0.11881849050177154,0.0,0.0,0.0,0.0,0.26666666666666666,0.20619554695062925,0.49300315216353047,0.0,0.5186653964016543,0.49056603773584906,,0.0,0.0,0.3400215619680846,0.3400215619680846,0.5555555555555555,0.5555555555555555,0.0,1.0,0.0,0.28155339805825247,0.2156862745098039,0.1881188118811881,0.16000000000000003,0.17725089152452633,0.4074074074074074,0.3518518518518518,0.24358974358974358,0.6333333333333333,0.0
ck26_INFAI-ETI-AND-FRIENDS-B_ck26:34-en,0.8350923482849605,0.7168742921857305,1.0,0.052757762671119944,0.3781830102932797,0.48806098075846743,0.11787845042814334,1.0,0.8350923482849605,1.0,1.0,0.2222222222222222,0.24277456647398843,0.4738585648380303,0.5,0.2374623916401502,0.46601941747572817,,0.0,0.7168742921857305,0.20374101738243178,0.20374101738243178,0.4854368932038835,0.4854368932038835,0.0,1.0,1.0,0.2624434389140271,0.1461187214611872,0.09216589861751151,0.06511627906976744,0.1010000824676841,0.5,0.38235294117647056,0.2765957446808511,0.6190476190476191,0.0
ck26_INFAI-ETI-AND-FRIENDS-B_ck26:35-en,0.0,0.0,0.0,0.0,0.0,0.0,0.15022110482233483,0.0,0.0,0.0,0.0,0.0,0.0,0.0,0.0,0.0,0.0,,0.0,1.0,0.0,0.0,0.0,0.0,0.0,0.0,0.0,0.0,0.0,0.0,0.0,0.0,0.0,0.0,0.0,0.0,0.0
ck26_INFAI-ETI-AND-FRIENDS-B_ck26:36-en,0.0,0.0,0.0,0.06476745499054047,0.32369186374763514,0.49373585463454145,0.11268865367232477,0.0,0.0,0.0,0.0,0.225,0.156910569105691,0.44819047293193853,0.0,0.19419215986529054,0.2268041237113402,,0.0,0.0,0.20959301828483506,0.20959301828483506,0.2626262626262626,0.2626262626262626,0.0,1.0,0.0,0.26382978723404255,0.1630901287553648,0.12121212121212122,0.09606986899563319,0.09119835315977422,0.44927536231884063,0.33333333333333337,0.23,0.6052631578947368,0.0
ck26_INFAI-ETI-AND-FRIENDS-B_ck26:37-en,0.8444444444444443,0.7307692307692307,1.0,0.2627370515055437,0.5496586218507449,0.5988169873724289,0.11519216806670013,0.0,0.8444444444444443,0.8235294117647058,1.0,0.32954545454545453,0.2743437764606266,0.5237683308617566,1.0,0.5253631796877481,0.4462809917355372,1.0541747074721042,1.0,0.7307692307692307,0.3401115743021018,0.3401115743021018,0.27522935779816515,0.27522935779816515,0.0,1.0,1.0,0.3650793650793651,0.25599999999999995,0.1935483870967742,0.14634146341463417,0.30529004408080246,0.5957446808510638,0.5425531914893617,0.4358974358974359,0.7183098591549296,0.0
ck26_INFAI-ETI-AND-FRIENDS-B_ck26:38-en,0.0,0.0,0.0,0.0,0.0,0.0,0.15225881209433406,0.0,0.0,0.0,0.0,0.0,0.0,0.0,0.0,0.0,0.0,,0.0,1.0,0.0,0.0,0.0,0.0,0.0,0.0,0.0,0.0,0.0,0.0,0.0,0.0,0.0,0.0,0.0,0.0,0.0
ck26_INFAI-ETI-AND-FRIENDS-B_ck26:39-en,0.0,0.0,0.0,0.06987819057784406,0.5034191600475618,0.5482113957739654,0.1111111111111111,0.0,0.0,0.0,0.0,0.2,0.2014162077104642,0.4401385281385281,0.0,0.17382169635159891,0.3333333333333333,,0.0,1.0,0.05885682559367141,0.05885682559367141,0.2537313432835821,0.2537313432835821,0.0,1.0,0.0,0.2761506276150627,0.14345991561181434,0.07659574468085106,0.05150214592274678,0.10592540458884389,0.3253012048192771,0.30120481927710846,0.1937984496124031,0.6756756756756757,0.5
ck26_INFAI-ETI-AND-FRIENDS-B_ck26:4-en,0.0,0.0,0.0,0.07793471213139401,0.3798560184583804,0.3008774197030934,0.11350416126511091,0.0,0.0,0.0,0.0,0.19736842105263158,0.1524334251606979,0.4151662049861496,0.0,0.16363439328916124,0.1142857142857143,,0.0,1.0,0.06326667778580748,0.06326667778580748,0.1142857142857143,0.1142857142857143,0.0,1.0,0.0,0.1826923076923077,0.11650485436893204,0.0784313725490196,0.059405940594059396,0.06820697499872125,0.34375,0.28125,0.19148936170212766,0.5294117647058824,0.0
ck26_INFAI-ETI-AND-FRIENDS-B_ck26:40-en,0.0,0.0,0.0,0.0659121018745479,0.4813098297499825,0.4587380658140548,0.1111111111111111,0.0,0.0,0.0,0.0,0.20987654320987653,0.17603305785123968,0.4365346767637873,0.0,0.2322365386782331,0.34920634920634924,,0.0,1.0,0.05051507614127249,0.05051507614127249,0.2564102564102564,0.2564102564102564,0.0,1.0,0.0,0.23893805309734512,0.125,0.08108108108108109,0.04545454545454545,0.12093571502278792,0.33333333333333337,0.2916666666666667,0.1926605504587156,0.6,0.0
ck26_INFAI-ETI-AND-FRIENDS-B_ck26:41-en,0.48000000000000004,0.5,0.46153846153846156,0.05379900655734257,0.36473012029019974,0.4266066266707025,0.10676232268609791,0.0,0.48000000000000004,0.49999999999999994,1.0,0.19540229885057472,0.2080645161290322,0.3117470803350242,1.0,0.2606992452466239,0.29687500000000006,,1.0,0.5,0.11570001767595268,0.11570001767595268,0.2439024390243902,0.2439024390243902,0.0,1.0,0.46153846153846156,0.22568093385214008,0.10196078431372549,0.0632411067193676,0.0398406374501992,0.14379928145964027,0.44776119402985076,0.3283582089552239,0.2796610169491525,0.39759036144578314,0.0
ck26_INFAI-ETI-AND-FRIENDS-B_ck26:42-en,0.0,0.0,0.0,0.21721148967778778,0.4784100152765898,0.48217112213378016,0.11034777731716484,0.0,0.0,0.0,0.0,0.3010752688172043,0.2102689486552567,0.361751873438801,0.0,0.15847902729992935,0.29591836734693877,,0.0,1.0,0.08339862466541856,0.08339862466541856,0.2887700534759359,0.2887700534759359,0.0,1.0,0.0,0.34843205574912894,0.24561403508771928,0.16254416961130744,0.1209964412811388,0.22693019475630638,0.5064377682403433,0.4291845493562232,0.44642857142857145,0.4132231404958678,0.0
ck26_INFAI-ETI-AND-FRIENDS-B_ck26:43-en,0.038834951456310676,1.0,0.019801980198019802,0.03634467254249595,0.294259232719457,0.4541341396153042,0.11881849050177154,0.0,0.038834951456310676,0.020429009193054137,1.0,0.1791044776119403,0.1038095238095238,0.3362573099415205,1.0,0.4805212179017457,0.5128205128205129,,1.0,1.0,0.23713320246552005,0.23713320246552005,0.3414634146341463,0.3414634146341463,0.0,1.0,0.019801980198019802,0.14130434782608695,0.0879120879120879,0.06666666666666667,0.056179775280898875,0.1418021704004072,0.34615384615384615,0.23076923076923078,0.1518987341772152,0.48,0.0
ck26_INFAI-ETI-AND-FRIENDS-B_ck26:44-en,0.0,0.0,0.0,0.0,0.0,0.0,0.15225881209433406,0.0,0.0,0.0,0.0,0.0,0.0,0.0,0.0,0.0,0.0,,0.0,1.0,0.0,0.0,0.0,0.0,0.0,0.0,0.0,0.0,0.0,0.0,0.0,0.0,0.0,0.0,0.0,0.0,0.0
ck26_INFAI-ETI-AND-FRIENDS-B_ck26:45-en,0.0,0.0,0.0,0.0,0.0,0.0,0.17253779651421453,0.0,0.0,0.0,0.0,0.0,0.0,0.0,0.0,0.0,0.0,,0.0,1.0,0.0,0.0,0.0,0.0,0.0,0.0,0.0,0.0,0.0,0.0,0.0,0.0,0.0,0.0,0.0,0.0,0.0
ck26_INFAI-ETI-AND-FRIENDS-B_ck26:46-en,0.0,0.0,0.0,0.09633902946926692,0.34173181619084614,0.2932985981477645,0.11433841851550565,0.0,0.0,0.0,0.0,0.22077922077922077,0.14657666345226616,0.5315884101108794,0.0,0.661204602194716,0.5555555555555556,,0.0,0.0,0.3065153185087319,0.3065153185087319,0.2105263157894737,0.2105263157894737,0.0,1.0,0.0,0.20100502512562812,0.12182741116751268,0.07179487179487179,0.05181347150259067,0.2664129393948281,0.49586776859504134,0.3801652892561983,0.27058823529411763,0.6388888888888888,0.0
ck26_INFAI-ETI-AND-FRIENDS-B_ck26:47-en,1.0,1.0,1.0,0.22447869460307154,0.5606928443824752,0.5268676273672344,0.122828568570857,1.0,1.0,1.0,1.0,0.2916666666666667,0.2120946538124452,0.7129832492096068,1.0,0.9132027013286009,1.0,,1.0,1.0,1.0,1.0,1.0,1.0,0.0,1.0,1.0,0.3055555555555556,0.28971962616822433,0.27358490566037735,0.2571428571428571,0.26959809296971293,0.45283018867924524,0.4150943396226415,0.2682926829268293,0.9166666666666666,0.0
ck26_INFAI-ETI-AND-FRIENDS-B_ck26:48-en,0.0,0.0,0.0,0.15556682049500933,0.4835119582883093,0.47059105250452654,0.12178632452799958,0.0,0.0,0.0,0.0,0.2777777777777778,0.20037278657968316,0.6166747690811861,0.0,0.6655380603108494,0.8351648351648352,,0.0,1.0,0.3247977183883475,0.3247977183883475,0.6067415730337078,0.6067415730337078,0.0,1.0,0.0,0.2815533980582524,0.23529411764705882,0.1881188118811881,0.15000000000000002,0.22714924905811987,0.46296296296296297,0.4074074074074074,0.27848101265822783,0.7586206896551724,0.0
ck26_INFAI-ETI-AND-FRIENDS-B_ck26:49-en,0.0,0.0,0.0,0.0,0.0,0.0,0.1757340838011157,0.0,0.0,0.0,0.0,0.0,0.0,0.0,0.0,0.0,0.0,,0.0,1.0,0.0,0.0,0.0,0.0,0.0,0.0,0.0,0.0,0.0,0.0,0.0,0.0,0.0,0.0,0.0,0.0,0.0
ck26_INFAI-ETI-AND-FRIENDS-B_ck26:5-en,0.6666666666666666,0.5,1.0,0.032189756403687736,0.28250396084005236,0.5012403889067957,0.11189119247086728,1.0,0.6666666666666666,1.0,1.0,0.16,0.1122715404699739,0.3668261562998406,1.0,0.08635800047213174,0.21428571428571427,,1.0,0.5,0.13102495978815187,0.13102495978815187,0.25,0.25,0.0,1.0,1.0,0.18,0.1313131313131313,0.10204081632653061,0.08247422680412371,0.0529715946034933,0.20952380952380953,0.17142857142857143,0.09782608695652174,0.6923076923076923,0.0
ck26_INFAI-ETI-AND-FRIENDS-B_ck26:50-en,1.0,1.0,1.0,0.13050875138844037,0.436185240281567,0.327959413722461,0.11978243827074593,1.0,1.0,1.0,1.0,0.2602739726027397,0.15306122448979587,0.6476604774535809,1.0,0.5096800214871768,0.2962962962962963,,1.0,1.0,0.7365589940842712,0.7365589940842712,0.5964912280701754,0.5964912280701754,0.0,1.0,1.0,0.22110552763819097,0.14213197969543148,0.10256410256410256,0.07253886010362694,0.1900106762720128,0.5123966942148761,0.4132231404958678,0.2808988764044944,0.78125,0.0
ck26_INFAI-ETI-AND-FRIENDS-B_ck26:6-en,0.8333333333333333,1.0,0.7142857142857143,0.03011834967182607,0.28884029579740017,0.520814496344111,0.11978243827074593,0.0,0.8333333333333333,0.8333333333333334,1.0,0.20588235294117646,0.1391129032258065,0.41666666666666674,1.0,0.5555238068023582,0.8648648648648649,,1.0,1.0,0.5331675363405771,0.5331675363405771,0.8205128205128205,0.8205128205128205,0.0,1.0,0.7142857142857143,0.22459893048128343,0.1837837837837838,0.16393442622950818,0.143646408839779,0.08901587779869974,0.275,0.225,0.13432835820895522,0.6923076923076923,0.0
ck26_INFAI-ETI-AND-FRIENDS-B_ck26:7-en,1.0,1.0,1.0,0.03311512459812993,0.28405197702582113,0.5033288494884459,0.10886898139200682,1.0,1.0,1.0,1.0,0.14102564102564102,0.11561181434599155,0.375,1.0,0.08631929238178107,0.2278481012658228,,1.0,1.0,0.0259382976973207,0.0259382976973207,0.2278481012658228,0.2278481012658228,0.0,1.0,1.0,0.1714285714285714,0.125,0.0970873786407767,0.0784313725490196,0.05541220204990121,0.24561403508771928,0.17543859649122806,0.10309278350515463,0.5882352941176471,0.0
ck26_INFAI-ETI-AND-FRIENDS-B_ck26:8-en,0.0,0.0,0.0,0.02710170511961123,0.28166318713961863,0.5019117350094271,0.11519216806670013,0.0,0.0,0.0,0.0,0.15714285714285714,0.12127440904419318,0.31453240636914104,0.0,0.15289069313303227,0.16666666666666666,,0.0,0.0,0.4854917717073234,0.4854917717073234,0.21621621621621623,0.21621621621621623,0.0,1.0,0.0,0.1739130434782609,0.13186813186813187,0.11111111111111112,0.08988764044943821,0.03687864162707149,0.23076923076923078,0.17948717948717952,0.1076923076923077,0.5384615384615384,0.0
ck26_INFAI-ETI-AND-FRIENDS-B_ck26:9-en,0.0,0.0,0.0,0.0,0.0,0.0,0.1827439976315568,0.0,0.0,0.0,0.0,0.0,0.0,0.0,0.0,0.0,0.0,,0.0,1.0,0.0,0.0,0.0,0.0,0.0,0.0,0.0,0.0,0.0,0.0,0.0,0.0,0.0,0.0,0.0,0.0,0.0
ck26_INFAI-ETI-AND-FRIENDS-C_ck26:1-en,0.6666666666666666,0.5,1.0,0.022378387033642973,0.2825841308772525,0.4830720733145221,0.10960059084055324,0.0,0.6666666666666666,0.6666666666666666,1.0,0.15384615384615385,0.13145082765335925,0.31,1.0,0.06112778202452947,0.2903225806451613,,1.0,0.5,0.03186953749532743,0.03186953749532743,0.2580645161290323,0.2580645161290323,0.0,1.0,1.0,0.1846153846153846,0.09326424870466321,0.06282722513089005,0.05291005291005291,0.03164781844701211,0.23076923076923078,0.19230769230769232,0.11494252873563218,0.5882352941176471,0.0
ck26_INFAI-ETI-AND-FRIENDS-C_ck26:10-en,0.0,0.0,0.0,0.04303022129037125,0.30097760259438977,0.5304019550336834,0.11881849050177154,0.0,0.0,0.0,0.0,0.2361111111111111,0.1663533834586466,0.41895456503014633,0.0,0.13903356259359415,0.6666666666666666,,0.0,0.0,0.5168242559252793,0.5168242559252793,0.7837837837837839,0.7837837837837839,0.0,1.0,0.0,0.29523809523809524,0.25000000000000006,0.2233009708737864,0.196078431372549,0.05117184531865106,0.3111111111111111,0.26666666666666666,0.17391304347826086,0.5714285714285714,0.0
ck26_INFAI-ETI-AND-FRIENDS-C_ck26:11-en,1.0,1.0,1.0,0.04158061044130367,0.3017433368019473,0.4930338210364448,0.11787845042814334,1.0,1.0,1.0,1.0,0.2222222222222222,0.1596153846153846,0.5081950044509609,1.0,0.6389431042462724,0.8571428571428572,,1.0,1.0,0.722160038719837,0.722160038719837,0.9285714285714286,0.9285714285714286,0.0,1.0,1.0,0.24489795918367344,0.1958762886597938,0.15625,0.1368421052631579,0.14477222103995402,0.37777777777777777,0.28888888888888886,0.1780821917808219,0.7647058823529411,0.0
ck26_INFAI-ETI-AND-FRIENDS-C_ck26:12-en,1.0,1.0,1.0,0.034336750803403454,0.29883630624550866,0.4940026445705571,0.11978243827074593,1.0,1.0,1.0,1.0,0.22857142857142856,0.1601941747572816,0.4847097658196314,1.0,0.5515397895542207,0.8679245283018868,,1.0,1.0,1.0,1.0,1.0,1.0,0.0,1.0,1.0,0.24870466321243523,0.19895287958115185,0.15873015873015872,0.13903743315508021,0.11448279885086109,0.3448275862068966,0.2758620689655173,0.17142857142857143,0.7058823529411765,0.0
ck26_INFAI-ETI-AND-FRIENDS-C_ck26:13-en,0.0,0.0,0.0,0.06471293257861663,0.39885367174114533,0.39655301054412234,0.11787845042814334,0.0,0.0,0.0,0.0,0.2,0.12063808574277168,0.5136986301369862,0.0,0.43120626179286475,0.30434782608695654,,0.0,0.0,0.3086883400264,0.3086883400264,0.34782608695652173,0.34782608695652173,0.0,1.0,0.0,0.1935483870967742,0.10869565217391304,0.06593406593406594,0.05555555555555555,0.08490292194134245,0.32,0.3,0.19736842105263158,0.625,0.0
ck26_INFAI-ETI-AND-FRIENDS-C_ck26:14-en,1.0,1.0,1.0,0.04502373555813039,0.42514482277842147,0.4325737532196903,0.11433841851550565,1.0,1.0,1.0,1.0,0.22077922077922077,0.146763901549681,0.38009289737400337,1.0,0.24185111985251767,0.43373493975903615,,1.0,1.0,0.070061422004704,0.070061422004704,0.34146341463414637,0.34146341463414637,0.0,1.0,1.0,0.21359223300970878,0.11764705882352941,0.0792079207920792,0.06,0.09924774117023724,0.3063063063063063,0.25225225225225223,0.15555555555555556,0.6666666666666666,0.0
ck26_INFAI-ETI-AND-FRIENDS-C_ck26:15-en,0.5,0.3333333333333333,1.0,0.03529536892493181,0.4725332301856442,0.4537252635443843,0.11433841851550565,1.0,0.5,1.0,1.0,0.2682926829268293,0.18734177215189873,0.3181048824593129,1.0,0.15096431459111292,0.4925373134328358,,1.0,0.3333333333333333,0.17717757843038673,0.17717757843038673,0.4064171122994652,0.4064171122994652,0.0,1.0,1.0,0.3277310924369748,0.1864406779661017,0.13675213675213677,0.11206896551724138,0.08780359720583722,0.39999999999999997,0.3448275862068965,0.26595744680851063,0.49019607843137253,0.0
ck26_INFAI-ETI-AND-FRIENDS-C_ck26:16-en,0.0,0.0,1.0,0.02341481119039933,0.40915789871722236,0.43116446992852003,0.11519216806670013,0.0,0.0,0.0,0.0,0.16901408450704225,0.11630218687872762,0.3664038213662901,0.0,0.06832516496525091,0.34146341463414637,,0.0,0.0,0.03665517295355458,0.03665517295355458,0.372093023255814,0.372093023255814,0.0,1.0,0.0,0.16574585635359115,0.10055865921787709,0.07909604519774012,0.05714285714285714,0.03240100772759621,0.22448979591836737,0.20408163265306123,0.12048192771084337,0.6666666666666666,0.0
ck26_INFAI-ETI-AND-FRIENDS-C_ck26:17-en,1.0,1.0,1.0,0.055305522666927766,0.3020208251111764,0.3689640277608546,0.11787845042814334,1.0,1.0,1.0,1.0,0.18840579710144928,0.12224448897795592,0.4659320477502296,1.0,0.42311785416105785,0.46153846153846156,,1.0,1.0,0.11938182130178442,0.11938182130178442,0.4878048780487805,0.4878048780487805,0.0,1.0,1.0,0.16759776536312854,0.11299435028248589,0.07999999999999999,0.057803468208092484,0.09610148480484462,0.29213483146067415,0.24719101123595508,0.1527777777777778,0.6470588235294118,0.0
ck26_INFAI-ETI-AND-FRIENDS-C_ck26:18-en,1.0,1.0,1.0,0.06221774912108136,0.40978520651103956,0.46533902054352155,0.11881849050177154,1.0,1.0,1.0,1.0,0.25675675675675674,0.19034354688950794,0.4898716283022415,1.0,0.5576392417643412,0.7901234567901233,,1.0,1.0,0.5991091469959346,0.5991091469959346,0.7764705882352941,0.7764705882352941,0.0,1.0,1.0,0.2938388625592417,0.20095693779904306,0.14492753623188404,0.12682926829268293,0.19629759626595475,0.42990654205607476,0.35514018691588783,0.24358974358974358,0.6551724137931034,0.0
ck26_INFAI-ETI-AND-FRIENDS-C_ck26:19-en,0.6666666666666666,0.5,1.0,0.10314902342746934,0.42619375992190794,0.3738664731908169,0.12077134402462537,1.0,0.6666666666666666,1.0,1.0,0.24285714285714285,0.1485436893203883,0.5893549863865262,1.0,0.42804120089940373,0.4477611940298507,,1.0,0.5,0.9276077030810346,0.9276077030810346,0.9428571428571428,0.9428571428571428,0.0,1.0,1.0,0.24365482233502536,0.14358974358974358,0.08290155440414508,0.05235602094240837,0.14299316957884914,0.46846846846846846,0.3963963963963964,0.2682926829268293,0.7586206896551724,0.0
ck26_INFAI-ETI-AND-FRIENDS-C_ck26:2-en,1.0,1.0,1.0,0.0567967744513558,0.30207798149162685,0.5814118599214354,0.12178632452799958,1.0,1.0,1.0,1.0,0.23529411764705882,0.14643931795386156,0.5122950819672132,1.0,0.795637166192145,0.9230769230769231,,1.0,1.0,1.0,1.0,1.0,1.0,0.0,1.0,1.0,0.24338624338624334,0.213903743315508,0.1945945945945946,0.17486338797814208,0.12158457920199857,0.3037974683544304,0.25316455696202533,0.15151515151515152,0.7692307692307693,0.0
ck26_INFAI-ETI-AND-FRIENDS-C_ck26:20-en,0.07407407407407407,0.038461538461538464,1.0,0.11841058428636626,0.4720183764086702,0.3796392772350211,0.11787845042814334,0.0,0.07407407407407407,0.2,1.0,0.24324324324324326,0.16149635036496346,0.5296488198042603,0.5,0.23650112439814178,0.3695652173913043,,0.0,0.038461538461538464,0.5418307027772188,0.5418307027772188,0.6170212765957446,0.6170212765957446,0.0,1.0,1.0,0.27053140096618356,0.16585365853658537,0.1083743842364532,0.06965174129353234,0.09422971947797222,0.45901639344262296,0.39344262295081966,0.2696629213483146,0.7272727272727273,0.0
ck26_INFAI-ETI-AND-FRIENDS-C_ck26:21-en,0.15384615384615385,0.08333333333333333,1.0,0.10686463801687589,0.3369840166470761,0.35690022776496666,0.11189119247086728,0.0,0.15384615384615385,0.4,1.0,0.24096385542168675,0.20399305555555558,0.49309751043399574,1.0,0.3132843892466733,0.31932773109243695,,1.0,0.08333333333333333,0.33415824198654515,0.33415824198654515,0.3050847457627119,0.3050847457627119,0.0,1.0,1.0,0.30452674897119336,0.17427385892116184,0.12552301255230125,0.08438818565400844,0.16125941756587106,0.445859872611465,0.34394904458598724,0.24107142857142858,0.6,0.0
ck26_INFAI-ETI-AND-FRIENDS-C_ck26:22-en,0.6666666666666666,0.5,1.0,0.0527095766677426,0.29838866177256945,0.5477861659029745,0.12077134402462537,1.0,0.6666666666666666,1.0,1.0,0.22058823529411764,0.13933649289099526,0.4986702127659575,1.0,0.4052587697205425,0.6666666666666667,,1.0,0.5,0.14101863337620468,0.14101863337620468,0.5652173913043479,0.5652173913043479,0.0,1.0,1.0,0.22105263157894733,0.19148936170212763,0.17204301075268819,0.15217391304347827,0.08864658813889117,0.2857142857142857,0.2380952380952381,0.14084507042253522,0.7692307692307693,0.0
ck26_INFAI-ETI-AND-FRIENDS-C_ck26:23-en,0.2857142857142857,0.16666666666666666,1.0,0.05174637617311546,0.300098756205441,0.5346613749494027,0.11606619483971768,0.0,0.2857142857142857,0.5,1.0,0.22666666666666666,0.14899713467048714,0.3843132325676398,1.0,0.4118812762954793,0.4657534246575343,,1.0,0.16666666666666666,0.3527295712700594,0.3527295712700594,0.4324324324324324,0.4324324324324324,0.0,1.0,1.0,0.24271844660194178,0.20588235294117646,0.1782178217821782,0.15,0.10859165444057456,0.3368421052631579,0.23157894736842102,0.14864864864864866,0.5238095238095238,0.0
ck26_INFAI-ETI-AND-FRIENDS-C_ck26:24-en,0.04166666666666667,0.02127659574468085,1.0,0.03847619718640044,0.35470101650971486,0.3692571503404543,0.10745035092526581,0.0,0.04166666666666667,0.18181818181818182,1.0,0.2159090909090909,0.1810897435897436,0.3435699934264524,1.0,0.08874803390854469,0.2896551724137931,,1.0,0.02127659574468085,0.125846324474831,0.125846324474831,0.30769230769230765,0.30769230769230765,0.0,1.0,1.0,0.28685258964143423,0.15261044176706828,0.09716599190283402,0.0653061224489796,0.052893539997081726,0.36363636363636365,0.26666666666666666,0.18032786885245902,0.5116279069767442,0.0
ck26_INFAI-ETI-AND-FRIENDS-C_ck26:25-en,0.039999999999999994,0.02040816326530612,1.0,0.0895689148508178,0.35878928753623385,0.3404041591841292,0.10542649822871226,0.0,0.039999999999999994,0.18181818181818182,1.0,0.22580645161290322,0.19814241486068107,0.3632377870241948,1.0,0.12848717604862736,0.2702702702702703,,1.0,0.02040816326530612,0.1702227105083055,0.1702227105083055,0.4235294117647058,0.4235294117647058,0.0,1.0,1.0,0.3049645390070922,0.17142857142857143,0.1223021582733813,0.07971014492753623,0.08103821434513554,0.417910447761194,0.29850746268656714,0.22058823529411764,0.46153846153846156,0.0
ck26_INFAI-ETI-AND-FRIENDS-C_ck26:26-en,0.6666666666666666,0.5,1.0,0.04043238981439582,0.3050734061292376,0.5539979998340827,0.12178632452799958,1.0,0.6666666666666666,1.0,1.0,0.2876712328767123,0.17773620205799812,0.42170883755042177,0.5,0.14495406242994044,0.6464646464646464,,0.0,0.5,0.24688498672025874,0.24688498672025874,0.7628865979381444,0.7628865979381444,0.0,1.0,1.0,0.3148148148148148,0.2336448598130841,0.16037735849056603,0.13333333333333336,0.049714708506795824,0.3883495145631068,0.29126213592233013,0.19230769230769232,0.6,0.0
ck26_INFAI-ETI-AND-FRIENDS-C_ck26:27-en,0.36697247706422015,1.0,0.2247191011235955,0.19919099291160353,0.5432043416344943,0.6144525788539718,0.12178632452799958,0.0,0.36697247706422015,0.3508771929824561,1.0,0.34177215189873417,0.2630646589902569,0.5642418999685436,1.0,0.4325051888967506,0.6379310344827586,0.3336517912144389,1.0,1.0,0.2410685431197405,0.2410685431197405,0.3636363636363636,0.3636363636363636,0.0,1.0,0.2247191011235955,0.39662447257383965,0.2893617021276596,0.22317596566523604,0.17316017316017318,0.23599709848780112,0.5352112676056338,0.4788732394366198,0.37362637362637363,0.6666666666666666,0.0
ck26_INFAI-ETI-AND-FRIENDS-C_ck26:28-en,0.0,0.0,1.0,0.036822122694781016,0.35417085495823436,0.3973757472817564,0.10351694645735657,0.0,0.0,0.0,0.0,0.1935483870967742,0.18508997429305918,0.18811630847029076,0.0,0.05786420526821161,0.42465753424657543,,0.0,0.0,0.08328257957355033,0.08328257957355033,0.4413793103448276,0.4413793103448276,0.0,1.0,0.0,0.2292490118577075,0.11155378486055777,0.05622489959839357,0.040485829959514164,0.056644249563207114,0.3353293413173653,0.2395209580838323,0.2247191011235955,0.2564102564102564,0.0
ck26_INFAI-ETI-AND-FRIENDS-C_ck26:29-en,0.12903225806451615,0.11764705882352941,0.14285714285714285,0.1031310131039393,0.4404379256897779,0.46509425877650895,0.11350416126511091,0.0,0.12903225806451615,0.1379310344827586,0.0,0.26506024096385544,0.1917494270435447,0.4255202198665096,0.05555555555555555,0.23716888480067266,0.3694267515923567,,0.0,0.11764705882352941,0.13562734763784914,0.13562734763784914,0.32098765432098764,0.32098765432098764,0.0,1.0,0.14285714285714285,0.288,0.16935483870967744,0.08943089430894308,0.04918032786885246,0.12895385418222613,0.4337349397590362,0.3614457831325301,0.25862068965517243,0.6,0.0
ck26_INFAI-ETI-AND-FRIENDS-C_ck26:3-en,1.0,1.0,1.0,0.055088110230440156,0.300536733439963,0.5737090862104669,0.11978243827074593,1.0,1.0,1.0,1.0,0.22857142857142856,0.14920948616600793,0.5067567567567569,1.0,0.6989307622784944,0.8780487804878048,,1.0,1.0,0.5331675363405771,0.5331675363405771,0.8372093023255814,0.8372093023255814,0.0,1.0,1.0,0.24083769633507857,0.21164021164021163,0.1925133689839572,0.17297297297297298,0.11792685000338948,0.29629629629629634,0.2469135802469136,0.14705882352941177,0.7692307692307693,0.0
ck26_INFAI-ETI-AND-FRIENDS-C_ck26:30-en,0.4761904761904762,0.35714285714285715,0.7142857142857143,0.120669689417967,0.40911479077554436,0.4536110525692546,0.11519216806670013,0.0,0.4761904761904762,0.5714285714285714,1.0,0.24358974358974358,0.19447004608294927,0.5446845666884961,0.5,0.2779751444545815,0.19999999999999998,,0.0,0.35714285714285715,0.21894254112401984,0.21894254112401984,0.19753086419753085,0.19753086419753085,0.0,1.0,0.7142857142857143,0.24770642201834864,0.12037037037037038,0.07476635514018692,0.05660377358490566,0.12468792790160899,0.5106382978723404,0.425531914893617,0.3157894736842105,0.6521739130434783,0.0
ck26_INFAI-ETI-AND-FRIENDS-C_ck26:31-en,0.0,0.0,0.0,0.15949072458566857,0.4361199217645187,0.6265617901518217,0.10886898139200682,0.0,0.0,0.0,0.0,0.22093023255813954,0.18790968681718867,0.6206445993031359,0.0,0.18350548597745533,0.29940119760479045,,0.0,0.0,0.17323187604549883,0.17323187604549883,0.27878787878787875,0.27878787878787875,0.0,1.0,0.0,0.27169811320754716,0.18250950570342206,0.1379310344827586,0.10038610038610038,0.12098544632667729,0.42424242424242425,0.3838383838383838,0.25165562913907286,0.8085106382978723,0.0
ck26_INFAI-ETI-AND-FRIENDS-C_ck26:32-en,0.4106280193236715,0.40865384615384615,0.41262135922330095,0.1710918721878417,0.3727729680469604,0.4323345296641317,0.11350416126511091,0.0,0.4106280193236715,0.6666666666666666,1.0,0.26506024096385544,0.20811287477954143,0.4915568397808587,0.5,0.5550854076280158,0.4958677685950414,,0.0,0.40865384615384615,0.40448711650793934,0.40448711650793934,0.3333333333333333,0.3333333333333333,0.0,1.0,0.41262135922330095,0.27074235807860264,0.16740088105726872,0.09777777777777777,0.06278026905829596,0.25883483575671495,0.5298013245033113,0.42384105960264895,0.32,0.6274509803921569,0.0
ck26_INFAI-ETI-AND-FRIENDS-C_ck26:33-en,0.0,0.0,1.0,0.17674698180225415,0.4897749807446812,0.7067093927687087,0.122828568570857,0.0,0.0,0.0,0.0,0.3108108108108108,0.21539961013645226,0.6435103677621284,0.0,0.43527713779415106,0.6557377049180328,,0.0,0.0,0.4894535962186887,0.4894535962186887,0.7666666666666666,0.7666666666666666,0.0,1.0,0.0,0.33492822966507174,0.2705314009661836,0.22439024390243906,0.17733990147783255,0.17856000856812576,0.4347826086956522,0.41739130434782606,0.2823529411764706,0.8,0.0
ck26_INFAI-ETI-AND-FRIENDS-C_ck26:34-en,0.11713030746705709,0.8,0.0631911532385466,0.07062347082183232,0.3712272962768866,0.45629128758988463,0.11519216806670013,0.0,0.11713030746705709,0.07692307692307693,1.0,0.20270270270270271,0.21585160202360876,0.2768759018759019,0.5,0.21317759927436325,0.5567010309278351,,0.0,0.8,0.07530986630324828,0.07530986630324828,0.4444444444444445,0.4444444444444445,0.0,1.0,0.0631911532385466,0.24186046511627907,0.14084507042253522,0.09478672985781988,0.07655502392344497,0.10494039929807168,0.41269841269841273,0.2857142857142857,0.21428571428571427,0.42857142857142855,0.0
ck26_INFAI-ETI-AND-FRIENDS-C_ck26:35-en,0.04007071302298173,0.85,0.02051901025950513,0.0717900175814847,0.3814226817003357,0.5077963596336065,0.11519216806670013,0.0,0.04007071302298173,0.01026694045174538,1.0,0.2804878048780488,0.2280243690165361,0.3452867583302366,1.0,0.3289628371796489,0.4429530201342282,,1.0,0.85,0.07036805162222984,0.07036805162222984,0.2929936305732484,0.2929936305732484,0.0,1.0,0.02051901025950513,0.31836734693877555,0.19753086419753088,0.14107883817427386,0.1087866108786611,0.20117623593454045,0.4933333333333333,0.36000000000000004,0.2872340425531915,0.48214285714285715,0.0
ck26_INFAI-ETI-AND-FRIENDS-C_ck26:36-en,0.125,0.1,0.16666666666666666,0.08266480727923628,0.321592127745735,0.4381303800116766,0.10745035092526581,0.0,0.125,0.13333333333333333,1.0,0.20689655172413793,0.15313807531380752,0.3886158370090317,1.0,0.2078787665206437,0.13793103448275862,,1.0,0.1,0.09194966189568733,0.09194966189568733,0.13636363636363635,0.13636363636363635,0.0,1.0,0.16666666666666666,0.22807017543859648,0.1415929203539823,0.09821428571428571,0.07207207207207209,0.10675284205162888,0.3972602739726028,0.3013698630136986,0.2037037037037037,0.5789473684210527,0.0
ck26_INFAI-ETI-AND-FRIENDS-C_ck26:37-en,0.42105263157894735,0.42105263157894735,0.42105263157894735,0.3440781253898833,0.6176861980141375,0.5935922382643635,0.11787845042814334,0.0,0.42105263157894735,0.39999999999999997,1.0,0.3411764705882353,0.23818181818181816,0.5522713726974837,1.0,0.5107715489035736,0.6799999999999999,0.4484871150247435,1.0,0.42105263157894735,0.3191911478844275,0.3191911478844275,0.3333333333333333,0.3333333333333333,0.0,1.0,0.42105263157894735,0.3817427385892116,0.3263598326359833,0.2784810126582279,0.2297872340425532,0.372264475112658,0.5497076023391813,0.5380116959064328,0.46,0.647887323943662,0.0
ck26_INFAI-ETI-AND-FRIENDS-C_ck26:38-en,0.9597315436241611,1.0,0.9225806451612903,0.1227632224134421,0.55017132508388,0.5951935140346677,0.11978243827074593,0.0,0.9597315436241611,0.94,1.0,0.31645569620253167,0.22628951747088188,0.4323630136986302,1.0,0.2879741317065905,0.5432098765432098,,1.0,1.0,0.10166853707819865,0.10166853707819865,0.43113772455089816,0.43113772455089816,0.0,1.0,0.9225806451612903,0.40316205533596833,0.2629482071713147,0.1686746987951807,0.11336032388663968,0.1889674751503511,0.49689440993788814,0.4472049689440994,0.36363636363636365,0.5806451612903226,0.0
ck26_INFAI-ETI-AND-FRIENDS-C_ck26:39-en,1.0,1.0,1.0,0.2983455194780056,0.602745720528842,0.5188231148640452,0.11787845042814334,1.0,1.0,1.0,1.0,0.25333333333333335,0.2536496350364964,0.7759628878839857,1.0,0.9075772733559514,0.967032967032967,,1.0,1.0,0.31151489708327085,0.31151489708327085,0.5652173913043478,0.5652173913043478,0.0,1.0,1.0,0.32876712328767127,0.2672811059907834,0.2418604651162791,0.21596244131455397,0.3480047582278024,0.546875,0.515625,0.3626373626373626,0.8918918918918919,0.0
ck26_INFAI-ETI-AND-FRIENDS-C_ck26:4-en,1.0,1.0,1.0,0.03980122623738755,0.372109621525537,0.29978024170460127,0.11268865367232477,1.0,1.0,1.0,1.0,0.20512820512820512,0.14752567693744167,0.3838243935196844,1.0,0.22506782731403724,0.3218390804597701,,1.0,1.0,0.13759957472907217,0.13759957472907217,0.2528735632183908,0.2528735632183908,0.0,1.0,1.0,0.18719211822660098,0.09950248756218905,0.06030150753768844,0.05076142131979695,0.09004747111626075,0.3870967741935483,0.30645161290322576,0.2111111111111111,0.5588235294117647,0.0
ck26_INFAI-ETI-AND-FRIENDS-C_ck26:40-en,0.07608695652173914,0.175,0.04861111111111111,0.06246623356680661,0.3999702998883003,0.45261607920558106,0.1111111111111111,0.0,0.07608695652173914,0.07368421052631578,1.0,0.20987654320987653,0.17798796216681,0.4319612590799032,1.0,0.20090964374381698,0.33999999999999997,,1.0,0.175,0.10540405058616682,0.10540405058616682,0.3269230769230769,0.3269230769230769,0.0,1.0,0.04861111111111111,0.2533936651583711,0.1643835616438356,0.10138248847926266,0.07441860465116279,0.0932385068793901,0.3609022556390977,0.3007518796992481,0.20408163265306123,0.5714285714285714,0.0
ck26_INFAI-ETI-AND-FRIENDS-C_ck26:41-en,0.48000000000000004,0.5,0.46153846153846156,0.05257598815867606,0.34088743290474344,0.41797601496313075,0.10477782979607683,0.0,0.48000000000000004,0.49999999999999994,1.0,0.1797752808988764,0.2187276626161544,0.3738516358924521,1.0,0.45981940316597775,0.41666666666666663,,1.0,0.5,0.24281801964740535,0.24281801964740535,0.27777777777777773,0.27777777777777773,0.0,1.0,0.46153846153846156,0.23574144486692014,0.09195402298850575,0.04633204633204633,0.038910505836575876,0.25503959493108813,0.5592417061611374,0.3981042654028436,0.328125,0.5060240963855421,0.0
ck26_INFAI-ETI-AND-FRIENDS-C_ck26:42-en,0.09090909090909091,0.05,0.5,0.20856282862811348,0.46605580149665105,0.4941664843084594,0.11034777731716484,0.0,0.09090909090909091,0.09523809523809523,1.0,0.30851063829787234,0.2010443864229765,0.2856819585844208,1.0,0.13539615107784575,0.37185929648241206,,1.0,0.05,0.10124290703237407,0.10124290703237407,0.3076923076923077,0.3076923076923077,0.0,1.0,0.5,0.3508771929824561,0.24028268551236745,0.1921708185053381,0.15053763440860216,0.22133976051831966,0.44052863436123346,0.37885462555066085,0.4056603773584906,0.35537190082644626,0.0
ck26_INFAI-ETI-AND-FRIENDS-C_ck26:43-en,1.0,1.0,1.0,0.09729926430767476,0.32892251722634397,0.4761691005265907,0.11978243827074593,1.0,1.0,1.0,1.0,0.19402985074626866,0.10810810810810811,0.586245471979544,1.0,0.6901617121737387,0.5581395348837209,,1.0,1.0,0.533427681593061,0.533427681593061,0.5333333333333333,0.5333333333333333,0.0,1.0,1.0,0.15957446808510636,0.09677419354838711,0.06521739130434781,0.054945054945054944,0.24595616426854025,0.4464285714285714,0.3392857142857143,0.21839080459770116,0.76,0.0
ck26_INFAI-ETI-AND-FRIENDS-C_ck26:44-en,1.0,1.0,1.0,0.2626905267419996,0.5265890737340174,0.34725769653870436,0.1111111111111111,1.0,1.0,1.0,1.0,0.2289156626506024,0.21961805555555558,0.4406242311862739,1.0,0.32671055591998477,0.47552447552447547,,1.0,1.0,0.1094478057181661,0.1094478057181661,0.2638888888888889,0.2638888888888889,0.0,1.0,1.0,0.288,0.2096774193548387,0.17886178861788618,0.1475409836065574,0.26562607203240085,0.47179487179487184,0.4512820512820513,0.41509433962264153,0.4943820224719101,0.0
ck26_INFAI-ETI-AND-FRIENDS-C_ck26:45-en,0.19999999999999998,0.1111111111111111,1.0,0.05246502959462402,0.31256680684920546,0.4454870683323469,0.11433841851550565,0.0,0.19999999999999998,0.3333333333333333,1.0,0.25,0.16010733452593917,0.46752244668911336,1.0,0.24784844034472306,0.5681818181818181,,1.0,0.1111111111111111,0.31181814978096556,0.31181814978096556,0.6000000000000001,0.6000000000000001,0.0,1.0,1.0,0.27522935779816515,0.19444444444444445,0.14953271028037382,0.12264150943396228,0.10188536068228474,0.39999999999999997,0.3,0.1978021978021978,0.6206896551724138,0.0
ck26_INFAI-ETI-AND-FRIENDS-C_ck26:46-en,1.0,1.0,1.0,0.10175552214705041,0.34646160780948987,0.3193819917732304,0.11606619483971768,1.0,1.0,1.0,1.0,0.24675324675324675,0.16402609506057786,0.5809514563106796,1.0,0.7757340784645546,0.7419354838709677,,1.0,1.0,0.5041566170114462,0.5041566170114462,0.4,0.4,0.0,1.0,1.0,0.22772277227722773,0.13,0.07070707070707069,0.05102040816326531,0.29715932945066226,0.5322580645161291,0.4032258064516129,0.2840909090909091,0.6944444444444444,0.0
ck26_INFAI-ETI-AND-FRIENDS-C_ck26:47-en,1.0,1.0,1.0,0.1526889170908157,0.47646336851321025,0.48710799014043515,0.12077134402462537,1.0,1.0,1.0,1.0,0.273972602739726,0.20772058823529416,0.6215677966101696,1.0,0.9132027013286009,1.0,,1.0,1.0,1.0,1.0,1.0,1.0,0.0,1.0,1.0,0.298076923076923,0.2621359223300971,0.22549019607843135,0.19801980198019803,0.25921000583239395,0.46601941747572817,0.3883495145631068,0.25316455696202533,0.8333333333333334,0.0
ck26_INFAI-ETI-AND-FRIENDS-C_ck26:48-en,1.0,1.0,1.0,0.17147558406763602,0.48763633787737415,0.48747421965073934,0.11978243827074593,1.0,1.0,1.0,1.0,0.28,0.20990990990990988,0.6788344540505923,1.0,0.8907171682201394,0.970873786407767,,1.0,1.0,0.1422587513325856,0.1422587513325856,0.6078431372549019,0.6078431372549019,0.0,1.0,1.0,0.29107981220657275,0.23696682464454977,0.1913875598086124,0.1642512077294686,0.3065763948228984,0.5043478260869565,0.4173913043478261,0.27906976744186046,0.8275862068965517,0.0
ck26_INFAI-ETI-AND-FRIENDS-C_ck26:49-en,1.0,1.0,1.0,0.11761925555503866,0.4300458395297853,0.5098039215686274,0.12077134402462537,1.0,1.0,1.0,1.0,0.273972602739726,0.17126546146527122,0.6861724281549355,1.0,0.8343664980911134,0.9,,1.0,1.0,0.4938413945711103,0.4938413945711103,0.6666666666666666,0.6666666666666666,0.0,1.0,1.0,0.28,0.21212121212121213,0.173469387755102,0.1443298969072165,0.22942566464278039,0.47058823529411764,0.411764705882353,0.2692307692307692,0.875,0.0
ck26_INFAI-ETI-AND-FRIENDS-C_ck26:5-en,1.0,1.0,1.0,0.0567967744513558,0.30207798149162685,0.5210206370592259,0.12077134402462537,1.0,1.0,1.0,1.0,0.208955223880597,0.147887323943662,0.5122950819672132,1.0,0.795637166192145,0.9142857142857143,,1.0,1.0,1.0,1.0,1.0,1.0,0.0,1.0,1.0,0.22702702702702704,0.18579234972677597,0.16574585635359118,0.1452513966480447,0.12158457920199857,0.3037974683544304,0.25316455696202533,0.15151515151515152,0.7692307692307693,0.0
ck26_INFAI-ETI-AND-FRIENDS-C_ck26:50-en,0.8,0.6666666666666666,1.0,0.09121841701795402,0.4827043536279221,0.40905608431990875,0.11433841851550565,0.0,0.8,0.6666666666666666,1.0,0.21052631578947367,0.11777777777777776,0.48471323565729274,1.0,0.19157171451881103,0.20689655172413796,,1.0,0.6666666666666666,0.053560155854066274,0.053560155854066274,0.0898876404494382,0.0898876404494382,0.0,1.0,1.0,0.18918918918918917,0.11818181818181817,0.09174311926605504,0.06481481481481481,0.11743443907452977,0.32727272727272727,0.2787878787878788,0.17293233082706766,0.71875,0.0
ck26_INFAI-ETI-AND-FRIENDS-C_ck26:6-en,0.4444444444444445,1.0,0.2857142857142857,0.024591103315437558,0.2836463166769146,0.5245383598737088,0.11268865367232477,0.0,0.4444444444444445,0.4444444444444444,1.0,0.18421052631578946,0.1289424860853432,0.4101485148514851,1.0,0.18207052811092134,0.5333333333333333,,1.0,1.0,0.037899480741289376,0.037899480741289376,0.4333333333333334,0.4333333333333334,0.0,1.0,0.2857142857142857,0.21212121212121213,0.17346938775510204,0.15463917525773196,0.13541666666666666,0.07135839892064524,0.2448979591836735,0.2040816326530612,0.11764705882352941,0.7692307692307693,0.0
ck26_INFAI-ETI-AND-FRIENDS-C_ck26:7-en,0.6666666666666666,0.5,1.0,0.033587260915284564,0.2878632734484314,0.4877242904355943,0.11433841851550565,1.0,0.6666666666666666,1.0,1.0,0.1891891891891892,0.13888888888888884,0.3220779220779221,1.0,0.09145120464845595,0.46153846153846156,,1.0,0.5,0.08525113369830635,0.08525113369830635,0.5151515151515151,0.5151515151515151,0.0,1.0,1.0,0.2121212121212121,0.16326530612244897,0.1443298969072165,0.125,0.036534788447022334,0.2947368421052632,0.21052631578947367,0.1282051282051282,0.5882352941176471,0.0
ck26_INFAI-ETI-AND-FRIENDS-C_ck26:8-en,0.0,0.0,0.0,0.0,0.0,0.0,0.1951941016011038,0.0,0.0,0.0,0.0,0.0,0.0,0.0,0.0,0.0,0.0,,0.0,1.0,0.0,0.0,0.0,0.0,0.0,0.0,0.0,0.0,0.0,0.0,0.0,0.0,0.0,0.0,0.0,0.0,0.0
ck26_INFAI-ETI-AND-FRIENDS-C_ck26:9-en,1.0,1.0,1.0,0.054165263161405526,0.3153079161910533,0.541852979287547,0.12077134402462537,1.0,1.0,1.0,1.0,0.2535211267605634,0.18546132339235788,0.5635887028581094,1.0,0.5830616982186754,0.7058823529411765,,1.0,1.0,0.4521502877262322,0.4521502877262322,0.7837837837837838,0.7837837837837838,0.0,1.0,1.0,0.30985915492957744,0.23696682464454977,0.2105263157894737,0.18357487922705315,0.12821046422713944,0.39999999999999997,0.33999999999999997,0.2236842105263158,0.7083333333333334,0.0
ck26_IRIS_ck26:1-en,1.0,1.0,1.0,0.21219964932642627,0.6506108879413627,0.8029516828294699,0.1907435698305462,1.0,1.0,1.0,1.0,0.5,0.4379232505643341,0.7240657216494846,1.0,0.26492685902784496,0.5000000000000001,,1.0,1.0,0.05642889855976821,0.05642889855976821,0.3902439024390244,0.3902439024390244,0.0,1.0,1.0,0.5773195876288659,0.4842105263157895,0.4086021505376344,0.32967032967032966,0.21219964932642627,0.5517241379310345,0.5517241379310345,0.3902439024390244,0.9411764705882353,0.0
ck26_IRIS_ck26:10-en,0.0,0.0,0.0,0.18218855324089384,0.5253858479876428,0.7068164213690955,0.2,0.0,0.0,0.0,0.0,0.5294117647058824,0.30000000000000004,0.49287251210328137,0.0,0.3177567885055712,0.49350649350649345,,0.0,1.0,0.32631104091886703,0.32631104091886703,0.6133333333333334,0.6133333333333334,0.0,1.0,0.0,0.6086956521739131,0.42222222222222217,0.29545454545454547,0.20930232558139533,0.18218855324089384,0.5,0.5,0.41935483870967744,0.6190476190476191,0.25
ck26_IRIS_ck26:11-en,0.0,0.0,0.0,0.06672319655621398,0.4313149454805169,0.6699959770981319,0.1482675827043134,0.0,0.0,0.0,0.0,0.32653061224489793,0.24471299093655585,0.38562256074531037,0.0,0.11779814467350376,0.2912621359223301,,0.0,1.0,0.02685412578518139,0.02685412578518139,0.23529411764705885,0.23529411764705885,0.0,1.0,0.0,0.4166666666666667,0.30508474576271183,0.22413793103448276,0.15789473684210525,0.0691534451192778,0.30303030303030304,0.26262626262626265,0.15853658536585366,0.7647058823529411,0.3333333333333333
ck26_IRIS_ck26:12-en,1.0,1.0,1.0,0.1560300897543961,0.4973408557719323,0.7399853698407474,0.179128784747792,1.0,1.0,1.0,1.0,0.4166666666666667,0.27604166666666663,0.5647497534516764,1.0,0.28008294138571455,0.3870967741935484,,1.0,1.0,0.07314616394008291,0.07314616394008291,0.23333333333333334,0.23333333333333334,0.0,1.0,1.0,0.5517241379310346,0.4,0.3132530120481927,0.22222222222222224,0.2199492000361042,0.5357142857142858,0.4642857142857143,0.3333333333333333,0.7647058823529411,0.0
ck26_IRIS_ck26:13-en,0.0,0.0,0.0,0.17820035757960134,0.46611871684588074,0.5151416409773815,0.14459058185587106,0.0,0.0,0.0,0.0,0.3,0.2019543973941368,0.693817631008331,0.0,0.6100140623040721,0.4583333333333333,,0.0,0.0,0.4918537211621339,0.4918537211621339,0.4255319148936171,0.4255319148936171,0.0,1.0,0.0,0.30158730158730157,0.20967741935483872,0.1639344262295082,0.11666666666666668,0.20146279816996504,0.5066666666666667,0.48,0.35294117647058826,0.75,0.0
ck26_IRIS_ck26:14-en,0.0,0.0,0.0,0.1589341979924816,0.6089643187288896,0.5739170359584848,0.14285714285714285,0.0,0.0,0.0,0.0,0.3333333333333333,0.2176966292134831,0.6643700787401574,0.0,0.26609236743023573,0.4047619047619048,,0.0,1.0,0.1577799153853478,0.1577799153853478,0.34146341463414637,0.34146341463414637,0.0,1.0,0.0,0.4,0.27972027972027974,0.22695035460992907,0.18705035971223022,0.1589341979924816,0.41860465116279066,0.41860465116279066,0.27692307692307694,0.8571428571428571,0.0
ck26_IRIS_ck26:15-en,0.0,0.0,0.0,0.25757452983700585,0.6362686324592515,0.7273841595492202,0.15894454156034005,0.0,0.0,0.0,0.0,0.4716981132075472,0.3858858858858859,0.5748159044862342,0.0,0.24478642737403247,0.2745098039215686,,0.0,0.0,0.17697829470369117,0.17697829470369117,0.20689655172413793,0.20689655172413793,0.0,1.0,0.0,0.5827814569536425,0.38926174496644295,0.2857142857142857,0.16551724137931034,0.2006287546568672,0.6259541984732824,0.5954198473282442,0.4875,0.7647058823529411,0.0
ck26_IRIS_ck26:16-en,0.0,0.0,1.0,0.03715266861072996,0.2946532719484019,0.558388953654108,0.13957875683699938,1.0,0.0,0.0,0.0,0.2549019607843137,0.17688022284122562,0.3858745558350301,0.0,0.052595848241592344,0.2222222222222222,,0.0,0.0,0.044822796274137544,0.044822796274137544,0.25396825396825395,0.25396825396825395,0.0,0.0,0.0,0.2442748091603053,0.15503875968992248,0.11023622047244093,0.08,0.04292456081758623,0.32183908045977017,0.25287356321839083,0.1527777777777778,0.7333333333333333,0.3333333333333333
ck26_IRIS_ck26:17-en,0.0,0.0,0.0,0.26442960840784246,0.5553931163876749,0.6628409372602961,0.1757340838011157,0.0,0.0,0.0,0.0,0.40540540540540543,0.3378076062639821,0.8380776263297872,0.0,0.5024331618720053,0.46153846153846156,,0.0,1.0,0.12623090722170346,0.12623090722170346,0.4230769230769231,0.4230769230769231,0.0,1.0,0.0,0.43181818181818177,0.3488372093023256,0.2619047619047619,0.1707317073170732,0.26442960840784246,0.6153846153846154,0.6153846153846154,0.45714285714285713,0.9411764705882353,0.25
ck26_IRIS_ck26:18-en,0.0,0.0,0.0,0.0672817666611051,0.48005573578292327,0.5284500997140018,0.1261319836228832,0.0,0.0,0.0,0.0,0.23809523809523808,0.19664268585131894,0.3671313996169197,0.0,0.08511708783422336,0.21153846153846154,,0.0,0.0,0.021277287888793746,0.021277287888793746,0.1568627450980392,0.1568627450980392,0.0,1.0,0.0,0.3253012048192771,0.21951219512195125,0.1728395061728395,0.125,0.0689864520556465,0.32061068702290074,0.29007633587786263,0.18627450980392157,0.6551724137931034,0.0
ck26_IRIS_ck26:19-en,1.0,1.0,1.0,0.31707670725446385,0.6164715577659969,0.5184643765337337,0.15225881209433406,1.0,1.0,1.0,1.0,0.38,0.27586206896551724,0.8359621451104101,1.0,1.0,1.0,,1.0,1.0,1.0,1.0,1.0,1.0,0.0,1.0,1.0,0.4028776978417266,0.30656934306569344,0.237037037037037,0.19548872180451127,0.4753924883742747,0.6823529411764707,0.6352941176470589,0.48214285714285715,0.9310344827586207,0.0
ck26_IRIS_ck26:2-en,1.0,1.0,1.0,0.25315800639420233,0.6445395015985506,0.6904512103692002,0.1566130288262323,1.0,1.0,1.0,1.0,0.3829787234042553,0.2774193548387097,0.8229374740888705,1.0,1.0,1.0,,1.0,1.0,1.0,1.0,1.0,1.0,0.0,1.0,1.0,0.3969465648854962,0.37209302325581395,0.34645669291338577,0.32,0.25315800639420233,0.4905660377358491,0.4905660377358491,0.325,1.0,0.0
ck26_IRIS_ck26:20-en,0.0,0.0,0.0,0.12932954194515578,0.5399258434302141,0.7718294634961281,0.14118784806383944,0.0,0.0,0.0,0.0,0.3392857142857143,0.29836512261580383,0.6325632563256326,0.0,0.20128637758653664,0.3387096774193548,,0.0,0.0,0.15382394221687878,0.15382394221687878,0.3333333333333333,0.3333333333333333,0.0,1.0,0.0,0.45255474452554745,0.3407407407407408,0.22556390977443605,0.13740458015267173,0.14223229528719078,0.4571428571428571,0.42857142857142855,0.2803738317757009,0.9090909090909091,0.0
ck26_IRIS_ck26:21-en,0.0,0.0,0.0,0.13229269219304757,0.4125374587625476,0.5368240983509929,0.1261319836228832,0.0,0.0,0.0,0.0,0.26153846153846155,0.23761261261261257,0.24208242950108455,0.0,0.17647930690266597,0.2446043165467626,,0.0,1.0,0.15806640848482514,0.15806640848482514,0.27586206896551724,0.27586206896551724,0.0,1.0,0.0,0.4263959390862945,0.24615384615384617,0.15544041450777202,0.11518324607329843,0.16616411230693814,0.396039603960396,0.297029702970297,0.26785714285714285,0.3333333333333333,0.25
ck26_IRIS_ck26:22-en,1.0,1.0,1.0,0.3284658467710531,0.6981878902641918,0.9289272131940927,0.2402530733520421,1.0,1.0,1.0,1.0,0.6296296296296297,0.4337662337662338,0.6249744950010203,1.0,0.4289719409583185,0.6666666666666666,,1.0,1.0,0.41705072916341307,0.41705072916341307,0.6666666666666666,0.6666666666666666,0.0,1.0,1.0,0.5925925925925926,0.5569620253164557,0.5194805194805195,0.48,0.3284658467710531,0.6341463414634146,0.6341463414634146,0.4642857142857143,1.0,0.0
ck26_IRIS_ck26:23-en,1.0,1.0,1.0,0.061449845918682376,0.4304568011023121,0.7174760322666673,0.1757340838011157,1.0,1.0,1.0,1.0,0.5,0.2696335078534031,0.4153422086681134,1.0,0.11372059852109026,0.4507042253521127,,1.0,1.0,0.013505022310520339,0.013505022310520339,0.1358695652173913,0.1358695652173913,0.0,1.0,1.0,0.5263157894736842,0.4122137404580153,0.2945736434108527,0.20472440944881887,0.08121525830378251,0.2992125984251969,0.26771653543307083,0.16037735849056603,0.8095238095238095,0.0
ck26_IRIS_ck26:24-en,0.0,0.0,0.0,0.2507245725269709,0.4876811431317427,0.557395774158049,0.17253779651421453,0.0,0.0,0.0,0.0,0.4523809523809524,0.29639889196675895,0.4177985948477752,0.0,0.23071902986171097,0.23300970873786406,,0.0,1.0,0.4413713504244445,0.4413713504244445,0.3409090909090909,0.3409090909090909,0.0,1.0,0.0,0.4869565217391304,0.3716814159292035,0.2702702702702703,0.1834862385321101,0.2661227775122912,0.5301204819277109,0.4819277108433735,0.5,0.46511627906976744,0.3333333333333333
ck26_IRIS_ck26:25-en,0.0,0.0,0.0,0.0719352710009014,0.35173381775022533,0.35071945991403025,0.11881849050177154,0.0,0.0,0.0,0.0,0.21428571428571427,0.21532846715328469,0.19304169356307002,0.0,0.11214039963126224,0.15602836879432624,,0.0,0.0,0.03625164270250917,0.03625164270250917,0.11570247933884298,0.11570247933884298,0.0,1.0,0.0,0.23414634146341462,0.16748768472906406,0.13930348258706465,0.11055276381909548,0.08844990478138565,0.3878787878787878,0.2545454545454545,0.21,0.3230769230769231,0.0
ck26_IRIS_ck26:26-en,0.8695652173913044,0.7692307692307693,1.0,0.22493325380901014,0.6409107328070912,0.8024400697342996,0.16952084719853724,0.0,0.8695652173913044,0.8695652173913043,1.0,0.4418604651162791,0.39243027888446214,0.6634430775794639,1.0,0.14793593450763848,0.3304347826086957,,1.0,0.7692307692307693,0.027444698315820776,0.027444698315820776,0.29357798165137616,0.29357798165137616,0.0,1.0,1.0,0.6666666666666666,0.4716981132075471,0.36538461538461536,0.25490196078431376,0.14210748847330337,0.45977011494252873,0.48275862068965514,0.3387096774193548,0.84,0.0
ck26_IRIS_ck26:27-en,0.7552447552447552,1.0,0.6067415730337079,0.3228249217325086,0.6780746514857587,0.8072073527955748,0.1827439976315568,0.0,0.7552447552447552,0.7297297297297297,1.0,0.5238095238095238,0.5558252427184466,0.580862908983558,1.0,0.25216631111303506,0.3739837398373984,0.6657083750175392,1.0,1.0,0.2003909294022605,0.2003909294022605,0.3620689655172413,0.3620689655172413,0.0,1.0,0.6067415730337079,0.6788990825688074,0.4859813084112149,0.3619047619047619,0.25242718446601936,0.22535376353172829,0.7415730337078651,0.6741573033707866,0.7894736842105263,0.5882352941176471,0.0
ck26_IRIS_ck26:28-en,0.0,0.0,1.0,0.05146332709609109,0.43914788305607405,0.6185481158916712,0.14459058185587106,1.0,0.0,0.0,0.0,0.3269230769230769,0.31016042780748665,0.20822814055896766,0.0,0.04109704124379316,0.2891566265060241,,0.0,0.0,0.06017201572251671,0.06017201572251671,0.3759398496240602,0.3759398496240602,0.0,0.0,0.0,0.45588235294117646,0.28358208955223885,0.21212121212121213,0.1692307692307692,0.06410401892895155,0.4444444444444444,0.3589743589743589,0.5384615384615384,0.2692307692307692,0.0
ck26_IRIS_ck26:29-en,0.0,0.0,0.0,0.2363657044326141,0.5662342832510107,0.59309823636036,0.14118784806383944,0.0,0.0,0.0,0.0,0.39344262295081966,0.258578431372549,0.5577697090667946,0.0,0.3872358923237315,0.4217687074829932,,0.0,1.0,0.2724028319802155,0.2724028319802155,0.3973509933774834,0.3973509933774834,0.0,1.0,0.0,0.46408839779005523,0.3575418994413408,0.24858757062146888,0.17142857142857143,0.275269909438733,0.5826771653543307,0.5196850393700788,0.42857142857142855,0.66,0.2
ck26_IRIS_ck26:3-en,1.0,1.0,1.0,0.14283896838348376,0.598209742095871,0.647565810220854,0.1566130288262323,1.0,1.0,1.0,1.0,0.3829787234042553,0.24745762711864405,0.713804713804714,1.0,0.44534504264163466,1.0,,1.0,1.0,1.0,1.0,1.0,1.0,0.0,1.0,1.0,0.41269841269841273,0.3548387096774193,0.2950819672131148,0.23333333333333334,0.14283896838348376,0.39344262295081966,0.39344262295081966,0.25,0.9230769230769231,0.5
ck26_IRIS_ck26:30-en,0.0,0.0,0.0,0.37642277749736935,0.5739758242444722,0.6163751981380541,0.14459058185587106,0.0,0.0,0.0,0.0,0.38596491228070173,0.362533692722372,0.6594386456211813,0.0,0.30446299731075355,0.4742268041237114,,0.0,1.0,0.42058147877496527,0.42058147877496527,0.4536082474226804,0.4536082474226804,0.0,1.0,0.0,0.4698795180722891,0.3902439024390244,0.30864197530864196,0.22500000000000003,0.22494652836619997,0.7154471544715447,0.6504065040650406,0.5194805194805194,0.8695652173913043,0.25
ck26_IRIS_ck26:31-en,0.0,0.0,0.0,0.2689773304592486,0.5756541185475339,0.6648511082270449,0.15438708879488486,0.0,0.0,0.0,0.0,0.4339622641509434,0.30186608122941827,0.5593984962406016,0.0,0.25999239673968655,0.3057324840764331,,0.0,1.0,0.12037646514771759,0.12037646514771759,0.29299363057324845,0.29299363057324845,0.0,1.0,0.0,0.4823529411764706,0.39285714285714285,0.3132530120481928,0.2439024390243902,0.1953591524100923,0.5641025641025641,0.5128205128205129,0.3669724770642202,0.851063829787234,0.25
ck26_IRIS_ck26:32-en,0.0,0.0,0.0,0.32303764169931143,0.5252906604248279,0.6634520106819983,0.16952084719853724,0.0,0.0,0.0,0.0,0.5102040816326531,0.4173913043478261,0.5983418693356164,0.0,0.48772768539428246,0.5511811023622046,,0.0,1.0,0.4383653139131957,0.4383653139131957,0.39694656488549623,0.39694656488549623,0.0,1.0,0.0,0.5735294117647058,0.44776119402985076,0.30303030303030304,0.23076923076923075,0.3984564060802561,0.7652173913043478,0.6434782608695652,0.578125,0.7254901960784313,0.0
ck26_IRIS_ck26:33-en,0.0,0.0,1.0,0.2509198578503988,0.5543966311292663,0.7867957924694432,0.16139047779640892,1.0,0.0,0.0,0.0,0.46,0.3287435456110155,0.5875895331677644,0.0,0.28641904579795413,0.3448275862068966,,0.0,0.0,0.44300069361967526,0.44300069361967526,0.6250000000000001,0.6250000000000001,0.0,0.0,0.0,0.48951048951048953,0.41134751773049644,0.3597122302158273,0.30656934306569344,0.2538550920866241,0.5866666666666667,0.56,0.4666666666666667,0.7,0.0
ck26_IRIS_ck26:34-en,0.8345418589321028,0.7160633484162896,1.0,0.19060221388025358,0.4726505534700634,0.7164907859025891,0.2,1.0,0.8345418589321028,1.0,1.0,0.5294117647058824,0.5067340067340067,0.6464501939267808,0.5,0.26111536928249274,0.3728813559322034,,0.0,0.7160633484162896,0.38388219173607735,0.38388219173607735,0.5714285714285715,0.5714285714285715,0.0,1.0,1.0,0.6017699115044248,0.43243243243243246,0.3119266055045872,0.24299065420560748,0.27389665956392856,0.75,0.5961538461538461,0.5,0.7380952380952381,0.0
ck26_IRIS_ck26:35-en,0.0,0.0,0.0,0.07797914062888713,0.36885375951619614,0.6174039134303041,0.13367660240019172,0.0,0.0,0.0,0.0,0.36363636363636365,0.28483786152497814,0.3007097791798107,0.0,0.023485403879610393,0.25961538461538464,,0.0,1.0,0.050594623363485136,0.050594623363485136,0.24186046511627904,0.24186046511627904,0.0,1.0,0.0,0.4072398190045249,0.28310502283105027,0.2211981566820276,0.17674418604651163,0.07022499125614122,0.4193548387096774,0.32258064516129037,0.23076923076923078,0.5357142857142857,0.0
ck26_IRIS_ck26:36-en,0.0,0.0,0.0,0.08336142186615939,0.32267448624803907,0.5028315038366338,0.12849622184722817,0.0,0.0,0.0,0.0,0.28125,0.226027397260274,0.46437667093242774,0.0,0.15625001377418565,0.2711864406779661,,0.0,1.0,0.09969083419534838,0.09969083419534838,0.19354838709677422,0.19354838709677422,0.0,1.0,0.0,0.36363636363636365,0.24539877300613497,0.17391304347826086,0.13836477987421383,0.12584903508828768,0.4171779141104295,0.31901840490797545,0.208,0.6842105263157895,0.3333333333333333
ck26_IRIS_ck26:37-en,0.0,0.0,0.0,0.4229093525403166,0.6607273381350791,0.8531036414347457,0.18660549686337075,0.0,0.0,0.0,0.0,0.62,0.5818540433925049,0.5653657210483645,0.0,0.5278089303880414,0.4098360655737705,0.0,0.0,1.0,0.31518748747255526,0.31518748747255526,0.2935779816513761,0.2935779816513761,0.0,1.0,0.0,0.7272727272727273,0.5815602836879433,0.43165467625899284,0.3211678832116789,0.5031917764617868,0.767123287671233,0.7397260273972602,0.72,0.7605633802816901,0.0
ck26_IRIS_ck26:38-en,0.7867867867867868,0.7359550561797753,0.8451612903225807,0.34522096663812196,0.6851665253034229,0.7828021550128457,0.18660549686337075,0.0,0.7867867867867868,0.6766541822721599,1.0,0.5365853658536586,0.5300813008130081,0.6811363359471913,0.5,0.334450978353087,0.36065573770491804,,0.0,0.7359550561797753,0.13766638772534812,0.13766638772534812,0.33155080213903737,0.33155080213903737,0.0,1.0,0.8451612903225807,0.7260273972602739,0.4444444444444445,0.3098591549295775,0.21428571428571427,0.33786080279614694,0.7786259541984734,0.7175572519083969,0.6811594202898551,0.7580645161290323,0.14285714285714285
ck26_IRIS_ck26:39-en,0.22399999999999998,1.0,0.12612612612612611,0.23636441127979887,0.4990420832121066,0.6480306263371859,0.25,0.0,0.22399999999999998,0.8571428571428571,1.0,0.6785714285714286,0.5568181818181819,0.6437993096646942,1.0,0.19858659849836863,0.45217391304347826,,1.0,1.0,0.20035549410238615,0.20035549410238615,0.4,0.4,0.0,1.0,0.12612612612612611,0.6534653465346535,0.5252525252525252,0.4329896907216495,0.3368421052631579,0.2254844335460381,0.7727272727272727,0.5909090909090909,0.5098039215686274,0.7027027027027027,0.0
ck26_IRIS_ck26:4-en,0.0,0.0,0.0,0.04745085851562458,0.3280664174159847,0.3644826211542099,0.15894454156034005,0.0,0.0,0.0,0.0,0.28205128205128205,0.2524461839530333,0.18581871345029238,0.0,0.052781693929617735,0.22608695652173913,,0.0,1.0,0.03846055280623641,0.03846055280623641,0.24615384615384617,0.24615384615384617,0.0,0.0,0.0,0.23214285714285718,0.14545454545454545,0.1111111111111111,0.09433962264150943,0.07165473765988445,0.3714285714285714,0.28571428571428575,0.2777777777777778,0.29411764705882354,0.0
ck26_IRIS_ck26:40-en,0.0,0.0,0.0,0.16054609526993777,0.6083183419993026,0.7230847981821259,0.15225881209433406,0.0,0.0,0.0,0.0,0.39215686274509803,0.2962962962962963,0.49874753981034176,0.0,0.0766683175968318,0.24000000000000005,,0.0,0.0,0.04843483824567993,0.04843483824567993,0.2773722627737226,0.2773722627737226,0.0,1.0,0.0,0.5294117647058824,0.38805970149253727,0.3333333333333333,0.27692307692307694,0.09757642806283896,0.3880597014925374,0.4029850746268656,0.2727272727272727,0.7714285714285715,0.3333333333333333
ck26_IRIS_ck26:41-en,0.0,0.0,0.0,0.07668921551355516,0.40301743071416984,0.5670976943156177,0.1482675827043134,0.0,0.0,0.0,0.0,0.36538461538461536,0.36390532544378695,0.33694976819767714,0.0,0.15987777126940966,0.2111801242236025,,0.0,1.0,0.12268120311098377,0.12268120311098377,0.19108280254777069,0.19108280254777069,0.0,1.0,0.0,0.42424242424242425,0.2085889570552147,0.16149068322981366,0.13836477987421383,0.1674774148152375,0.6105263157894736,0.4421052631578947,0.3925233644859813,0.5060240963855421,0.3333333333333333
ck26_IRIS_ck26:42-en,0.0,0.0,0.0,0.13138145482826083,0.5340246089900841,0.697424236151367,0.16139047779640892,0.0,0.0,0.0,0.0,0.509090909090909,0.3991097922848664,0.2901926444833625,0.0,0.10036549162975919,0.30939226519337015,,0.0,1.0,0.058476650027329664,0.058476650027329664,0.21468926553672316,0.21468926553672316,0.0,1.0,0.0,0.562874251497006,0.4484848484848485,0.35582822085889565,0.28571428571428575,0.14430281699404757,0.5057471264367817,0.4597701149425288,0.7547169811320755,0.3305785123966942,0.25
ck26_IRIS_ck26:43-en,0.0,0.0,0.0,0.15065202446392845,0.6209963394493154,0.5988173899253455,0.1482675827043134,0.0,0.0,0.0,0.0,0.26666666666666666,0.18042813455657492,0.7949121802214585,0.0,0.2544697705621172,0.2857142857142857,,0.0,1.0,0.3246125979239547,0.3246125979239547,0.2545454545454546,0.2545454545454546,0.0,0.0,0.0,0.30303030303030304,0.26153846153846155,0.171875,0.12698412698412698,0.15065202446392845,0.4835164835164835,0.4835164835164835,0.3333333333333333,0.88,0.0
ck26_IRIS_ck26:44-en,0.006189213085764811,0.003381642512077295,0.036458333333333336,0.1872793461107921,0.49004327975114126,0.5914574957837838,0.1380262631157473,0.0,0.006189213085764811,0.060135790494665366,1.0,0.3389830508474576,0.36100131752305664,0.5118530435030401,0.3333333333333333,0.3194337520110428,0.32710280373831774,,0.0,0.003381642512077295,0.2679123407207443,0.2679123407207443,0.33695652173913043,0.33695652173913043,0.0,1.0,0.036458333333333336,0.44692737430167595,0.22598870056497175,0.16,0.10404624277456646,0.2657940616516156,0.6407766990291262,0.5533980582524272,0.48717948717948717,0.6404494382022472,0.0
ck26_IRIS_ck26:45-en,0.0,0.0,0.0,0.12260545437690408,0.4315522644951269,0.6391615957751582,0.15894454156034005,0.0,0.0,0.0,0.0,0.4166666666666667,0.27574750830564787,0.5150373134328359,0.0,0.20451701706144715,0.3396226415094339,,0.0,1.0,0.13909880484338163,0.13909880484338163,0.2222222222222222,0.2222222222222222,0.0,1.0,0.0,0.5,0.36065573770491804,0.25,0.1694915254237288,0.177996699806202,0.46601941747572806,0.3883495145631068,0.2702702702702703,0.6896551724137931,0.0
ck26_IRIS_ck26:46-en,0.0,0.0,0.0,0.20877456444847484,0.46136030777878534,0.48694975181251854,0.14285714285714285,0.0,0.0,0.0,0.0,0.3684210526315789,0.24689826302729534,0.6657845565161418,0.0,0.5258499484515673,0.4444444444444445,,0.0,1.0,0.2496128244178526,0.2496128244178526,0.23809523809523808,0.23809523809523808,0.0,1.0,0.0,0.3552631578947369,0.2533333333333333,0.16216216216216217,0.10958904109589042,0.32774905109852703,0.6126126126126126,0.5225225225225225,0.38666666666666666,0.8055555555555556,0.0
ck26_IRIS_ck26:47-en,0.0,0.0,0.0,0.17714787947168362,0.531786969867921,0.7574823659981782,0.18660549686337075,0.0,0.0,0.0,0.0,0.5,0.39243498817966904,0.45621141975308654,0.0,0.4028016247714586,0.7865168539325843,,0.0,1.0,0.2519921893632722,0.2519921893632722,0.5087719298245614,0.5087719298245614,0.0,1.0,0.0,0.625,0.5106382978723405,0.41304347826086957,0.3111111111111111,0.2061324270259344,0.625,0.5625000000000001,0.45,0.75,0.0
ck26_IRIS_ck26:48-en,0.0,0.0,0.0,0.10291230868882344,0.45464964579965683,0.6411188743387697,0.1365270594958143,0.0,0.0,0.0,0.0,0.3442622950819672,0.2295597484276729,0.4108610522960635,0.0,0.17873748438228484,0.48226950354609927,,0.0,1.0,0.06879811951189994,0.06879811951189994,0.27884615384615385,0.27884615384615385,0.0,1.0,0.0,0.36046511627906974,0.2823529411764706,0.21428571428571425,0.16867469879518074,0.11987411300481858,0.3969465648854962,0.33587786259541985,0.21568627450980393,0.7586206896551724,0.0
ck26_IRIS_ck26:49-en,0.0,0.0,0.0,0.05365548967545591,0.40273776955280266,0.6293778712779541,0.14285714285714285,0.0,0.0,0.0,0.0,0.34545454545454546,0.22079589216944806,0.413399690126297,0.0,0.28285528465878046,0.4489795918367347,,0.0,0.0,0.09314261026356355,0.09314261026356355,0.29824561403508776,0.29824561403508776,0.0,1.0,0.0,0.35064935064935066,0.22368421052631574,0.17333333333333334,0.13513513513513514,0.12621835042983315,0.42718446601941745,0.36893203883495146,0.24050632911392406,0.7916666666666666,0.25
ck26_IRIS_ck26:5-en,0.0,0.0,0.0,0.1050607902226549,0.5745108115907515,0.5705450633752727,0.14118784806383944,0.0,0.0,0.0,0.0,0.27450980392156865,0.1803030303030303,0.5105918115322504,0.0,0.18373344524824242,0.3018867924528302,,0.0,1.0,0.03931435724915834,0.03931435724915834,0.11538461538461539,0.11538461538461539,0.0,1.0,0.0,0.3181818181818182,0.2615384615384615,0.21875,0.17460317460317462,0.1050607902226549,0.3142857142857142,0.3142857142857142,0.19298245614035087,0.8461538461538461,0.0
ck26_IRIS_ck26:50-en,0.0,0.0,0.0,0.26027551815267186,0.5877961522654407,0.45614464871575217,0.15022110482233483,0.0,0.0,0.0,0.0,0.38461538461538464,0.23977433004231308,0.7729447711287906,0.0,0.43011500325512025,0.2222222222222222,,0.0,1.0,0.29816567077903333,0.29816567077903333,0.1492537313432836,0.1492537313432836,0.0,1.0,0.0,0.3472222222222222,0.25352112676056343,0.18571428571428572,0.11594202898550726,0.24709377436041735,0.6326530612244898,0.5714285714285714,0.42424242424242425,0.875,0.0
ck26_IRIS_ck26:6-en,0.0,0.0,0.0,0.25678404806291744,0.6741960120157293,0.7363551788610199,0.1907435698305462,0.0,0.0,0.0,0.0,0.41935483870967744,0.305921052631579,0.7560237457804679,0.0,0.42803206067505944,0.3333333333333333,,0.0,1.0,0.43361890903486755,0.43361890903486755,0.4761904761904762,0.4761904761904762,0.0,1.0,0.0,0.5555555555555556,0.4571428571428571,0.38235294117647056,0.30303030303030304,0.25678404806291744,0.5789473684210525,0.5789473684210525,0.44,0.8461538461538461,0.6666666666666666
ck26_IRIS_ck26:7-en,0.0,0.0,0.0,0.08767210132815903,0.5796103330243474,0.727739557274362,0.17253779651421453,0.0,0.0,0.0,0.0,0.425,0.2727272727272727,0.5861365953109072,0.0,0.10852666491748135,0.4242424242424242,,0.0,1.0,0.021859291004686747,0.021859291004686747,0.27118644067796616,0.27118644067796616,0.0,1.0,0.0,0.52,0.40816326530612246,0.29166666666666663,0.23404255319148934,0.08767210132815903,0.36585365853658536,0.36585365853658536,0.23076923076923078,0.8823529411764706,0.16666666666666666
ck26_IRIS_ck26:8-en,1.0,1.0,1.0,0.12723416043294183,0.597284730584426,0.8168701781016697,0.2240092377397959,1.0,1.0,1.0,1.0,0.5714285714285714,0.3267605633802817,0.5023649877852279,1.0,0.17308158329459522,0.33333333333333326,,1.0,1.0,0.04080467012111698,0.04080467012111698,0.3050847457627119,0.3050847457627119,0.0,1.0,1.0,0.5974025974025975,0.4533333333333333,0.35616438356164387,0.2535211267605634,0.12723416043294183,0.4,0.4,0.2619047619047619,0.8461538461538461,0.0
ck26_IRIS_ck26:9-en,1.0,1.0,1.0,0.04778229591612814,0.3118919058346836,0.6600330024752064,0.17253779651421453,1.0,1.0,1.0,1.0,0.425,0.2464065708418891,0.3289581512237762,1.0,0.13780414367392188,0.1590909090909091,,1.0,1.0,0.05549830293511018,0.05549830293511018,0.06896551724137931,0.06896551724137931,0.0,1.0,1.0,0.5225225225225226,0.22018348623853212,0.18691588785046728,0.15238095238095237,0.0746674489831058,0.40425531914893614,0.3191489361702127,0.21428571428571427,0.625,0.0
ck26_LIBER-AI-CLAUDE_ck26:1-en,0.0,0.0,0.0,0.1105160279821551,0.414534337148951,0.6849877452507418,0.21712927295533244,0.0,0.0,0.0,0.0,0.5357142857142857,0.34375,0.44910179640718567,0.0,0.5202556880807584,0.6333333333333333,,0.0,0.0,0.4089601472043678,0.4089601472043678,0.5333333333333333,0.5333333333333333,0.0,1.0,0.0,0.65625,0.5483870967741935,0.4666666666666667,0.41379310344827586,0.34901604146875737,0.6451612903225806,0.5161290322580646,0.5714285714285714,0.47058823529411764,0.0
ck26_LIBER-AI-CLAUDE_ck26:10-en,1.0,1.0,1.0,0.024008759245776976,0.2936088308293919,0.47317216548376534,0.1757340838011157,1.0,1.0,1.0,1.0,0.3888888888888889,0.2777777777777778,0.2938676778242678,1.0,0.15560013076555723,0.26666666666666666,,1.0,1.0,0.02922433102797506,0.02922433102797506,0.16,0.16,0.0,1.0,1.0,0.4038461538461538,0.19607843137254902,0.14,0.10204081632653061,0.12535938934784976,0.36619718309859156,0.22535211267605634,0.16,0.38095238095238093,0.0
ck26_LIBER-AI-CLAUDE_ck26:11-en,0.0,0.0,0.0,0.030485500959301148,0.30206689814415383,0.606119015745411,0.16666666666666666,0.0,0.0,0.0,0.0,0.3055555555555556,0.3045977011494253,0.33404940923737914,0.0,0.16419136872156928,0.3888888888888889,,0.0,1.0,0.12503053621822974,0.12503053621822974,0.2857142857142857,0.2857142857142857,0.0,1.0,0.0,0.4473684210526316,0.2702702702702703,0.19444444444444445,0.14285714285714285,0.15538360611157637,0.40740740740740744,0.2592592592592593,0.1891891891891892,0.4117647058823529,0.0
ck26_LIBER-AI-CLAUDE_ck26:12-en,0.0,0.0,0.0,0.03381254371744086,0.30840628886441035,0.40032038451271773,0.1757340838011157,0.0,0.0,0.0,0.0,0.3333333333333333,0.2222222222222222,0.3412332675005486,0.0,0.18506589978312346,0.24615384615384617,,0.0,0.0,0.18012107375362468,0.18012107375362468,0.22222222222222224,0.22222222222222224,0.0,1.0,0.0,0.3768115942028986,0.1791044776119403,0.1230769230769231,0.09523809523809523,0.1751383589800583,0.44,0.27999999999999997,0.21212121212121213,0.4117647058823529,0.0
ck26_LIBER-AI-CLAUDE_ck26:13-en,0.0,0.0,0.0,0.12936680164974748,0.42924594333702043,0.6571428571428573,0.3090169943749474,0.0,0.0,0.0,0.0,0.7368421052631579,0.2417582417582418,0.5537974683544303,0.0,0.5890198071748992,0.45454545454545453,,0.0,0.0,0.15233479288870636,0.15233479288870636,0.4186046511627907,0.4186046511627907,0.0,1.0,0.0,0.5833333333333334,0.2608695652173913,0.1818181818181818,0.14285714285714282,0.2214761358086526,0.7555555555555556,0.5777777777777778,0.6190476190476191,0.5416666666666666,0.0
ck26_LIBER-AI-CLAUDE_ck26:14-en,0.0,0.0,0.0,0.04446858405976137,0.4372953553765012,0.6051998306483858,0.21089672205953397,0.0,0.0,0.0,0.0,0.5,0.31026252983293556,0.4077721118340074,0.0,0.13610589878725501,0.45783132530120485,,0.0,0.0,0.11031958317774526,0.11031958317774526,0.379746835443038,0.379746835443038,0.0,1.0,0.0,0.5121951219512195,0.27499999999999997,0.17948717948717952,0.13157894736842105,0.12666081076387806,0.3582089552238805,0.2985074626865672,0.21739130434782608,0.47619047619047616,0.0
ck26_LIBER-AI-CLAUDE_ck26:15-en,0.0,0.0,0.0,0.1347559786981746,0.48109159207714103,0.5323115227933841,0.1827439976315568,0.0,0.0,0.0,0.0,0.5348837209302325,0.2643253234750462,0.5126497638759329,0.0,0.1608849417528655,0.2647058823529412,,0.0,0.0,0.20743146538486143,0.20743146538486143,0.3583333333333333,0.3583333333333333,0.0,1.0,0.0,0.528,0.30894308943089427,0.1652892561983471,0.08403361344537816,0.15670253601070663,0.5625,0.46875,0.38961038961038963,0.5882352941176471,0.0
ck26_LIBER-AI-CLAUDE_ck26:16-en,0.0,0.0,1.0,0.14407770952973062,0.4245219286787846,0.6555213366563067,0.3333333333333333,0.0,0.0,0.0,0.0,0.7333333333333333,0.4825174825174825,0.4574482854366237,0.0,0.4366835442847812,0.5294117647058824,,0.0,0.0,0.29377167835760565,0.29377167835760565,0.6666666666666667,0.6666666666666667,0.0,1.0,0.0,0.5789473684210527,0.3888888888888889,0.23529411764705882,0.18750000000000003,0.2468980050800965,0.5925925925925926,0.5185185185185186,0.5833333333333334,0.4666666666666667,0.0
ck26_LIBER-AI-CLAUDE_ck26:17-en,0.0,0.0,0.0,0.06531661674155022,0.3725331684553934,0.4894725051862803,0.27429188517743175,0.0,0.0,0.0,0.0,0.6111111111111112,0.3106796116504854,0.4107273391812865,0.0,0.38538569180303145,0.46808510638297873,,0.0,0.0,0.38503228868787126,0.38503228868787126,0.5777777777777778,0.5777777777777778,0.0,1.0,0.0,0.43137254901960786,0.2857142857142857,0.1702127659574468,0.13333333333333333,0.34628430857329295,0.6285714285714287,0.45714285714285713,0.4444444444444444,0.47058823529411764,0.0
ck26_LIBER-AI-CLAUDE_ck26:18-en,0.6666666666666666,0.5,1.0,0.17896501854656124,0.3908951007904865,0.5755878314467001,0.21089672205953397,1.0,0.6666666666666666,1.0,1.0,0.5333333333333333,0.39739413680781754,0.484,1.0,0.24451276451675463,0.3658536585365853,,1.0,0.5,0.5009718769021604,0.5009718769021604,0.5952380952380952,0.5952380952380952,0.0,1.0,1.0,0.5679012345679012,0.32911392405063294,0.2077922077922078,0.13333333333333333,0.23485955022989216,0.6470588235294118,0.4411764705882353,0.38461538461538464,0.5172413793103449,0.0
ck26_LIBER-AI-CLAUDE_ck26:19-en,0.0,0.0,0.0,0.20988785322505515,0.4201190221297932,0.4682300434634559,0.25,0.0,0.0,0.0,0.0,0.64,0.32930513595166166,0.5084745762711864,0.0,0.4482322899929852,0.475,,0.0,1.0,0.1821038896383151,0.0,0.32098765432098764,0.0,0.0,0.0,0.0,0.45569620253164556,0.2337662337662338,0.13333333333333333,0.08219178082191779,0.31558484260925906,0.7301587301587301,0.507936507936508,0.47058823529411764,0.5517241379310345,0.0
ck26_LIBER-AI-CLAUDE_ck26:2-en,1.0,1.0,1.0,0.14010300531454548,0.45343371053418846,0.8506309062626501,0.36602540378443865,1.0,1.0,1.0,1.0,0.8333333333333334,0.4602272727272727,0.5294873855053832,1.0,1.0,1.0,,1.0,1.0,1.0,1.0,1.0,1.0,0.0,1.0,1.0,0.8571428571428572,0.7234042553191491,0.6222222222222222,0.5581395348837209,0.4874858042804568,0.7826086956521738,0.608695652173913,0.7,0.5384615384615384,0.0
ck26_LIBER-AI-CLAUDE_ck26:20-en,0.0,0.0,0.0,0.2603275003197096,0.5127170102150626,0.5007590592041447,0.2,0.0,0.0,0.0,0.0,0.5151515151515151,0.33163265306122447,0.5715194610778443,0.0,0.6571926396485939,0.6666666666666666,,0.0,1.0,0.1690979933029136,0.0,0.3434343434343434,0.0,0.0,0.0,0.0,0.4731182795698925,0.26373626373626374,0.1348314606741573,0.0689655172413793,0.4124346889114989,0.7428571428571429,0.5714285714285714,0.5405405405405406,0.6060606060606061,0.0
ck26_LIBER-AI-CLAUDE_ck26:21-en,0.0,0.0,0.0,0.17602516382889613,0.39400629095722406,0.48656936252360344,0.1951941016011038,0.0,0.0,0.0,0.0,0.5277777777777778,0.3887640449438202,0.4758749842628729,0.0,0.29674693631029003,0.41935483870967744,,0.0,1.0,0.1341662253611149,0.0,0.31147540983606553,0.0,0.0,0.0,0.0,0.5967741935483871,0.32786885245901637,0.2,0.10169491525423728,0.23887904161364687,0.6727272727272727,0.4727272727272727,0.4,0.5777777777777777,0.0
ck26_LIBER-AI-CLAUDE_ck26:22-en,0.0,0.0,0.0,0.13243122130715332,0.4009757554355839,0.7284927963857741,0.2240092377397959,0.0,0.0,0.0,0.0,0.5384615384615384,0.28240740740740744,0.5133198317494937,0.0,0.5316967153331754,0.7234042553191489,,0.0,0.0,0.3541698766144061,0.3541698766144061,0.5957446808510638,0.5957446808510638,0.0,1.0,0.0,0.6785714285714286,0.5555555555555556,0.4615384615384615,0.39999999999999997,0.44534504264163466,0.6666666666666666,0.5185185185185186,0.5,0.5384615384615384,0.0
ck26_LIBER-AI-CLAUDE_ck26:23-en,0.0,0.0,0.0,0.12347053564371155,0.5232796849410075,0.6926252447967297,0.2,0.0,0.0,0.0,0.0,0.5151515151515151,0.3867403314917127,0.4541537738435628,0.0,0.38457089506267517,0.6136363636363638,,0.0,1.0,0.3014335251508215,0.3014335251508215,0.5747126436781609,0.5747126436781609,0.0,1.0,0.0,0.5747126436781609,0.39999999999999997,0.31325301204819284,0.24691358024691357,0.31620074377638474,0.6046511627906977,0.5116279069767442,0.5,0.5238095238095238,0.0
ck26_LIBER-AI-CLAUDE_ck26:24-en,0.0,0.0,0.0,0.21295909474687524,0.447502068768686,0.4556373536642817,0.1757340838011157,0.0,0.0,0.0,0.0,0.47619047619047616,0.334070796460177,0.5163380456349206,0.0,0.326467224109338,0.4,,0.0,1.0,0.0842160494068148,0.0,0.2542372881355932,0.0,0.0,0.0,0.0,0.592,0.37398373983739835,0.2644628099173554,0.16806722689075632,0.25607563063547145,0.6538461538461539,0.4423076923076923,0.3770491803278688,0.5348837209302325,0.0
ck26_LIBER-AI-CLAUDE_ck26:25-en,0.0,0.0,0.0,0.18748020694582768,0.4230567605972164,0.4188834296877646,0.17253779651421453,0.0,0.0,0.0,0.0,0.4772727272727273,0.3321428571428572,0.41070113788487284,0.0,0.19335309635480546,0.38749999999999996,,0.0,1.0,0.06570309311700068,0.0,0.326241134751773,0.0,0.0,0.0,0.0,0.5093167701863354,0.31446540880503143,0.2165605095541401,0.12903225806451615,0.16956128787818267,0.6388888888888888,0.4166666666666667,0.379746835443038,0.46153846153846156,0.0
ck26_LIBER-AI-CLAUDE_ck26:26-en,1.0,1.0,1.0,0.06379166577622851,0.5979084179520493,0.7284414538708733,0.23166247903554,1.0,1.0,1.0,1.0,0.6071428571428571,0.3653846153846154,0.4518218623481781,1.0,0.3989201480507933,0.6875,,1.0,1.0,0.4507482544534971,0.4507482544534971,0.7391304347826088,0.7391304347826088,0.0,1.0,1.0,0.6666666666666666,0.4090909090909091,0.3023255813953488,0.23809523809523808,0.2889649116814956,0.6808510638297872,0.6382978723404256,0.6818181818181818,0.6,0.0
ck26_LIBER-AI-CLAUDE_ck26:27-en,0.7552447552447552,1.0,0.6067415730337079,0.2431587944903822,0.60103360106162,0.5838522756902751,0.1827439976315568,0.0,0.7552447552447552,0.7297297297297297,1.0,0.4594594594594595,0.31490384615384615,0.44109640831758035,1.0,0.2595053877622556,0.3333333333333333,0.6657083750175392,1.0,1.0,0.1606997596079243,0.1606997596079243,0.33333333333333337,0.33333333333333337,0.0,1.0,0.6067415730337079,0.5166666666666667,0.3389830508474576,0.22413793103448276,0.14035087719298245,0.2012861816504515,0.5869565217391304,0.5,0.5609756097560976,0.45098039215686275,0.0
ck26_LIBER-AI-CLAUDE_ck26:28-en,0.0,0.0,1.0,0.024888704326967787,0.4742472031511235,0.4122599131639917,0.1639607805437114,0.0,0.0,0.0,0.0,0.4090909090909091,0.285204991087344,0.12244897959183673,0.0,0.06219289072281679,0.42028985507246375,,0.0,0.0,0.09576696934047421,0.09576696934047421,0.40462427745664736,0.40462427745664736,0.0,1.0,0.0,0.3731343283582089,0.1818181818181818,0.12307692307692308,0.078125,0.03235826872131473,0.43243243243243246,0.3243243243243243,0.5454545454545454,0.23076923076923078,0.0
ck26_LIBER-AI-CLAUDE_ck26:29-en,0.12903225806451615,0.11764705882352941,0.14285714285714285,0.15829971747172958,0.47130569859870164,0.414620756728811,0.16666666666666666,0.0,0.12903225806451615,0.1379310344827586,0.0,0.46808510638297873,0.28059701492537314,0.3135210024952095,0.05555555555555555,0.28828915887716905,0.3687150837988827,,0.0,0.11764705882352941,0.28907960776316954,0.28907960776316954,0.4285714285714286,0.4285714285714286,0.0,1.0,0.14285714285714285,0.3717948717948718,0.16883116883116883,0.11842105263157894,0.06666666666666667,0.2580258520902703,0.47058823529411764,0.3333333333333333,0.3269230769230769,0.34,0.0
ck26_LIBER-AI-CLAUDE_ck26:3-en,0.0,0.0,0.0,0.13243122130715332,0.4009757554355839,0.7658395810674837,0.2240092377397959,0.0,0.0,0.0,0.0,0.5555555555555556,0.35779816513761464,0.5133198317494937,0.0,0.5316967153331754,0.7450980392156863,,0.0,0.0,0.3541698766144061,0.3541698766144061,0.6274509803921569,0.6274509803921569,0.0,1.0,0.0,0.7,0.5862068965517241,0.5,0.4444444444444444,0.44534504264163466,0.6666666666666666,0.5185185185185186,0.5,0.5384615384615384,0.0
ck26_LIBER-AI-CLAUDE_ck26:30-en,0.6250000000000001,0.5555555555555556,0.7142857142857143,0.39292940830773376,0.6467617638416393,0.6588078458684125,0.23166247903554,0.0,0.6250000000000001,0.5714285714285714,1.0,0.6071428571428571,0.402027027027027,0.599371693121693,1.0,0.665981196255276,0.5,,1.0,0.5555555555555556,0.5018967764746899,0.5018967764746899,0.31578947368421056,0.31578947368421056,0.0,1.0,0.7142857142857143,0.6923076923076923,0.47368421052631576,0.32432432432432434,0.19444444444444445,0.5141632348719388,0.775,0.675,0.7941176470588235,0.5869565217391305,0.0
ck26_LIBER-AI-CLAUDE_ck26:31-en,0.35,0.21212121212121213,1.0,0.2458399311221511,0.5538842252047802,0.5898296293792711,0.16952084719853724,0.0,0.35,0.08441558441558442,1.0,0.45454545454545453,0.20241411327762304,0.31514474244359303,1.0,0.10010360110809444,0.22335025380710663,,1.0,0.21212121212121213,0.13830728950210197,0.13830728950210197,0.2978723404255319,0.2978723404255319,0.0,1.0,1.0,0.3505154639175258,0.25,0.21052631578947367,0.1702127659574468,0.09581989143129346,0.43835616438356173,0.4109589041095891,0.30303030303030304,0.6382978723404256,0.0
ck26_LIBER-AI-CLAUDE_ck26:32-en,0.4106280193236715,0.40865384615384615,0.41262135922330095,0.25929108310665716,0.42940610410999763,0.4333943790944777,0.1757340838011157,0.0,0.4106280193236715,0.6666666666666666,1.0,0.47619047619047616,0.26249999999999996,0.4135491548078961,0.5,0.5073442202093743,0.4031007751937984,,0.0,0.40865384615384615,0.5204697788239633,0.5204697788239633,0.4090909090909091,0.4090909090909091,0.0,1.0,0.41262135922330095,0.4482758620689655,0.2456140350877193,0.14285714285714285,0.0909090909090909,0.44742793864034414,0.6262626262626263,0.4444444444444445,0.4583333333333333,0.43137254901960786,0.0
ck26_LIBER-AI-CLAUDE_ck26:33-en,0.0,0.0,1.0,0.20396704171050042,0.6171682310158604,0.6229178176443524,0.2,0.0,0.0,0.0,0.0,0.42857142857142855,0.3037037037037037,0.4400758715955714,0.0,0.35893646537880813,0.24489795918367346,,0.0,0.0,0.309847109179001,0.309847109179001,0.25,0.25,0.0,1.0,0.0,0.5454545454545454,0.40625000000000006,0.29032258064516125,0.16666666666666666,0.21139610140208323,0.6382978723404256,0.5531914893617021,0.7647058823529411,0.43333333333333335,0.0
ck26_LIBER-AI-CLAUDE_ck26:34-en,0.9928514694201748,0.9984025559105432,0.9873617693522907,0.17155850005125678,0.4378896250128142,0.5432302399192807,0.21089672205953397,0.0,0.9928514694201748,0.9919354838709677,1.0,0.48148148148148145,0.33856893542757416,0.3347075879566106,1.0,0.334792818168798,0.4,,1.0,0.9984025559105432,0.16800251343520914,0.16800251343520914,0.3826086956521739,0.3826086956521739,0.0,1.0,0.9873617693522907,0.3928571428571429,0.19999999999999998,0.14814814814814814,0.09433962264150944,0.2820758441523304,0.5869565217391305,0.41304347826086957,0.38,0.4523809523809524,0.0
ck26_LIBER-AI-CLAUDE_ck26:35-en,0.2807133421400264,0.3099927060539752,0.2564876282438141,0.016383210429523586,0.30001198860941936,0.45958602665373993,0.16139047779640892,0.0,0.2807133421400264,,0.0,0.425531914893617,0.278879813302217,0.13013178522437785,0.14285714285714285,0.050476698029903344,0.3553299492385787,,0.0,0.3099927060539752,0.037909085565212296,0.037909085565212296,0.371859296482412,0.371859296482412,0.0,1.0,0.2564876282438141,0.3837209302325581,0.18823529411764706,0.15476190476190477,0.12048192771084337,0.04566166543778742,0.42016806722689076,0.20168067226890754,0.19047619047619047,0.21428571428571427,0.0
ck26_LIBER-AI-CLAUDE_ck26:36-en,0.25,0.5,0.16666666666666666,0.17529653004928927,0.4226120113002011,0.5063270101411752,0.20521309615767264,0.0,0.25,0.2857142857142857,1.0,0.5,0.37262357414448666,0.4252263374485596,1.0,0.2695439147049557,0.20289855072463767,,1.0,0.5,0.2599456372387175,0.2599456372387175,0.273972602739726,0.273972602739726,0.0,1.0,0.16666666666666666,0.5526315789473684,0.3243243243243243,0.2222222222222222,0.14285714285714285,0.22919571077445458,0.6478873239436619,0.4788732394366197,0.5151515151515151,0.4473684210526316,0.0
ck26_LIBER-AI-CLAUDE_ck26:37-en,0.0,0.0,0.0,0.33988960087355174,0.662100059792856,0.6496725852959369,0.1951941016011038,0.0,0.0,0.0,0.0,0.5641025641025641,0.34158415841584155,0.44313253595858604,0.0,0.5514815085060548,0.5319148936170213,0.0,0.0,1.0,0.3341237673727059,0.3341237673727059,0.21951219512195122,0.21951219512195122,0.0,1.0,0.0,0.6153846153846154,0.47058823529411764,0.31999999999999995,0.20408163265306126,0.4286058432482858,0.711864406779661,0.6440677966101696,0.8085106382978723,0.5352112676056338,0.0
ck26_LIBER-AI-CLAUDE_ck26:38-en,0.21572720946416143,0.12090483619344773,1.0,0.20440577642322608,0.5482443012486636,0.48744758278951694,0.16952084719853724,0.0,0.21572720946416143,0.07005410683047883,1.0,0.3684210526315789,0.2884283246977547,0.40899192736305046,0.5,0.5319119151976118,0.5443037974683543,,0.0,0.12090483619344773,0.22632056338193343,0.22632056338193343,0.3975155279503106,0.3975155279503106,0.0,1.0,1.0,0.43356643356643354,0.19858156028368792,0.12949640287769784,0.072992700729927,0.3557428908517534,0.6428571428571428,0.5,0.56,0.45161290322580644,0.0
ck26_LIBER-AI-CLAUDE_ck26:39-en,0.1308411214953271,0.13592233009708737,0.12612612612612611,0.12551683201172556,0.4438792080029314,0.5403978250059751,0.2402530733520421,0.0,0.1308411214953271,0.8571428571428571,1.0,0.5833333333333334,0.3820224719101124,0.3449423247559893,0.5,0.5224157265889833,0.5434782608695652,,0.0,0.13592233009708737,0.16625131470499446,0.16625131470499446,0.5168539325842696,0.5168539325842696,0.0,1.0,0.12612612612612611,0.6213592233009709,0.33663366336633666,0.20202020202020202,0.10309278350515463,0.45159795056165175,0.6388888888888888,0.3888888888888889,0.4,0.3783783783783784,0.0
ck26_LIBER-AI-CLAUDE_ck26:4-en,1.0,1.0,1.0,0.14926266648896613,0.4476417535787633,0.4932847740705853,0.25,1.0,1.0,1.0,1.0,0.64,0.32773109243697474,0.4707386363636364,1.0,0.34335288715526285,0.5909090909090909,,1.0,1.0,0.19410278237452785,0.19410278237452785,0.5301204819277109,0.5301204819277109,0.0,1.0,1.0,0.46341463414634143,0.25000000000000006,0.15384615384615385,0.10526315789473682,0.2533216215277561,0.6,0.45,0.391304347826087,0.5294117647058824,0.0
ck26_LIBER-AI-CLAUDE_ck26:40-en,0.0,0.0,0.0,0.3372999989262266,0.7539678568744138,0.6986428459744812,0.28989794855663564,0.0,0.0,0.0,0.0,0.7272727272727273,0.4020979020979021,0.5332611873399933,0.0,0.22991615560038742,0.39534883720930236,,0.0,1.0,0.3767739276046795,0.3767739276046795,0.4827586206896552,0.4827586206896552,0.0,1.0,0.0,0.674698795180723,0.46913580246913583,0.3544303797468354,0.25974025974025977,0.17136838790532125,0.5714285714285714,0.603174603174603,0.6785714285714286,0.5428571428571428,0.0
ck26_LIBER-AI-CLAUDE_ck26:41-en,0.0,0.0,0.0,0.059111169871628975,0.34649517066685603,0.3961619581461957,0.13100580420257674,0.0,0.0,0.0,0.0,0.22807017543859648,0.22043010752688175,0.22323146904078148,0.0,0.13521618441065278,0.1739130434782609,,0.0,1.0,0.04590250442224785,0.0,0.175,0.0,0.0,0.0,0.0,0.2682926829268293,0.12345679012345678,0.0875,0.06329113924050633,0.13361571098432531,0.49101796407185627,0.34730538922155685,0.34523809523809523,0.3493975903614458,0.0
ck26_LIBER-AI-CLAUDE_ck26:42-en,0.5,0.5,0.5,0.05523822374855326,0.4854004650280474,0.4455001440388861,0.1463924816619788,0.0,0.5,0.6666666666666666,1.0,0.39285714285714285,0.2626112759643917,0.20852283985085646,1.0,0.09611694853143175,0.24615384615384617,,1.0,0.5,0.06005177369823725,0.06005177369823725,0.2555555555555556,0.2555555555555556,0.0,1.0,0.5,0.4117647058823529,0.26190476190476186,0.15662650602409636,0.10975609756097562,0.07624614167403362,0.42424242424242425,0.33939393939393936,0.6363636363636364,0.23140495867768596,0.0
ck26_LIBER-AI-CLAUDE_ck26:43-en,0.0,0.0,0.0,0.157188773630212,0.3785829076932673,0.6140664152409492,0.2612038749637414,0.0,0.0,0.0,0.0,0.5789473684210527,0.2717086834733894,0.2940711462450593,0.0,0.2460137257692754,0.13793103448275862,,0.0,0.0,0.5057133385213529,0.5057133385213529,0.32142857142857145,0.32142857142857145,0.0,1.0,0.0,0.3582089552238805,0.18461538461538463,0.12698412698412698,0.09836065573770493,0.2418068126014414,0.5283018867924528,0.3773584905660378,0.35714285714285715,0.4,0.0
ck26_LIBER-AI-CLAUDE_ck26:44-en,0.9014084507042254,0.8205128205128205,1.0,0.2085950422427794,0.6116725700845043,0.451313094233948,0.1757340838011157,0.0,0.9014084507042254,0.9029126213592233,1.0,0.4883720930232558,0.26580226904376014,0.4270687370718827,1.0,0.31033352102790035,0.35028248587570626,,1.0,0.8205128205128205,0.35644982820898213,0.35644982820898213,0.39215686274509803,0.39215686274509803,0.0,1.0,1.0,0.45238095238095233,0.22891566265060243,0.10975609756097561,0.0617283950617284,0.21483294703715164,0.6580645161290322,0.567741935483871,0.6666666666666666,0.4943820224719101,0.0
ck26_LIBER-AI-CLAUDE_ck26:45-en,0.0,0.0,0.0,0.14126448974952652,0.36184673468227957,0.5912142624123327,0.1951941016011038,0.0,0.0,0.0,0.0,0.5,0.3549060542797495,0.46838709677419355,0.0,0.3035971462384723,0.4600000000000001,,0.0,0.0,0.2049642241639589,0.2049642241639589,0.30000000000000004,0.30000000000000004,0.0,1.0,0.0,0.48484848484848486,0.26804123711340205,0.16842105263157897,0.10752688172043011,0.25961497713899884,0.564102564102564,0.38461538461538464,0.30612244897959184,0.5172413793103449,0.0
ck26_LIBER-AI-CLAUDE_ck26:46-en,0.782608695652174,0.6428571428571429,1.0,0.21551807744972193,0.4420374140992726,0.44129801190349033,0.2240092377397959,1.0,0.782608695652174,1.0,1.0,0.5862068965517241,0.2997275204359673,0.5640746169554378,1.0,0.3185423957440645,0.2432432432432432,,1.0,0.6428571428571429,0.2678170917026081,0.2678170917026081,0.23684210526315788,0.23684210526315788,0.0,1.0,1.0,0.4871794871794872,0.23684210526315788,0.13513513513513514,0.08333333333333333,0.3011968423466017,0.8108108108108109,0.5675675675675677,0.5526315789473685,0.5833333333333334,0.0
ck26_LIBER-AI-CLAUDE_ck26:47-en,0.6666666666666666,0.5,1.0,0.11311378863328313,0.579241060893772,0.6823806822440152,0.3090169943749474,0.0,0.6666666666666666,0.6666666666666666,0.0,0.7916666666666666,0.3473193473193473,0.3604138551506973,0.125,0.578662328257692,0.8979591836734693,,0.0,0.5,0.17558199612672082,0.17558199612672082,0.4848484848484849,0.4848484848484849,0.0,1.0,1.0,0.5869565217391304,0.4444444444444445,0.3181818181818182,0.20930232558139536,0.2523019529343173,0.6181818181818182,0.5454545454545454,0.4838709677419355,0.625,0.0
ck26_LIBER-AI-CLAUDE_ck26:48-en,1.0,1.0,1.0,0.11887731771691235,0.6303682046215188,0.5172935265326569,0.25,1.0,1.0,1.0,1.0,0.64,0.3741721854304636,0.5130742049469964,1.0,0.6630026311412909,0.7586206896551725,,1.0,1.0,0.10807993868927636,0.10807993868927636,0.46511627906976744,0.46511627906976744,0.0,1.0,1.0,0.5526315789473685,0.3243243243243243,0.19444444444444445,0.08571428571428572,0.2875221879511196,0.6666666666666667,0.5882352941176471,0.6818181818181818,0.5172413793103449,0.0
ck26_LIBER-AI-CLAUDE_ck26:49-en,1.0,1.0,1.0,0.2299660544335437,0.5198571050062354,0.7822198572375669,0.28989794855663564,1.0,1.0,1.0,1.0,0.75,0.34467120181405897,0.5901284159919027,1.0,0.514511651852919,0.6075949367088609,,1.0,1.0,0.21098000408652973,0.21098000408652973,0.41379310344827586,0.41379310344827586,0.0,1.0,1.0,0.5783132530120482,0.4444444444444445,0.3291139240506329,0.2597402597402597,0.3713719556505458,0.6909090909090909,0.5818181818181819,0.5161290322580645,0.6666666666666666,0.0
ck26_LIBER-AI-CLAUDE_ck26:5-en,0.0,0.0,0.0,0.07981694323120228,0.3896072407344667,0.7496578310876247,0.2240092377397959,0.0,0.0,0.0,0.0,0.52,0.3285714285714286,0.48449914316871784,0.0,0.39073802494525,0.5957446808510638,,0.0,0.0,0.38827267775222324,0.38827267775222324,0.6086956521739131,0.6086956521739131,0.0,1.0,0.0,0.6785714285714286,0.5555555555555556,0.4615384615384615,0.39999999999999997,0.3407806467081348,0.6666666666666666,0.5185185185185186,0.5,0.5384615384615384,0.0
ck26_LIBER-AI-CLAUDE_ck26:50-en,0.5,0.5,0.5,0.24623953025272613,0.5520360730393721,0.5316456139417773,0.27429188517743175,0.0,0.5,0.6666666666666666,1.0,0.72,0.31851851851851853,0.6577987871964794,0.5,0.40335820725998883,0.2105263157894737,,0.0,0.5,0.31800940138537775,0.31800940138537775,0.16666666666666666,0.16666666666666666,0.0,1.0,0.5,0.6060606060606061,0.34375000000000006,0.16129032258064516,0.10000000000000002,0.3997075312797639,0.8059701492537314,0.6567164179104478,0.6285714285714286,0.6875,0.0
ck26_LIBER-AI-CLAUDE_ck26:6-en,0.0,0.0,0.0,0.029333010563862102,0.2951298288127926,0.551931511524247,0.179128784747792,0.0,0.0,0.0,0.0,0.34375,0.22562674094707524,0.3652597402597403,0.0,0.11424261736422787,0.21538461538461537,,0.0,0.0,0.032483476156771926,0.032483476156771926,0.19047619047619044,0.19047619047619044,0.0,1.0,0.0,0.43243243243243246,0.2777777777777778,0.2,0.14705882352941177,0.11092770141728163,0.32,0.24,0.16216216216216217,0.46153846153846156,0.0
ck26_LIBER-AI-CLAUDE_ck26:7-en,0.0,0.0,0.0,0.06660854928710955,0.4050471250216069,0.6211190222681675,0.2,0.0,0.0,0.0,0.0,0.42857142857142855,0.355,0.44910179640718567,0.0,0.5333505353503044,0.5555555555555555,,0.0,1.0,0.47406042598781367,0.47406042598781367,0.5,0.5,0.0,1.0,0.0,0.5862068965517241,0.4642857142857143,0.3703703703703704,0.30769230769230765,0.43047668245605597,0.7741935483870968,0.5161290322580646,0.5714285714285714,0.47058823529411764,0.0
ck26_LIBER-AI-CLAUDE_ck26:8-en,0.0,0.0,0.0,0.07981694323120228,0.3896072407344667,0.7987230638308719,0.28989794855663564,0.0,0.0,0.0,0.0,0.7,0.34285714285714286,0.48449914316871784,0.0,0.39073802494525,0.6222222222222222,,0.0,0.0,0.2022534349573476,0.2022534349573476,0.6818181818181818,0.6818181818181818,0.0,1.0,0.0,0.7037037037037038,0.576923076923077,0.4799999999999999,0.4166666666666667,0.3407806467081348,0.6666666666666666,0.5185185185185186,0.5,0.5384615384615384,0.0
ck26_LIBER-AI-CLAUDE_ck26:9-en,0.0,0.0,0.0,0.1198558036169577,0.4495661886557421,0.8137491304672234,0.28989794855663564,0.0,0.0,0.0,0.0,0.7142857142857143,0.5037313432835822,0.5305127358610354,0.0,0.6037188691064004,0.6101694915254237,,0.0,0.0,0.5786592160764967,0.5786592160764967,0.6206896551724138,0.6206896551724138,0.0,1.0,0.0,0.6666666666666667,0.4590163934426229,0.4067796610169491,0.3508771929824561,0.2597522109300299,0.7317073170731708,0.5853658536585366,0.7058823529411765,0.5,0.0
ck26_LIBER-AI-QWEN_ck26:1-en,0.0,0.0,0.0,0.1105160279821551,0.414534337148951,0.6849877452507418,0.21712927295533244,0.0,0.0,0.0,0.0,0.5357142857142857,0.34259259259259256,0.44910179640718567,0.0,0.5202556880807584,0.6333333333333333,,0.0,0.0,0.4089601472043678,0.4089601472043678,0.5333333333333333,0.5333333333333333,0.0,1.0,0.0,0.65625,0.5483870967741935,0.4666666666666667,0.41379310344827586,0.34901604146875737,0.6451612903225806,0.5161290322580646,0.5714285714285714,0.47058823529411764,0.0
ck26_LIBER-AI-QWEN_ck26:10-en,1.0,1.0,1.0,0.060733889372305075,0.37390649779251683,0.7930369153149252,0.3333333333333333,1.0,1.0,1.0,1.0,0.8181818181818182,0.38888888888888884,0.42274881516587676,1.0,0.6720017886620784,0.9052631578947368,,1.0,1.0,0.769429739906649,0.769429739906649,0.9111111111111111,0.9111111111111111,0.0,1.0,1.0,0.6382978723404256,0.5,0.42222222222222217,0.3636363636363637,0.36064732832591173,0.6976744186046512,0.46511627906976744,0.45454545454545453,0.47619047619047616,0.0
ck26_LIBER-AI-QWEN_ck26:11-en,0.0,0.0,0.0,0.06531661674155022,0.3725331684553934,0.7246022915578131,0.2402530733520421,0.0,0.0,0.0,0.0,0.5652173913043478,0.38602941176470584,0.4107273391812865,0.0,0.4036690808681875,0.6984126984126984,,0.0,1.0,0.07340794302581667,0.07340794302581667,0.5245901639344263,0.5245901639344263,0.0,1.0,0.0,0.5671641791044776,0.46153846153846156,0.38095238095238093,0.3278688524590164,0.364475284252601,0.6857142857142857,0.45714285714285713,0.4444444444444444,0.47058823529411764,0.0
ck26_LIBER-AI-QWEN_ck26:12-en,0.0,0.0,0.0,0.054322042069770475,0.35009497815357127,0.690596174998875,0.21089672205953397,0.0,0.0,0.0,0.0,0.5,0.3005780346820809,0.4013392857142857,0.0,0.3892904392414698,0.6216216216216216,,0.0,0.0,0.18543829210530705,0.18543829210530705,0.5633802816901408,0.5633802816901408,0.0,1.0,0.0,0.5128205128205129,0.3947368421052632,0.32432432432432434,0.27777777777777785,0.29311959865271564,0.6153846153846153,0.41025641025641024,0.36363636363636365,0.47058823529411764,0.0
ck26_LIBER-AI-QWEN_ck26:13-en,0.0,0.0,0.0,0.17575989349728996,0.4658149733743225,0.5673665146135801,0.27429188517743175,0.0,0.0,0.0,0.0,0.631578947368421,0.3571428571428571,0.5076628352490421,0.0,0.5559076630540927,0.4117647058823529,,0.0,0.0,0.22802581612154946,0.22802581612154946,0.3529411764705882,0.3529411764705882,0.0,1.0,0.0,0.6315789473684211,0.3888888888888889,0.23529411764705882,0.18749999999999997,0.2499624299486941,0.7000000000000001,0.5499999999999999,0.6875,0.4583333333333333,0.0
ck26_LIBER-AI-QWEN_ck26:14-en,0.0,0.0,0.0,0.06653064242846951,0.5226140046554951,0.6896563082085962,0.3090169943749474,0.0,0.0,0.0,0.0,0.7727272727272727,0.4774011299435028,0.5122761979989466,0.0,0.38029382627226266,0.6913580246913581,,0.0,0.0,0.24515235346013312,0.24515235346013312,0.7179487179487181,0.7179487179487181,0.0,1.0,0.0,0.6,0.41025641025641024,0.31578947368421056,0.27027027027027023,0.3127670021100431,0.6511627906976744,0.5581395348837208,0.5454545454545454,0.5714285714285714,0.0
ck26_LIBER-AI-QWEN_ck26:15-en,0.0,0.0,0.0,0.19327920386611355,0.35182857289635294,0.5874734954460468,0.20521309615767264,0.0,0.0,0.0,0.0,0.6341463414634146,0.3383084577114428,0.5820518905236514,0.0,0.5251537999042508,0.6666666666666666,,0.0,1.0,0.09766533963985803,0.0,0.29,0.0,0.0,0.0,0.0,0.5588235294117647,0.3283582089552239,0.22727272727272724,0.15384615384615383,0.3208356742886441,0.7592592592592592,0.6481481481481481,0.6140350877192983,0.6862745098039216,0.0
ck26_LIBER-AI-QWEN_ck26:16-en,0.0,0.0,1.0,0.14407770952973062,0.4245219286787846,0.566138517072298,0.21712927295533244,0.0,0.0,0.0,0.0,0.4583333333333333,0.3715846994535519,0.4574482854366237,0.0,0.4366835442847812,0.45454545454545453,,0.0,0.0,0.29377167835760565,0.29377167835760565,0.6666666666666667,0.6666666666666667,0.0,1.0,0.0,0.45833333333333326,0.3043478260869565,0.18181818181818182,0.14285714285714285,0.2468980050800965,0.5925925925925926,0.5185185185185186,0.5833333333333334,0.4666666666666667,0.0
ck26_LIBER-AI-QWEN_ck26:17-en,0.0,0.0,0.0,0.06531661674155022,0.3725331684553934,0.41504894289709976,0.1827439976315568,0.0,0.0,0.0,0.0,0.3548387096774194,0.24710424710424705,0.4107273391812865,0.0,0.38538569180303145,0.4067796610169491,,0.0,0.0,0.1313420618349672,0.1313420618349672,0.3829787234042553,0.3829787234042553,0.0,1.0,0.0,0.34920634920634924,0.22950819672131145,0.13559322033898308,0.10526315789473684,0.34628430857329295,0.6285714285714287,0.45714285714285713,0.4444444444444444,0.47058823529411764,0.0
ck26_LIBER-AI-QWEN_ck26:18-en,0.0,0.0,0.0,0.25922617417005817,0.5481398768758479,0.6831300510639732,0.21712927295533244,0.0,0.0,0.0,0.0,0.59375,0.37431693989071035,0.5798969072164949,0.0,0.4002217469828678,0.48421052631578954,,0.0,0.0,0.4077057666203186,0.4077057666203186,0.5625,0.5625,0.0,1.0,0.0,0.5957446808510638,0.391304347826087,0.28888888888888886,0.2272727272727273,0.36994947464378,0.7457627118644068,0.6101694915254238,0.6,0.6206896551724138,0.0
ck26_LIBER-AI-QWEN_ck26:19-en,0.0,0.0,0.0,0.20309782503478804,0.46744112292536366,0.5337605126836238,0.3090169943749474,0.0,0.0,0.0,0.0,0.75,0.365979381443299,0.4221425726802071,0.0,0.35009999104250444,0.24,,0.0,0.0,0.5223883271661752,0.5223883271661752,0.4528301886792453,0.4528301886792453,0.0,1.0,0.0,0.653061224489796,0.3404255319148936,0.22222222222222224,0.13953488372093023,0.24152537857294773,0.6808510638297872,0.5106382978723404,0.6666666666666666,0.41379310344827586,0.0
ck26_LIBER-AI-QWEN_ck26:2-en,1.0,1.0,1.0,0.14010300531454548,0.45343371053418846,0.8506309062626501,0.36602540378443865,1.0,1.0,1.0,1.0,0.8333333333333334,0.4602272727272727,0.5294873855053832,1.0,1.0,1.0,,1.0,1.0,1.0,1.0,1.0,1.0,0.0,1.0,1.0,0.8571428571428572,0.7234042553191491,0.6222222222222222,0.5581395348837209,0.4874858042804568,0.7826086956521738,0.608695652173913,0.7,0.5384615384615384,0.0
ck26_LIBER-AI-QWEN_ck26:20-en,0.0,0.0,0.0,0.2575913211139078,0.6060644969451436,0.5127197934765088,0.28989794855663564,0.0,0.0,0.0,0.0,0.7391304347826086,0.3870967741935484,0.5733944954128442,0.0,0.5059282157053867,0.5116279069767442,,0.0,0.0,0.41888614394116586,0.41888614394116586,0.5057471264367817,0.5057471264367817,0.0,1.0,0.0,0.5249999999999999,0.2564102564102564,0.13157894736842105,0.08108108108108109,0.4070158430642394,0.761904761904762,0.6349206349206349,0.6666666666666666,0.6060606060606061,0.0
ck26_LIBER-AI-QWEN_ck26:21-en,0.0,0.0,0.0,0.2520471111372567,0.4493754141479505,0.5343511523958073,0.20521309615767264,0.0,0.0,0.0,0.0,0.5945945945945946,0.3736730360934183,0.5087888208364266,0.0,0.48360229715204395,0.5076923076923078,,0.0,0.0,0.5748934038035106,0.5748934038035106,0.5555555555555555,0.5555555555555555,0.0,1.0,0.0,0.6000000000000001,0.42187499999999994,0.28571428571428575,0.1935483870967742,0.42477138439337925,0.7191011235955056,0.5393258426966293,0.5454545454545454,0.5333333333333333,0.0
ck26_LIBER-AI-QWEN_ck26:22-en,0.0,0.0,0.0,0.13243122130715332,0.4009757554355839,0.7284927963857741,0.2240092377397959,0.0,0.0,0.0,0.0,0.5384615384615384,0.28240740740740744,0.5133198317494937,0.0,0.5316967153331754,0.7234042553191489,,0.0,0.0,0.3541698766144061,0.3541698766144061,0.5957446808510638,0.5957446808510638,0.0,1.0,0.0,0.6785714285714286,0.5555555555555556,0.4615384615384615,0.39999999999999997,0.44534504264163466,0.6666666666666666,0.5185185185185186,0.5,0.5384615384615384,0.0
ck26_LIBER-AI-QWEN_ck26:23-en,0.0,0.0,0.0,0.09919973723847643,0.5187035604656833,0.6828699596587476,0.1907435698305462,0.0,0.0,0.0,0.0,0.47058823529411764,0.4197183098591549,0.4210567545337041,0.0,0.24475340607908883,0.4318181818181818,,0.0,1.0,0.11102280520436379,0.11102280520436379,0.5348837209302325,0.5348837209302325,0.0,1.0,0.0,0.5517241379310345,0.3764705882352941,0.2891566265060241,0.22222222222222224,0.2361520759153821,0.6046511627906977,0.5116279069767442,0.5,0.5238095238095238,0.0
ck26_LIBER-AI-QWEN_ck26:24-en,0.0,0.0,0.0,0.2995728063785383,0.5082265349279679,0.5574439897002144,0.2240092377397959,0.0,0.0,0.0,0.0,0.6571428571428571,0.38247863247863245,0.5601851851851853,0.0,0.26251726341033904,0.43939393939393945,,0.0,0.0,0.3691172790863064,0.3691172790863064,0.6115702479338843,0.6115702479338843,0.0,1.0,0.0,0.5151515151515151,0.38461538461538464,0.28125,0.2380952380952381,0.23041958970580143,0.7272727272727273,0.5454545454545454,0.5333333333333333,0.5581395348837209,0.0
ck26_LIBER-AI-QWEN_ck26:25-en,0.0,0.0,0.0,0.0962123218310001,0.46601736617203576,0.4277999058840311,0.179128784747792,0.0,0.0,0.0,0.0,0.475,0.3243801652892562,0.28074839385334227,0.0,0.1519421313665889,0.37499999999999994,,0.0,0.0,0.32019828556081953,0.32019828556081953,0.4036697247706422,0.4036697247706422,0.0,1.0,0.0,0.434108527131783,0.33070866141732286,0.256,0.2113821138211382,0.08777234389445247,0.5161290322580645,0.38709677419354843,0.6428571428571429,0.27692307692307694,0.0
ck26_LIBER-AI-QWEN_ck26:26-en,0.0,0.0,0.0,0.14258099149008677,0.6140040675584295,0.7356913244130342,0.2612038749637414,0.0,0.0,0.0,0.0,0.6923076923076923,0.4373401534526854,0.5878542510121457,0.0,0.8725129388059689,0.8235294117647058,,0.0,1.0,0.30603689509300896,0.30603689509300896,0.673469387755102,0.673469387755102,0.0,1.0,0.0,0.6041666666666666,0.425531914893617,0.30434782608695654,0.24444444444444444,0.34485299147725845,0.7234042553191491,0.6382978723404256,0.6818181818181818,0.6,0.16666666666666666
ck26_LIBER-AI-QWEN_ck26:27-en,0.7105263157894737,0.8571428571428571,0.6067415730337079,0.19964986547125138,0.6139749663678129,0.6019701189699785,0.179128784747792,0.0,0.7105263157894737,0.675,1.0,0.43243243243243246,0.33252427184466016,0.40460719250361377,1.0,0.20976335569505827,0.2777777777777778,0.6486054629331365,1.0,0.8571428571428571,0.21577495164000993,0.21577495164000993,0.3119266055045871,0.3119266055045871,0.0,1.0,0.6067415730337079,0.5555555555555556,0.3773584905660377,0.24999999999999994,0.15686274509803919,0.15374328927724304,0.5783132530120481,0.5060240963855422,0.65625,0.4117647058823529,0.0
ck26_LIBER-AI-QWEN_ck26:28-en,0.0,0.0,1.0,0.011655415930121423,0.4188490320918376,0.4022346542589719,0.16666666666666666,0.0,0.0,0.0,0.0,0.3902439024390244,0.2620320855614974,0.1174625038261402,0.0,0.04884139005411692,0.45161290322580644,,0.0,0.0,0.09381114282336275,0.09381114282336275,0.47154471544715443,0.47154471544715443,0.0,1.0,0.0,0.36666666666666664,0.20338983050847456,0.13793103448275865,0.08771929824561403,0.020022188109535603,0.37254901960784315,0.23529411764705882,0.5,0.15384615384615385,0.0
ck26_LIBER-AI-QWEN_ck26:29-en,0.0,0.0,0.0,0.16285656455323885,0.4807141411383097,0.43836967781318875,0.21089672205953397,0.0,0.0,0.0,0.0,0.6,0.2440191387559809,0.30666666666666664,0.0,0.3595768287529208,0.4458598726114649,,0.0,1.0,0.3146853281692163,0.3146853281692163,0.46540880503144655,0.46540880503144655,0.0,1.0,0.0,0.44776119402985076,0.21212121212121213,0.13846153846153844,0.078125,0.3205330051061309,0.48,0.36,0.36,0.36,0.0
ck26_LIBER-AI-QWEN_ck26:3-en,0.0,0.0,0.0,0.13243122130715332,0.4009757554355839,0.7658395810674837,0.2240092377397959,0.0,0.0,0.0,0.0,0.5555555555555556,0.35779816513761464,0.5133198317494937,0.0,0.5316967153331754,0.7450980392156863,,0.0,0.0,0.3541698766144061,0.3541698766144061,0.6274509803921569,0.6274509803921569,0.0,1.0,0.0,0.7,0.5862068965517241,0.5,0.4444444444444444,0.44534504264163466,0.6666666666666666,0.5185185185185186,0.5,0.5384615384615384,0.0
ck26_LIBER-AI-QWEN_ck26:30-en,0.6250000000000001,0.5555555555555556,0.7142857142857143,0.35070255389025395,0.642221093018018,0.6643675043159175,0.2402530733520421,0.0,0.6250000000000001,0.5714285714285714,1.0,0.6296296296296297,0.3952702702702703,0.592841163310962,1.0,0.6173444355193262,0.42666666666666664,,1.0,0.5555555555555556,0.5835030914513967,0.5835030914513967,0.4,0.4,0.0,1.0,0.7142857142857143,0.7012987012987012,0.4266666666666667,0.273972602739726,0.16901408450704225,0.48536978036764905,0.7848101265822786,0.6835443037974683,0.8181818181818182,0.5869565217391305,0.0
ck26_LIBER-AI-QWEN_ck26:31-en,0.3132530120481928,0.18840579710144928,0.9285714285714286,0.20322600787847026,0.5079493591124747,0.47478337018318645,0.16952084719853724,0.0,0.3132530120481928,0.027397260273972605,1.0,0.42857142857142855,0.23913043478260865,0.4334022247188426,1.0,0.12403236717527238,0.2236024844720497,,1.0,0.18840579710144928,0.07755013875937573,0.07755013875937573,0.23076923076923078,0.23076923076923078,0.0,1.0,0.9285714285714286,0.3164556962025316,0.1923076923076923,0.11688311688311687,0.06578947368421052,0.12198153898963142,0.4957264957264958,0.39316239316239315,0.32857142857142857,0.48936170212765956,0.0
ck26_LIBER-AI-QWEN_ck26:32-en,0.003012048192771084,0.003968253968253968,0.0024271844660194173,0.14796843281850475,0.4023767235892416,0.45168903961215084,0.1827439976315568,0.0,0.003012048192771084,0.002034587995930824,1.0,0.48717948717948717,0.28985507246376807,0.33885542168674704,0.5,0.3974427812138929,0.36065573770491804,,0.0,0.003968253968253968,0.15248320765398315,0.15248320765398315,0.3548387096774194,0.3548387096774194,0.0,1.0,0.0024271844660194173,0.45871559633027525,0.22429906542056072,0.13333333333333333,0.09708737864077671,0.3151722708610607,0.5999999999999999,0.4000000000000001,0.46153846153846156,0.35294117647058826,0.0
ck26_LIBER-AI-QWEN_ck26:33-en,0.0,0.0,1.0,0.20990411215702492,0.6306010280392562,0.7027568881677673,0.21712927295533244,0.0,0.0,0.0,0.0,0.5185185185185185,0.2925925925925926,0.432200935159515,0.0,0.5283435709281448,0.5714285714285714,,0.0,0.0,0.44300069361967526,0.44300069361967526,0.6250000000000001,0.6250000000000001,0.0,1.0,0.0,0.6363636363636364,0.46875000000000006,0.3548387096774194,0.23333333333333334,0.21382925243040468,0.608695652173913,0.5652173913043479,0.8125,0.43333333333333335,0.0
ck26_LIBER-AI-QWEN_ck26:34-en,0.0,0.0,0.0,0.026546448801019373,0.390507835756931,0.4779087142231608,0.179128784747792,0.0,0.0,0.0,0.0,0.36363636363636365,0.2515592515592515,0.15614250614250613,0.0,0.28156024816290043,0.47706422018348627,,0.0,1.0,0.15313265680058435,0.15313265680058435,0.4842105263157895,0.4842105263157895,0.0,1.0,0.0,0.3584905660377358,0.1923076923076923,0.13725490196078433,0.09999999999999999,0.19815336964963834,0.5633802816901408,0.2816901408450704,0.3448275862068966,0.23809523809523808,0.0
ck26_LIBER-AI-QWEN_ck26:35-en,0.49203129527673134,0.47324414715719065,0.512371756185878,0.017515617179493185,0.31787873280840095,0.48134220943175676,0.1757340838011157,0.0,0.49203129527673134,,1.0,0.4634146341463415,0.32316227461858527,0.1341540404040404,0.2,0.2084364059243116,0.38372093023255816,,0.0,0.47324414715719065,0.08712475175244239,0.08712475175244239,0.3448275862068966,0.3448275862068966,0.0,1.0,0.512371756185878,0.44897959183673464,0.2206896551724138,0.1818181818181818,0.14184397163120568,0.15590141470858343,0.45098039215686275,0.23529411764705882,0.2608695652173913,0.21428571428571427,0.0
ck26_LIBER-AI-QWEN_ck26:36-en,0.16666666666666666,0.16666666666666666,0.16666666666666666,0.2644709348469312,0.4377393553333544,0.390281540741881,0.17253779651421453,0.0,0.16666666666666666,0.18181818181818182,0.0,0.3783783783783784,0.35989717223650386,0.4661389621811785,0.16666666666666666,0.5298723633875762,0.3146067415730337,,0.0,0.16666666666666666,0.3492520394471386,0.3492520394471386,0.19780219780219782,0.19780219780219782,0.0,1.0,0.16666666666666666,0.43750000000000006,0.29787234042553196,0.19565217391304346,0.13333333333333333,0.5157432822803698,0.6666666666666667,0.4799999999999999,0.4864864864864865,0.47368421052631576,0.0
ck26_LIBER-AI-QWEN_ck26:37-en,0.0,0.0,0.0,0.3565661083979599,0.6715883356101282,0.6799586772512979,0.1907435698305462,0.0,0.0,0.0,0.0,0.5384615384615384,0.3391089108910891,0.45164106781061253,0.0,0.5352795448963279,0.44680851063829785,0.0,0.0,1.0,0.5070355342667442,0.5070355342667442,0.2682926829268293,0.2682926829268293,0.0,1.0,0.0,0.6153846153846154,0.45098039215686275,0.31999999999999995,0.22448979591836732,0.4286058432482858,0.711864406779661,0.6610169491525424,0.8297872340425532,0.5492957746478874,0.0
ck26_LIBER-AI-QWEN_ck26:38-en,0.0,0.0,0.0,0.044446135144992245,0.49075799002742854,0.44975039045184156,0.16666666666666666,0.0,0.0,0.0,0.0,0.375,0.27719821162444114,0.19208901884340482,0.0,0.2727392238258471,0.46408839779005523,,0.0,1.0,0.0651490612061724,0.0651490612061724,0.40449438202247195,0.40449438202247195,0.0,1.0,0.0,0.3734939759036145,0.17073170731707316,0.09876543209876543,0.0625,0.16408838386518892,0.4107142857142857,0.3214285714285714,0.36,0.2903225806451613,0.0
ck26_LIBER-AI-QWEN_ck26:39-en,0.12612612612612611,0.12612612612612611,0.12612612612612611,0.37456291810610803,0.7338846319655514,0.7167641170322946,0.21712927295533244,0.0,0.12612612612612611,0.8571428571428571,1.0,0.5806451612903226,0.4040404040404041,0.5813359885971917,0.5,0.40699789816689447,0.5384615384615385,,0.0,0.12612612612612611,0.13039899950636066,0.13039899950636066,0.4444444444444445,0.4444444444444445,0.0,1.0,0.12612612612612611,0.6415094339622641,0.4615384615384615,0.33333333333333326,0.21999999999999997,0.35187442273493597,0.5897435897435899,0.5897435897435899,0.5609756097560976,0.6216216216216216,0.0
ck26_LIBER-AI-QWEN_ck26:4-en,0.0,0.0,0.0,0.01608484588567926,0.3779436759479542,0.3179721491495522,0.20521309615767264,0.0,0.0,0.0,0.0,0.4444444444444444,0.21779141104294475,0.17889030612244897,0.0,0.11432456712785083,0.3218390804597701,,0.0,1.0,0.03144354710680635,0.03144354710680635,0.35135135135135137,0.35135135135135137,0.0,1.0,0.0,0.2962962962962962,0.1518987341772152,0.10389610389610389,0.08,0.07802951774611433,0.37499999999999994,0.2916666666666667,0.5,0.20588235294117646,0.0
ck26_LIBER-AI-QWEN_ck26:40-en,0.0,0.0,0.0,0.2881871882703532,0.738713463734255,0.6697488221027814,0.20521309615767264,0.0,0.0,0.0,0.0,0.5161290322580645,0.3711656441717791,0.4811926936683272,0.0,0.1986438363513743,0.3333333333333333,,0.0,1.0,0.3767739276046795,0.3767739276046795,0.4827586206896552,0.4827586206896552,0.0,1.0,0.0,0.5806451612903226,0.39560439560439553,0.2921348314606742,0.20689655172413793,0.15087685261191916,0.5483870967741936,0.5806451612903226,0.6666666666666666,0.5142857142857142,0.0
ck26_LIBER-AI-QWEN_ck26:41-en,0.0,0.0,0.0,0.09846618324944849,0.38897824794002167,0.437312599726492,0.16139047779640892,0.0,0.0,0.0,0.0,0.34146341463414637,0.32008368200836823,0.40593334186490243,0.0,0.4910573724015189,0.42285714285714293,,0.0,1.0,0.18279992995889227,0.18279992995889227,0.2366863905325444,0.2366863905325444,0.0,1.0,0.0,0.32584269662921345,0.13636363636363638,0.08045977011494253,0.05813953488372093,0.41924196799347346,0.7231638418079096,0.4858757062146893,0.4574468085106383,0.5180722891566265,0.3333333333333333
ck26_LIBER-AI-QWEN_ck26:42-en,0.5,0.5,0.5,0.055724951159153935,0.49120396506251573,0.4580074656375187,0.15894454156034005,0.0,0.5,0.6666666666666666,1.0,0.4166666666666667,0.26706231454005935,0.21397844158542825,1.0,0.09672724552847023,0.2594594594594594,,1.0,0.5,0.06005177369823725,0.06005177369823725,0.2555555555555556,0.2555555555555556,0.0,1.0,0.5,0.4375,0.24050632911392406,0.14102564102564102,0.1038961038961039,0.07678501719024264,0.4363636363636364,0.35151515151515156,0.6590909090909091,0.2396694214876033,0.0
ck26_LIBER-AI-QWEN_ck26:43-en,0.6666666666666666,0.5,1.0,0.06176286284155797,0.32585886332740455,0.4042949550446725,0.20521309615767264,0.0,0.6666666666666666,,1.0,0.4,0.22691292875989444,0.27435302734375,1.0,0.2392676897994863,0.22580645161290325,,1.0,0.5,0.19230188007838597,0.19230188007838597,0.23333333333333334,0.23333333333333334,0.0,1.0,1.0,0.2816901408450704,0.14492753623188406,0.11940298507462688,0.09230769230769229,0.10346418923655455,0.5,0.2857142857142857,0.25806451612903225,0.32,0.0
ck26_LIBER-AI-QWEN_ck26:44-en,0.18294425917103382,0.10068169900367069,1.0,0.039911408647917264,0.6047580719421991,0.5317600752351933,0.2,0.0,0.18294425917103382,0.17017383348581885,1.0,0.5,0.2544642857142857,0.22380979800223189,1.0,0.0678540269067181,0.3157894736842105,,1.0,0.10068169900367069,0.022287702153071867,0.022287702153071867,0.26785714285714285,0.26785714285714285,0.0,1.0,1.0,0.45714285714285713,0.31067961165048547,0.17821782178217824,0.101010101010101,0.03842989921939089,0.38260869565217387,0.3652173913043478,0.8076923076923077,0.23595505617977527,0.0
ck26_LIBER-AI-QWEN_ck26:45-en,0.0,0.0,0.0,0.24413664470419785,0.44034450600363567,0.62044208831154,0.2,0.0,0.0,0.0,0.0,0.5294117647058824,0.4097938144329897,0.49095785440613027,0.0,0.5791399965298983,0.6595744680851063,,0.0,0.0,0.4985591070050039,0.4985591070050039,0.6170212765957447,0.6170212765957447,0.0,1.0,0.0,0.5376344086021505,0.37362637362637363,0.29213483146067415,0.2298850574712644,0.41247506600834843,0.7586206896551724,0.5172413793103449,0.5172413793103449,0.5172413793103449,0.0
ck26_LIBER-AI-QWEN_ck26:46-en,0.0,0.0,0.0,0.2001613639154893,0.43099272193125326,0.40572205955603347,0.17253779651421453,0.0,0.0,0.0,0.0,0.43902439024390244,0.29979035639413,0.5866413765072485,0.0,0.6334899384966299,0.4842105263157895,,0.0,1.0,0.42219145237474487,0.42219145237474487,0.30232558139534876,0.30232558139534876,0.0,1.0,0.0,0.40404040404040403,0.2061855670103093,0.10526315789473684,0.06451612903225806,0.5858209221081124,0.7948717948717949,0.5641025641025642,0.5238095238095238,0.6111111111111112,0.0
ck26_LIBER-AI-QWEN_ck26:47-en,0.0,0.0,0.0,0.16033818857536825,0.6381854219514074,0.6973825232436638,0.3333333333333333,0.0,0.0,0.0,0.0,0.8260869565217391,0.41498559077809793,0.46890756302521,0.0,0.8256883303374226,0.9545454545454546,,0.0,0.0,0.161379527749023,0.161379527749023,0.5909090909090909,0.5909090909090909,0.0,1.0,0.0,0.6585365853658536,0.5,0.3589743589743589,0.23684210526315788,0.35312422802238125,0.7391304347826088,0.6521739130434783,0.6818181818181818,0.625,0.0
ck26_LIBER-AI-QWEN_ck26:48-en,0.0,0.0,0.0,0.11887731771691235,0.6303682046215188,0.49281898387009565,0.20521309615767264,0.0,0.0,0.0,0.0,0.5161290322580645,0.3532608695652174,0.5130742049469964,0.0,0.7042651567802917,0.7551020408163266,,0.0,1.0,0.11377605879861442,0.11377605879861442,0.4948453608247423,0.4948453608247423,0.0,1.0,0.0,0.4827586206896552,0.30588235294117644,0.1686746987951807,0.07407407407407407,0.2875221879511196,0.6666666666666667,0.5882352941176471,0.6818181818181818,0.5172413793103449,0.0
ck26_LIBER-AI-QWEN_ck26:49-en,1.0,1.0,1.0,0.23065995669237163,0.5814745129826168,0.797676825628123,0.3090169943749474,1.0,1.0,1.0,1.0,0.782608695652174,0.4183266932270916,0.6468387394514767,1.0,0.8343664980911134,0.9,,1.0,1.0,0.4938413945711103,0.4938413945711103,0.6666666666666666,0.6666666666666666,0.0,1.0,1.0,0.7500000000000001,0.5161290322580646,0.39999999999999997,0.3448275862068965,0.45721076660105414,0.8444444444444444,0.7111111111111111,0.7619047619047619,0.6666666666666666,0.0
ck26_LIBER-AI-QWEN_ck26:5-en,0.0,0.0,0.0,0.07981694323120228,0.3896072407344667,0.7496578310876247,0.2240092377397959,0.0,0.0,0.0,0.0,0.52,0.3285714285714286,0.48449914316871784,0.0,0.39073802494525,0.5957446808510638,,0.0,0.0,0.38827267775222324,0.38827267775222324,0.6086956521739131,0.6086956521739131,0.0,1.0,0.0,0.6785714285714286,0.5555555555555556,0.4615384615384615,0.39999999999999997,0.3407806467081348,0.6666666666666666,0.5185185185185186,0.5,0.5384615384615384,0.0
ck26_LIBER-AI-QWEN_ck26:50-en,0.0,0.0,0.0,0.2627913768526977,0.5630936775465077,0.5155217860230611,0.2402530733520421,0.0,0.0,0.0,0.0,0.6153846153846154,0.34538152610441764,0.638109410430839,0.0,0.46198040323368755,0.2222222222222222,,0.0,0.0,0.6428821544925049,0.6428821544925049,0.3859649122807018,0.3859649122807018,0.0,1.0,0.0,0.5714285714285715,0.2950819672131148,0.1694915254237288,0.10526315789473684,0.46198040323368755,0.8125,0.65625,0.65625,0.65625,0.0
ck26_LIBER-AI-QWEN_ck26:6-en,0.0,0.0,0.0,0.06317215530592278,0.3582692729799377,0.7145219529368178,0.18660549686337075,0.0,0.0,0.0,0.0,0.40625,0.3818770226537217,0.4701436130007558,0.0,0.2955043237121875,0.42424242424242425,,0.0,0.0,0.3013040489278569,0.3013040489278569,0.5185185185185185,0.5185185185185185,0.0,1.0,0.0,0.5066666666666667,0.410958904109589,0.3380281690140845,0.28985507246376807,0.2577229450699086,0.5806451612903226,0.45161290322580644,0.3888888888888889,0.5384615384615384,0.0
ck26_LIBER-AI-QWEN_ck26:7-en,0.0,0.0,0.0,0.05291216296554761,0.39443769435899495,0.6721716807933638,0.2612038749637414,0.0,0.0,0.0,0.0,0.6,0.26455026455026454,0.3448487828866486,0.0,0.19055854209306522,0.5098039215686274,,0.0,1.0,0.2596535889340338,0.2596535889340338,0.64,0.64,0.0,1.0,0.0,0.6181818181818182,0.4528301886792453,0.39215686274509803,0.32653061224489793,0.14803331946054035,0.7333333333333334,0.4666666666666667,0.5384615384615384,0.4117647058823529,0.0
ck26_LIBER-AI-QWEN_ck26:8-en,0.0,0.0,0.0,0.0742780352096333,0.3885935692055688,0.775566734329481,0.3090169943749474,0.0,0.0,0.0,0.0,0.7368421052631579,0.3712871287128713,0.48449914316871784,0.0,0.33428661215627314,0.4888888888888889,,0.0,1.0,0.14173637423499996,0.14173637423499996,0.5333333333333333,0.5333333333333333,0.0,1.0,0.0,0.7037037037037038,0.5384615384615384,0.44,0.375,0.32559641262003014,0.6666666666666666,0.5185185185185186,0.5,0.5384615384615384,0.0
ck26_LIBER-AI-QWEN_ck26:9-en,0.0,0.0,0.0,0.11689610117130919,0.42688573107484,0.7708289530566066,0.28989794855663564,0.0,0.0,0.0,0.0,0.7142857142857143,0.4850746268656716,0.5537974683544303,0.0,0.6543503796047173,0.6470588235294117,,0.0,0.0,0.19229713941278048,0.19229713941278048,0.48484848484848486,0.48484848484848486,0.0,1.0,0.0,0.7222222222222221,0.5142857142857142,0.4411764705882353,0.3636363636363636,0.28592446185642795,0.7555555555555556,0.5777777777777778,0.6190476190476191,0.5416666666666666,0.0
ck26_SPARQL-LLM_ck26:1-en,0.0,0.0,0.0,0.5147346410538359,0.7768318084116071,0.9278305692406301,0.3090169943749474,0.0,0.0,0.0,0.0,0.7916666666666666,0.6958041958041958,0.8880208333333333,0.0,1.0,1.0,,0.0,1.0,1.0,1.0,1.0,1.0,0.0,1.0,0.0,0.8169014084507042,0.7826086956521738,0.7761194029850746,0.7692307692307692,0.5147346410538359,0.7272727272727272,0.7272727272727272,0.5925925925925926,0.9411764705882353,0.0
ck26_SPARQL-LLM_ck26:10-en,1.0,1.0,1.0,0.6604031021992536,0.8344556142594908,0.972525245563476,0.3090169943749474,1.0,1.0,1.0,1.0,0.8076923076923077,0.8348623853211009,0.9544939187796331,1.0,1.0,1.0,,1.0,1.0,1.0,1.0,1.0,1.0,0.0,1.0,1.0,0.9285714285714286,0.9268292682926829,0.9249999999999999,0.923076923076923,0.6604031021992536,0.8076923076923077,0.8076923076923077,0.6774193548387096,1.0,0.0
ck26_SPARQL-LLM_ck26:11-en,1.0,1.0,1.0,0.38975749519739833,0.7363282626882385,0.8757076597389362,0.3090169943749474,1.0,1.0,1.0,1.0,0.782608695652174,0.6273291925465838,0.8300000000000001,1.0,1.0,1.0,,1.0,1.0,1.0,1.0,1.0,1.0,0.0,1.0,1.0,0.7222222222222223,0.6571428571428571,0.588235294117647,0.5151515151515151,0.38975749519739833,0.6818181818181819,0.6818181818181819,0.5555555555555556,0.8823529411764706,0.0
ck26_SPARQL-LLM_ck26:12-en,1.0,1.0,1.0,0.2954804840666616,0.6988701210166655,0.8473185457363234,0.27429188517743175,1.0,1.0,1.0,1.0,0.6956521739130435,0.6131386861313868,0.6726694915254237,1.0,1.0,1.0,,1.0,1.0,1.0,1.0,1.0,1.0,0.0,1.0,1.0,0.75,0.6451612903225806,0.5333333333333333,0.41379310344827586,0.2954804840666616,0.5853658536585366,0.5853658536585366,0.5,0.7058823529411765,0.0
ck26_SPARQL-LLM_ck26:13-en,0.0,0.0,0.0,0.3482990918507536,0.6360943808058256,0.6309965784595426,0.28989794855663564,0.0,0.0,0.0,0.0,0.75,0.5257731958762887,0.7480332409972299,0.0,0.7335918259201694,0.7272727272727273,,0.0,1.0,0.18661962390369358,0.0,0.31034482758620685,0.0,0.0,0.0,0.0,0.5806451612903226,0.4666666666666667,0.37931034482758624,0.32142857142857145,0.37955687534671556,0.6896551724137931,0.6206896551724139,0.5294117647058824,0.75,0.0
ck26_SPARQL-LLM_ck26:14-en,1.0,1.0,1.0,0.3761648431086742,0.7392025010997492,0.8151493847085937,0.3090169943749474,1.0,1.0,1.0,1.0,0.8,0.6071428571428572,0.8136924803591469,1.0,1.0,1.0,,1.0,1.0,1.0,1.0,1.0,1.0,0.0,1.0,1.0,0.6823529411764705,0.6024096385542168,0.5185185185185185,0.45569620253164556,0.3761648431086742,0.6923076923076923,0.6923076923076923,0.5806451612903226,0.8571428571428571,0.0
ck26_SPARQL-LLM_ck26:15-en,1.0,1.0,1.0,0.8318673937138551,0.9169832418710867,0.9771355279794823,0.3090169943749474,1.0,1.0,1.0,1.0,0.8571428571428571,0.8775510204081632,0.9807655339662259,1.0,1.0,1.0,,1.0,1.0,1.0,1.0,1.0,1.0,0.0,1.0,1.0,0.9444444444444444,0.9433962264150945,0.9423076923076923,0.9411764705882353,0.8318673937138551,0.9107142857142857,0.9107142857142857,0.8360655737704918,1.0,0.0
ck26_SPARQL-LLM_ck26:16-en,0.0,0.0,1.0,0.19984031923399137,0.6635964434448615,0.6800092553874452,0.27429188517743175,1.0,0.0,0.0,0.0,0.65,0.49523809523809526,0.628343949044586,0.0,1.0,1.0,,0.0,0.0,1.0,1.0,1.0,1.0,0.0,0.0,0.0,0.6363636363636364,0.4761904761904762,0.3,0.15789473684210528,0.19984031923399137,0.5405405405405405,0.5405405405405405,0.45454545454545453,0.6666666666666666,0.0
ck26_SPARQL-LLM_ck26:17-en,1.0,1.0,1.0,0.2954804840666616,0.6988701210166655,0.7250000000000001,0.27429188517743175,1.0,1.0,1.0,1.0,0.6666666666666666,0.5353982300884956,0.6726694915254237,1.0,1.0,1.0,,1.0,1.0,1.0,1.0,1.0,1.0,0.0,1.0,1.0,0.6666666666666666,0.5217391304347826,0.3636363636363637,0.2380952380952381,0.2954804840666616,0.5853658536585366,0.5853658536585366,0.5,0.7058823529411765,0.0
ck26_SPARQL-LLM_ck26:18-en,1.0,1.0,1.0,0.47522632998171577,0.7785288047176512,0.8111042196600442,0.27429188517743175,1.0,1.0,1.0,1.0,0.75,0.6090651558073654,0.7723740237917931,1.0,1.0,1.0,,1.0,1.0,1.0,1.0,1.0,1.0,0.0,1.0,1.0,0.7415730337078651,0.6436781609195402,0.5411764705882353,0.43373493975903615,0.47522632998171577,0.7076923076923076,0.7076923076923076,0.6388888888888888,0.7931034482758621,0.0
ck26_SPARQL-LLM_ck26:19-en,1.0,1.0,1.0,0.48567710931378716,0.781141499550669,0.6908555602413986,0.27429188517743175,1.0,1.0,1.0,1.0,0.72,0.5255972696245734,0.7723740237917931,1.0,1.0,1.0,,1.0,1.0,1.0,1.0,1.0,1.0,0.0,1.0,1.0,0.684931506849315,0.5633802816901408,0.43478260869565216,0.32835820895522394,0.48567710931378716,0.7076923076923076,0.7076923076923076,0.6388888888888888,0.7931034482758621,0.0
ck26_SPARQL-LLM_ck26:2-en,1.0,1.0,1.0,0.3002490876098761,0.687562271902469,0.8829975091205933,0.27429188517743175,1.0,1.0,1.0,1.0,0.6956521739130435,0.6587677725118484,0.6533297287555194,1.0,1.0,1.0,,1.0,1.0,1.0,1.0,1.0,1.0,0.0,1.0,1.0,0.8363636363636363,0.7547169811320756,0.6666666666666667,0.6122448979591837,0.3002490876098761,0.5454545454545455,0.5454545454545455,0.45,0.6923076923076923,0.0
ck26_SPARQL-LLM_ck26:20-en,1.0,1.0,1.0,0.4675692998759383,0.7793923249689846,0.6317382148639481,0.27429188517743175,1.0,1.0,1.0,1.0,0.7307692307692307,0.5338753387533876,0.7687698628693834,1.0,1.0,1.0,,1.0,1.0,1.0,1.0,1.0,1.0,0.0,1.0,1.0,0.6511627906976744,0.5238095238095237,0.39024390243902435,0.27499999999999997,0.4675692998759383,0.7123287671232875,0.7123287671232875,0.65,0.7878787878787878,0.0
ck26_SPARQL-LLM_ck26:21-en,1.0,1.0,1.0,0.6592318547628342,0.8523079636907085,0.9371974928126209,0.3090169943749474,1.0,1.0,1.0,1.0,0.8333333333333334,0.7994987468671679,0.8497087456858539,1.0,0.7475678050014747,0.8205128205128205,,1.0,1.0,1.0,1.0,1.0,1.0,0.0,1.0,1.0,0.9230769230769231,0.8695652173913044,0.8141592920353982,0.7567567567567567,0.6592318547628342,0.8041237113402062,0.8041237113402062,0.75,0.8666666666666667,0.0
ck26_SPARQL-LLM_ck26:22-en,1.0,1.0,1.0,0.3002490876098761,0.687562271902469,0.8658487179917634,0.27429188517743175,1.0,1.0,1.0,1.0,0.6818181818181818,0.642156862745098,0.6533297287555194,1.0,1.0,1.0,,1.0,1.0,1.0,1.0,1.0,1.0,0.0,1.0,1.0,0.823529411764706,0.7346938775510203,0.6382978723404256,0.5777777777777778,0.3002490876098761,0.5454545454545455,0.5454545454545455,0.45,0.6923076923076923,0.0
ck26_SPARQL-LLM_ck26:23-en,1.0,1.0,1.0,0.6604031021992536,0.8344556142594908,0.965218505335508,0.3090169943749474,1.0,1.0,1.0,1.0,0.8214285714285714,0.8374233128834356,0.9544939187796331,1.0,1.0,1.0,,1.0,1.0,1.0,1.0,1.0,1.0,0.0,1.0,1.0,0.9249999999999999,0.923076923076923,0.9210526315789475,0.9189189189189189,0.6604031021992536,0.8076923076923077,0.8076923076923077,0.6774193548387096,1.0,0.0
ck26_SPARQL-LLM_ck26:24-en,1.0,1.0,1.0,0.7562127516046866,0.8871663954483415,0.9769599906300697,0.3090169943749474,1.0,1.0,1.0,1.0,0.8387096774193549,0.8655256723716381,0.9772665814445155,1.0,1.0,1.0,,1.0,1.0,1.0,1.0,1.0,1.0,0.0,1.0,1.0,0.9500000000000001,0.9491525423728813,0.9482758620689655,0.9473684210526316,0.7562127516046866,0.875,0.875,0.7924528301886793,0.9767441860465116,0.0
ck26_SPARQL-LLM_ck26:25-en,1.0,1.0,1.0,0.1729428049271316,0.562796769934073,0.6084233027185879,0.179128784747792,1.0,1.0,1.0,1.0,0.5434782608695652,0.38014783526927143,0.5171349092755899,1.0,0.2755503080480038,0.427860696517413,,1.0,1.0,0.12297408611358993,0.12297408611358993,0.41304347826086957,0.41304347826086957,0.0,1.0,1.0,0.5194805194805194,0.38427947598253276,0.29955947136563876,0.22222222222222224,0.17447238101719478,0.47959183673469397,0.4387755102040816,0.3282442748091603,0.6615384615384615,0.0
ck26_SPARQL-LLM_ck26:26-en,1.0,1.0,1.0,0.7010883038581152,0.8538435045359574,0.9712097238800678,0.3090169943749474,1.0,1.0,1.0,1.0,0.8275862068965517,0.85,0.9615076923076923,1.0,1.0,1.0,,1.0,1.0,1.0,1.0,1.0,1.0,0.0,1.0,1.0,0.9318181818181819,0.9302325581395349,0.9285714285714286,0.9268292682926829,0.7010883038581152,0.8333333333333333,0.8333333333333333,0.7142857142857143,1.0,0.0
ck26_SPARQL-LLM_ck26:27-en,1.0,1.0,1.0,0.538127768448516,0.8163501239303108,0.7534545402108425,0.2612038749637414,1.0,1.0,1.0,1.0,0.7894736842105263,0.45904761904761904,0.7750972762645916,1.0,1.0,1.0,1.0,1.0,1.0,1.0,1.0,1.0,1.0,0.0,1.0,1.0,0.7407407407407408,0.6165413533834587,0.48854961832061067,0.372093023255814,0.538127768448516,0.7547169811320754,0.7547169811320754,0.7272727272727273,0.7843137254901961,0.0
ck26_SPARQL-LLM_ck26:28-en,0.0,0.0,1.0,0.36170674252278,0.7081803088191008,0.5179180570585941,0.1827439976315568,1.0,0.0,0.0,0.0,0.5652173913043478,0.42690058479532167,0.5183478309804803,0.0,0.5658217844573367,0.5827814569536425,,0.0,0.0,0.4018831371837812,0.4018831371837812,0.4666666666666667,0.4666666666666667,0.0,0.0,0.0,0.49689440993788814,0.339622641509434,0.22929936305732482,0.14193548387096777,0.35161088962607817,0.5986394557823129,0.5986394557823129,0.6376811594202898,0.5641025641025641,0.0
ck26_SPARQL-LLM_ck26:29-en,0.16,0.18181818181818182,0.14285714285714285,0.31020161970069987,0.6222872470304381,0.4877752663109421,0.2402530733520421,0.0,0.16,0.15384615384615383,0.0,0.7222222222222222,0.3870967741935484,0.5980732554159128,0.09090909090909091,0.6376317790006228,0.7421383647798743,,0.0,0.18181818181818182,0.3799436910760482,0.3799436910760482,0.5521472392638037,0.5521472392638037,0.0,1.0,0.14285714285714285,0.5066666666666666,0.32432432432432434,0.2191780821917808,0.16666666666666666,0.4064395416447604,0.6915887850467289,0.616822429906542,0.5789473684210527,0.66,0.0
ck26_SPARQL-LLM_ck26:3-en,1.0,1.0,1.0,0.3002490876098761,0.687562271902469,0.8829975091205934,0.27429188517743175,1.0,1.0,1.0,1.0,0.6956521739130435,0.6588785046728972,0.6533297287555194,1.0,1.0,1.0,,1.0,1.0,1.0,1.0,1.0,1.0,0.0,1.0,1.0,0.8363636363636363,0.7547169811320756,0.6666666666666667,0.6122448979591837,0.3002490876098761,0.5454545454545455,0.5454545454545455,0.45,0.6923076923076923,0.0
ck26_SPARQL-LLM_ck26:30-en,0.0,0.0,0.0,0.32309553411698083,0.6039622893263467,0.7159587273193939,0.21089672205953397,0.0,0.0,0.0,0.0,0.5757575757575758,0.3731343283582089,0.6737106607348822,0.0,0.3938437186190448,0.5918367346938777,,0.0,0.0,0.376398442702175,0.376398442702175,0.46315789473684216,0.46315789473684216,0.0,1.0,0.0,0.6415094339622641,0.44230769230769235,0.3137254901960784,0.18000000000000002,0.22310715160405667,0.591304347826087,0.591304347826087,0.4927536231884058,0.7391304347826086,0.0
ck26_SPARQL-LLM_ck26:31-en,0.6746987951807228,0.509090909090909,1.0,0.13710374373403839,0.4717759359335096,0.5934485657932765,0.1639607805437114,1.0,0.6746987951807228,1.0,1.0,0.43478260869565216,0.16625,0.37123073486709846,1.0,0.20226176467177256,0.28691983122362874,,1.0,0.509090909090909,0.059631849136947045,0.059631849136947045,0.19327731092436976,0.19327731092436976,0.0,1.0,1.0,0.2892561983471075,0.19166666666666665,0.1092436974789916,0.05084745762711864,0.12700903837210215,0.3910614525139664,0.3687150837988827,0.25,0.7021276595744681,0.0
ck26_SPARQL-LLM_ck26:32-en,0.4106280193236715,0.40865384615384615,0.41262135922330095,0.40427836387957744,0.6492177391180425,0.4953618996053237,0.21712927295533244,0.0,0.4106280193236715,0.6666666666666666,1.0,0.6388888888888888,0.30534351145038163,0.6111130147417153,0.5,0.7896067323690201,0.7969924812030075,,0.0,0.40865384615384615,0.4757060197367914,0.4757060197367914,0.49645390070921985,0.49645390070921985,0.0,1.0,0.41262135922330095,0.5238095238095238,0.33870967741935487,0.2459016393442623,0.18333333333333335,0.44992826151044635,0.6857142857142857,0.6095238095238096,0.5925925925925926,0.6274509803921569,0.0
ck26_SPARQL-LLM_ck26:33-en,0.0,0.0,1.0,0.33536718811160326,0.7171751303612341,0.6967886950248874,0.2,1.0,0.0,0.0,0.0,0.4838709677419355,0.25555555555555554,0.5192708333333333,0.0,0.7182177203866376,0.8070175438596492,,0.0,0.0,1.0,1.0,1.0,1.0,0.0,0.0,0.0,0.6499999999999999,0.4615384615384615,0.31578947368421056,0.2162162162162162,0.33536718811160326,0.5333333333333333,0.5333333333333333,0.5333333333333333,0.5333333333333333,0.0
ck26_SPARQL-LLM_ck26:34-en,0.0,0.0,0.0,0.28913601284946444,0.6560049334449243,0.5557617519905709,0.2402530733520421,0.0,0.0,0.0,0.0,0.6296296296296297,0.4444444444444444,0.5348234691907378,0.0,0.3516376787985295,0.49484536082474223,,0.0,0.0,0.36048736137485443,0.36048736137485443,0.536082474226804,0.536082474226804,0.0,1.0,0.0,0.52,0.32653061224489793,0.20833333333333334,0.10638297872340426,0.23478493604607734,0.5882352941176471,0.5411764705882354,0.5348837209302325,0.5476190476190477,0.0
ck26_SPARQL-LLM_ck26:35-en,1.0,1.0,1.0,0.3938437186190448,0.7594778788073036,0.5612497486945821,0.2612038749637414,1.0,1.0,,1.0,0.7837837837837838,0.4032869785082175,0.6447393022145905,1.0,0.9225040988973804,0.962962962962963,,1.0,1.0,1.0,1.0,1.0,1.0,0.0,1.0,1.0,0.6011560693641619,0.4327485380116959,0.31952662721893493,0.25149700598802394,0.3938437186190448,0.6608695652173914,0.6608695652173914,0.6440677966101694,0.6785714285714286,0.0
ck26_SPARQL-LLM_ck26:36-en,0.6666666666666666,1.0,0.5,0.3123266181442396,0.5503038767582822,0.533696037716374,0.2240092377397959,0.0,0.6666666666666666,0.6666666666666666,1.0,0.5862068965517241,0.4031620553359684,0.5121693121693123,1.0,0.5029713996385327,0.4375,,1.0,1.0,0.2955875072848612,0.2955875072848612,0.32835820895522383,0.32835820895522383,0.0,1.0,0.5,0.6493506493506495,0.42666666666666664,0.273972602739726,0.16901408450704225,0.3239334104681712,0.6486486486486486,0.5405405405405405,0.5555555555555556,0.5263157894736842,0.0
ck26_SPARQL-LLM_ck26:37-en,1.0,1.0,1.0,0.6972636642000133,0.8293159160500033,0.8170458203254712,0.2402530733520421,1.0,1.0,1.0,1.0,0.7674418604651163,0.5097613882863341,0.8256405118784084,1.0,1.0,1.0,1.0,1.0,1.0,1.0,1.0,1.0,1.0,0.0,1.0,1.0,0.7969924812030075,0.6870229007633588,0.6046511627906976,0.5196850393700788,0.7489408836688988,0.8493150684931506,0.8082191780821917,0.7866666666666666,0.8309859154929577,0.0
ck26_SPARQL-LLM_ck26:38-en,1.0,1.0,1.0,0.4303460795736902,0.7385389008458035,0.6267976843680564,0.2240092377397959,1.0,1.0,1.0,1.0,0.6923076923076923,0.42475386779184243,0.7209330897272395,1.0,0.9449302710594357,0.9828571428571428,,1.0,1.0,0.3770904304836785,0.3770904304836785,0.5434782608695652,0.5434782608695652,0.0,1.0,1.0,0.6272189349112427,0.46706586826347307,0.33939393939393936,0.2331288343558282,0.49079260112865447,0.732824427480916,0.7022900763358778,0.6666666666666666,0.7419354838709677,0.0
ck26_SPARQL-LLM_ck26:39-en,1.0,1.0,1.0,0.5150764813885766,0.7934032666886076,0.7299701400328832,0.25,1.0,1.0,1.0,1.0,0.6666666666666666,0.4363143631436315,0.7196327839029364,1.0,1.0,1.0,,1.0,1.0,1.0,1.0,1.0,1.0,0.0,1.0,1.0,0.7083333333333334,0.574468085106383,0.4565217391304348,0.33333333333333326,0.5150764813885766,0.6923076923076923,0.6923076923076923,0.6585365853658537,0.7297297297297297,0.0
ck26_SPARQL-LLM_ck26:4-en,1.0,1.0,1.0,0.7645177314873157,0.884311251053647,0.9628053111808064,0.3090169943749474,1.0,1.0,1.0,1.0,0.8076923076923077,0.8141891891891893,0.9714162135442412,1.0,1.0,1.0,,1.0,1.0,1.0,1.0,1.0,1.0,0.0,1.0,1.0,0.9142857142857143,0.911764705882353,0.9090909090909091,0.90625,0.7645177314873157,0.8717948717948718,0.8717948717948718,0.7727272727272727,1.0,0.0
ck26_SPARQL-LLM_ck26:40-en,0.8,1.0,0.6666666666666666,0.3870160063400902,0.7480697910587067,0.6554374480347969,0.25,0.0,0.8,0.7999999999999999,1.0,0.64,0.3856382978723404,0.642374034069306,1.0,0.5405129917795758,0.6292134831460675,,1.0,1.0,0.6192332654346376,0.6192332654346376,0.7157894736842105,0.7157894736842105,0.0,1.0,0.6666666666666666,0.6086956521739131,0.42222222222222217,0.3181818181818182,0.23255813953488372,0.25146680949415273,0.6301369863013698,0.6301369863013698,0.6052631578947368,0.6571428571428571,0.0
ck26_SPARQL-LLM_ck26:41-en,0.7000000000000001,1.0,0.5384615384615384,0.5895726230705292,0.7998509130640993,0.7176703351394345,0.21089672205953397,0.0,0.7000000000000001,0.7999999999999999,1.0,0.6410256410256411,0.6006240249609984,0.8283576287657921,1.0,0.6327432972393197,0.484375,,1.0,1.0,0.4833356050512541,0.4833356050512541,0.36507936507936506,0.36507936507936506,0.0,1.0,0.5384615384615384,0.7044025157232704,0.5605095541401274,0.43870967741935485,0.32679738562091504,0.4759860959753606,0.7727272727272727,0.7954545454545455,0.7526881720430108,0.8433734939759037,0.0
ck26_SPARQL-LLM_ck26:42-en,1.0,1.0,1.0,0.6567184870529109,0.8743566129136702,0.6131357684824909,0.2612038749637414,1.0,1.0,1.0,1.0,0.8367346938775511,0.5005611672278338,0.68050110388503,1.0,0.8642308831778989,0.9558232931726907,,1.0,1.0,0.4137133886501402,0.4137133886501402,0.40167364016736407,0.40167364016736407,0.0,1.0,1.0,0.6929824561403509,0.5752212389380531,0.5,0.4324324324324324,0.6567184870529109,0.811965811965812,0.811965811965812,0.8407079646017699,0.7851239669421488,0.0
ck26_SPARQL-LLM_ck26:43-en,1.0,1.0,1.0,0.5014346925332321,0.7711920064666413,0.7523841248624464,0.27429188517743175,1.0,1.0,1.0,1.0,0.6111111111111112,0.4229074889867841,0.7896977437207323,1.0,0.803060039599225,0.6153846153846154,,1.0,1.0,0.6490097545330621,0.6490097545330621,0.5128205128205129,0.5128205128205129,0.0,1.0,1.0,0.6666666666666665,0.5384615384615384,0.39999999999999997,0.2916666666666667,0.5014346925332321,0.6885245901639344,0.6885245901639344,0.5833333333333334,0.84,0.0
ck26_SPARQL-LLM_ck26:44-en,1.0,1.0,1.0,0.7372502670099391,0.8982014556413737,0.929609518810155,0.2402530733520421,1.0,1.0,1.0,1.0,0.7297297297297297,0.7417218543046358,0.8629377676996723,1.0,0.6558189886787473,0.6329113924050633,,1.0,1.0,0.45976675055767213,0.45976675055767213,0.3924050632911392,0.3924050632911392,0.0,1.0,1.0,0.8421052631578948,0.7633587786259541,0.6821705426356589,0.6141732283464567,0.557288164879226,0.8603351955307262,0.8603351955307262,0.8555555555555555,0.8651685393258427,0.0
ck26_SPARQL-LLM_ck26:45-en,1.0,1.0,1.0,0.7330526671381095,0.8691606026819633,0.9652106437477782,0.3090169943749474,1.0,1.0,1.0,1.0,0.8214285714285714,0.8448275862068966,0.9666468489892985,1.0,1.0,1.0,,1.0,1.0,1.0,1.0,1.0,1.0,0.0,1.0,1.0,0.9268292682926829,0.9249999999999999,0.923076923076923,0.9210526315789475,0.7330526671381095,0.8529411764705882,0.8529411764705882,0.7435897435897436,1.0,0.0
ck26_SPARQL-LLM_ck26:46-en,1.0,1.0,1.0,0.6045380937140253,0.8297059519999349,0.8132946212168108,0.2612038749637414,1.0,1.0,1.0,1.0,0.7142857142857143,0.6676300578034682,0.8187006678809957,1.0,0.944881578046407,0.9523809523809523,,1.0,1.0,0.5041566170114462,0.5041566170114462,0.4,0.4,0.0,1.0,1.0,0.7671232876712328,0.6478873239436619,0.5507246376811595,0.4477611940298507,0.6045380937140253,0.7692307692307692,0.7692307692307692,0.7142857142857143,0.8333333333333334,0.0
ck26_SPARQL-LLM_ck26:47-en,1.0,1.0,1.0,0.6481388934544839,0.8334632947921924,0.963520118274577,0.3090169943749474,1.0,1.0,1.0,1.0,0.8148148148148148,0.8187702265372168,0.9384683488269145,1.0,0.9132027013286009,1.0,,1.0,1.0,1.0,1.0,1.0,1.0,0.0,1.0,1.0,0.9210526315789475,0.9189189189189189,0.9166666666666666,0.9142857142857143,0.6481388934544839,0.8135593220338984,0.8135593220338984,0.6857142857142857,1.0,0.0
ck26_SPARQL-LLM_ck26:48-en,1.0,1.0,1.0,0.7330526671381095,0.8691606026819633,0.966751571643547,0.3090169943749474,1.0,1.0,1.0,1.0,0.8214285714285714,0.8373493975903614,0.9666468489892985,1.0,1.0,1.0,,1.0,1.0,1.0,1.0,1.0,1.0,0.0,1.0,1.0,0.923076923076923,0.9210526315789475,0.9189189189189189,0.9166666666666666,0.7330526671381095,0.8529411764705882,0.8529411764705882,0.7435897435897436,1.0,0.0
ck26_SPARQL-LLM_ck26:49-en,1.0,1.0,1.0,0.6236362995619311,0.8273376463190543,0.9451890567189066,0.3090169943749474,1.0,1.0,1.0,1.0,0.8148148148148148,0.7919463087248322,0.9539619300575476,1.0,0.8725129388059689,0.8852459016393444,,1.0,1.0,0.5721248424548514,0.5721248424548514,0.6557377049180327,0.6557377049180327,0.0,1.0,1.0,0.898550724637681,0.8656716417910447,0.8307692307692308,0.7936507936507937,0.6236362995619311,0.8135593220338984,0.8135593220338984,0.6857142857142857,1.0,0.0
ck26_SPARQL-LLM_ck26:5-en,1.0,1.0,1.0,0.5330640187089944,0.7745703525033356,0.9415130835240084,0.3090169943749474,1.0,1.0,1.0,1.0,0.7619047619047619,0.7567567567567568,0.9283601014370245,1.0,1.0,1.0,,1.0,1.0,1.0,1.0,1.0,1.0,0.0,1.0,1.0,0.888888888888889,0.8846153846153846,0.88,0.8750000000000001,0.5330640187089944,0.7222222222222222,0.7222222222222222,0.5652173913043478,1.0,0.0
ck26_SPARQL-LLM_ck26:50-en,1.0,1.0,1.0,0.559729809409615,0.8109850839313512,0.8573214099741125,0.2612038749637414,1.0,1.0,1.0,1.0,0.6923076923076923,0.6108597285067874,0.7947099502668168,1.0,0.5886020508794013,0.4,,1.0,1.0,0.4568861188180699,0.4568861188180699,0.20408163265306126,0.20408163265306126,0.0,1.0,1.0,0.7999999999999999,0.6551724137931035,0.5357142857142857,0.4444444444444445,0.41266829687199885,0.742857142857143,0.742857142857143,0.6842105263157895,0.8125,0.0
ck26_SPARQL-LLM_ck26:6-en,1.0,1.0,1.0,0.3002490876098761,0.687562271902469,0.8777908163823702,0.27429188517743175,1.0,1.0,1.0,1.0,0.6666666666666666,0.6386138613861386,0.6533297287555194,1.0,1.0,1.0,,1.0,1.0,1.0,1.0,1.0,1.0,0.0,1.0,1.0,0.823529411764706,0.7346938775510203,0.6382978723404256,0.5333333333333333,0.3002490876098761,0.5454545454545455,0.5454545454545455,0.45,0.6923076923076923,0.0
ck26_SPARQL-LLM_ck26:7-en,1.0,1.0,1.0,0.2954804840666616,0.6988701210166655,0.8311429258190126,0.27429188517743175,1.0,1.0,1.0,1.0,0.6956521739130435,0.58984375,0.6726694915254237,1.0,1.0,1.0,,1.0,1.0,1.0,1.0,1.0,1.0,0.0,1.0,1.0,0.7419354838709677,0.6333333333333334,0.5172413793103449,0.42857142857142855,0.2954804840666616,0.5853658536585366,0.5853658536585366,0.5,0.7058823529411765,0.0
ck26_SPARQL-LLM_ck26:8-en,1.0,1.0,1.0,0.5330640187089944,0.7745703525033356,0.9365858115816943,0.3090169943749474,1.0,1.0,1.0,1.0,0.7727272727272727,0.7511520737327189,0.9283601014370245,1.0,1.0,1.0,,1.0,1.0,1.0,1.0,1.0,1.0,0.0,1.0,1.0,0.888888888888889,0.8846153846153846,0.88,0.8750000000000001,0.5330640187089944,0.7222222222222222,0.7222222222222222,0.5652173913043478,1.0,0.0
ck26_SPARQL-LLM_ck26:9-en,1.0,1.0,1.0,0.5527411313698707,0.8024709971281819,0.9700622795576338,0.3090169943749474,1.0,1.0,1.0,1.0,0.8,0.8048780487804879,0.9539619300575476,1.0,0.8725129388059689,0.9090909090909091,,1.0,1.0,0.5426113542926237,0.5426113542926237,0.7733333333333334,0.7733333333333334,0.0,1.0,1.0,0.9176470588235294,0.891566265060241,0.8641975308641975,0.8354430379746837,0.5527411313698707,0.7796610169491525,0.7796610169491525,0.6571428571428571,0.9583333333333334,0.0
