query_key,answerset_f1,answerset_precision,answerset_recall,bleu,codebleu,cosine_sim,euclidean,exact_match_spinach,f1_qald,f1_spinach,hit@5,jaccard,levenshtein,meteor,mrr,naive-can-bleu,naive-can-rouge-4,ndcg,p@1,precision_qald,qcan-bleu-flex,qcan-bleu-strict,qcan-rouge-4-flex,qcan-rouge-4-strict,query_exact_match,query_execution,recall_qald,rouge_1,rouge_2,rouge_3,rouge_4,sp-bleu,sp-f1,token_f1,token_precision,token_recall,uri_hallucination
db25_AIFB_db25:1-en,0.0,0.0,1.0,0.13217568465652332,0.5428727923170749,0.42909717576796746,0.2402530733520421,1.0,0.0,0.0,0.0,0.4117647058823529,0.3969072164948454,0.6212084929757344,0.0,0.13484725035093928,0.0,,0.0,0.0,0.12356888187828347,0.0,0.0,0.0,0.0,0.0,0.0,0.48780487804878053,0.10256410256410256,0.0,0.0,0.13484725035093928,0.6842105263157895,0.6315789473684211,0.5714285714285714,0.7058823529411765,0.0
db25_AIFB_db25:1-es,0.0,0.0,1.0,0.13217568465652332,0.5428727923170749,0.42909717576796746,0.2402530733520421,1.0,0.0,0.0,0.0,0.4117647058823529,0.3969072164948454,0.6212084929757344,0.0,0.13484725035093928,0.0,,0.0,0.0,0.12356888187828347,0.0,0.0,0.0,0.0,0.0,0.0,0.48780487804878053,0.10256410256410256,0.0,0.0,0.13484725035093928,0.6842105263157895,0.6315789473684211,0.5714285714285714,0.7058823529411765,0.0
db25_AIFB_db25:10-en,0.0,0.0,0.0,0.0607839609197962,0.371740533176643,0.18604027516022809,0.18660549686337075,0.0,0.0,0.0,0.0,0.2962962962962963,0.32733812949640284,0.3901909722222222,0.0,0.3538995029906511,0.07547169811320754,,0.0,1.0,0.048835561618985356,0.0,0.0,0.0,0.0,0.0,0.0,0.30508474576271183,0.07017543859649122,0.0,0.0,0.3538995029906511,0.6666666666666666,0.4444444444444444,0.4444444444444444,0.4444444444444444,0.0
db25_AIFB_db25:10-es,0.0,0.0,0.0,0.0607839609197962,0.371740533176643,0.18604027516022809,0.18660549686337075,0.0,0.0,0.0,0.0,0.2962962962962963,0.32733812949640284,0.3901909722222222,0.0,0.3538995029906511,0.07547169811320754,,0.0,1.0,0.048835561618985356,0.0,0.0,0.0,0.0,0.0,0.0,0.30508474576271183,0.07017543859649122,0.0,0.0,0.3538995029906511,0.6666666666666666,0.4444444444444444,0.4444444444444444,0.4444444444444444,0.0
db25_AIFB_db25:100-en,0.0,0.0,0.0,0.07096814213424056,0.3785587332982028,0.2931977358041868,0.2612038749637414,0.0,0.0,0.0,0.0,0.42857142857142855,0.2955974842767296,0.4046762589928057,0.0,0.13693693548745756,0.0,,0.0,1.0,0.06412695542496799,0.0,0.0,0.0,0.0,0.0,0.0,0.36363636363636365,0.06451612903225806,0.0,0.0,0.13693693548745756,0.5925925925925927,0.4444444444444445,0.46153846153846156,0.42857142857142855,0.0
db25_AIFB_db25:100-es,0.0,0.0,0.0,0.07096814213424056,0.3785587332982028,0.2931977358041868,0.2612038749637414,0.0,0.0,0.0,0.0,0.42857142857142855,0.2955974842767296,0.4046762589928057,0.0,0.13693693548745756,0.0,,0.0,1.0,0.06412695542496799,0.0,0.0,0.0,0.0,0.0,0.0,0.36363636363636365,0.06451612903225806,0.0,0.0,0.13693693548745756,0.5925925925925927,0.4444444444444445,0.46153846153846156,0.42857142857142855,0.0
db25_AIFB_db25:11-en,0.0,0.0,1.0,0.2896017600116477,0.5974004400029119,0.5897584595835881,0.16952084719853724,1.0,0.0,0.0,0.0,0.25,0.367741935483871,0.5076923076923077,0.0,0.08446191488199073,0.0,,0.0,0.0,0.07860066839824853,0.0,0.0,0.0,0.0,0.0,0.0,0.41269841269841273,0.26229508196721313,0.20338983050847456,0.17543859649122806,0.1040922318937572,0.5555555555555556,0.5555555555555556,0.6,0.5172413793103449,0.0
db25_AIFB_db25:11-es,0.0,0.0,1.0,0.2896017600116477,0.5974004400029119,0.5897584595835881,0.16952084719853724,1.0,0.0,0.0,0.0,0.25,0.367741935483871,0.5076923076923077,0.0,0.08446191488199073,0.0,,0.0,0.0,0.07860066839824853,0.0,0.0,0.0,0.0,0.0,0.0,0.41269841269841273,0.26229508196721313,0.20338983050847456,0.17543859649122806,0.1040922318937572,0.5555555555555556,0.5555555555555556,0.6,0.5172413793103449,0.0
db25_AIFB_db25:12-en,0.0,0.0,0.0,0.07517081801936397,0.37618792451213057,0.33436692754521175,0.25,0.0,0.0,0.0,0.0,0.3076923076923077,0.4016393442622951,0.3506944444444444,0.0,0.17183771017498592,0.0,,0.0,1.0,0.07517081801936397,0.0,0.0,0.0,0.0,0.0,0.0,0.39999999999999997,0.08695652173913045,0.0,0.0,0.17183771017498592,0.6666666666666666,0.4444444444444444,0.4444444444444444,0.4444444444444444,0.0
db25_AIFB_db25:12-es,0.0,0.0,0.0,0.07517081801936397,0.37618792451213057,0.33436692754521175,0.25,0.0,0.0,0.0,0.0,0.3076923076923077,0.4016393442622951,0.3506944444444444,0.0,0.17183771017498592,0.0,,0.0,1.0,0.07517081801936397,0.0,0.0,0.0,0.0,0.0,0.0,0.39999999999999997,0.08695652173913045,0.0,0.0,0.17183771017498592,0.6666666666666666,0.4444444444444444,0.4444444444444444,0.4444444444444444,0.0
db25_AIFB_db25:13-en,0.0,0.0,0.0,0.0742780352096333,0.3885935692055688,0.2068350759980076,0.1951941016011038,0.0,0.0,0.0,0.0,0.32,0.26046511627906976,0.45335276967930027,0.0,0.43242270754632145,0.09523809523809522,,0.0,1.0,0.06170290107295076,0.0,0.0,0.0,0.0,0.0,0.0,0.37499999999999994,0.08695652173913043,0.0,0.0,0.43242270754632145,0.7142857142857143,0.5,0.5,0.5,0.0
db25_AIFB_db25:13-es,0.0,0.0,0.0,0.06412695542496799,0.3772887747271253,0.1852396434087371,0.1907435698305462,0.0,0.0,0.0,0.0,0.28,0.2186046511627907,0.36770583533173457,0.0,0.24918622945587304,0.0,,0.0,1.0,0.05262202728382899,0.0,0.0,0.0,0.0,0.0,0.0,0.3404255319148936,0.044444444444444446,0.0,0.0,0.24918622945587304,0.6666666666666666,0.4444444444444445,0.46153846153846156,0.42857142857142855,0.0
db25_AIFB_db25:14-en,0.0,0.0,0.0,0.12475235543331888,0.6159719844877862,0.2934695928267111,0.27429188517743175,0.0,0.0,0.0,0.0,0.46153846153846156,0.3928571428571429,0.5067567567567568,0.0,0.12475235543331888,0.0,,0.0,1.0,0.12475235543331888,0.0,0.0,0.0,0.0,0.0,0.0,0.5161290322580645,0.27586206896551724,0.07407407407407407,0.0,0.12475235543331888,0.4444444444444444,0.4444444444444444,0.36363636363636365,0.5714285714285714,0.0
db25_AIFB_db25:14-es,0.0,0.0,0.0,0.09682184923566334,0.3404197175627098,0.18731716231633883,0.2240092377397959,0.0,0.0,0.0,0.0,0.25,0.23571428571428577,0.48701298701298706,0.0,0.09682184923566334,0.0,,0.0,1.0,0.09682184923566334,0.0,0.0,0.0,0.0,0.0,0.0,0.4375,0.26666666666666666,0.07142857142857142,0.0,0.09682184923566334,0.38095238095238093,0.38095238095238093,0.2857142857142857,0.5714285714285714,0.0
db25_AIFB_db25:15-en,0.0,0.0,0.0,0.07517081801936397,0.37618792451213057,0.33436692754521175,0.25,0.0,0.0,0.0,0.0,0.3076923076923077,0.38596491228070173,0.3506944444444444,0.0,0.17183771017498592,0.0,,0.0,1.0,0.07517081801936397,0.0,0.0,0.0,0.0,0.0,0.0,0.3478260869565218,0.0,0.0,0.0,0.17183771017498592,0.6666666666666666,0.4444444444444444,0.4444444444444444,0.4444444444444444,0.0
db25_AIFB_db25:15-es,0.0,0.0,0.0,0.07517081801936397,0.37618792451213057,0.33436692754521175,0.25,0.0,0.0,0.0,0.0,0.3076923076923077,0.38596491228070173,0.3506944444444444,0.0,0.17183771017498592,0.0,,0.0,1.0,0.07517081801936397,0.0,0.0,0.0,0.0,0.0,0.0,0.3478260869565218,0.0,0.0,0.0,0.17183771017498592,0.6666666666666666,0.4444444444444444,0.4444444444444444,0.4444444444444444,0.0
db25_AIFB_db25:16-en,0.0,0.0,0.0,0.07517081801936397,0.37618792451213057,0.33436692754521175,0.25,0.0,0.0,0.0,0.0,0.3076923076923077,0.4017094017094017,0.3506944444444444,0.0,0.17183771017498592,0.0,,0.0,1.0,0.07517081801936397,0.0,0.0,0.0,0.0,0.0,0.0,0.3478260869565218,0.0,0.0,0.0,0.17183771017498592,0.6666666666666666,0.4444444444444444,0.4444444444444444,0.4444444444444444,0.0
db25_AIFB_db25:16-es,0.0,0.0,0.0,0.07517081801936397,0.37618792451213057,0.33436692754521175,0.25,0.0,0.0,0.0,0.0,0.3076923076923077,0.4017094017094017,0.3506944444444444,0.0,0.17183771017498592,0.0,,0.0,1.0,0.07517081801936397,0.0,0.0,0.0,0.0,0.0,0.0,0.3478260869565218,0.0,0.0,0.0,0.17183771017498592,0.6666666666666666,0.4444444444444444,0.4444444444444444,0.4444444444444444,0.0
db25_AIFB_db25:17-en,0.0,0.0,0.0,0.06412695542496799,0.3772887747271253,0.1825741858350554,0.1951941016011038,0.0,0.0,0.0,0.0,0.2916666666666667,0.2149532710280374,0.36770583533173457,0.0,0.24918622945587304,0.0,,0.0,1.0,0.05262202728382899,0.0,0.0,0.0,0.0,0.0,0.0,0.3111111111111111,0.0,0.0,0.0,0.24918622945587304,0.6666666666666666,0.4444444444444445,0.46153846153846156,0.42857142857142855,0.0
db25_AIFB_db25:17-es,0.0,0.0,0.0,0.06412695542496799,0.3772887747271253,0.1825741858350554,0.1951941016011038,0.0,0.0,0.0,0.0,0.2916666666666667,0.2149532710280374,0.36770583533173457,0.0,0.24918622945587304,0.0,,0.0,1.0,0.05262202728382899,0.0,0.0,0.0,0.0,0.0,0.0,0.3111111111111111,0.0,0.0,0.0,0.24918622945587304,0.6666666666666666,0.4444444444444445,0.46153846153846156,0.42857142857142855,0.0
db25_AIFB_db25:18-en,0.0,0.0,0.0,0.5763740224114479,0.856593505602862,0.6864064729836441,0.2612038749637414,0.0,0.0,0.0,0.0,0.5555555555555556,0.47263681592039797,0.7183596270013489,0.0,0.6487066897882101,0.3703703703703704,,0.0,1.0,0.2415725261015974,0.0,0.0,0.0,0.0,0.0,0.0,0.6666666666666667,0.5499999999999999,0.4736842105263159,0.3888888888888889,0.5763740224114479,0.7727272727272727,0.7727272727272727,0.85,0.7083333333333334,0.0
db25_AIFB_db25:18-es,0.0,0.0,0.0,0.5763740224114479,0.856593505602862,0.6864064729836441,0.2612038749637414,0.0,0.0,0.0,0.0,0.5555555555555556,0.47263681592039797,0.7183596270013489,0.0,0.6487066897882101,0.3703703703703704,,0.0,1.0,0.2415725261015974,0.0,0.0,0.0,0.0,0.0,0.0,0.6666666666666667,0.5499999999999999,0.4736842105263159,0.3888888888888889,0.5763740224114479,0.7727272727272727,0.7727272727272727,0.85,0.7083333333333334,0.0
db25_AIFB_db25:19-en,0.0,0.0,0.0,0.05253282718668215,0.35590573818424986,0.11952286093343936,0.1951941016011038,0.0,0.0,0.0,0.0,0.15,0.20496894409937894,0.2840764331210191,0.0,0.1700933695363378,0.0,,0.0,1.0,0.05262202728382899,0.0,0.0,0.0,0.0,0.0,0.0,0.2285714285714286,0.060606060606060615,0.0,0.0,0.13504098001950024,0.4827586206896552,0.3448275862068966,0.38461538461538464,0.3125,0.0
db25_AIFB_db25:19-es,0.0,0.0,0.0,0.05253282718668215,0.35590573818424986,0.11952286093343936,0.1951941016011038,0.0,0.0,0.0,0.0,0.15,0.20496894409937894,0.2840764331210191,0.0,0.1700933695363378,0.0,,0.0,1.0,0.05262202728382899,0.0,0.0,0.0,0.0,0.0,0.0,0.2285714285714286,0.060606060606060615,0.0,0.0,0.13504098001950024,0.4827586206896552,0.3448275862068966,0.38461538461538464,0.3125,0.0
db25_AIFB_db25:2-en,0.0,0.0,0.0,0.42054635987321415,0.8194223042540179,0.5842373946721772,0.1907435698305462,0.0,0.0,0.0,0.0,0.3793103448275862,0.3830508474576271,0.6071019473081329,0.0,0.5834041060170845,0.22727272727272724,,0.0,1.0,0.23891455818410617,0.0,0.0,0.0,0.0,0.0,0.0,0.47619047619047616,0.3934426229508197,0.2711864406779661,0.24561403508771928,0.42054635987321415,0.7058823529411764,0.7058823529411764,0.8571428571428571,0.6,0.0
db25_AIFB_db25:2-es,0.0,0.0,0.0,0.42054635987321415,0.8194223042540179,0.5842373946721772,0.1907435698305462,0.0,0.0,0.0,0.0,0.3793103448275862,0.3830508474576271,0.6071019473081329,0.0,0.5834041060170845,0.22727272727272724,,0.0,1.0,0.23891455818410617,0.0,0.0,0.0,0.0,0.0,0.0,0.47619047619047616,0.3934426229508197,0.2711864406779661,0.24561403508771928,0.42054635987321415,0.7058823529411764,0.7058823529411764,0.8571428571428571,0.6,0.0
db25_AIFB_db25:20-en,0.0,0.0,0.0,0.04281158617912186,0.3733319121212921,0.17407765595569785,0.1827439976315568,0.0,0.0,0.0,0.0,0.2,0.2846975088967971,0.2568607764390897,0.0,0.1445477401956044,0.0,,0.0,1.0,0.0441746660644239,0.0,0.0,0.0,0.0,0.0,0.0,0.2545454545454546,0.07547169811320756,0.039215686274509796,0.0,0.1445477401956044,0.6666666666666667,0.4000000000000001,0.46153846153846156,0.35294117647058826,0.0
db25_AIFB_db25:20-es,0.0,0.0,0.0,0.04281158617912186,0.3733319121212921,0.18257418583505539,0.179128784747792,0.0,0.0,0.0,0.0,0.19230769230769232,0.27402135231316727,0.2568607764390897,0.0,0.1445477401956044,0.0,,0.0,1.0,0.0441746660644239,0.0,0.0,0.0,0.0,0.0,0.0,0.2545454545454546,0.07547169811320756,0.039215686274509796,0.0,0.1445477401956044,0.6666666666666667,0.4000000000000001,0.46153846153846156,0.35294117647058826,0.0
db25_AIFB_db25:21-en,0.0,0.0,0.0,0.06412695542496799,0.3772887747271253,0.2574583054607804,0.25,0.0,0.0,0.0,0.0,0.35714285714285715,0.38596491228070173,0.36770583533173457,0.0,0.13693693548745756,0.0,,0.0,1.0,0.05564101947390608,0.0,0.0,0.0,0.0,0.0,0.0,0.33333333333333337,0.05882352941176471,0.0,0.0,0.13693693548745756,0.5925925925925927,0.4444444444444445,0.46153846153846156,0.42857142857142855,0.0
db25_AIFB_db25:21-es,0.0,0.0,0.0,0.06412695542496799,0.3772887747271253,0.2574583054607804,0.25,0.0,0.0,0.0,0.0,0.35714285714285715,0.38596491228070173,0.36770583533173457,0.0,0.13693693548745756,0.0,,0.0,1.0,0.05564101947390608,0.0,0.0,0.0,0.0,0.0,0.0,0.33333333333333337,0.05882352941176471,0.0,0.0,0.13693693548745756,0.5925925925925927,0.4444444444444445,0.46153846153846156,0.42857142857142855,0.0
db25_AIFB_db25:22-en,0.0,0.0,0.0,0.05581825683428601,0.3852152585898324,0.21739130434782616,0.1907435698305462,0.0,0.0,0.0,0.0,0.28,0.29962546816479396,0.36062152133580705,0.0,0.3440887804979442,0.08333333333333334,,0.0,1.0,0.05744927458878387,0.0,0.0,0.0,0.0,0.0,0.0,0.29629629629629634,0.07692307692307693,0.0,0.0,0.3440887804979442,0.6875000000000001,0.43750000000000006,0.5,0.3888888888888889,0.0
db25_AIFB_db25:22-es,0.0,0.0,0.0,0.05581825683428601,0.3852152585898324,0.21739130434782616,0.1907435698305462,0.0,0.0,0.0,0.0,0.28,0.29962546816479396,0.36062152133580705,0.0,0.3440887804979442,0.08333333333333334,,0.0,1.0,0.05744927458878387,0.0,0.0,0.0,0.0,0.0,0.0,0.29629629629629634,0.07692307692307693,0.0,0.0,0.3440887804979442,0.6875000000000001,0.43750000000000006,0.5,0.3888888888888889,0.0
db25_AIFB_db25:23-en,0.0,0.0,1.0,0.02727675543934686,0.4160644918165565,0.4002493679458093,0.1757340838011157,1.0,0.0,0.0,0.0,0.26666666666666666,0.2681159420289855,0.1983491656882627,0.0,0.069472705028968,0.0,,0.0,0.0,0.015648907762089607,0.0,0.0,0.0,0.0,0.0,0.0,0.33333333333333337,0.15384615384615385,0.08,0.04166666666666667,0.10284429032407759,0.4705882352941177,0.35294117647058826,0.6428571428571429,0.24324324324324326,0.0
db25_AIFB_db25:23-es,0.0,0.0,1.0,0.02727675543934686,0.4160644918165565,0.4002493679458093,0.1757340838011157,1.0,0.0,0.0,0.0,0.26666666666666666,0.2681159420289855,0.1983491656882627,0.0,0.069472705028968,0.0,,0.0,0.0,0.015648907762089607,0.0,0.0,0.0,0.0,0.0,0.0,0.33333333333333337,0.15384615384615385,0.08,0.04166666666666667,0.10284429032407759,0.4705882352941177,0.35294117647058826,0.6428571428571429,0.24324324324324326,0.0
db25_AIFB_db25:24-en,0.0,0.0,0.0,0.03415317583358608,0.31259350266943564,0.23430787756326776,0.2240092377397959,0.0,0.0,0.0,0.0,0.3333333333333333,0.29864253393665163,0.17985611510791366,0.0,0.03841148431543562,0.0,,0.0,1.0,0.03415317583358608,0.0,0.0,0.0,0.0,0.0,0.0,0.4166666666666667,0.17391304347826086,0.09090909090909091,0.0,0.03841148431543562,0.4571428571428572,0.2857142857142857,0.22727272727272727,0.38461538461538464,0.0
db25_AIFB_db25:24-es,0.0,0.0,0.0,0.03415317583358608,0.31259350266943564,0.25131234497501725,0.23166247903554,0.0,0.0,0.0,0.0,0.3888888888888889,0.30316742081447967,0.17985611510791366,0.0,0.03841148431543562,0.0,,0.0,1.0,0.03415317583358608,0.0,0.0,0.0,0.0,0.0,0.0,0.4166666666666667,0.17391304347826086,0.09090909090909091,0.0,0.03841148431543562,0.4571428571428572,0.2857142857142857,0.22727272727272727,0.38461538461538464,0.0
db25_AIFB_db25:25-en,0.0,0.0,1.0,0.08867522604030831,0.3668506463233657,0.2383432645095917,0.1907435698305462,1.0,0.0,0.0,0.0,0.3076923076923077,0.29646017699115046,0.42825838414634143,0.0,0.2697856975860103,0.0,,0.0,0.0,0.1266920880001284,0.0,0.0,0.0,0.0,0.0,0.0,0.35294117647058826,0.04081632653061225,0.0,0.0,0.2697856975860103,0.6111111111111112,0.4444444444444445,0.4,0.5,0.0
db25_AIFB_db25:25-es,0.0,0.0,1.0,0.08867522604030831,0.3668506463233657,0.2383432645095917,0.1907435698305462,1.0,0.0,0.0,0.0,0.3076923076923077,0.29646017699115046,0.42825838414634143,0.0,0.2697856975860103,0.0,,0.0,0.0,0.1266920880001284,0.0,0.0,0.0,0.0,0.0,0.0,0.35294117647058826,0.04081632653061225,0.0,0.0,0.2697856975860103,0.6111111111111112,0.4444444444444445,0.4,0.5,0.0
db25_AIFB_db25:26-en,0.0,0.0,0.0,0.07517081801936397,0.37618792451213057,0.33436692754521175,0.25,0.0,0.0,0.0,0.0,0.3076923076923077,0.43410852713178294,0.3506944444444444,0.0,0.17183771017498592,0.0,,0.0,1.0,0.07517081801936397,0.0,0.0,0.0,0.0,0.0,0.0,0.4444444444444445,0.16,0.08695652173913045,0.0,0.17183771017498592,0.6666666666666666,0.4444444444444444,0.4444444444444444,0.4444444444444444,0.0
db25_AIFB_db25:26-es,0.0,0.0,0.0,0.07517081801936397,0.37618792451213057,0.33436692754521175,0.25,0.0,0.0,0.0,0.0,0.3076923076923077,0.43410852713178294,0.3506944444444444,0.0,0.17183771017498592,0.0,,0.0,1.0,0.07517081801936397,0.0,0.0,0.0,0.0,0.0,0.0,0.4444444444444445,0.16,0.08695652173913045,0.0,0.17183771017498592,0.6666666666666666,0.4444444444444444,0.4444444444444444,0.4444444444444444,0.0
db25_AIFB_db25:27-en,0.0,0.0,0.0,0.07517081801936397,0.37618792451213057,0.2727723627949905,0.2240092377397959,0.0,0.0,0.0,0.0,0.2,0.384,0.3506944444444444,0.0,0.17183771017498592,0.0,,0.0,1.0,0.07517081801936397,0.0,0.0,0.0,0.0,0.0,0.0,0.3333333333333333,0.0,0.0,0.0,0.17183771017498592,0.6666666666666666,0.4444444444444444,0.4444444444444444,0.4444444444444444,0.0
db25_AIFB_db25:27-es,0.0,0.0,0.0,0.07517081801936397,0.37618792451213057,0.2727723627949905,0.2240092377397959,0.0,0.0,0.0,0.0,0.2,0.384,0.3506944444444444,0.0,0.17183771017498592,0.0,,0.0,1.0,0.07517081801936397,0.0,0.0,0.0,0.0,0.0,0.0,0.3333333333333333,0.0,0.0,0.0,0.17183771017498592,0.6666666666666666,0.4444444444444444,0.4444444444444444,0.4444444444444444,0.0
db25_AIFB_db25:28-en,0.0,0.0,0.0,0.025962639479782886,0.4282057630973395,0.42919753763947616,0.1827439976315568,0.0,0.0,0.0,0.0,0.2857142857142857,0.24172185430463577,0.17327911492105363,0.0,0.08669659750498625,0.0,,0.0,1.0,0.018953670612595355,0.0,0.0,0.0,0.0,0.0,0.0,0.29508196721311475,0.13559322033898305,0.07017543859649122,0.03636363636363636,0.09858908273862095,0.489795918367347,0.3673469387755102,0.6923076923076923,0.25,0.0
db25_AIFB_db25:28-es,0.0,0.0,0.0,0.025962639479782886,0.4282057630973395,0.42919753763947616,0.1827439976315568,0.0,0.0,0.0,0.0,0.2857142857142857,0.24172185430463577,0.17327911492105363,0.0,0.08669659750498625,0.0,,0.0,1.0,0.018953670612595355,0.0,0.0,0.0,0.0,0.0,0.0,0.29508196721311475,0.13559322033898305,0.07017543859649122,0.03636363636363636,0.09858908273862095,0.489795918367347,0.3673469387755102,0.6923076923076923,0.25,0.0
db25_AIFB_db25:29-en,0.0,0.0,0.0,0.026748503191801554,0.5344324605661738,0.05479966243511909,0.18660549686337075,0.0,0.0,0.0,0.0,0.09523809523809523,0.29885057471264365,0.2904040404040404,0.0,0.026748503191801554,0.0,,0.0,1.0,0.026748503191801554,0.0,0.0,0.0,0.0,0.0,0.0,0.3,0.15789473684210525,0.05555555555555555,0.0,0.026748503191801554,0.1875,0.1875,0.12,0.42857142857142855,0.0
db25_AIFB_db25:29-es,0.0,0.0,0.0,0.02412847370802476,0.5307154336264696,0.05405405405405406,0.1827439976315568,0.0,0.0,0.0,0.0,0.09090909090909091,0.2701149425287356,0.28083028083028083,0.0,0.02412847370802476,0.0,,0.0,1.0,0.02412847370802476,0.0,0.0,0.0,0.0,0.0,0.0,0.2926829268292683,0.15384615384615385,0.05405405405405406,0.0,0.02412847370802476,0.17142857142857143,0.17142857142857143,0.10714285714285714,0.42857142857142855,0.0
db25_AIFB_db25:3-en,0.0,0.0,0.0,0.07517081801936397,0.37618792451213057,0.33436692754521175,0.25,0.0,0.0,0.0,0.0,0.3076923076923077,0.4016393442622951,0.3506944444444444,0.0,0.17183771017498592,0.0,,0.0,1.0,0.07517081801936397,0.0,0.0,0.0,0.0,0.0,0.0,0.39999999999999997,0.08695652173913045,0.0,0.0,0.17183771017498592,0.6666666666666666,0.4444444444444444,0.4444444444444444,0.4444444444444444,0.0
db25_AIFB_db25:3-es,0.0,0.0,0.0,0.07517081801936397,0.37618792451213057,0.33436692754521175,0.25,0.0,0.0,0.0,0.0,0.3076923076923077,0.4098360655737705,0.3506944444444444,0.0,0.17183771017498592,0.0,,0.0,1.0,0.07517081801936397,0.0,0.0,0.0,0.0,0.0,0.0,0.39999999999999997,0.08695652173913045,0.0,0.0,0.17183771017498592,0.6666666666666666,0.4444444444444444,0.4444444444444444,0.4444444444444444,0.0
db25_AIFB_db25:30-en,0.0,0.0,1.0,0.09804302577585332,0.3939948273923918,0.32357511446471693,0.21712927295533244,1.0,0.0,0.0,0.0,0.3157894736842105,0.31547619047619047,0.39457514044943814,0.0,0.12294937654860322,0.0,,0.0,0.0,0.25336549464486463,0.0,0.0,0.0,0.0,0.0,0.0,0.3636363636363636,0.19354838709677416,0.06896551724137932,0.0,0.1177894507052641,0.5882352941176471,0.47058823529411764,0.5,0.4444444444444444,0.0
db25_AIFB_db25:30-es,0.0,0.0,1.0,0.09804302577585332,0.3939948273923918,0.32357511446471693,0.21712927295533244,1.0,0.0,0.0,0.0,0.3157894736842105,0.31547619047619047,0.39457514044943814,0.0,0.12294937654860322,0.0,,0.0,0.0,0.25336549464486463,0.0,0.0,0.0,0.0,0.0,0.0,0.3636363636363636,0.19354838709677416,0.06896551724137932,0.0,0.1177894507052641,0.5882352941176471,0.47058823529411764,0.5,0.4444444444444444,0.0
db25_AIFB_db25:31-en,0.0,0.0,0.0,0.05564101947390608,0.3564827251316119,0.24975621642178505,0.2402530733520421,0.0,0.0,0.0,0.0,0.3333333333333333,0.25609756097560976,0.28615384615384615,0.0,0.24712442545253582,0.0,,0.0,1.0,0.05262202728382899,0.0,0.0,0.0,0.0,0.0,0.0,0.3243243243243243,0.05714285714285715,0.0,0.0,0.24712442545253582,0.6153846153846154,0.38461538461538464,0.38461538461538464,0.38461538461538464,0.0
db25_AIFB_db25:31-es,0.0,0.0,0.0,0.05564101947390608,0.3564827251316119,0.24975621642178505,0.2402530733520421,0.0,0.0,0.0,0.0,0.3333333333333333,0.25609756097560976,0.28615384615384615,0.0,0.24712442545253582,0.0,,0.0,1.0,0.05262202728382899,0.0,0.0,0.0,0.0,0.0,0.0,0.3243243243243243,0.05714285714285715,0.0,0.0,0.24712442545253582,0.6153846153846154,0.38461538461538464,0.38461538461538464,0.38461538461538464,0.0
db25_AIFB_db25:32-en,0.0,0.0,0.0,0.04623475777393803,0.37396737001651564,0.46709936649691375,0.23166247903554,0.0,0.0,0.0,0.0,0.3125,0.2215189873417721,0.27158527954706296,0.0,0.14173637423499996,0.0,,0.0,1.0,0.05262202728382899,0.0,0.0,0.0,0.0,0.0,0.0,0.3888888888888889,0.11764705882352942,0.0,0.0,0.2427569600590768,0.6896551724137931,0.41379310344827586,0.46153846153846156,0.375,0.0
db25_AIFB_db25:32-es,0.0,0.0,0.0,0.04623475777393803,0.37396737001651564,0.4303314829119353,0.2240092377397959,0.0,0.0,0.0,0.0,0.29411764705882354,0.2215189873417721,0.27158527954706296,0.0,0.14173637423499996,0.0,,0.0,1.0,0.05262202728382899,0.0,0.0,0.0,0.0,0.0,0.0,0.3888888888888889,0.11764705882352942,0.0,0.0,0.2427569600590768,0.6896551724137931,0.41379310344827586,0.46153846153846156,0.375,0.0
db25_AIFB_db25:33-en,0.0,0.0,1.0,0.07946621785390086,0.348212624415968,0.2155263624321299,0.21089672205953397,1.0,0.0,0.0,0.0,0.3,0.234375,0.5319148936170213,0.0,0.21647200687300835,0.0,,0.0,0.0,0.10565621508953438,0.0,0.0,0.0,0.0,0.0,0.0,0.3888888888888889,0.11764705882352941,0.0625,0.0,0.21647200687300835,0.5405405405405406,0.43243243243243246,0.3333333333333333,0.6153846153846154,0.0
db25_AIFB_db25:33-es,0.0,0.0,1.0,0.07946621785390086,0.348212624415968,0.2155263624321299,0.21089672205953397,1.0,0.0,0.0,0.0,0.3,0.234375,0.5319148936170213,0.0,0.21647200687300835,0.0,,0.0,0.0,0.10565621508953438,0.0,0.0,0.0,0.0,0.0,0.0,0.3888888888888889,0.11764705882352941,0.0625,0.0,0.21647200687300835,0.5405405405405406,0.43243243243243246,0.3333333333333333,0.6153846153846154,0.0
db25_AIFB_db25:34-en,0.0,0.0,0.0,0.039008168236700266,0.3317004128908895,0.10604944824604039,0.15225881209433406,0.0,0.0,0.0,0.0,0.11428571428571428,0.28865979381443296,0.2464675658317277,0.0,0.09132515853818196,0.03508771929824561,,0.0,1.0,0.039008168236700266,0.0,0.043478260869565216,0.0,0.0,0.0,0.0,0.2222222222222222,0.09836065573770492,0.06779661016949153,0.03508771929824561,0.09132515853818196,0.48648648648648646,0.3243243243243243,0.3,0.35294117647058826,0.0
db25_AIFB_db25:34-es,0.0,0.0,0.0,0.04383089037861509,0.11516431651535991,0.14820001748155415,0.1757340838011157,0.0,0.0,0.0,0.0,0.18518518518518517,0.28865979381443296,0.25532268795741847,0.0,0.14693923454103824,0.039215686274509796,,0.0,1.0,0.04497860853320777,0.0,0.05,0.0,0.0,0.0,0.0,0.2456140350877193,0.1090909090909091,0.07547169811320756,0.039215686274509796,0.14693923454103824,0.6451612903225806,0.3870967741935484,0.42857142857142855,0.35294117647058826,0.0
db25_AIFB_db25:35-en,0.0,0.0,0.0,0.05700459721383297,0.35392805193888266,0.19695964928958387,0.2240092377397959,0.0,0.0,0.0,0.0,0.3333333333333333,0.3188405797101449,0.32059314954051793,0.0,0.2934712724688435,0.05405405405405406,,0.0,1.0,0.05700459721383297,0.0,0.0,0.0,0.0,0.0,0.0,0.3255813953488372,0.0975609756097561,0.0,0.0,0.2934712724688435,0.6206896551724138,0.41379310344827586,0.375,0.46153846153846156,0.0
db25_AIFB_db25:35-es,0.0,0.0,0.0,0.05388655281980997,0.34775313128376284,0.19695964928958387,0.2240092377397959,0.0,0.0,0.0,0.0,0.3333333333333333,0.3188405797101449,0.3182006633499171,0.0,0.26220676436185975,0.05405405405405406,,0.0,1.0,0.05388655281980997,0.0,0.0,0.0,0.0,0.0,0.0,0.3255813953488372,0.0975609756097561,0.0,0.0,0.26220676436185975,0.5999999999999999,0.4000000000000001,0.35294117647058826,0.46153846153846156,0.0
db25_AIFB_db25:36-en,0.0,0.0,0.0,0.045313009096558145,0.3462388092716024,0.13791932109184263,0.16952084719853724,0.0,0.0,0.0,0.0,0.1724137931034483,0.26449275362318836,0.2508169934640523,0.0,0.14923571475700526,0.0,,0.0,1.0,0.04329398793439738,0.0,0.0,0.0,0.0,0.0,0.0,0.23728813559322035,0.07017543859649122,0.03636363636363637,0.0,0.14923571475700526,0.5882352941176471,0.35294117647058826,0.35294117647058826,0.35294117647058826,0.0
db25_AIFB_db25:36-es,0.0,0.0,0.0,0.045313009096558145,0.3462388092716024,0.1430397079704303,0.17253779651421453,0.0,0.0,0.0,0.0,0.17857142857142858,0.2681159420289855,0.2508169934640523,0.0,0.11868279563287523,0.0,,0.0,1.0,0.04329398793439738,0.0,0.0,0.0,0.0,0.0,0.0,0.23728813559322035,0.07017543859649122,0.03636363636363637,0.0,0.11868279563287523,0.5882352941176471,0.35294117647058826,0.35294117647058826,0.35294117647058826,0.0
db25_AIFB_db25:37-en,0.0,0.0,0.0,0.07517081801936397,0.37618792451213057,0.33436692754521175,0.25,0.0,0.0,0.0,0.0,0.3076923076923077,0.37606837606837606,0.3506944444444444,0.0,0.17183771017498592,0.0,,0.0,1.0,0.07517081801936397,0.0,0.0,0.0,0.0,0.0,0.0,0.39999999999999997,0.08695652173913045,0.0,0.0,0.17183771017498592,0.6666666666666666,0.4444444444444444,0.4444444444444444,0.4444444444444444,0.0
db25_AIFB_db25:37-es,0.0,0.0,0.0,0.07517081801936397,0.37618792451213057,0.33436692754521175,0.25,0.0,0.0,0.0,0.0,0.3076923076923077,0.37606837606837606,0.3506944444444444,0.0,0.17183771017498592,0.0,,0.0,1.0,0.07517081801936397,0.0,0.0,0.0,0.0,0.0,0.0,0.39999999999999997,0.08695652173913045,0.0,0.0,0.17183771017498592,0.6666666666666666,0.4444444444444444,0.4444444444444444,0.4444444444444444,0.0
db25_AIFB_db25:38-en,0.0,0.0,0.0,0.664272851835899,0.8714253558161176,0.8613808062948378,0.27429188517743175,0.0,0.0,0.0,0.0,0.631578947368421,0.5534591194968553,0.8417870387740082,0.0,0.5541297586590125,0.29411764705882354,,0.0,1.0,0.1535259783865636,0.0,0.0,0.0,0.0,0.0,0.0,0.7906976744186046,0.6341463414634148,0.4615384615384615,0.4324324324324324,0.664272851835899,0.8518518518518519,0.8518518518518519,0.8214285714285714,0.8846153846153846,0.0
db25_AIFB_db25:38-es,0.0,0.0,0.0,0.664272851835899,0.8714253558161176,0.8613808062948378,0.27429188517743175,0.0,0.0,0.0,0.0,0.631578947368421,0.5534591194968553,0.8417870387740082,0.0,0.5541297586590125,0.29411764705882354,,0.0,1.0,0.1535259783865636,0.0,0.0,0.0,0.0,0.0,0.0,0.7906976744186046,0.6341463414634148,0.4615384615384615,0.4324324324324324,0.664272851835899,0.8518518518518519,0.8518518518518519,0.8214285714285714,0.8846153846153846,0.0
db25_AIFB_db25:39-en,0.0,0.0,0.0,0.05878831468764424,0.3575026613360998,0.20025046972870356,0.21089672205953397,0.0,0.0,0.0,0.0,0.2631578947368421,0.29940119760479045,0.4407596371882086,0.0,0.27098211583470044,0.05555555555555556,,0.0,1.0,0.048835561618985356,0.0,0.0,0.0,0.0,0.0,0.0,0.28571428571428575,0.09999999999999999,0.0,0.0,0.27098211583470044,0.6875000000000001,0.43750000000000006,0.3888888888888889,0.5,0.0
db25_AIFB_db25:39-es,0.0,0.0,0.0,0.0488926319669833,0.3378132255500449,0.16070868073806158,0.21089672205953397,0.0,0.0,0.0,0.0,0.2631578947368421,0.2670157068062827,0.42884721456150027,0.0,0.2179301929852717,0.04878048780487805,,0.0,1.0,0.040615199701239564,0.0,0.0,0.0,0.0,0.0,0.0,0.2553191489361702,0.08888888888888888,0.0,0.0,0.2179301929852717,0.6111111111111112,0.3888888888888889,0.3181818181818182,0.5,0.0
db25_AIFB_db25:4-en,0.0,0.0,0.0,0.038593984822825105,0.3688518052116545,0.2672612419124244,0.21712927295533244,0.0,0.0,0.0,0.0,0.23529411764705882,0.22981366459627328,0.2191840277777778,0.0,0.17183771017498592,0.0,,0.0,1.0,0.07517081801936397,0.0,0.0,0.0,0.0,0.0,0.0,0.27586206896551724,0.0,0.0,0.0,0.0882244220991988,0.5,0.33333333333333337,0.4444444444444444,0.26666666666666666,0.0
db25_AIFB_db25:4-es,0.0,0.0,0.0,0.038593984822825105,0.3688518052116545,0.2672612419124244,0.21712927295533244,0.0,0.0,0.0,0.0,0.23529411764705882,0.22981366459627328,0.2191840277777778,0.0,0.17183771017498592,0.0,,0.0,1.0,0.07517081801936397,0.0,0.0,0.0,0.0,0.0,0.0,0.27586206896551724,0.0,0.0,0.0,0.0882244220991988,0.5,0.33333333333333337,0.4444444444444444,0.26666666666666666,0.0
db25_AIFB_db25:40-en,0.0,0.0,0.0,0.05355086326309536,0.3533113949453804,0.16757315178003193,0.1907435698305462,0.0,0.0,0.0,0.0,0.3333333333333333,0.25465838509316774,0.3024326101249178,0.0,0.30415590104969054,0.06896551724137931,,0.0,1.0,0.05924430086245036,0.0,0.0,0.0,0.0,0.0,0.0,0.34375,0.0967741935483871,0.03333333333333333,0.0,0.30415590104969054,0.48484848484848486,0.3636363636363636,0.375,0.35294117647058826,0.0
db25_AIFB_db25:40-es,0.0,0.0,0.0,0.05355086326309536,0.3533113949453804,0.16757315178003193,0.1907435698305462,0.0,0.0,0.0,0.0,0.3333333333333333,0.25465838509316774,0.3024326101249178,0.0,0.30415590104969054,0.06896551724137931,,0.0,1.0,0.05924430086245036,0.0,0.0,0.0,0.0,0.0,0.0,0.34375,0.0967741935483871,0.03333333333333333,0.0,0.30415590104969054,0.48484848484848486,0.3636363636363636,0.375,0.35294117647058826,0.0
db25_AIFB_db25:41-en,0.0,0.0,0.0,0.05564101947390608,0.3564827251316119,0.24975621642178505,0.2402530733520421,0.0,0.0,0.0,0.0,0.3333333333333333,0.2666666666666667,0.28615384615384615,0.0,0.24712442545253582,0.0,,0.0,1.0,0.05262202728382899,0.0,0.0,0.0,0.0,0.0,0.0,0.3243243243243243,0.05714285714285715,0.0,0.0,0.24712442545253582,0.6153846153846154,0.38461538461538464,0.38461538461538464,0.38461538461538464,0.0
db25_AIFB_db25:41-es,0.0,0.0,0.0,0.06458042446538513,0.3689616736586361,0.27591270276823465,0.25,0.0,0.0,0.0,0.0,0.4,0.2909090909090909,0.3901611535199322,0.0,0.4052587697205425,0.125,,0.0,1.0,0.06170290107295076,0.0,0.0,0.0,0.0,0.0,0.0,0.3684210526315789,0.1111111111111111,0.0,0.0,0.4052587697205425,0.6666666666666666,0.4444444444444445,0.42857142857142855,0.46153846153846156,0.0
db25_AIFB_db25:42-en,0.0,0.0,0.0,0.050792540481603046,0.42685399301460647,0.2711630722733202,0.2240092377397959,0.0,0.0,0.0,0.0,0.25,0.21250000000000002,0.35493827160493824,0.0,0.3303164318013807,0.16666666666666669,,0.0,1.0,0.07517081801936397,0.0,0.16,0.0,0.0,0.0,0.0,0.4444444444444444,0.29411764705882354,0.25000000000000006,0.2,0.1958257922267636,0.6666666666666667,0.5,0.6666666666666666,0.4,0.0
db25_AIFB_db25:42-es,0.0,0.0,0.0,0.10674655567089011,0.44666406536143455,0.4338609156373123,0.2612038749637414,0.0,0.0,0.0,0.0,0.42857142857142855,0.375,0.43771991555242784,0.0,0.4111336169005197,0.25,,0.0,1.0,0.06772635600430824,0.0,0.16,0.0,0.0,0.0,0.0,0.5555555555555556,0.411764705882353,0.37499999999999994,0.33333333333333326,0.4746358914289604,0.7200000000000001,0.56,0.7,0.4666666666666667,0.0
db25_AIFB_db25:43-en,0.0,0.0,0.0,0.03782952718900839,0.3708993179972172,0.13504474098190314,0.179128784747792,0.0,0.0,0.0,0.0,0.19230769230769232,0.2036474164133738,0.22682926829268296,0.0,0.15640229734286298,0.0,,0.0,1.0,0.042910743861811755,0.0,0.0,0.0,0.0,0.0,0.0,0.18867924528301888,0.0,0.0,0.0,0.15640229734286298,0.5,0.35714285714285715,0.45454545454545453,0.29411764705882354,0.0
db25_AIFB_db25:43-es,1.0,1.0,1.0,0.04329398793439738,0.33117631263085096,0.5725704143881555,0.1951941016011038,1.0,1.0,1.0,1.0,0.37037037037037035,0.3069908814589666,0.21882352941176472,1.0,0.1500370619564301,0.28571428571428575,,1.0,1.0,0.38641626060171524,0.38641626060171524,0.52,0.52,0.0,1.0,1.0,0.39999999999999997,0.19047619047619047,0.13114754098360656,0.06779661016949153,0.16467029855845897,0.4117647058823529,0.29411764705882354,0.29411764705882354,0.29411764705882354,0.0
db25_AIFB_db25:44-en,0.0,0.0,0.0,0.20141900296659898,0.683688084074983,0.3768673314407158,0.1951941016011038,0.0,0.0,0.0,0.0,0.2608695652173913,0.32573289902280134,0.423728813559322,0.0,0.20141900296659898,0.0,,0.0,1.0,0.052906544014577034,0.0,0.0,0.0,0.0,0.0,0.0,0.36363636363636365,0.1509433962264151,0.0392156862745098,0.0,0.20141900296659898,0.4848484848484848,0.4848484848484848,0.5333333333333333,0.4444444444444444,0.0
db25_AIFB_db25:44-es,0.0,0.0,0.0,0.20141900296659898,0.683688084074983,0.3768673314407158,0.1951941016011038,0.0,0.0,0.0,0.0,0.2608695652173913,0.33224755700325737,0.423728813559322,0.0,0.20141900296659898,0.0,,0.0,1.0,0.052906544014577034,0.0,0.0,0.0,0.0,0.0,0.0,0.36363636363636365,0.1509433962264151,0.0392156862745098,0.0,0.20141900296659898,0.4848484848484848,0.4848484848484848,0.5333333333333333,0.4444444444444444,0.0
db25_AIFB_db25:45-en,0.0,0.0,1.0,0.08458226992097476,0.4058533324619879,0.18394180184548975,0.2402530733520421,1.0,0.0,0.0,0.0,0.23076923076923078,0.3504273504273504,0.4505050505050505,0.0,0.2260035337078766,0.0,,0.0,0.0,0.07517081801936397,0.0,0.0,0.0,0.0,0.0,0.0,0.32,0.08695652173913045,0.0,0.0,0.2260035337078766,0.7368421052631577,0.5263157894736842,0.5555555555555556,0.5,0.0
db25_AIFB_db25:45-es,0.0,0.0,1.0,0.08458226992097476,0.4058533324619879,0.18394180184548975,0.2402530733520421,1.0,0.0,0.0,0.0,0.23076923076923078,0.3504273504273504,0.4505050505050505,0.0,0.2260035337078766,0.0,,0.0,0.0,0.07517081801936397,0.0,0.0,0.0,0.0,0.0,0.0,0.32,0.08695652173913045,0.0,0.0,0.2260035337078766,0.7368421052631577,0.5263157894736842,0.5555555555555556,0.5,0.0
db25_AIFB_db25:46-en,0.0,0.0,0.0,0.4599643678263507,0.8066577586232544,0.8574929257125443,0.23166247903554,0.0,0.0,0.0,0.0,0.47619047619047616,0.3780487804878049,0.7471742021276595,0.0,0.44760066149551625,0.14285714285714282,0.0,0.0,1.0,0.13461801293778908,0.0,0.0,0.0,0.0,0.0,0.0,0.7083333333333334,0.43478260869565216,0.22727272727272724,0.1904761904761905,0.4599643678263507,0.793103448275862,0.793103448275862,0.7666666666666667,0.8214285714285714,0.0
db25_AIFB_db25:46-es,0.0,0.0,0.0,0.4599643678263507,0.8066577586232544,0.8574929257125443,0.23166247903554,0.0,0.0,0.0,0.0,0.47619047619047616,0.3597560975609756,0.7471742021276595,0.0,0.44760066149551625,0.14285714285714282,0.0,0.0,1.0,0.13461801293778908,0.0,0.0,0.0,0.0,0.0,0.0,0.7083333333333334,0.43478260869565216,0.22727272727272724,0.1904761904761905,0.4599643678263507,0.793103448275862,0.793103448275862,0.7666666666666667,0.8214285714285714,0.0
db25_AIFB_db25:47-en,0.0,0.0,0.0,0.047142384956947926,0.3741358567088674,0.12267912301642961,0.1757340838011157,0.0,0.0,0.0,0.0,0.15384615384615385,0.2544169611307421,0.2920634920634921,0.0,0.13384558142683112,0.0,,0.0,1.0,0.04511833242732265,0.0,0.0,0.0,0.0,0.0,0.0,0.18867924528301888,0.039215686274509796,0.0,0.0,0.13384558142683112,0.6451612903225806,0.3870967741935484,0.46153846153846156,0.3333333333333333,0.0
db25_AIFB_db25:47-es,0.0,0.0,0.0,0.047142384956947926,0.3741358567088674,0.12267912301642961,0.1757340838011157,0.0,0.0,0.0,0.0,0.15384615384615385,0.2544169611307421,0.2920634920634921,0.0,0.13384558142683112,0.0,,0.0,1.0,0.04511833242732265,0.0,0.0,0.0,0.0,0.0,0.0,0.18867924528301888,0.039215686274509796,0.0,0.0,0.13384558142683112,0.6451612903225806,0.3870967741935484,0.46153846153846156,0.3333333333333333,0.0
db25_AIFB_db25:48-en,0.0,0.0,0.0,0.04599915789122599,0.3249770112752692,0.09491579957524991,0.21089672205953397,0.0,0.0,0.0,0.0,0.2222222222222222,0.2676056338028169,0.15151515151515152,0.0,0.052906544014577034,0.0,,0.0,1.0,0.04599915789122599,0.0,0.0,0.0,0.0,0.0,0.0,0.2727272727272727,0.09523809523809523,0.0,0.0,0.052906544014577034,0.5,0.28571428571428575,0.26666666666666666,0.3076923076923077,0.0
db25_AIFB_db25:48-es,0.0,0.0,0.0,0.04579911341208652,0.3363023361771931,0.09491579957524991,0.21089672205953397,0.0,0.0,0.0,0.0,0.2222222222222222,0.26291079812206575,0.1879699248120301,0.0,0.05150946825739166,0.0,,0.0,1.0,0.04579911341208652,0.0,0.0,0.0,0.0,0.0,0.0,0.2727272727272727,0.09523809523809523,0.0,0.0,0.05150946825739166,0.5517241379310345,0.3448275862068966,0.3125,0.38461538461538464,0.0
db25_AIFB_db25:49-en,0.0,0.0,0.0,0.0381035469136547,0.5508477742612133,0.24975621642178505,0.2402530733520421,0.0,0.0,0.0,0.0,0.3333333333333333,0.39473684210526316,0.3194444444444444,0.0,0.0381035469136547,0.06451612903225808,,0.0,1.0,0.0381035469136547,0.0,0.06451612903225808,0.0,0.0,0.0,0.0,0.4324324324324324,0.2285714285714286,0.12121212121212122,0.06451612903225808,0.0381035469136547,0.25,0.25,0.17647058823529413,0.42857142857142855,0.0
db25_AIFB_db25:49-es,0.0,0.0,0.0,0.0381035469136547,0.5508477742612133,0.2421000623531261,0.2240092377397959,0.0,0.0,0.0,0.0,0.29411764705882354,0.24342105263157898,0.3194444444444444,0.0,0.0381035469136547,0.0625,,0.0,1.0,0.0381035469136547,0.0,0.0625,0.0,0.0,0.0,0.0,0.42105263157894735,0.22222222222222224,0.11764705882352941,0.0625,0.0381035469136547,0.25,0.25,0.17647058823529413,0.42857142857142855,0.0
db25_AIFB_db25:5-en,0.0,0.0,0.0,0.04599915789122599,0.3249770112752692,0.23533936216582085,0.20521309615767264,0.0,0.0,0.0,0.0,0.16666666666666666,0.24113475177304966,0.32877604166666663,0.0,0.09979838560926617,0.0,,0.0,1.0,0.04599915789122599,0.0,0.0,0.0,0.0,0.0,0.0,0.2580645161290323,0.0,0.0,0.0,0.09979838560926617,0.5,0.33333333333333337,0.26666666666666666,0.4444444444444444,0.0
db25_AIFB_db25:5-es,0.0,0.0,0.0,0.07517081801936397,0.37618792451213057,0.2672612419124244,0.21712927295533244,0.0,0.0,0.0,0.0,0.1875,0.3049645390070922,0.3506944444444444,0.0,0.17183771017498592,0.0,,0.0,1.0,0.07517081801936397,0.0,0.0,0.0,0.0,0.0,0.0,0.2962962962962963,0.0,0.0,0.0,0.17183771017498592,0.6666666666666666,0.4444444444444444,0.4444444444444444,0.4444444444444444,0.0
db25_AIFB_db25:50-en,0.0,0.0,0.0,0.04280703984817958,0.5577336470735784,0.22568905807670633,0.2402530733520421,0.0,0.0,0.0,0.0,0.2857142857142857,0.3612903225806452,0.3276353276353276,0.0,0.04280703984817958,0.0,,0.0,1.0,0.04280703984817958,0.0,0.0,0.0,0.0,0.0,0.0,0.36363636363636365,0.12903225806451615,0.0,0.0,0.04280703984817958,0.27272727272727276,0.27272727272727276,0.2,0.42857142857142855,0.0
db25_AIFB_db25:50-es,0.0,0.0,0.0,0.04280703984817958,0.5577336470735784,0.22568905807670633,0.2402530733520421,0.0,0.0,0.0,0.0,0.2857142857142857,0.3612903225806452,0.3276353276353276,0.0,0.04280703984817958,0.0,,0.0,1.0,0.04280703984817958,0.0,0.0,0.0,0.0,0.0,0.0,0.36363636363636365,0.12903225806451615,0.0,0.0,0.04280703984817958,0.27272727272727276,0.27272727272727276,0.2,0.42857142857142855,0.0
db25_AIFB_db25:51-en,1.0,1.0,1.0,0.027872514788228633,0.2972518769240997,0.440231257019783,0.27429188517743175,0.0,1.0,0.4,1.0,0.5882352941176471,0.3090277777777778,0.26483781918564525,1.0,0.16436148154531297,0.5066666666666666,,1.0,1.0,0.191524969074423,0.191524969074423,0.37398373983739835,0.37398373983739835,0.0,1.0,1.0,0.463768115942029,0.23880597014925375,0.1230769230769231,0.06349206349206349,0.05257251481570394,0.36734693877551017,0.24489795918367346,0.17142857142857143,0.42857142857142855,0.0
db25_AIFB_db25:51-es,0.0,0.0,0.0,0.0742780352096333,0.3885935692055688,0.20518233866439894,0.25,0.0,0.0,0.0,0.0,0.4,0.3798076923076923,0.45335276967930027,0.0,0.39073802494525,0.052631578947368425,,0.0,1.0,0.06458042446538513,0.0,0.0,0.0,0.0,0.0,0.0,0.40909090909090917,0.14285714285714285,0.0,0.0,0.39073802494525,0.7142857142857143,0.5,0.5,0.5,0.0
db25_AIFB_db25:52-en,0.0,0.0,0.0,0.06616869624437408,0.3584370225242072,0.2591719724193925,0.2402530733520421,0.0,0.0,0.0,0.0,0.2857142857142857,0.328042328042328,0.368595041322314,0.0,0.14303090470153182,0.0,,0.0,1.0,0.05262202728382899,0.0,0.0,0.0,0.0,0.0,0.0,0.3414634146341463,0.10256410256410256,0.0,0.0,0.14303090470153182,0.5599999999999999,0.4,0.38461538461538464,0.4166666666666667,0.0
db25_AIFB_db25:52-es,0.0,0.0,0.0,0.08392140960218324,0.339700638225187,0.6157935373745562,0.28989794855663564,0.0,0.0,0.0,0.0,0.6,0.3862433862433863,0.3568,0.0,0.32992925790017896,0.6956521739130435,,0.0,1.0,0.37817904276524744,0.37817904276524744,0.6956521739130435,0.6956521739130435,0.0,0.0,0.0,0.5769230769230769,0.32,0.125,0.043478260869565216,0.10102470562774991,0.4827586206896552,0.3448275862068966,0.29411764705882354,0.4166666666666667,0.0
db25_AIFB_db25:53-en,0.0,0.0,0.0,0.05564101947390608,0.3564827251316119,0.1825741858350554,0.1951941016011038,0.0,0.0,0.0,0.0,0.2916666666666667,0.2256637168141593,0.28615384615384615,0.0,0.24712442545253582,0.0,,0.0,1.0,0.05262202728382899,0.0,0.0,0.0,0.0,0.0,0.0,0.36734693877551017,0.0851063829787234,0.044444444444444446,0.0,0.24712442545253582,0.6153846153846154,0.38461538461538464,0.38461538461538464,0.38461538461538464,0.0
db25_AIFB_db25:53-es,0.0,0.0,0.0,0.05564101947390608,0.3564827251316119,0.15649215928719035,0.18660549686337075,0.0,0.0,0.0,0.0,0.24,0.31858407079646023,0.28615384615384615,0.0,0.24712442545253582,0.046511627906976744,,0.0,1.0,0.05262202728382899,0.0,0.0,0.0,0.0,0.0,0.0,0.326530612244898,0.0851063829787234,0.044444444444444446,0.0,0.24712442545253582,0.6153846153846154,0.38461538461538464,0.38461538461538464,0.38461538461538464,0.0
db25_AIFB_db25:54-en,0.0,0.0,0.0,0.05564101947390608,0.3564827251316119,0.23002185311411805,0.2,0.0,0.0,0.0,0.0,0.30434782608695654,0.3423423423423423,0.28615384615384615,0.0,0.24712442545253582,0.08888888888888889,,0.0,1.0,0.05262202728382899,0.0,0.058823529411764705,0.0,0.0,0.0,0.0,0.392156862745098,0.12244897959183675,0.0851063829787234,0.044444444444444446,0.24712442545253582,0.6153846153846154,0.38461538461538464,0.38461538461538464,0.38461538461538464,0.0
db25_AIFB_db25:54-es,0.0,0.0,0.0,0.05564101947390608,0.3564827251316119,0.23002185311411805,0.2,0.0,0.0,0.0,0.0,0.30434782608695654,0.3423423423423423,0.28615384615384615,0.0,0.24712442545253582,0.08888888888888889,,0.0,1.0,0.05262202728382899,0.0,0.058823529411764705,0.0,0.0,0.0,0.0,0.392156862745098,0.12244897959183675,0.0851063829787234,0.044444444444444446,0.24712442545253582,0.6153846153846154,0.38461538461538464,0.38461538461538464,0.38461538461538464,0.0
db25_AIFB_db25:55-en,0.0,0.0,0.0,0.07517081801936397,0.37618792451213057,0.33436692754521175,0.25,0.0,0.0,0.0,0.0,0.3076923076923077,0.4017094017094017,0.3506944444444444,0.0,0.17183771017498592,0.0,,0.0,1.0,0.07517081801936397,0.0,0.0,0.0,0.0,0.0,0.0,0.3478260869565218,0.0,0.0,0.0,0.17183771017498592,0.6666666666666666,0.4444444444444444,0.4444444444444444,0.4444444444444444,0.0
db25_AIFB_db25:55-es,0.0,0.0,0.0,0.07517081801936397,0.37618792451213057,0.33436692754521175,0.25,0.0,0.0,0.0,0.0,0.3076923076923077,0.4017094017094017,0.3506944444444444,0.0,0.17183771017498592,0.0,,0.0,1.0,0.07517081801936397,0.0,0.0,0.0,0.0,0.0,0.0,0.3478260869565218,0.0,0.0,0.0,0.17183771017498592,0.6666666666666666,0.4444444444444444,0.4444444444444444,0.4444444444444444,0.0
db25_AIFB_db25:56-en,0.0,0.0,0.0,0.04337006956029492,0.40079426774681337,0.3737654899566539,0.2402530733520421,0.0,0.0,0.0,0.0,0.4444444444444444,0.2863636363636364,0.2977594339622642,0.0,0.4160751652217845,0.12903225806451613,,0.0,1.0,0.06170290107295076,0.0,0.0,0.0,0.0,0.0,0.0,0.43478260869565216,0.22727272727272727,0.09523809523809522,0.05,0.3556668141465619,0.6666666666666665,0.4444444444444444,0.5714285714285714,0.36363636363636365,0.0
db25_AIFB_db25:56-es,0.0,0.0,0.0,0.04337006956029492,0.40079426774681337,0.3737654899566539,0.2402530733520421,0.0,0.0,0.0,0.0,0.4444444444444444,0.2863636363636364,0.2977594339622642,0.0,0.4160751652217845,0.12903225806451613,,0.0,1.0,0.06170290107295076,0.0,0.0,0.0,0.0,0.0,0.0,0.43478260869565216,0.22727272727272727,0.09523809523809522,0.05,0.3556668141465619,0.6666666666666665,0.4444444444444444,0.5714285714285714,0.36363636363636365,0.0
db25_AIFB_db25:57-en,0.0,0.0,0.0,0.35556702356686953,0.7317488987488603,0.5216720300383332,0.25,0.0,0.0,0.0,0.0,0.35714285714285715,0.5307692307692308,0.7632211538461539,0.0,0.35556702356686953,0.0909090909090909,,0.0,1.0,0.06170290107295076,0.0,0.0,0.0,0.0,0.0,0.0,0.5,0.30769230769230765,0.16666666666666669,0.0909090909090909,0.35556702356686953,0.6666666666666666,0.6666666666666666,0.5714285714285714,0.8,0.0
db25_AIFB_db25:57-es,0.0,0.0,0.0,0.2689054715066593,0.6783374789877759,0.422890031611031,0.2402530733520421,0.0,0.0,0.0,0.0,0.3333333333333333,0.45333333333333337,0.7349537037037037,0.0,0.2689054715066593,0.07692307692307691,,0.0,1.0,0.048835561618985356,0.0,0.0,0.0,0.0,0.0,0.0,0.43749999999999994,0.26666666666666666,0.14285714285714288,0.07692307692307691,0.2689054715066593,0.5714285714285714,0.5714285714285714,0.4444444444444444,0.8,0.0
db25_AIFB_db25:58-en,0.0,0.0,0.0,0.17739111163122614,0.661930499779653,0.20519567041703082,0.2402530733520421,0.0,0.0,0.0,0.0,0.2857142857142857,0.2532467532467533,0.5281690140845071,0.0,0.17739111163122614,0.0,,0.0,1.0,0.17739111163122614,0.0,0.0,0.0,0.0,0.0,0.0,0.45161290322580644,0.20689655172413793,0.0,0.0,0.17739111163122614,0.5333333333333333,0.5333333333333333,0.5,0.5714285714285714,0.0
db25_AIFB_db25:58-es,0.0,0.0,0.0,0.12475235543331888,0.6159719844877862,0.10882143751650175,0.21712927295533244,0.0,0.0,0.0,0.0,0.1875,0.24675324675324672,0.5067567567567568,0.0,0.12475235543331888,0.0,,0.0,1.0,0.12475235543331888,0.0,0.0,0.0,0.0,0.0,0.0,0.34285714285714286,0.18181818181818185,0.0,0.0,0.12475235543331888,0.4444444444444444,0.4444444444444444,0.36363636363636365,0.5714285714285714,0.0
db25_AIFB_db25:59-en,0.0,0.0,0.0,0.10445412139194518,0.47110816717597753,0.3243374865704012,0.23166247903554,0.0,0.0,0.0,0.0,0.35294117647058826,0.4107883817427386,0.3129595588235294,0.0,0.18091984531081623,0.0,,0.0,1.0,0.045313009096558145,0.0,0.0,0.0,0.0,0.0,0.0,0.40816326530612246,0.1702127659574468,0.08888888888888889,0.0,0.18091984531081623,0.7058823529411765,0.47058823529411764,0.47058823529411764,0.47058823529411764,0.0
db25_AIFB_db25:59-es,0.0,0.0,0.0,0.10445412139194518,0.47110816717597753,0.3243374865704012,0.23166247903554,0.0,0.0,0.0,0.0,0.35294117647058826,0.4107883817427386,0.3129595588235294,0.0,0.18091984531081623,0.0,,0.0,1.0,0.045313009096558145,0.0,0.0,0.0,0.0,0.0,0.0,0.40816326530612246,0.1702127659574468,0.08888888888888889,0.0,0.18091984531081623,0.7058823529411765,0.47058823529411764,0.47058823529411764,0.47058823529411764,0.0
db25_AIFB_db25:6-en,0.0,0.0,0.0,0.047356106315674565,0.34188882827816447,0.15241551764222966,0.1757340838011157,0.0,0.0,0.0,0.0,0.18518518518518517,0.19047619047619047,0.21016949152542372,0.0,0.09397755281483296,0.0,,0.0,1.0,0.04599915789122599,0.0,0.0,0.0,0.0,0.0,0.0,0.21428571428571427,0.0,0.0,0.0,0.09397755281483296,0.42424242424242425,0.303030303030303,0.3333333333333333,0.2777777777777778,0.0
db25_AIFB_db25:6-es,0.0,0.0,0.0,0.050306380474290056,0.35273209931040905,0.16712580435934668,0.179128784747792,0.0,0.0,0.0,0.0,0.2222222222222222,0.22789115646258506,0.23954431960049938,0.0,0.22723113592576366,0.03921568627450981,,0.0,1.0,0.054464631530469834,0.0,0.0,0.0,0.0,0.0,0.0,0.24561403508771928,0.03636363636363636,0.0,0.0,0.22723113592576366,0.47058823529411764,0.35294117647058826,0.375,0.3333333333333333,0.0
db25_AIFB_db25:60-en,0.0,0.0,0.0,0.047666497031229084,0.3533598740025071,0.36917519226059214,0.21089672205953397,0.0,0.0,0.0,0.0,0.3,0.16666666666666663,0.3287760416666667,0.0,0.21012158044530976,0.0,,0.0,1.0,0.035639019120366655,0.0,0.0,0.0,0.0,0.0,0.0,0.3333333333333333,0.15,0.052631578947368425,0.0,0.44749354154971166,0.6,0.4,0.38095238095238093,0.42105263157894735,0.0
db25_AIFB_db25:60-es,0.0,0.0,0.0,0.047666497031229084,0.3533598740025071,0.36917519226059214,0.21089672205953397,0.0,0.0,0.0,0.0,0.3,0.16666666666666663,0.3287760416666667,0.0,0.21012158044530976,0.0,,0.0,1.0,0.035639019120366655,0.0,0.0,0.0,0.0,0.0,0.0,0.3333333333333333,0.15,0.052631578947368425,0.0,0.44749354154971166,0.6,0.4,0.38095238095238093,0.42105263157894735,0.0
db25_AIFB_db25:61-en,0.0,0.0,1.0,0.11938182130178442,0.39812899945174113,0.28306925853614895,0.2240092377397959,1.0,0.0,0.0,0.0,0.29411764705882354,0.38235294117647056,0.5639097744360902,0.0,0.33649324423301513,0.0,,0.0,0.0,0.158726962599775,0.0,0.0,0.0,0.0,0.0,0.0,0.41379310344827586,0.07407407407407407,0.0,0.0,0.33649324423301513,0.6896551724137931,0.5517241379310345,0.5,0.6153846153846154,0.0
db25_AIFB_db25:61-es,0.0,0.0,1.0,0.11938182130178442,0.39812899945174113,0.28306925853614895,0.2240092377397959,1.0,0.0,0.0,0.0,0.29411764705882354,0.375,0.5639097744360902,0.0,0.33649324423301513,0.0,,0.0,0.0,0.158726962599775,0.0,0.0,0.0,0.0,0.0,0.0,0.41379310344827586,0.07407407407407407,0.0,0.0,0.33649324423301513,0.6896551724137931,0.5517241379310345,0.5,0.6153846153846154,0.0
db25_AIFB_db25:62-en,0.0,0.0,0.0,0.08516138411042476,0.3916852367976037,0.2514778453847726,0.23166247903554,0.0,0.0,0.0,0.0,0.26666666666666666,0.475177304964539,0.49010989010989015,0.0,0.537284965911771,0.25,,0.0,1.0,0.08516138411042476,0.0,0.08333333333333334,0.0,0.0,0.0,0.0,0.4666666666666666,0.2857142857142857,0.15384615384615385,0.08333333333333334,0.537284965911771,0.7368421052631577,0.5263157894736842,0.5,0.5555555555555556,0.0
db25_AIFB_db25:62-es,0.0,0.0,0.0,0.04094492580924107,0.31605552174080054,0.07049073768502413,0.179128784747792,0.0,0.0,0.0,0.0,0.08695652173913043,0.25531914893617025,0.32206632653061223,0.0,0.08783509623696305,0.06451612903225808,,0.0,1.0,0.04094492580924107,0.0,0.06451612903225808,0.0,0.0,0.0,0.0,0.3243243243243243,0.17142857142857143,0.12121212121212122,0.06451612903225808,0.08783509623696305,0.46153846153846156,0.30769230769230765,0.23529411764705882,0.4444444444444444,0.0
db25_AIFB_db25:63-en,0.0,0.0,0.0,0.0742780352096333,0.3885935692055688,0.3086066999241838,0.25,0.0,0.0,0.0,0.0,0.4,0.4036144578313253,0.45335276967930027,0.0,0.43748114312246444,0.06451612903225806,,0.0,1.0,0.06458042446538513,0.0,0.0,0.0,0.0,0.0,0.0,0.3783783783783784,0.1142857142857143,0.0,0.0,0.43748114312246444,0.7857142857142857,0.5,0.5,0.5,0.0
db25_AIFB_db25:63-es,0.0,0.0,0.0,0.0742780352096333,0.3885935692055688,0.20786985482077452,0.2402530733520421,0.0,0.0,0.0,0.0,0.3333333333333333,0.3674698795180723,0.45335276967930027,0.0,0.43748114312246444,0.06451612903225806,,0.0,1.0,0.06458042446538513,0.0,0.0,0.0,0.0,0.0,0.0,0.3243243243243243,0.1142857142857143,0.0,0.0,0.43748114312246444,0.7857142857142857,0.5,0.5,0.5,0.0
db25_AIFB_db25:64-en,0.0,0.0,0.0,0.05564101947390608,0.3564827251316119,0.2501387989373146,0.21712927295533244,0.0,0.0,0.0,0.0,0.23529411764705882,0.3870967741935484,0.28615384615384615,0.0,0.13762368688544474,0.0,,0.0,1.0,0.05564101947390608,0.0,0.0,0.0,0.0,0.0,0.0,0.36363636363636365,0.09523809523809523,0.05,0.0,0.13762368688544474,0.6153846153846154,0.38461538461538464,0.38461538461538464,0.38461538461538464,0.0
db25_AIFB_db25:64-es,0.0,0.0,0.0,0.05564101947390608,0.3564827251316119,0.2501387989373146,0.21712927295533244,0.0,0.0,0.0,0.0,0.23529411764705882,0.3870967741935484,0.28615384615384615,0.0,0.13762368688544474,0.0,,0.0,1.0,0.05564101947390608,0.0,0.0,0.0,0.0,0.0,0.0,0.36363636363636365,0.09523809523809523,0.05,0.0,0.13762368688544474,0.6153846153846154,0.38461538461538464,0.38461538461538464,0.38461538461538464,0.0
db25_AIFB_db25:65-en,0.0,0.0,0.0,0.07517081801936397,0.37618792451213057,0.33436692754521175,0.25,0.0,0.0,0.0,0.0,0.3076923076923077,0.41600000000000004,0.3506944444444444,0.0,0.17183771017498592,0.0,,0.0,1.0,0.07517081801936397,0.0,0.0,0.0,0.0,0.0,0.0,0.39999999999999997,0.08695652173913045,0.0,0.0,0.17183771017498592,0.6666666666666666,0.4444444444444444,0.4444444444444444,0.4444444444444444,0.0
db25_AIFB_db25:65-es,0.0,0.0,0.0,0.07517081801936397,0.37618792451213057,0.33436692754521175,0.25,0.0,0.0,0.0,0.0,0.3076923076923077,0.41600000000000004,0.3506944444444444,0.0,0.17183771017498592,0.0,,0.0,1.0,0.07517081801936397,0.0,0.0,0.0,0.0,0.0,0.0,0.39999999999999997,0.08695652173913045,0.0,0.0,0.17183771017498592,0.6666666666666666,0.4444444444444444,0.4444444444444444,0.4444444444444444,0.0
db25_AIFB_db25:66-en,0.0,0.0,1.0,0.08867522604030831,0.3668506463233657,0.21979349113192903,0.179128784747792,1.0,0.0,0.0,0.0,0.25,0.21395348837209305,0.42825838414634143,0.0,0.2697856975860103,0.0,,0.0,0.0,0.1266920880001284,0.0,0.0,0.0,0.0,0.0,0.0,0.2857142857142857,0.0,0.0,0.0,0.2697856975860103,0.6111111111111112,0.4444444444444445,0.4,0.5,0.0
db25_AIFB_db25:66-es,0.0,0.0,1.0,0.08697649186032692,0.37360408022853,0.23784131253542581,0.1827439976315568,1.0,0.0,0.0,0.0,0.2857142857142857,0.1953488372093023,0.4646464646464647,0.0,0.17793925745339384,0.0,,0.0,0.0,0.12356888187828347,0.0,0.0,0.0,0.0,0.0,0.0,0.32,0.0,0.0,0.0,0.17793925745339384,0.6486486486486486,0.4864864864864864,0.42857142857142855,0.5625,0.0
db25_AIFB_db25:67-en,0.0,0.0,0.0,0.07517081801936397,0.37618792451213057,0.33436692754521175,0.25,0.0,0.0,0.0,0.0,0.3076923076923077,0.5102040816326531,0.3506944444444444,0.0,0.17183771017498592,0.3225806451612903,,0.0,1.0,0.07517081801936397,0.0,0.3225806451612903,0.0,0.0,0.0,0.0,0.5945945945945945,0.4,0.3636363636363637,0.3225806451612903,0.17183771017498592,0.6666666666666666,0.4444444444444444,0.4444444444444444,0.4444444444444444,0.0
db25_AIFB_db25:67-es,0.0,0.0,0.0,0.07517081801936397,0.37618792451213057,0.33436692754521175,0.25,0.0,0.0,0.0,0.0,0.3076923076923077,0.5102040816326531,0.3506944444444444,0.0,0.17183771017498592,0.3225806451612903,,0.0,1.0,0.07517081801936397,0.0,0.3225806451612903,0.0,0.0,0.0,0.0,0.5945945945945945,0.4,0.3636363636363637,0.3225806451612903,0.17183771017498592,0.6666666666666666,0.4444444444444444,0.4444444444444444,0.4444444444444444,0.0
db25_AIFB_db25:68-en,0.0,0.0,0.0,0.07517081801936397,0.37618792451213057,0.33436692754521175,0.25,0.0,0.0,0.0,0.0,0.3076923076923077,0.39830508474576276,0.3506944444444444,0.0,0.17183771017498592,0.0,,0.0,1.0,0.07517081801936397,0.0,0.0,0.0,0.0,0.0,0.0,0.39999999999999997,0.08695652173913045,0.0,0.0,0.17183771017498592,0.6666666666666666,0.4444444444444444,0.4444444444444444,0.4444444444444444,0.0
db25_AIFB_db25:68-es,0.0,0.0,0.0,0.07517081801936397,0.37618792451213057,0.33436692754521175,0.25,0.0,0.0,0.0,0.0,0.3076923076923077,0.39830508474576276,0.3506944444444444,0.0,0.17183771017498592,0.0,,0.0,1.0,0.07517081801936397,0.0,0.0,0.0,0.0,0.0,0.0,0.39999999999999997,0.08695652173913045,0.0,0.0,0.17183771017498592,0.6666666666666666,0.4444444444444444,0.4444444444444444,0.4444444444444444,0.0
db25_AIFB_db25:69-en,0.0,0.0,0.0,0.049070511103326775,0.33040892997942867,0.12510864843424488,0.21089672205953397,0.0,0.0,0.0,0.0,0.17647058823529413,0.3410852713178295,0.33223684210526316,0.0,0.054305447428505634,0.0,,0.0,1.0,0.049070511103326775,0.0,0.0,0.0,0.0,0.0,0.0,0.26666666666666666,0.07142857142857144,0.0,0.0,0.054305447428505634,0.5217391304347826,0.34782608695652173,0.2857142857142857,0.4444444444444444,0.0
db25_AIFB_db25:69-es,0.0,0.0,0.0,0.049070511103326775,0.33040892997942867,0.12510864843424488,0.21089672205953397,0.0,0.0,0.0,0.0,0.17647058823529413,0.3410852713178295,0.33223684210526316,0.0,0.054305447428505634,0.0,,0.0,1.0,0.049070511103326775,0.0,0.0,0.0,0.0,0.0,0.0,0.26666666666666666,0.07142857142857144,0.0,0.0,0.054305447428505634,0.5217391304347826,0.34782608695652173,0.2857142857142857,0.4444444444444444,0.0
db25_AIFB_db25:7-en,0.0,0.0,0.0,0.05564101947390608,0.3564827251316119,0.3335621924974955,0.2240092377397959,0.0,0.0,0.0,0.0,0.29411764705882354,0.2836879432624113,0.3074380165289256,0.0,0.11572726495597013,0.0,,0.0,1.0,0.05262202728382899,0.0,0.0,0.0,0.0,0.0,0.0,0.3888888888888889,0.17647058823529413,0.125,0.06666666666666667,0.1331052549170149,0.5599999999999999,0.4,0.38461538461538464,0.4166666666666667,0.0
db25_AIFB_db25:7-es,0.0,0.0,0.0,0.01335451470651778,0.2721156356874587,0.15593623511709007,0.16139047779640892,0.0,0.0,0.0,0.0,0.15625,0.14469453376205788,0.21882352941176472,0.0,0.024661884953444964,0.0,,0.0,1.0,0.012629920225998703,0.0,0.0,0.0,0.0,0.0,0.0,0.18750000000000003,0.0967741935483871,0.06666666666666667,0.034482758620689655,0.025630847395277805,0.18918918918918917,0.13513513513513511,0.08064516129032258,0.4166666666666667,0.0
db25_AIFB_db25:70-en,0.0,0.0,1.0,0.09528773160057129,0.36810719787088175,0.16329931618554525,0.1907435698305462,1.0,0.0,0.0,0.0,0.18181818181818182,0.26388888888888884,0.5474452554744526,0.0,0.2634333477440361,0.0,,0.0,0.0,0.1266920880001284,0.0,0.0,0.0,0.0,0.0,0.0,0.34285714285714286,0.06060606060606061,0.0,0.0,0.2634333477440361,0.6060606060606061,0.4848484848484849,0.4,0.6153846153846154,0.0
db25_AIFB_db25:70-es,0.0,0.0,1.0,0.09528773160057129,0.36810719787088175,0.16329931618554525,0.1907435698305462,1.0,0.0,0.0,0.0,0.18181818181818182,0.26388888888888884,0.5474452554744526,0.0,0.2634333477440361,0.0,,0.0,0.0,0.1266920880001284,0.0,0.0,0.0,0.0,0.0,0.0,0.34285714285714286,0.06060606060606061,0.0,0.0,0.2634333477440361,0.6060606060606061,0.4848484848484849,0.4,0.6153846153846154,0.0
db25_AIFB_db25:71-en,0.0,0.0,0.0,0.049070511103326775,0.33040892997942867,0.16681153124565984,0.2240092377397959,0.0,0.0,0.0,0.0,0.25,0.3306451612903226,0.33223684210526316,0.0,0.054305447428505634,0.0,,0.0,1.0,0.049070511103326775,0.0,0.0,0.0,0.0,0.0,0.0,0.3333333333333333,0.07142857142857144,0.0,0.0,0.054305447428505634,0.5217391304347826,0.34782608695652173,0.2857142857142857,0.4444444444444444,0.0
db25_AIFB_db25:71-es,0.0,0.0,0.0,0.049070511103326775,0.33040892997942867,0.16681153124565984,0.2240092377397959,0.0,0.0,0.0,0.0,0.25,0.3306451612903226,0.33223684210526316,0.0,0.054305447428505634,0.0,,0.0,1.0,0.049070511103326775,0.0,0.0,0.0,0.0,0.0,0.0,0.3333333333333333,0.07142857142857144,0.0,0.0,0.054305447428505634,0.5217391304347826,0.34782608695652173,0.2857142857142857,0.4444444444444444,0.0
db25_AIFB_db25:72-en,0.0,0.0,0.0,0.07517081801936397,0.37618792451213057,0.2637521893583148,0.2402530733520421,0.0,0.0,0.0,0.0,0.2857142857142857,0.40944881889763785,0.3506944444444444,0.0,0.17183771017498592,0.0,,0.0,1.0,0.07517081801936397,0.0,0.0,0.0,0.0,0.0,0.0,0.39999999999999997,0.08695652173913045,0.0,0.0,0.17183771017498592,0.6666666666666666,0.4444444444444444,0.4444444444444444,0.4444444444444444,0.0
db25_AIFB_db25:72-es,0.0,0.0,0.0,0.07517081801936397,0.37618792451213057,0.2637521893583148,0.2402530733520421,0.0,0.0,0.0,0.0,0.2857142857142857,0.40944881889763785,0.3506944444444444,0.0,0.17183771017498592,0.0,,0.0,1.0,0.07517081801936397,0.0,0.0,0.0,0.0,0.0,0.0,0.39999999999999997,0.08695652173913045,0.0,0.0,0.17183771017498592,0.6666666666666666,0.4444444444444444,0.4444444444444444,0.4444444444444444,0.0
db25_AIFB_db25:73-en,0.0,0.0,0.0,0.07517081801936397,0.37618792451213057,0.3296902366978935,0.2402530733520421,0.0,0.0,0.0,0.0,0.2857142857142857,0.3697478991596639,0.3506944444444444,0.0,0.17183771017498592,0.0,,0.0,1.0,0.07517081801936397,0.0,0.0,0.0,0.0,0.0,0.0,0.3478260869565218,0.0,0.0,0.0,0.17183771017498592,0.6666666666666666,0.4444444444444444,0.4444444444444444,0.4444444444444444,0.0
db25_AIFB_db25:73-es,0.0,0.0,0.0,0.07517081801936397,0.37618792451213057,0.3296902366978935,0.2402530733520421,0.0,0.0,0.0,0.0,0.2857142857142857,0.3697478991596639,0.3506944444444444,0.0,0.17183771017498592,0.0,,0.0,1.0,0.07517081801936397,0.0,0.0,0.0,0.0,0.0,0.0,0.3478260869565218,0.0,0.0,0.0,0.17183771017498592,0.6666666666666666,0.4444444444444444,0.4444444444444444,0.4444444444444444,0.0
db25_AIFB_db25:74-en,0.0,0.0,0.0,0.48415247130346006,0.8174666892544364,0.566946709513841,0.25,0.0,0.0,0.0,0.0,0.4375,0.5372340425531915,0.7777449822904368,0.0,0.48415247130346006,0.18181818181818182,,0.0,1.0,0.06170290107295076,0.0,0.0,0.0,0.0,0.0,0.0,0.6153846153846154,0.4324324324324324,0.2857142857142857,0.18181818181818182,0.48415247130346006,0.7857142857142857,0.7857142857142857,0.7857142857142857,0.7857142857142857,0.0
db25_AIFB_db25:74-es,0.0,0.0,0.0,0.34628430857329295,0.739348854921101,0.5103103630798288,0.2240092377397959,0.0,0.0,0.0,0.0,0.3684210526315789,0.44680851063829785,0.7280188246097338,0.0,0.34628430857329295,0.15789473684210528,,0.0,1.0,0.048835561618985356,0.0,0.0,0.0,0.0,0.0,0.0,0.5454545454545454,0.380952380952381,0.25,0.15789473684210528,0.34628430857329295,0.6875000000000001,0.6875000000000001,0.6111111111111112,0.7857142857142857,0.0
db25_AIFB_db25:75-en,0.0,0.0,0.0,0.04972361356337619,0.40338214021467855,0.17616606585441102,0.21712927295533244,0.0,0.0,0.0,0.0,0.1875,0.24827586206896557,0.234375,0.0,0.04972361356337619,0.0,,0.0,1.0,0.05735942002640237,0.0,0.0,0.0,0.0,0.0,0.0,0.2962962962962963,0.07999999999999999,0.0,0.0,0.04972361356337619,0.3333333333333333,0.3333333333333333,0.5714285714285714,0.23529411764705882,0.0
db25_AIFB_db25:75-es,0.0,0.0,0.0,0.040689856904748745,0.3197650890841088,0.20011120378952105,0.1951941016011038,0.0,0.0,0.0,0.0,0.19047619047619047,0.21379310344827585,0.1867603550295858,0.0,0.04503072895167872,0.0,,0.0,1.0,0.04030833724870907,0.0,0.0,0.0,0.0,0.0,0.0,0.22857142857142856,0.0,0.0,0.0,0.04503072895167872,0.3636363636363636,0.24242424242424243,0.25,0.23529411764705882,0.0
db25_AIFB_db25:76-en,0.0,0.0,0.0,4.425305429432909e-05,0.3888977646076798,0.14581652331529787,0.13367660240019172,0.0,0.0,0.0,0.0,0.10638297872340426,0.1273247496423462,0.05232067510548524,0.0,0.0009542029441414892,0.05714285714285715,,0.0,1.0,0.00013351115641994612,0.0,0.06818181818181818,0.0,0.0,0.0,0.0,0.18518518518518517,0.09433962264150943,0.07692307692307691,0.058823529411764705,9.253093723540922e-05,0.16091954022988506,0.11494252873563218,0.5555555555555556,0.0641025641025641,0.0
db25_AIFB_db25:76-es,0.0,0.0,0.0,4.425305429432909e-05,0.3888977646076798,0.14581652331529787,0.13367660240019172,0.0,0.0,0.0,0.0,0.10638297872340426,0.1258941344778255,0.05232067510548524,0.0,0.0009542029441414892,0.05714285714285715,,0.0,1.0,0.00013351115641994612,0.0,0.06818181818181818,0.0,0.0,0.0,0.0,0.18518518518518517,0.09433962264150943,0.07692307692307691,0.058823529411764705,9.253093723540922e-05,0.16091954022988506,0.11494252873563218,0.5555555555555556,0.0641025641025641,0.0
db25_AIFB_db25:77-en,0.0,0.0,0.0,0.1517558988729563,0.4546056413849057,0.4800153607373193,0.27429188517743175,0.0,0.0,0.0,0.0,0.46153846153846156,0.3509933774834437,0.36764705882352944,0.0,0.29558013016570783,0.0,,0.0,1.0,0.053862244752318676,0.0,0.0,0.0,0.0,0.0,0.0,0.43750000000000006,0.3333333333333333,0.2857142857142857,0.23076923076923075,0.3448559825502726,0.64,0.4800000000000001,0.6666666666666666,0.375,0.0
db25_AIFB_db25:77-es,0.0,0.0,0.0,0.1517558988729563,0.4546056413849057,0.4800153607373193,0.27429188517743175,0.0,0.0,0.0,0.0,0.46153846153846156,0.3509933774834437,0.36764705882352944,0.0,0.29558013016570783,0.0,,0.0,1.0,0.053862244752318676,0.0,0.0,0.0,0.0,0.0,0.0,0.43750000000000006,0.3333333333333333,0.2857142857142857,0.23076923076923075,0.3448559825502726,0.64,0.4800000000000001,0.6666666666666666,0.375,0.0
db25_AIFB_db25:78-en,0.0,0.0,0.0,0.5793776364661094,0.8698444091165274,0.5624291338579865,0.21089672205953397,0.0,0.0,0.0,0.0,0.36363636363636365,0.4305555555555556,0.7585268884703913,0.0,0.5793776364661094,0.1702127659574468,,0.0,1.0,0.1704921280749691,0.0,0.0,0.0,0.0,0.0,0.0,0.4905660377358491,0.39215686274509803,0.28571428571428575,0.1702127659574468,0.5793776364661094,0.8181818181818182,0.8181818181818182,0.9,0.75,0.0
db25_AIFB_db25:78-es,0.0,0.0,0.0,0.5793776364661094,0.8698444091165274,0.5624291338579865,0.21089672205953397,0.0,0.0,0.0,0.0,0.36363636363636365,0.4305555555555556,0.7585268884703913,0.0,0.5793776364661094,0.1702127659574468,,0.0,1.0,0.1704921280749691,0.0,0.0,0.0,0.0,0.0,0.0,0.4905660377358491,0.39215686274509803,0.28571428571428575,0.1702127659574468,0.5793776364661094,0.8181818181818182,0.8181818181818182,0.9,0.75,0.0
db25_AIFB_db25:79-en,0.0,0.0,0.0,0.07517081801936397,0.37618792451213057,0.33436692754521175,0.25,0.0,0.0,0.0,0.0,0.3076923076923077,0.3870967741935484,0.3506944444444444,0.0,0.17183771017498592,0.0,,0.0,1.0,0.07517081801936397,0.0,0.0,0.0,0.0,0.0,0.0,0.39999999999999997,0.08695652173913045,0.0,0.0,0.17183771017498592,0.6666666666666666,0.4444444444444444,0.4444444444444444,0.4444444444444444,0.0
db25_AIFB_db25:79-es,0.0,0.0,0.0,0.07517081801936397,0.37618792451213057,0.33436692754521175,0.25,0.0,0.0,0.0,0.0,0.3076923076923077,0.3870967741935484,0.3506944444444444,0.0,0.17183771017498592,0.0,,0.0,1.0,0.07517081801936397,0.0,0.0,0.0,0.0,0.0,0.0,0.39999999999999997,0.08695652173913045,0.0,0.0,0.17183771017498592,0.6666666666666666,0.4444444444444444,0.4444444444444444,0.4444444444444444,0.0
db25_AIFB_db25:8-en,0.0,0.0,0.0,0.031366319015638855,0.5410587166996816,0.13513513513513514,0.1907435698305462,0.0,0.0,0.0,0.0,0.14285714285714285,0.24117647058823533,0.30423280423280424,0.0,0.031366319015638855,0.0,,0.0,1.0,0.031366319015638855,0.0,0.0,0.0,0.0,0.0,0.0,0.25641025641025644,0.05405405405405405,0.0,0.0,0.031366319015638855,0.21428571428571427,0.21428571428571427,0.14285714285714285,0.42857142857142855,0.0
db25_AIFB_db25:8-es,0.0,0.0,0.0,0.04280703984817958,0.5577336470735784,0.22568905807670633,0.2402530733520421,0.0,0.0,0.0,0.0,0.2857142857142857,0.3129770992366412,0.3276353276353276,0.0,0.04280703984817958,0.0,,0.0,1.0,0.04280703984817958,0.0,0.0,0.0,0.0,0.0,0.0,0.3225806451612903,0.06896551724137931,0.0,0.0,0.04280703984817958,0.27272727272727276,0.27272727272727276,0.2,0.42857142857142855,0.0
db25_AIFB_db25:80-en,0.0,0.0,0.0,0.60444305032273,0.852723665806489,0.8905635565617215,0.27429188517743175,0.0,0.0,0.0,0.0,0.631578947368421,0.5625,0.7951893687707642,0.0,0.5335100731562414,0.22727272727272727,,0.0,1.0,0.1429117357407516,0.0,0.0,0.0,0.0,0.0,0.0,0.7999999999999999,0.6666666666666667,0.4782608695652174,0.4090909090909091,0.60444305032273,0.819672131147541,0.819672131147541,0.8064516129032258,0.8333333333333334,0.0
db25_AIFB_db25:80-es,0.0,0.0,0.0,0.7108136343117385,0.8886409085779347,0.9018162833851083,0.27429188517743175,0.0,0.0,0.0,0.0,0.631578947368421,0.6136363636363636,0.854795192543537,0.0,0.5336626135787336,0.22222222222222224,,0.0,1.0,0.1358560869242865,0.0,0.0,0.0,0.0,0.0,0.0,0.823529411764706,0.693877551020408,0.5531914893617023,0.5333333333333333,0.7108136343117385,0.870967741935484,0.870967741935484,0.84375,0.9,0.0
db25_AIFB_db25:81-en,0.0,0.0,0.0,0.0742780352096333,0.3885935692055688,0.14159846508095772,0.21089672205953397,0.0,0.0,0.0,0.0,0.2222222222222222,0.32947976878612717,0.45335276967930027,0.0,0.48415247130346006,0.12903225806451613,,0.0,1.0,0.06170290107295076,0.0,0.0,0.0,0.0,0.0,0.0,0.27027027027027023,0.1142857142857143,0.0,0.0,0.48415247130346006,0.7857142857142857,0.5,0.5,0.5,0.0
db25_AIFB_db25:81-es,0.0,0.0,0.0,0.0742780352096333,0.3885935692055688,0.14159846508095772,0.21089672205953397,0.0,0.0,0.0,0.0,0.2222222222222222,0.35260115606936415,0.45335276967930027,0.0,0.48415247130346006,0.12903225806451613,,0.0,1.0,0.06170290107295076,0.0,0.0,0.0,0.0,0.0,0.0,0.27027027027027023,0.1142857142857143,0.0,0.0,0.48415247130346006,0.7857142857142857,0.5,0.5,0.5,0.0
db25_AIFB_db25:82-en,0.0,0.0,1.0,0.09813526938414832,0.38114830562133356,0.18898223650461363,0.2402530733520421,1.0,0.0,0.0,0.0,0.4117647058823529,0.3789954337899544,0.4756297723542426,0.0,0.28507822708363717,0.0,,0.0,0.0,0.1266920880001284,0.0,0.0,0.0,0.0,0.0,0.0,0.35555555555555557,0.046511627906976744,0.0,0.0,0.28507822708363717,0.6486486486486486,0.48648648648648646,0.45,0.5294117647058824,0.0
db25_AIFB_db25:82-es,0.0,0.0,1.0,0.09813526938414832,0.38114830562133356,0.18898223650461363,0.2402530733520421,1.0,0.0,0.0,0.0,0.4117647058823529,0.3789954337899544,0.4756297723542426,0.0,0.28507822708363717,0.0,,0.0,0.0,0.1266920880001284,0.0,0.0,0.0,0.0,0.0,0.0,0.35555555555555557,0.046511627906976744,0.0,0.0,0.28507822708363717,0.6486486486486486,0.48648648648648646,0.45,0.5294117647058824,0.0
db25_AIFB_db25:83-en,0.0,0.0,0.0,0.06412695542496799,0.3772887747271253,0.20225995873897262,0.21712927295533244,0.0,0.0,0.0,0.0,0.23529411764705882,0.37777777777777777,0.36770583533173457,0.0,0.2108876931788479,0.05882352941176471,,0.0,1.0,0.05564101947390608,0.0,0.05882352941176471,0.0,0.0,0.0,0.0,0.35000000000000003,0.15789473684210525,0.1111111111111111,0.05882352941176471,0.2108876931788479,0.7407407407407408,0.4444444444444445,0.46153846153846156,0.42857142857142855,0.0
db25_AIFB_db25:83-es,0.0,0.0,0.0,0.06412695542496799,0.3772887747271253,0.149071198499986,0.21089672205953397,0.0,0.0,0.0,0.0,0.2222222222222222,0.34444444444444444,0.36770583533173457,0.0,0.2108876931788479,0.05882352941176471,,0.0,1.0,0.05564101947390608,0.0,0.05882352941176471,0.0,0.0,0.0,0.0,0.35000000000000003,0.15789473684210525,0.1111111111111111,0.05882352941176471,0.2108876931788479,0.7407407407407408,0.4444444444444445,0.46153846153846156,0.42857142857142855,0.0
db25_AIFB_db25:84-en,0.0,0.0,0.0,0.04838761325222208,0.38385538191175894,0.19245008972987526,0.21712927295533244,0.0,0.0,0.0,0.0,0.2777777777777778,0.20855614973262027,0.32716179255207234,0.0,0.43242270754632145,0.1176470588235294,,0.0,1.0,0.06170290107295076,0.0,0.0,0.0,0.0,0.0,0.0,0.25,0.052631578947368425,0.0,0.0,0.2816970410590029,0.588235294117647,0.4117647058823529,0.5,0.35,0.0
db25_AIFB_db25:84-es,0.0,0.0,0.0,0.04838761325222208,0.38385538191175894,0.19245008972987526,0.21712927295533244,0.0,0.0,0.0,0.0,0.2777777777777778,0.20855614973262027,0.32716179255207234,0.0,0.43242270754632145,0.1176470588235294,,0.0,1.0,0.06170290107295076,0.0,0.0,0.0,0.0,0.0,0.0,0.25,0.052631578947368425,0.0,0.0,0.2816970410590029,0.588235294117647,0.4117647058823529,0.5,0.35,0.0
db25_AIFB_db25:85-en,0.0,0.0,0.0,0.07517081801936397,0.37618792451213057,0.2637521893583148,0.2402530733520421,0.0,0.0,0.0,0.0,0.2857142857142857,0.35398230088495575,0.3506944444444444,0.0,0.17183771017498592,0.0,,0.0,1.0,0.07517081801936397,0.0,0.0,0.0,0.0,0.0,0.0,0.39999999999999997,0.08695652173913045,0.0,0.0,0.17183771017498592,0.6666666666666666,0.4444444444444444,0.4444444444444444,0.4444444444444444,0.0
db25_AIFB_db25:85-es,0.0,0.0,0.0,0.07517081801936397,0.37618792451213057,0.33436692754521175,0.25,0.0,0.0,0.0,0.0,0.3076923076923077,0.37168141592920356,0.3506944444444444,0.0,0.17183771017498592,0.0,,0.0,1.0,0.07517081801936397,0.0,0.0,0.0,0.0,0.0,0.0,0.39999999999999997,0.08695652173913045,0.0,0.0,0.17183771017498592,0.6666666666666666,0.4444444444444444,0.4444444444444444,0.4444444444444444,0.0
db25_AIFB_db25:86-en,0.0,0.0,0.0,0.041065648702306674,0.32662568281467247,0.26860765467512676,0.21712927295533244,0.0,0.0,0.0,0.0,0.2777777777777778,0.3313253012048193,0.2755555555555556,0.0,0.05656584938743446,0.0,,0.0,1.0,0.041065648702306674,0.0,0.0,0.0,0.0,0.0,0.0,0.25641025641025644,0.0,0.0,0.0,0.05656584938743446,0.5806451612903226,0.3225806451612903,0.2777777777777778,0.38461538461538464,0.0
db25_AIFB_db25:86-es,0.0,0.0,0.0,0.0511130148423785,0.34227157624445786,0.2771369977368466,0.2240092377397959,0.0,0.0,0.0,0.0,0.3333333333333333,0.3493975903614458,0.37860082304526754,0.0,0.11201347150863071,0.0,,0.0,1.0,0.0511130148423785,0.0,0.0,0.0,0.0,0.0,0.0,0.30769230769230765,0.05405405405405405,0.0,0.0,0.11201347150863071,0.6451612903225806,0.3870967741935484,0.3333333333333333,0.46153846153846156,0.0
db25_AIFB_db25:87-en,0.0,0.0,0.0,0.48415247130346006,0.8174666892544364,0.4735570640442167,0.27429188517743175,0.0,0.0,0.0,0.0,0.5333333333333333,0.5583756345177665,0.7777449822904368,0.0,0.48415247130346006,0.12903225806451613,,0.0,1.0,0.06170290107295076,0.0,0.0,0.0,0.0,0.0,0.0,0.5945945945945946,0.39999999999999997,0.24242424242424246,0.12903225806451613,0.48415247130346006,0.7857142857142857,0.7857142857142857,0.7857142857142857,0.7857142857142857,0.0
db25_AIFB_db25:87-es,0.0,0.0,0.0,0.48415247130346006,0.8174666892544364,0.4735570640442167,0.27429188517743175,0.0,0.0,0.0,0.0,0.5333333333333333,0.5583756345177665,0.7777449822904368,0.0,0.48415247130346006,0.12903225806451613,,0.0,1.0,0.06170290107295076,0.0,0.0,0.0,0.0,0.0,0.0,0.5945945945945946,0.39999999999999997,0.24242424242424246,0.12903225806451613,0.48415247130346006,0.7857142857142857,0.7857142857142857,0.7857142857142857,0.7857142857142857,0.0
db25_AIFB_db25:88-en,0.0,0.0,0.0,0.04329398793439738,0.33117631263085096,0.24670871720894114,0.2,0.0,0.0,0.0,0.0,0.3333333333333333,0.3004694835680751,0.2776119402985075,0.0,0.18295654224495206,0.046511627906976744,,0.0,1.0,0.04094492580924107,0.0,0.0,0.0,0.0,0.0,0.0,0.36734693877551017,0.0851063829787234,0.044444444444444446,0.0,0.18295654224495206,0.5333333333333333,0.33333333333333337,0.29411764705882354,0.38461538461538464,0.0
db25_AIFB_db25:88-es,0.0,0.0,0.0,0.04329398793439738,0.33117631263085096,0.24670871720894114,0.2,0.0,0.0,0.0,0.0,0.3333333333333333,0.3004694835680751,0.2776119402985075,0.0,0.18295654224495206,0.046511627906976744,,0.0,1.0,0.04094492580924107,0.0,0.0,0.0,0.0,0.0,0.0,0.36734693877551017,0.0851063829787234,0.044444444444444446,0.0,0.18295654224495206,0.5333333333333333,0.33333333333333337,0.29411764705882354,0.38461538461538464,0.0
db25_AIFB_db25:89-en,0.0,0.0,1.0,0.07395164846930614,0.3471800739148277,0.254000254000381,0.1907435698305462,1.0,0.0,0.0,0.0,0.3333333333333333,0.28181818181818186,0.418061755952381,0.0,0.22169194554222996,0.0425531914893617,,0.0,0.0,0.10565621508953438,0.0,0.0,0.0,0.0,0.0,0.0,0.3773584905660377,0.07843137254901962,0.04081632653061225,0.0,0.22169194554222996,0.5499999999999999,0.4,0.3333333333333333,0.5,0.0
db25_AIFB_db25:89-es,0.0,0.0,1.0,0.07395164846930614,0.3471800739148277,0.254000254000381,0.1907435698305462,1.0,0.0,0.0,0.0,0.3333333333333333,0.28181818181818186,0.418061755952381,0.0,0.22169194554222996,0.0425531914893617,,0.0,0.0,0.10565621508953438,0.0,0.0,0.0,0.0,0.0,0.0,0.3773584905660377,0.07843137254901962,0.04081632653061225,0.0,0.22169194554222996,0.5499999999999999,0.4,0.3333333333333333,0.5,0.0
db25_AIFB_db25:9-en,0.0,0.0,0.0,0.05678170484701192,0.09404238210220145,0.3689323936863109,0.25,0.0,0.0,0.0,0.0,0.35714285714285715,0.4890510948905109,0.33938172043010756,0.0,0.12586898234382776,0.0,,0.0,1.0,0.05678170484701192,0.0,0.0,0.0,0.0,0.0,0.0,0.4444444444444445,0.16,0.08695652173913045,0.0,0.12586898234382776,0.5714285714285715,0.380952380952381,0.3333333333333333,0.4444444444444444,0.0
db25_AIFB_db25:9-es,0.0,0.0,0.0,0.05678170484701192,0.09404238210220145,0.3689323936863109,0.25,0.0,0.0,0.0,0.0,0.35714285714285715,0.4817518248175182,0.33938172043010756,0.0,0.12586898234382776,0.0,,0.0,1.0,0.05678170484701192,0.0,0.0,0.0,0.0,0.0,0.0,0.4444444444444445,0.16,0.08695652173913045,0.0,0.12586898234382776,0.5714285714285715,0.380952380952381,0.3333333333333333,0.4444444444444444,0.0
db25_AIFB_db25:90-en,0.0,0.0,0.0,0.06412695542496799,0.3772887747271253,0.2834733547569204,0.2402530733520421,0.0,0.0,0.0,0.0,0.3333333333333333,0.3920454545454546,0.36770583533173457,0.0,0.2108876931788479,0.0,,0.0,1.0,0.05564101947390608,0.0,0.0,0.0,0.0,0.0,0.0,0.33333333333333337,0.05882352941176471,0.0,0.0,0.2108876931788479,0.7407407407407408,0.4444444444444445,0.46153846153846156,0.42857142857142855,0.0
db25_AIFB_db25:90-es,0.0,0.0,0.0,0.06412695542496799,0.3772887747271253,0.2834733547569204,0.2402530733520421,0.0,0.0,0.0,0.0,0.3333333333333333,0.3920454545454546,0.36770583533173457,0.0,0.2108876931788479,0.0,,0.0,1.0,0.05564101947390608,0.0,0.0,0.0,0.0,0.0,0.0,0.33333333333333337,0.05882352941176471,0.0,0.0,0.2108876931788479,0.7407407407407408,0.4444444444444445,0.46153846153846156,0.42857142857142855,0.0
db25_AIFB_db25:91-en,0.0,0.0,1.0,0.07395164846930614,0.3471800739148277,0.18401748249129446,0.20521309615767264,1.0,0.0,0.0,0.0,0.25,0.254054054054054,0.418061755952381,0.0,0.16692486522015718,0.0,,0.0,0.0,0.10820397621004264,0.0,0.0,0.0,0.0,0.0,0.0,0.27906976744186046,0.0,0.0,0.0,0.16692486522015718,0.5499999999999999,0.4,0.3333333333333333,0.5,0.0
db25_AIFB_db25:91-es,0.0,0.0,1.0,0.07395164846930614,0.3471800739148277,0.18401748249129446,0.20521309615767264,1.0,0.0,0.0,0.0,0.25,0.254054054054054,0.418061755952381,0.0,0.16692486522015718,0.0,,0.0,0.0,0.10820397621004264,0.0,0.0,0.0,0.0,0.0,0.0,0.27906976744186046,0.0,0.0,0.0,0.16692486522015718,0.5499999999999999,0.4,0.3333333333333333,0.5,0.0
db25_AIFB_db25:92-en,0.0,0.0,0.0,0.04281158617912186,0.3733319121212921,0.23099715105270544,0.25,0.0,0.0,0.0,0.0,0.4,0.34684684684684686,0.2568607764390897,0.0,0.13670481239036392,0.0,,0.0,1.0,0.04281158617912186,0.0,0.0,0.0,0.0,0.0,0.0,0.32558139534883723,0.04878048780487805,0.0,0.0,0.13670481239036392,0.6666666666666667,0.4000000000000001,0.46153846153846156,0.35294117647058826,0.0
db25_AIFB_db25:92-es,0.0,0.0,0.0,0.04281158617912186,0.3733319121212921,0.23099715105270544,0.25,0.0,0.0,0.0,0.0,0.4,0.34684684684684686,0.2568607764390897,0.0,0.13670481239036392,0.0,,0.0,1.0,0.04281158617912186,0.0,0.0,0.0,0.0,0.0,0.0,0.32558139534883723,0.04878048780487805,0.0,0.0,0.13670481239036392,0.6666666666666667,0.4000000000000001,0.46153846153846156,0.35294117647058826,0.0
db25_AIFB_db25:93-en,0.0,0.0,0.0,0.03279352126461887,0.3098537798236032,0.11416834431938577,0.17253779651421453,0.0,0.0,0.0,0.0,0.20689655172413793,0.204225352112676,0.23544303797468352,0.0,0.07713995116831293,0.0,,0.0,1.0,0.028861962955774777,0.0,0.0,0.0,0.0,0.0,0.0,0.23529411764705882,0.030303030303030304,0.0,0.0,0.07713995116831293,0.4210526315789474,0.26315789473684204,0.21739130434782608,0.3333333333333333,0.0
db25_AIFB_db25:93-es,0.0,0.0,0.0,0.03154426142961358,0.3073439571452231,0.12558517875132433,0.179128784747792,0.0,0.0,0.0,0.0,0.25,0.17253521126760563,0.23396226415094343,0.0,0.07395164846930614,0.0,,0.0,1.0,0.027762474712682058,0.0,0.0,0.0,0.0,0.0,0.0,0.2388059701492537,0.030769230769230767,0.0,0.0,0.07395164846930614,0.4102564102564102,0.25641025641025644,0.20833333333333334,0.3333333333333333,0.0
db25_AIFB_db25:94-en,0.0,0.0,0.0,0.07920548528799891,0.3346309146216362,0.1940285000290664,0.23166247903554,0.0,0.0,0.0,0.0,0.3125,0.35820895522388063,0.3811965811965813,0.0,0.0953476696024777,0.0,,0.0,1.0,0.07920548528799891,0.0,0.0,0.0,0.0,0.0,0.0,0.4,0.186046511627907,0.048780487804878044,0.0,0.0953476696024777,0.4827586206896552,0.3448275862068966,0.2777777777777778,0.45454545454545453,0.0
db25_AIFB_db25:94-es,0.0,0.0,0.0,0.05678170484701192,0.34404238210220145,0.25917197241939255,0.2402530733520421,0.0,0.0,0.0,0.0,0.2857142857142857,0.3681592039800995,0.28434684684684686,0.0,0.08270115146021437,0.0,,0.0,1.0,0.05678170484701192,0.0,0.0,0.0,0.0,0.0,0.0,0.37209302325581395,0.14634146341463417,0.05128205128205128,0.0,0.08270115146021437,0.5217391304347826,0.34782608695652173,0.3333333333333333,0.36363636363636365,0.0
db25_AIFB_db25:95-en,0.0,0.0,0.0,0.049070511103326775,0.33040892997942867,0.12038585308576921,0.21089672205953397,0.0,0.0,0.0,0.0,0.17647058823529413,0.24444444444444446,0.33223684210526316,0.0,0.19674979811155635,0.07142857142857144,,0.0,1.0,0.049070511103326775,0.0,0.07142857142857144,0.0,0.0,0.0,0.0,0.35294117647058826,0.18750000000000003,0.13333333333333333,0.07142857142857144,0.19674979811155635,0.5217391304347826,0.34782608695652173,0.2857142857142857,0.4444444444444444,0.0
db25_AIFB_db25:95-es,0.0,0.0,0.0,0.049070511103326775,0.33040892997942867,0.12038585308576921,0.21089672205953397,0.0,0.0,0.0,0.0,0.17647058823529413,0.24444444444444446,0.33223684210526316,0.0,0.19674979811155635,0.07142857142857144,,0.0,1.0,0.049070511103326775,0.0,0.07142857142857144,0.0,0.0,0.0,0.0,0.35294117647058826,0.18750000000000003,0.13333333333333333,0.07142857142857144,0.19674979811155635,0.5217391304347826,0.34782608695652173,0.2857142857142857,0.4444444444444444,0.0
db25_AIFB_db25:96-en,0.0,0.0,0.0,0.7075192866296077,0.8991020438796241,0.8882165115716838,0.2612038749637414,0.0,0.0,0.0,0.0,0.5294117647058824,0.6178010471204188,0.8291019514137794,0.0,0.5207559530135022,0.19999999999999998,0.0,0.0,1.0,0.07660065889514946,0.0,0.0,0.0,0.0,0.0,0.0,0.782608695652174,0.6818181818181818,0.5714285714285715,0.55,0.7075192866296077,0.8727272727272727,0.8727272727272727,0.8888888888888888,0.8571428571428571,0.0
db25_AIFB_db25:96-es,0.0,0.0,0.0,0.6094880572755881,0.8506478763878625,0.8864052604279186,0.27429188517743175,0.0,0.0,0.0,0.0,0.5882352941176471,0.5549738219895288,0.7737354438980417,0.0,0.5341701392245992,0.25,0.0,0.0,1.0,0.1423412184218882,0.0,0.0,0.0,0.0,0.0,0.0,0.782608695652174,0.6818181818181818,0.5238095238095238,0.45,0.6094880572755881,0.8070175438596492,0.8070175438596492,0.7931034482758621,0.8214285714285714,0.0
db25_AIFB_db25:97-en,0.0,0.0,0.0,0.05564101947390608,0.3564827251316119,0.20701966780270625,0.1907435698305462,0.0,0.0,0.0,0.0,0.25,0.3080357142857143,0.28615384615384615,0.0,0.24712442545253582,0.0,,0.0,1.0,0.05262202728382899,0.0,0.0,0.0,0.0,0.0,0.0,0.2978723404255319,0.044444444444444446,0.0,0.0,0.24712442545253582,0.6153846153846154,0.38461538461538464,0.38461538461538464,0.38461538461538464,0.0
db25_AIFB_db25:97-es,0.0,0.0,0.0,0.05564101947390608,0.3564827251316119,0.23002185311411805,0.2,0.0,0.0,0.0,0.0,0.30434782608695654,0.3526785714285714,0.28615384615384615,0.0,0.24712442545253582,0.0,,0.0,1.0,0.05262202728382899,0.0,0.0,0.0,0.0,0.0,0.0,0.3404255319148936,0.044444444444444446,0.0,0.0,0.24712442545253582,0.6153846153846154,0.38461538461538464,0.38461538461538464,0.38461538461538464,0.0
db25_AIFB_db25:98-en,0.0,0.0,0.0,0.07517081801936397,0.37618792451213057,0.2637521893583148,0.2402530733520421,0.0,0.0,0.0,0.0,0.2857142857142857,0.34513274336283184,0.3506944444444444,0.0,0.17183771017498592,0.0,,0.0,1.0,0.07517081801936397,0.0,0.0,0.0,0.0,0.0,0.0,0.3478260869565218,0.0,0.0,0.0,0.17183771017498592,0.6666666666666666,0.4444444444444444,0.4444444444444444,0.4444444444444444,0.0
db25_AIFB_db25:98-es,0.0,0.0,0.0,0.07517081801936397,0.37618792451213057,0.2637521893583148,0.2402530733520421,0.0,0.0,0.0,0.0,0.2857142857142857,0.34513274336283184,0.3506944444444444,0.0,0.17183771017498592,0.0,,0.0,1.0,0.07517081801936397,0.0,0.0,0.0,0.0,0.0,0.0,0.3478260869565218,0.0,0.0,0.0,0.17183771017498592,0.6666666666666666,0.4444444444444444,0.4444444444444444,0.4444444444444444,0.0
db25_AIFB_db25:99-en,0.0,0.0,0.0,0.04504185191443946,0.35451515659994376,0.16329931618554522,0.2240092377397959,0.0,0.0,0.0,0.0,0.29411764705882354,0.27391304347826084,0.14285714285714285,0.0,0.048994603492876466,0.0,,0.0,1.0,0.03868463504917006,0.0,0.0,0.0,0.0,0.0,0.0,0.2564102564102564,0.0,0.0,0.0,0.048994603492876466,0.45161290322580644,0.3225806451612903,0.38461538461538464,0.2777777777777778,0.0
db25_AIFB_db25:99-es,0.0,0.0,0.0,0.04504185191443946,0.35451515659994376,0.16329931618554522,0.2240092377397959,0.0,0.0,0.0,0.0,0.29411764705882354,0.27391304347826084,0.14285714285714285,0.0,0.048994603492876466,0.0,,0.0,1.0,0.03868463504917006,0.0,0.0,0.0,0.0,0.0,0.0,0.2564102564102564,0.0,0.0,0.0,0.048994603492876466,0.45161290322580644,0.3225806451612903,0.38461538461538464,0.2777777777777778,0.0
db25_DBPEDIA-CG_db25:1-en,0.0,0.0,1.0,0.023105498486519563,0.21285463785331277,0.29172998299578906,0.21712927295533244,1.0,0.0,0.0,0.0,0.23529411764705882,0.21649484536082475,0.34553290963547373,0.0,0.048388667339569806,0.0,,0.0,0.0,0.02039053084702657,0.0,0.0,0.0,0.0,0.0,0.0,0.4210526315789474,0.05555555555555555,0.0,0.0,0.023105498486519563,0.3636363636363636,0.3636363636363636,0.375,0.35294117647058826,0.0
db25_DBPEDIA-CG_db25:1-es,0.0,0.0,1.0,0.02122424204722497,0.4574348095255178,0.07796811755854505,0.2,1.0,0.0,0.0,0.0,0.1111111111111111,0.18041237113402064,0.28718074055969695,0.0,0.0541719525395521,0.0,,0.0,0.0,0.0146320480554801,0.0,0.0,0.0,0.0,0.0,0.0,0.17391304347826086,0.0,0.0,0.0,0.04187790828814751,0.3225806451612903,0.3225806451612903,0.35714285714285715,0.29411764705882354,0.0
db25_DBPEDIA-CG_db25:10-en,0.0,0.0,0.0,0.019613230066079998,0.18439348988105392,0.06950480468569159,0.15894454156034005,0.0,0.0,0.0,0.0,0.06666666666666667,0.14028776978417268,0.23954431960049938,0.0,0.08244402891554259,0.0,,0.0,1.0,0.018688671660841403,0.0,0.0,0.0,0.0,0.0,0.0,0.14814814814814817,0.0,0.0,0.0,0.019613230066079998,0.23529411764705882,0.23529411764705882,0.25,0.2222222222222222,0.0
db25_DBPEDIA-CG_db25:10-es,0.0,0.0,0.0,0.011257732104694503,0.29807729958092755,0.03296902366978935,0.15894454156034005,0.0,0.0,0.0,0.0,0.034482758620689655,0.11870503597122306,0.14944769330734242,0.0,0.02573475928033404,0.0,,0.0,1.0,0.01571143080360222,0.0,0.0,0.0,0.0,0.0,0.0,0.03846153846153846,0.0,0.0,0.0,0.011257732104694503,0.14814814814814814,0.14814814814814814,0.2222222222222222,0.1111111111111111,0.0
db25_DBPEDIA-CG_db25:100-en,0.0,0.0,0.0,0.01910532175313344,0.47963881256280105,0.19867985355975662,0.23166247903554,0.0,0.0,0.0,0.0,0.21428571428571427,0.2075471698113207,0.31820066334991703,0.0,0.044279783593346875,0.0,,0.0,1.0,0.01606559657447872,0.0,0.0,0.0,0.0,0.0,0.0,0.3870967741935483,0.06896551724137932,0.0,0.0,0.01910532175313344,0.36363636363636365,0.36363636363636365,0.5,0.2857142857142857,0.0
db25_DBPEDIA-CG_db25:100-es,0.0,0.0,0.0,0.01606559657447872,0.30390076085509327,0.051298917604257706,0.2,0.0,0.0,0.0,0.0,0.058823529411764705,0.20125786163522008,0.19071310116086235,0.0,0.03723471129185563,0.0,,0.0,1.0,0.01606559657447872,0.0,0.0,0.0,0.0,0.0,0.0,0.057142857142857134,0.0,0.0,0.0,0.01606559657447872,0.18181818181818182,0.18181818181818182,0.25,0.14285714285714285,0.0
db25_DBPEDIA-CG_db25:11-en,0.0,0.0,1.0,0.0077340324669583444,0.0682710546488784,0.288675134594813,0.16666666666666666,1.0,0.0,0.0,0.0,0.13793103448275862,0.1967741935483871,0.15561638280616383,0.0,0.03652365228086742,0.0,,0.0,0.0,0.014310807292002669,0.0,0.0,0.0,0.0,0.0,0.0,0.22222222222222224,0.0,0.0,0.0,0.008559113897558077,0.28571428571428575,0.1904761904761905,0.3076923076923077,0.13793103448275862,0.0
db25_DBPEDIA-CG_db25:11-es,0.0,0.0,1.0,0.00246373903002318,0.30059820105160284,0.2904737509655563,0.1639607805437114,1.0,0.0,0.0,0.0,0.10344827586206896,0.1645161290322581,0.0950020652622883,0.0,0.017588432215240778,0.0,,0.0,0.0,0.006697137035377326,0.0,0.0,0.0,0.0,0.0,0.0,0.18181818181818182,0.0,0.0,0.0,0.00246373903002318,0.1081081081081081,0.1081081081081081,0.25,0.06896551724137931,0.0
db25_DBPEDIA-CG_db25:12-en,0.0,0.0,0.0,0.03001448585400683,0.05728758069843786,0.2553769592276246,0.23166247903554,0.0,0.0,0.0,0.0,0.21428571428571427,0.28688524590163933,0.3546348314606741,0.0,0.19173026589128161,0.0,,0.0,1.0,0.03001448585400683,0.0,0.0,0.0,0.0,0.0,0.0,0.32,0.0,0.0,0.0,0.07475095167059852,0.47058823529411764,0.23529411764705882,0.25,0.2222222222222222,0.0
db25_DBPEDIA-CG_db25:12-es,0.0,0.0,0.0,0.03001448585400683,0.30728758069843787,0.17025130615174974,0.21712927295533244,0.0,0.0,0.0,0.0,0.13333333333333333,0.20491803278688525,0.3546348314606741,0.0,0.19173026589128161,0.0,,0.0,1.0,0.03001448585400683,0.0,0.0,0.0,0.0,0.0,0.0,0.24000000000000005,0.0,0.0,0.0,0.07475095167059852,0.47058823529411764,0.23529411764705882,0.25,0.2222222222222222,0.0
db25_DBPEDIA-CG_db25:13-en,0.0,0.0,0.0,0.022330777884899577,0.3083153097057949,0.09723055853282467,0.16952084719853724,0.0,0.0,0.0,0.0,0.1111111111111111,0.15348837209302324,0.26956521739130435,0.0,0.11073196446428506,0.0,,0.0,1.0,0.02383765064930276,0.0,0.0,0.0,0.0,0.0,0.0,0.17391304347826086,0.045454545454545456,0.0,0.0,0.025372662301107043,0.3846153846153846,0.23076923076923075,0.25,0.21428571428571427,0.0
db25_DBPEDIA-CG_db25:13-es,0.0,0.0,0.0,0.014156724684683453,0.30916826641198647,0.09901475429766744,0.16952084719853724,0.0,0.0,0.0,0.0,0.07692307692307693,0.13953488372093026,0.19214703425229743,0.0,0.0358471461993902,0.0,,0.0,1.0,0.01883852621381226,0.0,0.0,0.0,0.0,0.0,0.0,0.14634146341463414,0.05128205128205128,0.0,0.0,0.015666991250714413,0.2857142857142857,0.19047619047619047,0.2857142857142857,0.14285714285714285,0.0
db25_DBPEDIA-CG_db25:14-en,0.0,0.0,0.0,0.017762226812384152,0.2797355875044647,0.08671099695241201,0.20521309615767264,0.0,0.0,0.0,0.0,0.11764705882352941,0.24285714285714288,0.46875,0.0,0.07936796894698336,0.0,,0.0,1.0,0.017762226812384152,0.0,0.0,0.0,0.0,0.0,0.0,0.3636363636363637,0.1935483870967742,0.0,0.0,0.017762226812384152,0.16666666666666666,0.16666666666666666,0.11764705882352941,0.2857142857142857,0.0
db25_DBPEDIA-CG_db25:14-es,0.0,0.0,0.0,0.020912708837155788,0.28549654937265656,0.14673479641335557,0.21712927295533244,0.0,0.0,0.0,0.0,0.1875,0.2928571428571428,0.48701298701298706,0.0,0.09682184923566334,0.0,,0.0,1.0,0.020912708837155788,0.0,0.0,0.0,0.0,0.0,0.0,0.4117647058823529,0.25,0.06666666666666667,0.0,0.020912708837155788,0.19047619047619047,0.19047619047619047,0.14285714285714285,0.2857142857142857,0.0
db25_DBPEDIA-CG_db25:15-en,0.0,0.0,0.0,0.03001448585400683,0.30728758069843787,0.2553769592276246,0.23166247903554,0.0,0.0,0.0,0.0,0.21428571428571427,0.24561403508771928,0.3546348314606741,0.0,0.19173026589128161,0.0,,0.0,1.0,0.03001448585400683,0.0,0.0,0.0,0.0,0.0,0.0,0.32,0.0,0.0,0.0,0.07475095167059852,0.47058823529411764,0.23529411764705882,0.25,0.2222222222222222,0.0
db25_DBPEDIA-CG_db25:15-es,0.0,0.0,0.0,0.03001448585400683,0.30728758069843787,0.17025130615174974,0.21712927295533244,0.0,0.0,0.0,0.0,0.13333333333333333,0.21052631578947367,0.3546348314606741,0.0,0.19173026589128161,0.0,,0.0,1.0,0.03001448585400683,0.0,0.0,0.0,0.0,0.0,0.0,0.28571428571428575,0.0,0.0,0.0,0.07475095167059852,0.47058823529411764,0.23529411764705882,0.25,0.2222222222222222,0.0
db25_DBPEDIA-CG_db25:16-en,0.0,0.0,0.0,0.02568481047180467,0.04406577183701904,0.23643312187173018,0.2240092377397959,0.0,0.0,0.0,0.0,0.2,0.2649572649572649,0.34307065217391297,0.0,0.1527898075109779,0.0,,0.0,1.0,0.02568481047180467,0.0,0.0,0.0,0.0,0.0,0.0,0.33333333333333337,0.0,0.0,0.0,0.061729293904138435,0.39999999999999997,0.19999999999999998,0.18181818181818182,0.2222222222222222,0.0
db25_DBPEDIA-CG_db25:16-es,0.0,0.0,0.0,0.030601688609851067,0.30258393033680586,0.17025130615174974,0.21712927295533244,0.0,0.0,0.0,0.0,0.13333333333333333,0.28205128205128205,0.3506944444444444,0.0,0.1901696869733609,0.0,,0.0,1.0,0.030601688609851067,0.0,0.0,0.0,0.0,0.0,0.0,0.20689655172413796,0.0,0.0,0.0,0.07517081801936397,0.4444444444444444,0.2222222222222222,0.2222222222222222,0.2222222222222222,0.0
db25_DBPEDIA-CG_db25:17-en,0.0,0.0,0.0,0.01606559657447872,0.30390076085509327,0.14638501094227999,0.179128784747792,0.0,0.0,0.0,0.0,0.125,0.11682242990654201,0.23554104477611937,0.0,0.09273289296989985,0.0,,0.0,1.0,0.02062863433588219,0.0,0.0,0.0,0.0,0.0,0.0,0.15,0.0,0.0,0.0,0.01910532175313344,0.36363636363636365,0.18181818181818182,0.25,0.14285714285714285,0.0
db25_DBPEDIA-CG_db25:17-es,0.0,0.0,0.0,0.017557823520243782,0.2995450544184961,0.07559289460184544,0.16952084719853724,0.0,0.0,0.0,0.0,0.07692307692307693,0.13084112149532712,0.18930041152263377,0.0,0.04013653527886313,0.0,,0.0,1.0,0.021927068045387584,0.0,0.0,0.0,0.0,0.0,0.0,0.08888888888888889,0.0,0.0,0.0,0.017557823520243782,0.17391304347826086,0.17391304347826086,0.2222222222222222,0.14285714285714285,0.0
db25_DBPEDIA-CG_db25:18-en,0.0,0.0,0.0,0.009704916063346839,0.30563311081379474,0.2773500981126146,0.1907435698305462,0.0,0.0,0.0,0.0,0.14285714285714285,0.18905472636815923,0.16315789473684214,0.0,0.09350118381587852,0.0,,0.0,1.0,0.013302246854899122,0.0,0.0,0.0,0.0,0.0,0.0,0.21621621621621623,0.0,0.0,0.0,0.024025556622599604,0.38888888888888895,0.16666666666666666,0.25,0.125,0.0
db25_DBPEDIA-CG_db25:18-es,0.0,0.0,0.0,0.00577991238403297,0.29680111232204337,0.19611613513818404,0.1827439976315568,0.0,0.0,0.0,0.0,0.09090909090909091,0.17910447761194026,0.11358024691358025,0.0,0.027653798525363805,0.0,,0.0,1.0,0.010073861305444026,0.0,0.0,0.0,0.0,0.0,0.0,0.10256410256410257,0.0,0.0,0.0,0.006396524532861272,0.18181818181818182,0.12121212121212122,0.2222222222222222,0.08333333333333333,0.0
db25_DBPEDIA-CG_db25:19-en,0.0,0.0,0.0,0.020427320897818672,0.048186119547600534,0.26186146828319085,0.1951941016011038,0.0,0.0,0.0,0.0,0.15,0.21118012422360244,0.23396226415094337,0.0,0.10371945196706786,0.0,,0.0,1.0,0.019730657693620934,0.0,0.0,0.0,0.0,0.0,0.0,0.3243243243243243,0.11428571428571427,0.0,0.0,0.023209917609147843,0.3225806451612903,0.19354838709677422,0.2,0.1875,0.0
db25_DBPEDIA-CG_db25:19-es,0.0,0.0,0.0,0.014059206006471656,0.2987299689789472,0.16035674514745463,0.1951941016011038,0.0,0.0,0.0,0.0,0.10526315789473684,0.1428571428571429,0.16702977487291215,0.0,0.06259788353343847,0.0,,0.0,1.0,0.030601688609851067,0.0,0.0,0.0,0.0,0.0,0.0,0.16216216216216214,0.0,0.0,0.0,0.014059206006471656,0.16,0.16,0.2222222222222222,0.125,0.0
db25_DBPEDIA-CG_db25:2-en,0.0,0.0,0.0,0.002967505964471008,0.04614589593624099,0.1889822365046136,0.15438708879488486,0.0,0.0,0.0,0.0,0.09090909090909091,0.14237288135593218,0.1131272401433692,0.0,0.09049145405312008,0.0,,0.0,1.0,0.008066517539065373,0.0,0.0,0.0,0.0,0.0,0.0,0.13793103448275862,0.0,0.0,0.0,0.0037314412025093472,0.2564102564102564,0.10256410256410256,0.2222222222222222,0.06666666666666667,0.0
db25_DBPEDIA-CG_db25:2-es,0.0,0.0,0.0,0.00738068303626243,0.2983737266910985,0.18856180831641267,0.1566130288262323,0.0,0.0,0.0,0.0,0.09375,0.12881355932203387,0.13098591549295774,0.0,0.12823357161714233,0.0,,0.0,1.0,0.012684199087378318,0.0,0.0,0.0,0.0,0.0,0.0,0.1492537313432836,0.0,0.0,0.0,0.008777160780303168,0.27272727272727276,0.13636363636363638,0.21428571428571427,0.1,0.0
db25_DBPEDIA-CG_db25:20-en,0.0,0.0,0.0,0.019760249268708476,0.4684835203003266,0.10910894511799621,0.1757340838011157,0.0,0.0,0.0,0.0,0.15384615384615385,0.2099644128113879,0.2906617192331478,0.0,0.1298675057162065,0.0,,0.0,1.0,0.018902595382158972,0.0,0.0,0.0,0.0,0.0,0.0,0.29090909090909095,0.07547169811320756,0.039215686274509796,0.0,0.08623814063582017,0.4827586206896552,0.3448275862068966,0.4166666666666667,0.29411764705882354,0.0
db25_DBPEDIA-CG_db25:20-es,0.0,0.0,0.0,0.020583570355763796,0.4626032963895894,0.051031036307982884,0.16666666666666666,0.0,0.0,0.0,0.0,0.07407407407407407,0.15658362989323849,0.2889107450208999,0.0,0.1331509994225818,0.0,,0.0,1.0,0.01956436644376296,0.0,0.0,0.0,0.0,0.0,0.0,0.12903225806451615,0.0,0.0,0.0,0.0884185351114483,0.4666666666666667,0.33333333333333337,0.38461538461538464,0.29411764705882354,0.0
db25_DBPEDIA-CG_db25:21-en,0.0,0.0,0.0,0.022330777884899577,0.3083153097057949,0.1559362351170901,0.2240092377397959,0.0,0.0,0.0,0.0,0.25,0.2514619883040936,0.26956521739130435,0.0,0.11073196446428506,0.0,,0.0,1.0,0.024271412912056454,0.0,0.0,0.0,0.0,0.0,0.0,0.27777777777777773,0.05882352941176471,0.0,0.0,0.025372662301107043,0.3846153846153846,0.23076923076923075,0.25,0.21428571428571427,0.0
db25_DBPEDIA-CG_db25:21-es,0.0,0.0,0.0,0.017557823520243782,0.2995450544184961,0.04612656040144426,0.1951941016011038,0.0,0.0,0.0,0.0,0.05555555555555555,0.21052631578947367,0.18930041152263377,0.0,0.04013653527886313,0.0,,0.0,1.0,0.019621202589476826,0.0,0.0,0.0,0.0,0.0,0.0,0.1111111111111111,0.0,0.0,0.0,0.017557823520243782,0.17391304347826086,0.17391304347826086,0.2222222222222222,0.14285714285714285,0.0
db25_DBPEDIA-CG_db25:22-en,0.0,0.0,0.0,0.018180306971358407,0.46814788226315573,0.11145564251507058,0.17253779651421453,0.0,0.0,0.0,0.0,0.14814814814814814,0.17228464419475653,0.2756274923762609,0.0,0.09350118381587852,0.0,,0.0,1.0,0.018564780992259573,0.0,0.0,0.0,0.0,0.0,0.0,0.2641509433962264,0.0,0.0,0.0,0.0396114462440903,0.4666666666666666,0.33333333333333337,0.4166666666666667,0.2777777777777778,0.0
db25_DBPEDIA-CG_db25:22-es,0.0,0.0,0.0,0.021705607101053473,0.21258070586035963,0.049147318718299055,0.16666666666666666,0.0,0.0,0.0,0.0,0.07407407407407407,0.17602996254681647,0.29889396067415724,0.0,0.09482409775573745,0.0,,0.0,1.0,0.018688671660841403,0.0,0.0,0.0,0.0,0.0,0.0,0.19047619047619047,0.0,0.0,0.0,0.04041757572728696,0.29411764705882354,0.35294117647058826,0.375,0.3333333333333333,0.0
db25_DBPEDIA-CG_db25:23-en,0.0,0.0,1.0,0.0035297242528641837,0.07217841509183229,0.2504351613389046,0.15894454156034005,1.0,0.0,0.0,0.0,0.0967741935483871,0.12681159420289856,0.08695652173913043,0.0,0.028596218448020398,0.0,,0.0,0.0,0.006325272305194016,0.0,0.0,0.0,0.0,0.0,0.0,0.163265306122449,0.0,0.0,0.0,0.0040597593544011235,0.28571428571428575,0.163265306122449,0.3333333333333333,0.10810810810810811,0.0
db25_DBPEDIA-CG_db25:23-es,0.0,0.0,1.0,0.000906358937557199,0.3002200658685718,0.2705008904002297,0.16139047779640892,1.0,0.0,0.0,0.0,0.1,0.12318840579710144,0.05865102639296188,0.0,0.011075364663355156,0.0,,0.0,0.0,0.002174242062772232,0.0,0.0,0.0,0.0,0.0,0.0,0.15686274509803924,0.0,0.0,0.0,0.0010778484972893282,0.17777777777777778,0.08888888888888889,0.25,0.05405405405405406,0.0
db25_DBPEDIA-CG_db25:24-en,0.0,0.0,0.0,0.014246577419417615,0.030270333526413888,0.0899842541331695,0.1827439976315568,0.0,0.0,0.0,0.0,0.16666666666666666,0.248868778280543,0.2619718309859155,0.0,0.07631995551609101,0.0,,0.0,1.0,0.014246577419417615,0.0,0.0,0.0,0.0,0.0,0.0,0.2592592592592593,0.11538461538461538,0.04,0.0,0.03782809598702578,0.3157894736842105,0.15789473684210525,0.12,0.23076923076923078,0.0
db25_DBPEDIA-CG_db25:24-es,0.0,0.0,0.0,0.015271699436865032,0.03272502424450728,0.06622661785325218,0.17253779651421453,0.0,0.0,0.0,0.0,0.11538461538461539,0.18552036199095023,0.26571428571428574,0.0,0.07460730850126862,0.0,,0.0,1.0,0.015271699436865032,0.0,0.0,0.0,0.0,0.0,0.0,0.15384615384615383,0.04,0.0,0.0,0.03279352126461887,0.27777777777777773,0.16666666666666669,0.13043478260869565,0.23076923076923078,0.0
db25_DBPEDIA-CG_db25:25-en,0.0,0.0,1.0,0.021023279915645145,0.07102784536451089,0.20979533957417223,0.1827439976315568,1.0,0.0,0.0,0.0,0.2,0.17699115044247793,0.36461718445339913,0.0,0.04968248050901857,0.0,,0.0,0.0,0.016690858266679754,0.0,0.0,0.0,0.0,0.0,0.0,0.26666666666666666,0.04651162790697675,0.0,0.0,0.02326608377544339,0.41379310344827586,0.27586206896551724,0.3076923076923077,0.25,0.0
db25_DBPEDIA-CG_db25:25-es,0.0,0.0,1.0,0.014059206006471656,0.2987299689789472,0.037529331252040075,0.16139047779640892,1.0,0.0,0.0,0.0,0.03571428571428571,0.16371681415929207,0.16702977487291215,0.0,0.03213882502127571,0.0,,0.0,0.0,0.010073861305444026,0.0,0.0,0.0,0.0,0.0,0.0,0.0851063829787234,0.0,0.0,0.0,0.014059206006471656,0.16,0.16,0.2222222222222222,0.125,0.0
db25_DBPEDIA-CG_db25:26-en,0.0,0.0,0.0,0.03001448585400683,0.05728758069843786,0.17025130615174974,0.21712927295533244,0.0,0.0,0.0,0.0,0.13333333333333333,0.2558139534883721,0.3546348314606741,0.0,0.19173026589128161,0.0,,0.0,1.0,0.03001448585400683,0.0,0.0,0.0,0.0,0.0,0.0,0.3225806451612903,0.06896551724137931,0.0,0.0,0.07475095167059852,0.47058823529411764,0.23529411764705882,0.25,0.2222222222222222,0.0
db25_DBPEDIA-CG_db25:26-es,0.0,0.0,0.0,0.03001448585400683,0.30728758069843787,0.17025130615174974,0.21712927295533244,0.0,0.0,0.0,0.0,0.13333333333333333,0.20155038759689925,0.3546348314606741,0.0,0.19173026589128161,0.0,,0.0,1.0,0.03001448585400683,0.0,0.0,0.0,0.0,0.0,0.0,0.13793103448275862,0.0,0.0,0.0,0.07475095167059852,0.47058823529411764,0.23529411764705882,0.25,0.2222222222222222,0.0
db25_DBPEDIA-CG_db25:27-en,0.0,0.0,0.0,0.02568481047180467,0.04406577183701904,0.3857583749052298,0.25,0.0,0.0,0.0,0.0,0.35714285714285715,0.31999999999999995,0.34307065217391297,0.0,0.1527898075109779,0.0,,0.0,1.0,0.02568481047180467,0.0,0.0,0.0,0.0,0.0,0.0,0.39999999999999997,0.08695652173913045,0.0,0.0,0.061729293904138435,0.39999999999999997,0.19999999999999998,0.18181818181818182,0.2222222222222222,0.0
db25_DBPEDIA-CG_db25:27-es,0.0,0.0,0.0,0.03001448585400683,0.30728758069843787,0.12909944487358058,0.20521309615767264,0.0,0.0,0.0,0.0,0.11764705882352941,0.19999999999999996,0.28714107365792757,0.0,0.0695635988471652,0.0,,0.0,1.0,0.03001448585400683,0.0,0.0,0.0,0.0,0.0,0.0,0.2222222222222222,0.0,0.0,0.0,0.03001448585400683,0.23529411764705882,0.23529411764705882,0.25,0.2222222222222222,0.0
db25_DBPEDIA-CG_db25:28-en,0.0,0.0,0.0,0.0012213623573438055,0.22529654936567867,0.26765168951565543,0.1639607805437114,0.0,0.0,0.0,0.0,0.10344827586206896,0.11589403973509937,0.09036144578313253,0.0,0.01826018930123421,0.0,,0.0,1.0,0.0031635035346353666,0.0,0.0,0.0,0.0,0.0,0.0,0.1785714285714286,0.0,0.0,0.0,0.0012213623573438055,0.1818181818181818,0.1818181818181818,0.5,0.1111111111111111,0.0
db25_DBPEDIA-CG_db25:28-es,0.0,0.0,0.0,0.0012213623573438055,0.22529654936567867,0.26765168951565543,0.1639607805437114,0.0,0.0,0.0,0.0,0.10344827586206896,0.1258278145695364,0.09036144578313253,0.0,0.01826018930123421,0.0,,0.0,1.0,0.0031635035346353666,0.0,0.0,0.0,0.0,0.0,0.0,0.1724137931034483,0.0,0.0,0.0,0.0012213623573438055,0.1818181818181818,0.1818181818181818,0.5,0.1111111111111111,0.0
db25_DBPEDIA-CG_db25:29-en,0.0,0.0,0.0,0.03848196746087264,0.5653759218280684,0.20134681656420733,0.2402530733520421,0.0,0.0,0.0,0.0,0.23076923076923078,0.1724137931034483,0.5357142857142857,0.0,0.20748340713083765,0.0,,0.0,1.0,0.03848196746087264,0.0,0.0,0.0,0.0,0.0,0.0,0.28571428571428575,0.15384615384615385,0.0,0.0,0.03848196746087264,0.2857142857142857,0.2857142857142857,0.2857142857142857,0.2857142857142857,0.0
db25_DBPEDIA-CG_db25:29-es,0.0,0.0,0.0,0.03848196746087264,0.3153759218280684,0.1342312110428049,0.2240092377397959,0.0,0.0,0.0,0.0,0.14285714285714285,0.2931034482758621,0.5357142857142857,0.0,0.20748340713083765,0.0,,0.0,1.0,0.03848196746087264,0.0,0.0,0.0,0.0,0.0,0.0,0.3529411764705882,0.18749999999999997,0.06666666666666667,0.0,0.03848196746087264,0.2857142857142857,0.2857142857142857,0.2857142857142857,0.2857142857142857,0.0
db25_DBPEDIA-CG_db25:3-en,0.0,0.0,0.0,0.03001448585400683,0.30728758069843787,0.2553769592276246,0.23166247903554,0.0,0.0,0.0,0.0,0.21428571428571427,0.29508196721311475,0.3546348314606741,0.0,0.19173026589128161,0.0,,0.0,1.0,0.03001448585400683,0.0,0.0,0.0,0.0,0.0,0.0,0.32,0.0,0.0,0.0,0.07475095167059852,0.47058823529411764,0.23529411764705882,0.25,0.2222222222222222,0.0
db25_DBPEDIA-CG_db25:3-es,0.0,0.0,0.0,0.03001448585400683,0.30728758069843787,0.17025130615174974,0.21712927295533244,0.0,0.0,0.0,0.0,0.13333333333333333,0.2295081967213115,0.3546348314606741,0.0,0.19173026589128161,0.0,,0.0,1.0,0.03001448585400683,0.0,0.0,0.0,0.0,0.0,0.0,0.2222222222222222,0.0,0.0,0.0,0.07475095167059852,0.47058823529411764,0.23529411764705882,0.25,0.2222222222222222,0.0
db25_DBPEDIA-CG_db25:30-en,0.0,0.0,1.0,0.016000701543999286,0.3069705679378424,0.3118047822311618,0.20521309615767264,1.0,0.0,0.0,0.0,0.21052631578947367,0.20833333333333337,0.2137931034482759,0.0,0.07472892616029096,0.0,,0.0,0.0,0.017080423060745045,0.0,0.0,0.0,0.0,0.0,0.0,0.27027027027027023,0.057142857142857134,0.0,0.0,0.03641570231510298,0.33333333333333337,0.2,0.25,0.16666666666666666,0.0
db25_DBPEDIA-CG_db25:30-es,0.0,0.0,1.0,0.011257732104694503,0.29807729958092755,0.2721655269759087,0.20521309615767264,1.0,0.0,0.0,0.0,0.16666666666666666,0.20238095238095233,0.18457602339181287,0.0,0.0708867005978134,0.0,,0.0,0.0,0.014059206006471656,0.0,0.0,0.0,0.0,0.0,0.0,0.15789473684210525,0.0,0.0,0.0,0.027653798525363805,0.2962962962962963,0.14814814814814814,0.2222222222222222,0.1111111111111111,0.0
db25_DBPEDIA-CG_db25:31-en,0.0,0.0,0.0,0.021649165789907145,0.6052564632796049,0.19867985355975662,0.23166247903554,0.0,0.0,0.0,0.0,0.21428571428571427,0.1402439024390244,0.3411111111111111,0.0,0.1050801342172536,0.0,,0.0,1.0,0.02062863433588219,0.0,0.0,0.0,0.0,0.0,0.0,0.37500000000000006,0.13333333333333333,0.0,0.0,0.021649165789907145,0.380952380952381,0.380952380952381,0.5,0.3076923076923077,0.0
db25_DBPEDIA-CG_db25:31-es,0.0,0.0,0.0,0.024575835361036066,0.338861218693006,0.18394180184548975,0.2240092377397959,0.0,0.0,0.0,0.0,0.2,0.16463414634146345,0.33573928258967634,0.0,0.11335828191115711,0.0,,0.0,1.0,0.022839165849062423,0.0,0.0,0.0,0.0,0.0,0.0,0.3243243243243243,0.1142857142857143,0.0,0.0,0.024575835361036066,0.34782608695652173,0.34782608695652173,0.4,0.3076923076923077,0.0
db25_DBPEDIA-CG_db25:32-en,0.0,0.0,0.0,0.01573288031374065,0.2538199766427098,0.4472135954999579,0.23166247903554,0.0,0.0,0.0,0.0,0.26666666666666666,0.24683544303797467,0.31552094522019336,0.0,0.11629028465791766,0.0,,0.0,1.0,0.02062863433588219,0.0,0.0,0.0,0.0,0.0,0.0,0.3888888888888889,0.05882352941176471,0.0,0.0,0.06900250807877617,0.4166666666666667,0.4166666666666667,0.625,0.3125,0.0
db25_DBPEDIA-CG_db25:32-es,0.0,0.0,0.0,0.016719307814185087,0.46980424786895675,0.37267799624996495,0.21712927295533244,0.0,0.0,0.0,0.0,0.1875,0.16455696202531644,0.2786855482933915,0.0,0.12193307376118243,0.0,,0.0,1.0,0.021927068045387584,0.0,0.0,0.0,0.0,0.0,0.0,0.26315789473684204,0.0,0.0,0.0,0.034535415012000976,0.32,0.32,0.4444444444444444,0.25,0.0
db25_DBPEDIA-CG_db25:33-en,0.0,0.0,1.0,0.022334817779502403,0.07008964205087777,0.282842712474619,0.21712927295533244,1.0,0.0,0.0,0.0,0.23529411764705882,0.171875,0.47108208955223885,0.0,0.05014708789437709,0.0,,0.0,0.0,0.02112296650357935,0.0,0.0,0.0,0.0,0.0,0.0,0.4,0.07142857142857142,0.0,0.0,0.02429486121643153,0.4666666666666667,0.33333333333333337,0.29411764705882354,0.38461538461538464,0.0
db25_DBPEDIA-CG_db25:33-es,0.0,0.0,1.0,0.018204705905966265,0.30442014112873256,0.0632455532033676,0.1907435698305462,1.0,0.0,0.0,0.0,0.05263157894736842,0.140625,0.20444444444444443,0.0,0.0421924555007561,0.0,,0.0,0.0,0.012511899192713307,0.0,0.0,0.0,0.0,0.0,0.0,0.06451612903225808,0.0,0.0,0.0,0.018204705905966265,0.1904761904761905,0.1904761904761905,0.25,0.15384615384615385,0.0
db25_DBPEDIA-CG_db25:34-en,0.0,0.0,0.0,0.019760249268708476,0.4684835203003266,0.08140880311938858,0.16666666666666666,0.0,0.0,0.0,0.0,0.10714285714285714,0.17525773195876293,0.2906617192331478,0.0,0.1298675057162065,0.0,,0.0,1.0,0.018902595382158972,0.0,0.0,0.0,0.0,0.0,0.0,0.21428571428571427,0.0,0.0,0.0,0.08623814063582017,0.4827586206896552,0.3448275862068966,0.4166666666666667,0.29411764705882354,0.0
db25_DBPEDIA-CG_db25:34-es,0.0,0.0,0.0,0.04281158617912186,0.2329472967366767,0.04925152335778522,0.16139047779640892,0.0,0.0,0.0,0.0,0.06896551724137931,0.16838487972508587,0.3205007530120482,0.0,0.09785119417422791,0.0,,0.0,1.0,0.01956436644376296,0.0,0.0,0.0,0.0,0.0,0.0,0.26666666666666666,0.06896551724137931,0.03571428571428572,0.0,0.040904021437678066,0.33333333333333337,0.4000000000000001,0.46153846153846156,0.35294117647058826,0.0
db25_DBPEDIA-CG_db25:35-en,0.0,0.0,0.0,0.024271412912056454,0.30872757218681873,0.11785113019775793,0.2240092377397959,0.0,0.0,0.0,0.0,0.25,0.20772946859903385,0.2883720930232559,0.0,0.14798568161101283,0.0,,0.0,1.0,0.024271412912056454,0.0,0.0,0.0,0.0,0.0,0.0,0.24390243902439024,0.05128205128205129,0.0,0.0,0.06875393112502282,0.48000000000000004,0.24000000000000002,0.25,0.23076923076923078,0.0
db25_DBPEDIA-CG_db25:35-es,0.0,0.0,0.0,0.023143716762037445,0.05157457941183377,0.055555555555555566,0.20521309615767264,0.0,0.0,0.0,0.0,0.11764705882352941,0.18357487922705318,0.283969465648855,0.0,0.13692677232311823,0.0,,0.0,1.0,0.023143716762037445,0.0,0.0,0.0,0.0,0.0,0.0,0.12,0.0,0.0,0.0,0.06458042446538513,0.4444444444444445,0.22222222222222224,0.21428571428571427,0.23076923076923078,0.0
db25_DBPEDIA-CG_db25:36-en,0.0,0.0,0.0,0.019760249268708476,0.21848352030032658,0.11145564251507058,0.17253779651421453,0.0,0.0,0.0,0.0,0.14814814814814814,0.19565217391304346,0.2906617192331478,0.0,0.1298675057162065,0.0,,0.0,1.0,0.018902595382158972,0.0,0.0,0.0,0.0,0.0,0.0,0.24137931034482757,0.0,0.0,0.0,0.08623814063582017,0.4827586206896552,0.3448275862068966,0.4166666666666667,0.29411764705882354,0.0
db25_DBPEDIA-CG_db25:36-es,0.0,0.0,0.0,0.019760249268708476,0.21848352030032658,0.05212860351426869,0.1639607805437114,0.0,0.0,0.0,0.0,0.07142857142857142,0.1557971014492754,0.2906617192331478,0.0,0.1298675057162065,0.0,,0.0,1.0,0.018902595382158972,0.0,0.0,0.0,0.0,0.0,0.0,0.13114754098360656,0.0,0.0,0.0,0.08623814063582017,0.4827586206896552,0.3448275862068966,0.4166666666666667,0.29411764705882354,0.0
db25_DBPEDIA-CG_db25:37-en,0.0,0.0,0.0,0.02568481047180467,0.04406577183701904,0.15762208124782012,0.21089672205953397,0.0,0.0,0.0,0.0,0.125,0.23931623931623935,0.34307065217391297,0.0,0.1527898075109779,0.0,,0.0,1.0,0.02568481047180467,0.0,0.0,0.0,0.0,0.0,0.0,0.3076923076923077,0.08333333333333334,0.0,0.0,0.061729293904138435,0.39999999999999997,0.19999999999999998,0.18181818181818182,0.2222222222222222,0.0
db25_DBPEDIA-CG_db25:37-es,0.0,0.0,0.0,0.019730657693620934,0.03334148404663766,0.10767638041163309,0.2,0.0,0.0,0.0,0.0,0.1111111111111111,0.18803418803418803,0.32877604166666663,0.0,0.11044506896905561,0.0,,0.0,1.0,0.019730657693620934,0.0,0.0,0.0,0.0,0.0,0.0,0.26666666666666666,0.07142857142857144,0.0,0.0,0.04599915789122599,0.33333333333333337,0.16666666666666669,0.13333333333333333,0.2222222222222222,0.0
db25_DBPEDIA-CG_db25:38-en,0.0,0.0,0.0,0.011916369031872511,0.07590277339224387,0.346518465459368,0.2,0.0,0.0,0.0,0.0,0.2,0.19496855345911945,0.19260716334726657,0.0,0.13041057199995126,0.0,,0.0,1.0,0.015728281312164867,0.0,0.0,0.0,0.0,0.0,0.0,0.3243243243243243,0.05714285714285715,0.0,0.0,0.026273913147978452,0.3902439024390244,0.2439024390243902,0.3333333333333333,0.19230769230769232,0.0
db25_DBPEDIA-CG_db25:38-es,0.0,0.0,0.0,0.009821564941847155,0.0488693738884847,0.23426064283290912,0.1907435698305462,0.0,0.0,0.0,0.0,0.14285714285714285,0.17610062893081757,0.15000000000000002,0.0,0.11945225533013985,0.0,,0.0,1.0,0.012684199087378318,0.0,0.0,0.0,0.0,0.0,0.0,0.23809523809523808,0.0,0.0,0.0,0.023045757260994938,0.3,0.15,0.21428571428571427,0.11538461538461539,0.0
db25_DBPEDIA-CG_db25:39-en,0.0,0.0,0.0,0.025372662301107043,0.46967580390280117,0.07715167498104596,0.20521309615767264,0.0,0.0,0.0,0.0,0.11764705882352941,0.18562874251497008,0.3475303164744159,0.0,0.12254506300552277,0.0,,0.0,1.0,0.02383765064930276,0.0,0.0,0.0,0.0,0.0,0.0,0.34146341463414637,0.05128205128205128,0.0,0.0,0.05082220661919399,0.3846153846153846,0.3846153846153846,0.4166666666666667,0.35714285714285715,0.0
db25_DBPEDIA-CG_db25:39-es,0.0,0.0,0.0,0.023995982469343192,0.20152620345570646,0.12598815766974242,0.21089672205953397,0.0,0.0,0.0,0.0,0.125,0.15568862275449102,0.3089774557165861,0.0,0.10654579328462957,0.0,,0.0,1.0,0.02383765064930276,0.0,0.0,0.0,0.0,0.0,0.0,0.1702127659574468,0.0,0.0,0.0,0.023995982469343192,0.30769230769230765,0.30769230769230765,0.3333333333333333,0.2857142857142857,0.0
db25_DBPEDIA-CG_db25:4-en,0.0,0.0,0.0,0.018564780992259573,0.2896581301592379,0.14638501094227999,0.21089672205953397,0.0,0.0,0.0,0.0,0.17647058823529413,0.20496894409937894,0.21471088435374147,0.0,0.13929692701099317,0.0,,0.0,1.0,0.02383765064930276,0.0,0.0,0.0,0.0,0.0,0.0,0.18749999999999997,0.0,0.0,0.0,0.04422163619898227,0.2962962962962963,0.14814814814814814,0.16666666666666666,0.13333333333333333,0.0
db25_DBPEDIA-CG_db25:4-es,0.0,0.0,0.0,0.018564780992259573,0.2896581301592379,0.08451542547285165,0.1951941016011038,0.0,0.0,0.0,0.0,0.10526315789473684,0.22360248447204967,0.21471088435374147,0.0,0.13929692701099317,0.0,,0.0,1.0,0.02383765064930276,0.0,0.0,0.0,0.0,0.0,0.0,0.15384615384615383,0.0,0.0,0.0,0.04422163619898227,0.2962962962962963,0.14814814814814814,0.16666666666666666,0.13333333333333333,0.0
db25_DBPEDIA-CG_db25:40-en,0.0,0.0,0.0,0.011041712283020193,0.3026809511148331,0.13850867221288876,0.1757340838011157,0.0,0.0,0.0,0.0,0.15384615384615385,0.15838509316770188,0.19604037267080746,0.0,0.06373432312948289,0.0,,0.0,1.0,0.014177839215151157,0.0,0.0,0.0,0.0,0.0,0.0,0.2181818181818182,0.07547169811320754,0.03921568627450981,0.0,0.013130882808780555,0.31999999999999995,0.15999999999999998,0.25,0.11764705882352941,0.0
db25_DBPEDIA-CG_db25:40-es,0.0,0.0,0.0,0.011041712283020193,0.05268095111483311,0.06925433610644438,0.1639607805437114,0.0,0.0,0.0,0.0,0.07142857142857142,0.16770186335403725,0.19604037267080746,0.0,0.06373432312948289,0.0,,0.0,1.0,0.014177839215151157,0.0,0.0,0.0,0.0,0.0,0.0,0.10169491525423728,0.0,0.0,0.0,0.013130882808780555,0.31999999999999995,0.15999999999999998,0.25,0.11764705882352941,0.0
db25_DBPEDIA-CG_db25:41-en,0.0,0.0,0.0,0.021649165789907145,0.6052564632796049,0.19867985355975662,0.23166247903554,0.0,0.0,0.0,0.0,0.21428571428571427,0.19393939393939397,0.3411111111111111,0.0,0.1050801342172536,0.0,,0.0,1.0,0.02062863433588219,0.0,0.0,0.0,0.0,0.0,0.0,0.37500000000000006,0.13333333333333333,0.0,0.0,0.021649165789907145,0.380952380952381,0.380952380952381,0.5,0.3076923076923077,0.0
db25_DBPEDIA-CG_db25:41-es,0.0,0.0,0.0,0.02886373692618645,0.6132745798162549,0.07647191129018727,0.21712927295533244,0.0,0.0,0.0,0.0,0.13333333333333333,0.1393939393939394,0.4893410852713178,0.0,0.12444062917557824,0.0,,0.0,1.0,0.02383765064930276,0.0,0.0,0.0,0.0,0.0,0.0,0.26315789473684204,0.05555555555555555,0.0,0.0,0.02886373692618645,0.48000000000000004,0.48000000000000004,0.5,0.46153846153846156,0.0
db25_DBPEDIA-CG_db25:42-en,0.0,0.0,0.0,0.015848207591271795,0.034108340278946866,0.26843774609657967,0.1827439976315568,0.0,0.0,0.0,0.0,0.2,0.23124999999999996,0.23694267515923564,0.0,0.1196655750514248,0.05555555555555555,,0.0,1.0,0.014320472133097948,0.0,0.05405405405405405,0.0,0.0,0.0,0.0,0.375,0.17391304347826086,0.13636363636363635,0.09523809523809523,0.01800704038900026,0.27027027027027023,0.16216216216216214,0.13636363636363635,0.2,0.0
db25_DBPEDIA-CG_db25:42-es,0.0,0.0,0.0,0.011713183580694267,0.018663485754760997,0.18190171877724967,0.1639607805437114,0.0,0.0,0.0,0.0,0.13333333333333333,0.23958333333333337,0.19363496932515337,0.0,0.0925159978069645,0.0425531914893617,,0.0,1.0,0.011713183580694267,0.0,0.041666666666666664,0.0,0.0,0.0,0.0,0.2711864406779661,0.10526315789473685,0.07272727272727272,0.03773584905660377,0.013929401253494678,0.18604651162790697,0.09302325581395349,0.07142857142857142,0.13333333333333333,0.0
db25_DBPEDIA-CG_db25:43-en,0.0,0.0,0.0,0.0173912273033534,0.30726596691367075,0.06316139407998893,0.16952084719853724,0.0,0.0,0.0,0.0,0.1111111111111111,0.21276595744680848,0.22545454545454546,0.0,0.08916560711180398,0.0,,0.0,1.0,0.018564780992259573,0.0,0.0,0.0,0.0,0.0,0.0,0.10714285714285714,0.0,0.0,0.0,0.02068177124777745,0.41379310344827586,0.20689655172413793,0.25,0.17647058823529413,0.0
db25_DBPEDIA-CG_db25:43-es,0.0,0.0,0.0,0.011041712283020193,0.3026809511148331,0.026631182064565377,0.15894454156034005,0.0,0.0,0.0,0.0,0.034482758620689655,0.11550151975683887,0.15873015873015872,0.0,0.025591017869769524,0.0,,0.0,1.0,0.014177839215151157,0.0,0.0,0.0,0.0,0.0,0.0,0.07272727272727272,0.0,0.0,0.0,0.011041712283020193,0.15999999999999998,0.15999999999999998,0.25,0.11764705882352941,0.0
db25_DBPEDIA-CG_db25:44-en,0.0,0.0,0.0,0.016000701543999286,0.3069705679378424,0.12461119656980672,0.17253779651421453,0.0,0.0,0.0,0.0,0.11538461538461539,0.1628664495114006,0.2137931034482759,0.0,0.09350118381587852,0.0,,0.0,1.0,0.018564780992259573,0.0,0.0,0.0,0.0,0.0,0.0,0.10909090909090907,0.0,0.0,0.0,0.0396114462440903,0.4666666666666666,0.2,0.25,0.16666666666666666,0.0
db25_DBPEDIA-CG_db25:44-es,0.0,0.0,0.0,0.01253439997664676,0.29448605103774855,0.19034674690672027,0.179128784747792,0.0,0.0,0.0,0.0,0.125,0.1628664495114006,0.18350290697674418,0.0,0.0687552735114648,0.0,,0.0,1.0,0.01691967020615708,0.0,0.0,0.0,0.0,0.0,0.0,0.10714285714285712,0.0,0.0,0.0,0.014905997634518268,0.2857142857142857,0.14285714285714285,0.2,0.1111111111111111,0.0
db25_DBPEDIA-CG_db25:45-en,0.0,0.0,1.0,0.026487690798830184,0.3064312673937067,0.1873171623163388,0.2240092377397959,1.0,0.0,0.0,0.0,0.14285714285714285,0.23076923076923073,0.32206632653061223,0.0,0.15289069313303227,0.0,,0.0,0.0,0.03001448585400683,0.0,0.0,0.0,0.0,0.0,0.0,0.2580645161290323,0.0689655172413793,0.0,0.0,0.03149935035796096,0.4444444444444445,0.22222222222222224,0.25,0.2,0.0
db25_DBPEDIA-CG_db25:45-es,0.0,0.0,1.0,0.02568481047180467,0.29406577183701904,0.07254762501100116,0.20521309615767264,1.0,0.0,0.0,0.0,0.0625,0.17948717948717952,0.25302530253025296,0.0,0.057445580856132834,0.0,,0.0,0.0,0.02568481047180467,0.0,0.0,0.0,0.0,0.0,0.0,0.1875,0.06666666666666667,0.0,0.0,0.02568481047180467,0.1904761904761905,0.1904761904761905,0.18181818181818182,0.2,0.0
db25_DBPEDIA-CG_db25:46-en,0.0,0.0,0.0,0.008352437964561445,0.06839933990663066,0.28867513459481287,0.2,0.0,0.0,0.0,0.0,0.2,0.14634146341463417,0.23820754716981132,0.0,0.049406394228587745,0.0,0.0,0.0,1.0,0.014310807292002669,0.0,0.0,0.0,0.0,0.0,0.0,0.25641025641025644,0.0,0.0,0.0,0.009243492080798709,0.2926829268292683,0.1951219512195122,0.3076923076923077,0.14285714285714285,0.0
db25_DBPEDIA-CG_db25:46-es,0.0,0.0,0.0,0.0037059664674853644,0.2963179377216947,0.27777777777777785,0.2,0.0,0.0,0.0,0.0,0.15789473684210525,0.1707317073170732,0.12092911877394635,0.0,0.05582787527185308,0.0,0.0,0.0,1.0,0.008066517539065373,0.0,0.0,0.0,0.0,0.0,0.0,0.13636363636363635,0.0,0.0,0.0,0.004407161691095096,0.21621621621621623,0.10810810810810811,0.2222222222222222,0.07142857142857142,0.0
db25_DBPEDIA-CG_db25:47-en,0.0,0.0,0.0,0.018180306971358407,0.46814788226315573,0.08359173188630294,0.16666666666666666,0.0,0.0,0.0,0.0,0.10714285714285714,0.1590106007067138,0.2756274923762609,0.0,0.09350118381587852,0.0,,0.0,1.0,0.018564780992259573,0.0,0.0,0.0,0.0,0.0,0.0,0.22641509433962265,0.0,0.0,0.0,0.0396114462440903,0.4666666666666666,0.33333333333333337,0.4166666666666667,0.2777777777777778,0.0
db25_DBPEDIA-CG_db25:47-es,0.0,0.0,0.0,0.011257732104694503,0.29807729958092755,0.03296902366978935,0.15894454156034005,0.0,0.0,0.0,0.0,0.034482758620689655,0.16254416961130747,0.14944769330734242,0.0,0.02573475928033404,0.0,,0.0,1.0,0.01571143080360222,0.0,0.0,0.0,0.0,0.0,0.0,0.07142857142857144,0.0,0.0,0.0,0.011257732104694503,0.14814814814814814,0.14814814814814814,0.2222222222222222,0.1111111111111111,0.0
db25_DBPEDIA-CG_db25:48-en,0.0,0.0,0.0,0.024271412912056454,0.30872757218681873,0.08718572905786447,0.21712927295533244,0.0,0.0,0.0,0.0,0.1875,0.23474178403755863,0.2883720930232559,0.0,0.14798568161101283,0.0,,0.0,1.0,0.024271412912056454,0.0,0.0,0.0,0.0,0.0,0.0,0.23255813953488372,0.04878048780487805,0.0,0.0,0.06875393112502282,0.48000000000000004,0.24000000000000002,0.25,0.23076923076923078,0.0
db25_DBPEDIA-CG_db25:48-es,0.0,0.0,0.0,0.024642660404143705,0.3051120018400546,0.05812381937190964,0.20521309615767264,0.0,0.0,0.0,0.0,0.11764705882352941,0.215962441314554,0.28615384615384615,0.0,0.1478862758337968,0.0,,0.0,1.0,0.024642660404143705,0.0,0.0,0.0,0.0,0.0,0.0,0.13636363636363635,0.0,0.0,0.0,0.06925448261712436,0.46153846153846156,0.23076923076923078,0.23076923076923078,0.23076923076923078,0.0
db25_DBPEDIA-CG_db25:49-en,0.0,0.0,0.0,0.022267157315461233,0.28795254843846385,0.17996850826633903,0.21712927295533244,0.0,0.0,0.0,0.0,0.23529411764705882,0.1907894736842105,0.49342105263157904,0.0,0.10457138848650196,0.06666666666666667,,0.0,1.0,0.022267157315461233,0.0,0.06666666666666667,0.0,0.0,0.0,0.0,0.4444444444444444,0.2941176470588235,0.125,0.06666666666666667,0.022267157315461233,0.2,0.2,0.15384615384615385,0.2857142857142857,0.0
db25_DBPEDIA-CG_db25:49-es,0.0,0.0,0.0,0.030601688609851067,0.5525839303368059,0.18394180184548975,0.2240092377397959,0.0,0.0,0.0,0.0,0.2,0.16447368421052633,0.5208333333333334,0.0,0.15527289920984508,0.0625,,0.0,1.0,0.030601688609851067,0.0,0.0625,0.0,0.0,0.0,0.0,0.31578947368421056,0.22222222222222224,0.11764705882352941,0.0625,0.030601688609851067,0.25,0.25,0.2222222222222222,0.2857142857142857,0.0
db25_DBPEDIA-CG_db25:5-en,0.0,0.0,0.0,0.03001448585400683,0.30728758069843787,0.16329931618554525,0.20521309615767264,0.0,0.0,0.0,0.0,0.11764705882352941,0.2907801418439716,0.3546348314606741,0.0,0.19173026589128161,0.0,,0.0,1.0,0.03001448585400683,0.0,0.0,0.0,0.0,0.0,0.0,0.3333333333333333,0.14285714285714285,0.07692307692307691,0.0,0.07475095167059852,0.47058823529411764,0.23529411764705882,0.25,0.2222222222222222,0.0
db25_DBPEDIA-CG_db25:5-es,0.0,0.0,0.0,0.030601688609851067,0.30258393033680586,0.24494897427831785,0.21712927295533244,0.0,0.0,0.0,0.0,0.1875,0.19148936170212771,0.3506944444444444,0.0,0.1901696869733609,0.0,,0.0,1.0,0.030601688609851067,0.0,0.0,0.0,0.0,0.0,0.0,0.17142857142857143,0.0,0.0,0.0,0.07517081801936397,0.4444444444444444,0.2222222222222222,0.2222222222222222,0.2222222222222222,0.0
db25_DBPEDIA-CG_db25:50-en,0.0,0.0,0.0,0.03848196746087264,0.5653759218280684,0.1559625734730109,0.23166247903554,0.0,0.0,0.0,0.0,0.21428571428571427,0.32258064516129037,0.5357142857142857,0.0,0.20748340713083765,0.0,,0.0,1.0,0.03848196746087264,0.0,0.0,0.0,0.0,0.0,0.0,0.3448275862068966,0.14814814814814814,0.0,0.0,0.03848196746087264,0.2857142857142857,0.2857142857142857,0.2857142857142857,0.2857142857142857,0.0
db25_DBPEDIA-CG_db25:50-es,0.0,0.0,0.0,0.03848196746087264,0.5653759218280684,0.10397504898200727,0.21712927295533244,0.0,0.0,0.0,0.0,0.13333333333333333,0.22580645161290325,0.5357142857142857,0.0,0.20748340713083765,0.0,,0.0,1.0,0.03848196746087264,0.0,0.0,0.0,0.0,0.0,0.0,0.2222222222222222,0.058823529411764705,0.0,0.0,0.03848196746087264,0.2857142857142857,0.2857142857142857,0.2857142857142857,0.2857142857142857,0.0
db25_DBPEDIA-CG_db25:51-en,0.0,0.0,0.0,0.02183556213332633,0.04846659640273409,0.1691651623303803,0.21089672205953397,0.0,0.0,0.0,0.0,0.17647058823529413,0.26442307692307687,0.26382978723404255,0.0,0.11868095023232444,0.0,,0.0,1.0,0.02183556213332633,0.0,0.0,0.0,0.0,0.0,0.0,0.23255813953488372,0.0,0.0,0.0,0.05090643635966016,0.4137931034482759,0.20689655172413796,0.2,0.21428571428571427,0.0
db25_DBPEDIA-CG_db25:51-es,0.0,0.0,0.0,0.014156724684683453,0.30916826641198647,0.07352146220938077,0.20521309615767264,0.0,0.0,0.0,0.0,0.11764705882352941,0.19711538461538458,0.19214703425229743,0.0,0.03335952843809588,0.0,,0.0,1.0,0.016330702038618312,0.0,0.0,0.0,0.0,0.0,0.0,0.14634146341463414,0.05128205128205128,0.0,0.0,0.014156724684683453,0.19047619047619047,0.19047619047619047,0.2857142857142857,0.14285714285714285,0.0
db25_DBPEDIA-CG_db25:52-en,0.0,0.0,0.0,0.022839165849062423,0.04680391993474215,0.1096908636190696,0.21712927295533244,0.0,0.0,0.0,0.0,0.1875,0.24867724867724872,0.3177966101694915,0.0,0.11320350885027222,0.0,,0.0,1.0,0.025241181889490292,0.0,0.0,0.0,0.0,0.0,0.0,0.3243243243243243,0.17142857142857143,0.0,0.0,0.022839165849062423,0.1818181818181818,0.1818181818181818,0.2,0.16666666666666666,0.0
db25_DBPEDIA-CG_db25:52-es,0.0,0.0,0.0,0.023143716762037445,0.30157457941183374,0.03031695312954162,0.2,0.0,0.0,0.0,0.0,0.058823529411764705,0.1534391534391535,0.2587090163934426,0.0,0.06458042446538513,0.0,,0.0,1.0,0.023143716762037445,0.0,0.0,0.0,0.0,0.0,0.0,0.14545454545454548,0.03773584905660378,0.0,0.0,0.05188574832299887,0.3846153846153846,0.23076923076923075,0.21428571428571427,0.25,0.0
db25_DBPEDIA-CG_db25:53-en,0.0,0.0,0.0,0.022267157315461233,0.03795254843846388,0.1690308509457033,0.179128784747792,0.0,0.0,0.0,0.0,0.16,0.15486725663716816,0.24278846153846156,0.0,0.11572726495597013,0.0,,0.0,1.0,0.022267157315461233,0.0,0.0,0.0,0.0,0.0,0.0,0.2608695652173913,0.09090909090909091,0.047619047619047616,0.0,0.026480261910431388,0.3076923076923077,0.15384615384615385,0.15384615384615385,0.15384615384615385,0.0
db25_DBPEDIA-CG_db25:53-es,0.0,0.0,0.0,0.018204705905966265,0.30442014112873256,0.03779644730092272,0.1639607805437114,0.0,0.0,0.0,0.0,0.037037037037037035,0.13716814159292035,0.20444444444444443,0.0,0.0421924555007561,0.0,,0.0,1.0,0.02062863433588219,0.0,0.0,0.0,0.0,0.0,0.0,0.07407407407407408,0.0,0.0,0.0,0.018204705905966265,0.1904761904761905,0.1904761904761905,0.25,0.15384615384615385,0.0
db25_DBPEDIA-CG_db25:54-en,0.0,0.0,0.0,0.018204705905966265,0.30442014112873256,0.14638501094227999,0.179128784747792,0.0,0.0,0.0,0.0,0.125,0.17567567567567566,0.2525,0.0,0.1050801342172536,0.05,,0.0,1.0,0.02062863433588219,0.0,0.06896551724137931,0.0,0.0,0.0,0.0,0.26086956521739124,0.13636363636363635,0.09523809523809523,0.05,0.021649165789907145,0.380952380952381,0.1904761904761905,0.25,0.15384615384615385,0.0
db25_DBPEDIA-CG_db25:54-es,0.0,0.0,0.0,0.018204705905966265,0.30442014112873256,0.03779644730092272,0.1639607805437114,0.0,0.0,0.0,0.0,0.037037037037037035,0.1711711711711712,0.20444444444444443,0.0,0.0421924555007561,0.0,,0.0,1.0,0.02062863433588219,0.0,0.0,0.0,0.0,0.0,0.0,0.17391304347826086,0.0909090909090909,0.047619047619047616,0.0,0.018204705905966265,0.1904761904761905,0.1904761904761905,0.25,0.15384615384615385,0.0
db25_DBPEDIA-CG_db25:55-en,0.0,0.0,0.0,0.02568481047180467,0.04406577183701904,0.23643312187173018,0.2240092377397959,0.0,0.0,0.0,0.0,0.2,0.2649572649572649,0.34307065217391297,0.0,0.1527898075109779,0.0,,0.0,1.0,0.02568481047180467,0.0,0.0,0.0,0.0,0.0,0.0,0.33333333333333337,0.0,0.0,0.0,0.061729293904138435,0.39999999999999997,0.19999999999999998,0.18181818181818182,0.2222222222222222,0.0
db25_DBPEDIA-CG_db25:55-es,0.0,0.0,0.0,0.03001448585400683,0.30728758069843787,0.17025130615174974,0.21712927295533244,0.0,0.0,0.0,0.0,0.13333333333333333,0.24786324786324787,0.3546348314606741,0.0,0.19173026589128161,0.0,,0.0,1.0,0.03001448585400683,0.0,0.0,0.0,0.0,0.0,0.0,0.30769230769230765,0.0,0.0,0.0,0.07475095167059852,0.47058823529411764,0.23529411764705882,0.25,0.2222222222222222,0.0
db25_DBPEDIA-CG_db25:56-en,0.0,0.0,0.0,0.013026759180821237,0.4670530785682465,0.25872744483410054,0.20521309615767264,0.0,0.0,0.0,0.0,0.21052631578947367,0.18181818181818177,0.22837706511175898,0.0,0.152408022375532,0.0,,0.0,1.0,0.02383765064930276,0.0,0.0,0.0,0.0,0.0,0.0,0.3255813953488372,0.0,0.0,0.0,0.033753077045093095,0.4117647058823529,0.29411764705882354,0.4166666666666667,0.22727272727272727,0.0
db25_DBPEDIA-CG_db25:56-es,0.0,0.0,0.0,0.0065407144586821465,0.3265880993156084,0.3239105320715664,0.2,0.0,0.0,0.0,0.0,0.2,0.1454545454545455,0.15321601941747573,0.0,0.0421924555007561,0.0,,0.0,1.0,0.02062863433588219,0.0,0.0,0.0,0.0,0.0,0.0,0.2727272727272727,0.09523809523809523,0.05,0.0,0.0065407144586821465,0.19999999999999998,0.19999999999999998,0.375,0.13636363636363635,0.0
db25_DBPEDIA-CG_db25:57-en,0.0,0.0,0.0,0.02568481047180467,0.04406577183701904,0.14547859349066158,0.21712927295533244,0.0,0.0,0.0,0.0,0.13333333333333333,0.19999999999999996,0.31250000000000006,0.0,0.13806117619808217,0.0,,0.0,1.0,0.02568481047180467,0.0,0.0,0.0,0.0,0.0,0.0,0.25,0.0,0.0,0.0,0.030544559360566513,0.380952380952381,0.1904761904761905,0.18181818181818182,0.2,0.0
db25_DBPEDIA-CG_db25:57-es,0.0,0.0,0.0,0.027383594129005207,0.30183419935189404,0.15713484026367724,0.2240092377397959,0.0,0.0,0.0,0.0,0.14285714285714285,0.2384615384615385,0.3188131313131313,0.0,0.15376713917593007,0.0,,0.0,1.0,0.030601688609851067,0.0,0.0,0.0,0.0,0.0,0.0,0.22222222222222224,0.0,0.0,0.0,0.03256476497255973,0.4210526315789474,0.2105263157894737,0.2222222222222222,0.2,0.0
db25_DBPEDIA-CG_db25:58-en,0.0,0.0,0.0,0.027895820162122397,0.29794132197766143,0.18394180184548975,0.2240092377397959,0.0,0.0,0.0,0.0,0.2,0.20779220779220775,0.5136986301369862,0.0,0.13826707794313167,0.0,,0.0,1.0,0.027895820162122397,0.0,0.0,0.0,0.0,0.0,0.0,0.26666666666666666,0.14285714285714288,0.0,0.0,0.027895820162122397,0.23529411764705882,0.23529411764705882,0.2,0.2857142857142857,0.0
db25_DBPEDIA-CG_db25:58-es,0.0,0.0,0.0,0.03848196746087264,0.5653759218280684,0.10259783520851541,0.21089672205953397,0.0,0.0,0.0,0.0,0.125,0.22077922077922074,0.5357142857142857,0.0,0.20748340713083765,0.0,,0.0,1.0,0.03848196746087264,0.0,0.0,0.0,0.0,0.0,0.0,0.34285714285714286,0.18181818181818185,0.0,0.0,0.03848196746087264,0.2857142857142857,0.2857142857142857,0.2857142857142857,0.2857142857142857,0.0
db25_DBPEDIA-CG_db25:59-en,0.0,0.0,0.0,0.0173912273033534,0.30726596691367075,0.15228622596829317,0.1951941016011038,0.0,0.0,0.0,0.0,0.15,0.2157676348547718,0.22545454545454546,0.0,0.13731816859901994,0.0,,0.0,1.0,0.0173912273033534,0.0,0.0,0.0,0.0,0.0,0.0,0.25,0.08695652173913045,0.045454545454545456,0.0,0.09543819103023578,0.4827586206896552,0.20689655172413793,0.25,0.17647058823529413,0.0
db25_DBPEDIA-CG_db25:59-es,0.0,0.0,0.0,0.01258073029778358,0.29838552320339884,0.13957263155977065,0.20521309615767264,0.0,0.0,0.0,0.0,0.16666666666666666,0.15767634854771784,0.19483024691358025,0.0,0.07818109559665325,0.0,,0.0,1.0,0.01258073029778358,0.0,0.0,0.0,0.0,0.0,0.0,0.26666666666666666,0.09302325581395349,0.04878048780487805,0.0,0.03090364717523968,0.30769230769230765,0.15384615384615383,0.2222222222222222,0.11764705882352941,0.0
db25_DBPEDIA-CG_db25:6-en,0.0,0.0,0.0,0.011257732104694503,0.04807729958092753,0.09416472308615166,0.17253779651421453,0.0,0.0,0.0,0.0,0.11538461538461539,0.108843537414966,0.18457602339181287,0.0,0.06321556079135408,0.0,,0.0,1.0,0.01571143080360222,0.0,0.0,0.0,0.0,0.0,0.0,0.1509433962264151,0.0,0.0,0.0,0.013387775117697261,0.2962962962962963,0.14814814814814814,0.2222222222222222,0.1111111111111111,0.0
db25_DBPEDIA-CG_db25:6-es,0.0,0.0,0.0,0.016000701543999286,0.3069705679378424,0.12456821978060997,0.17253779651421453,0.0,0.0,0.0,0.0,0.11538461538461539,0.15986394557823125,0.2137931034482759,0.0,0.08203631880024792,0.0,,0.0,1.0,0.018564780992259573,0.0,0.0,0.0,0.0,0.0,0.0,0.20338983050847456,0.0,0.0,0.0,0.019028148121158973,0.4,0.2,0.25,0.16666666666666666,0.0
db25_DBPEDIA-CG_db25:60-en,0.0,0.0,0.0,0.019888865642257,0.21719652344885837,0.36742346141747667,0.20521309615767264,0.0,0.0,0.0,0.0,0.21052631578947367,0.3045977011494253,0.2860383064516129,0.0,0.2533654946448647,0.0,,0.0,1.0,0.02183556213332633,0.0,0.0,0.0,0.0,0.0,0.0,0.4210526315789474,0.05555555555555555,0.0,0.0,0.14985197605321357,0.47058823529411764,0.35294117647058826,0.4,0.3157894736842105,0.0
db25_DBPEDIA-CG_db25:60-es,0.0,0.0,0.0,0.011979907539984635,0.46870009283043423,0.32274861218395146,0.21089672205953397,0.0,0.0,0.0,0.0,0.17647058823529413,0.21264367816091956,0.2368827160493827,0.0,0.2117924180472059,0.0,,0.0,1.0,0.021927068045387584,0.0,0.0,0.0,0.0,0.0,0.0,0.2702702702702703,0.0,0.0,0.0,0.011979907539984635,0.2857142857142857,0.2857142857142857,0.4444444444444444,0.21052631578947367,0.0
db25_DBPEDIA-CG_db25:61-en,0.0,0.0,1.0,0.026480261910431388,0.07215987013541596,0.2886751345948129,0.2240092377397959,1.0,0.0,0.0,0.0,0.25,0.15441176470588236,0.44034536891679743,0.0,0.06257848925179675,0.0,,0.0,0.0,0.021023279915645145,0.0,0.0,0.0,0.0,0.0,0.0,0.35714285714285715,0.07692307692307693,0.0,0.0,0.02930522708520352,0.46153846153846156,0.3076923076923077,0.3076923076923077,0.3076923076923077,0.0
db25_DBPEDIA-CG_db25:61-es,0.0,0.0,1.0,0.024642660404143705,0.3051120018400546,0.10910894511799621,0.2,1.0,0.0,0.0,0.0,0.1111111111111111,0.16911764705882348,0.28615384615384615,0.0,0.06052392544253967,0.0,,0.0,0.0,0.01767840071794142,0.0,0.0,0.0,0.0,0.0,0.0,0.25,0.06666666666666667,0.0,0.0,0.02799946799246989,0.38461538461538464,0.23076923076923078,0.23076923076923078,0.23076923076923078,0.0
db25_DBPEDIA-CG_db25:62-en,0.0,0.0,0.0,0.03001448585400683,0.30728758069843787,0.2553769592276246,0.23166247903554,0.0,0.0,0.0,0.0,0.21428571428571427,0.17021276595744683,0.3546348314606741,0.0,0.17324785241201035,0.08695652173913045,,0.0,1.0,0.03001448585400683,0.0,0.08695652173913045,0.0,0.0,0.0,0.0,0.41379310344827586,0.22222222222222224,0.16,0.08695652173913045,0.03569344013073345,0.47058823529411764,0.23529411764705882,0.25,0.2222222222222222,0.0
db25_DBPEDIA-CG_db25:62-es,0.0,0.0,0.0,0.022267157315461233,0.28795254843846385,0.10425720702853739,0.21089672205953397,0.0,0.0,0.0,0.0,0.125,0.11347517730496459,0.3357712765957447,0.0,0.11572726495597013,0.0,,0.0,1.0,0.022267157315461233,0.0,0.0,0.0,0.0,0.0,0.0,0.10256410256410256,0.0,0.0,0.0,0.026480261910431388,0.3636363636363637,0.18181818181818185,0.15384615384615385,0.2222222222222222,0.0
db25_DBPEDIA-CG_db25:63-en,0.0,0.0,0.0,0.01910532175313344,0.47963881256280105,0.18898223650461363,0.2240092377397959,0.0,0.0,0.0,0.0,0.2,0.19277108433734935,0.31820066334991703,0.0,0.09273289296989985,0.0,,0.0,1.0,0.018204705905966265,0.0,0.0,0.0,0.0,0.0,0.0,0.30303030303030304,0.0,0.0,0.0,0.01910532175313344,0.36363636363636365,0.36363636363636365,0.5,0.2857142857142857,0.0
db25_DBPEDIA-CG_db25:63-es,0.0,0.0,0.0,0.04312951397824113,0.22455946417174577,0.09759000729485333,0.20521309615767264,0.0,0.0,0.0,0.0,0.11764705882352941,0.134020618556701,0.315843621399177,0.0,0.10911050842153262,0.0,,0.0,1.0,0.019621202589476826,0.0,0.0,0.0,0.0,0.0,0.0,0.09523809523809522,0.0,0.0,0.0,0.04312951397824113,0.34782608695652173,0.34782608695652173,0.4444444444444444,0.2857142857142857,0.0
db25_DBPEDIA-CG_db25:64-en,0.0,0.0,0.0,0.018738720292863827,0.04105416147691346,0.23554076516559616,0.2240092377397959,0.0,0.0,0.0,0.0,0.29411764705882354,0.2534562211981567,0.2755555555555556,0.0,0.10593580077460382,0.05,,0.0,1.0,0.018738720292863827,0.0,0.05,0.0,0.0,0.0,0.0,0.391304347826087,0.13636363636363635,0.09523809523809523,0.05,0.0511130148423785,0.3870967741935484,0.1935483870967742,0.16666666666666666,0.23076923076923078,0.0
db25_DBPEDIA-CG_db25:64-es,0.0,0.0,0.0,0.024271412912056454,0.30872757218681873,0.1251222494179709,0.2,0.0,0.0,0.0,0.0,0.15789473684210525,0.19354838709677424,0.2883720930232559,0.0,0.13319472522953685,0.0,,0.0,1.0,0.024271412912056454,0.0,0.0,0.0,0.0,0.0,0.0,0.2790697674418604,0.0975609756097561,0.05128205128205128,0.0,0.05523886218000656,0.4,0.24000000000000002,0.25,0.23076923076923078,0.0
db25_DBPEDIA-CG_db25:65-en,0.0,0.0,0.0,0.03001448585400683,0.30728758069843787,0.3405026123034995,0.25,0.0,0.0,0.0,0.0,0.3076923076923077,0.31999999999999995,0.3546348314606741,0.0,0.19173026589128161,0.0,,0.0,1.0,0.03001448585400683,0.0,0.0,0.0,0.0,0.0,0.0,0.39999999999999997,0.08695652173913045,0.0,0.0,0.07475095167059852,0.47058823529411764,0.23529411764705882,0.25,0.2222222222222222,0.0
db25_DBPEDIA-CG_db25:65-es,0.0,0.0,0.0,0.03001448585400683,0.30728758069843787,0.17025130615174974,0.21712927295533244,0.0,0.0,0.0,0.0,0.13333333333333333,0.264,0.3546348314606741,0.0,0.19173026589128161,0.0,,0.0,1.0,0.03001448585400683,0.0,0.0,0.0,0.0,0.0,0.0,0.2962962962962963,0.08,0.0,0.0,0.07475095167059852,0.47058823529411764,0.23529411764705882,0.25,0.2222222222222222,0.0
db25_DBPEDIA-CG_db25:66-en,0.0,0.0,1.0,0.021023279915645145,0.07102784536451089,0.12768847961381227,0.16666666666666666,1.0,0.0,0.0,0.0,0.10714285714285714,0.14418604651162792,0.36461718445339913,0.0,0.04968248050901857,0.0,,0.0,0.0,0.016690858266679754,0.0,0.0,0.0,0.0,0.0,0.0,0.22727272727272727,0.0,0.0,0.0,0.02326608377544339,0.41379310344827586,0.27586206896551724,0.3076923076923077,0.25,0.0
db25_DBPEDIA-CG_db25:66-es,0.0,0.0,1.0,0.012511899192713307,0.30303791560852095,0.03806934938134405,0.15894454156034005,1.0,0.0,0.0,0.0,0.034482758620689655,0.12558139534883717,0.16812865497076024,0.0,0.028998422311534846,0.0,,0.0,0.0,0.008599294172465275,0.0,0.0,0.0,0.0,0.0,0.0,0.04444444444444444,0.0,0.0,0.0,0.012511899192713307,0.16666666666666666,0.16666666666666666,0.25,0.125,0.0
db25_DBPEDIA-CG_db25:67-en,0.0,0.0,0.0,0.03001448585400683,0.30728758069843787,0.3405026123034995,0.25,0.0,0.0,0.0,0.0,0.3076923076923077,0.4217687074829932,0.3546348314606741,0.0,0.19173026589128161,0.3225806451612903,,0.0,1.0,0.03001448585400683,0.0,0.3225806451612903,0.0,0.0,0.0,0.0,0.5945945945945945,0.4,0.3636363636363637,0.3225806451612903,0.07475095167059852,0.47058823529411764,0.23529411764705882,0.25,0.2222222222222222,0.0
db25_DBPEDIA-CG_db25:67-es,0.0,0.0,0.0,0.030601688609851067,0.30258393033680586,0.17025130615174974,0.21712927295533244,0.0,0.0,0.0,0.0,0.13333333333333333,0.30612244897959184,0.3506944444444444,0.0,0.1901696869733609,0.0,,0.0,1.0,0.030601688609851067,0.0,0.0,0.0,0.0,0.0,0.0,0.21621621621621623,0.057142857142857134,0.0,0.0,0.07517081801936397,0.4444444444444444,0.2222222222222222,0.2222222222222222,0.2222222222222222,0.0
db25_DBPEDIA-CG_db25:68-en,0.0,0.0,0.0,0.03001448585400683,0.30728758069843787,0.2553769592276246,0.23166247903554,0.0,0.0,0.0,0.0,0.21428571428571427,0.288135593220339,0.3546348314606741,0.0,0.19173026589128161,0.0,,0.0,1.0,0.03001448585400683,0.0,0.0,0.0,0.0,0.0,0.0,0.32,0.08695652173913045,0.0,0.0,0.07475095167059852,0.47058823529411764,0.23529411764705882,0.25,0.2222222222222222,0.0
db25_DBPEDIA-CG_db25:68-es,0.0,0.0,0.0,0.03001448585400683,0.30728758069843787,0.17025130615174974,0.21712927295533244,0.0,0.0,0.0,0.0,0.13333333333333333,0.2542372881355932,0.3546348314606741,0.0,0.19173026589128161,0.0,,0.0,1.0,0.03001448585400683,0.0,0.0,0.0,0.0,0.0,0.0,0.24000000000000005,0.0,0.0,0.0,0.07475095167059852,0.47058823529411764,0.23529411764705882,0.25,0.2222222222222222,0.0
db25_DBPEDIA-CG_db25:69-en,0.0,0.0,0.0,0.03001448585400683,0.30728758069843787,0.17025130615174974,0.21712927295533244,0.0,0.0,0.0,0.0,0.13333333333333333,0.17829457364341084,0.3546348314606741,0.0,0.19173026589128161,0.0,,0.0,1.0,0.03001448585400683,0.0,0.0,0.0,0.0,0.0,0.0,0.15384615384615385,0.0,0.0,0.0,0.07475095167059852,0.47058823529411764,0.23529411764705882,0.25,0.2222222222222222,0.0
db25_DBPEDIA-CG_db25:69-es,0.0,0.0,0.0,0.0,0.0,0.0,0.18660549686337075,0.0,0.0,0.0,0.0,0.0,0.061224489795918324,0.0,0.0,0.0,0.0,,0.0,1.0,0.0,0.0,0.0,0.0,0.0,0.0,0.0,0.0,0.0,0.0,0.0,0.0,0.0,0.0,0.0,0.0,0.0
db25_DBPEDIA-CG_db25:7-en,0.0,0.0,0.0,0.026380696981716002,0.30917566194690915,0.40406101782088427,0.23166247903554,0.0,0.0,0.0,0.0,0.3125,0.17021276595744683,0.31000000000000005,0.0,0.13929692701099317,0.0,,0.0,1.0,0.02383765064930276,0.0,0.0,0.0,0.0,0.0,0.0,0.4375,0.2,0.14285714285714285,0.07692307692307693,0.06003934299439418,0.4166666666666667,0.25,0.25,0.25,0.0
db25_DBPEDIA-CG_db25:7-es,0.0,0.0,0.0,0.022267157315461233,0.28795254843846385,0.33071891388307384,0.2240092377397959,0.0,0.0,0.0,0.0,0.25,0.24822695035460995,0.2608471074380165,0.0,0.12807327174314076,0.0,,0.0,1.0,0.022267157315461233,0.0,0.0,0.0,0.0,0.0,0.0,0.3243243243243243,0.11428571428571428,0.06060606060606061,0.0,0.05262202728382899,0.32,0.16,0.15384615384615385,0.16666666666666666,0.0
db25_DBPEDIA-CG_db25:70-en,0.0,0.0,1.0,0.02112296650357935,0.05669842709744485,0.18973665961010278,0.1951941016011038,1.0,0.0,0.0,0.0,0.15,0.16911764705882348,0.3579043557721596,0.0,0.04869199709560803,0.0,,0.0,0.0,0.023376405119946778,0.0,0.0,0.0,0.0,0.0,0.0,0.31250000000000006,0.06666666666666667,0.0,0.0,0.023376405119946778,0.4000000000000001,0.26666666666666666,0.23529411764705882,0.3076923076923077,0.0
db25_DBPEDIA-CG_db25:70-es,0.0,0.0,1.0,0.018204705905966265,0.30442014112873256,0.16329931618554525,0.20521309615767264,1.0,0.0,0.0,0.0,0.11764705882352941,0.17647058823529416,0.2525,0.0,0.050175568280934855,0.0,,0.0,0.0,0.012511899192713307,0.0,0.0,0.0,0.0,0.0,0.0,0.14285714285714285,0.0,0.0,0.0,0.021649165789907145,0.380952380952381,0.1904761904761905,0.25,0.15384615384615385,0.0
db25_DBPEDIA-CG_db25:71-en,0.0,0.0,0.0,0.03001448585400683,0.05728758069843786,0.17025130615174974,0.21712927295533244,0.0,0.0,0.0,0.0,0.13333333333333333,0.17741935483870963,0.3546348314606741,0.0,0.19173026589128161,0.0,,0.0,1.0,0.03001448585400683,0.0,0.0,0.0,0.0,0.0,0.0,0.15384615384615385,0.0,0.0,0.0,0.07475095167059852,0.47058823529411764,0.23529411764705882,0.25,0.2222222222222222,0.0
db25_DBPEDIA-CG_db25:71-es,0.0,0.0,0.0,0.027895820162122397,0.29794132197766143,0.06286946134619315,0.1951941016011038,0.0,0.0,0.0,0.0,0.05555555555555555,0.11811023622047245,0.2808302808302808,0.0,0.06302647598688789,0.0,,0.0,1.0,0.027895820162122397,0.0,0.0,0.0,0.0,0.0,0.0,0.05555555555555556,0.0,0.0,0.0,0.027895820162122397,0.2105263157894737,0.2105263157894737,0.2,0.2222222222222222,0.0
db25_DBPEDIA-CG_db25:72-en,0.0,0.0,0.0,0.03001448585400683,0.30728758069843787,0.2553769592276246,0.23166247903554,0.0,0.0,0.0,0.0,0.21428571428571427,0.26771653543307083,0.3546348314606741,0.0,0.19173026589128161,0.0,,0.0,1.0,0.03001448585400683,0.0,0.0,0.0,0.0,0.0,0.0,0.32,0.08695652173913045,0.0,0.0,0.07475095167059852,0.47058823529411764,0.23529411764705882,0.25,0.2222222222222222,0.0
db25_DBPEDIA-CG_db25:72-es,0.0,0.0,0.0,0.019730657693620934,0.28334148404663767,0.1563858105428061,0.2240092377397959,0.0,0.0,0.0,0.0,0.2,0.22047244094488194,0.32877604166666663,0.0,0.11044506896905561,0.0,,0.0,1.0,0.019730657693620934,0.0,0.0,0.0,0.0,0.0,0.0,0.22857142857142856,0.0606060606060606,0.0,0.0,0.04599915789122599,0.33333333333333337,0.16666666666666669,0.13333333333333333,0.2222222222222222,0.0
db25_DBPEDIA-CG_db25:73-en,0.0,0.0,0.0,0.03001448585400683,0.30728758069843787,0.17025130615174974,0.21712927295533244,0.0,0.0,0.0,0.0,0.13333333333333333,0.26050420168067223,0.3546348314606741,0.0,0.19173026589128161,0.0,,0.0,1.0,0.03001448585400683,0.0,0.0,0.0,0.0,0.0,0.0,0.24,0.0,0.0,0.0,0.07475095167059852,0.47058823529411764,0.23529411764705882,0.25,0.2222222222222222,0.0
db25_DBPEDIA-CG_db25:73-es,0.0,0.0,0.0,0.03001448585400683,0.30728758069843787,0.2553769592276246,0.23166247903554,0.0,0.0,0.0,0.0,0.21428571428571427,0.2857142857142857,0.3546348314606741,0.0,0.19173026589128161,0.0,,0.0,1.0,0.03001448585400683,0.0,0.0,0.0,0.0,0.0,0.0,0.30769230769230765,0.0,0.0,0.0,0.07475095167059852,0.47058823529411764,0.23529411764705882,0.25,0.2222222222222222,0.0
db25_DBPEDIA-CG_db25:74-en,0.0,0.0,0.0,0.022330777884899577,0.05831530970579491,0.19287918745261493,0.20521309615767264,0.0,0.0,0.0,0.0,0.16666666666666666,0.2606382978723404,0.26956521739130435,0.0,0.13049141389369845,0.0,,0.0,1.0,0.02383765064930276,0.0,0.0,0.0,0.0,0.0,0.0,0.3076923076923077,0.1081081081081081,0.05714285714285715,0.0,0.055282226553882124,0.5384615384615384,0.23076923076923075,0.25,0.21428571428571427,0.0
db25_DBPEDIA-CG_db25:74-es,0.0,0.0,0.0,0.01606559657447872,0.30390076085509327,0.11785113019775795,0.20521309615767264,0.0,0.0,0.0,0.0,0.11764705882352941,0.23936170212765961,0.23554104477611937,0.0,0.09273289296989985,0.0,,0.0,1.0,0.02062863433588219,0.0,0.0,0.0,0.0,0.0,0.0,0.10526315789473685,0.0,0.0,0.0,0.01910532175313344,0.36363636363636365,0.18181818181818182,0.25,0.14285714285714285,0.0
db25_DBPEDIA-CG_db25:75-en,0.0,0.0,0.0,0.00922224338631682,0.3079090165110011,0.1516196087157807,0.21089672205953397,0.0,0.0,0.0,0.0,0.125,0.18620689655172418,0.234375,0.0,0.052576320096337455,0.0,,0.0,1.0,0.010638457144858005,0.0,0.0,0.0,0.0,0.0,0.0,0.2222222222222222,0.07999999999999999,0.0,0.0,0.010206090014712692,0.25,0.16666666666666666,0.2857142857142857,0.11764705882352941,0.0
db25_DBPEDIA-CG_db25:75-es,0.0,0.0,0.0,0.011041712283020193,0.3026809511148331,0.11744404390294069,0.20521309615767264,0.0,0.0,0.0,0.0,0.11764705882352941,0.21379310344827585,0.2329192546583851,0.0,0.05759046207851802,0.0,,0.0,1.0,0.012511899192713307,0.0,0.0,0.0,0.0,0.0,0.0,0.12903225806451615,0.06896551724137931,0.0,0.0,0.011041712283020193,0.15999999999999998,0.15999999999999998,0.25,0.11764705882352941,0.0
db25_DBPEDIA-CG_db25:76-en,0.0,0.0,0.0,5.389407245696224e-06,0.30000130855948726,0.14118624160050355,0.13231996486433337,0.0,0.0,0.0,0.0,0.0851063829787234,0.07725321888412018,0.035211267605633804,0.0,0.00020505607935922813,0.0,,0.0,1.0,2.415364754863754e-05,0.0,0.0,0.0,0.0,0.0,0.0,0.1333333333333333,0.058252427184466014,0.019801980198019806,0.0,6.409121442229168e-06,0.09302325581395347,0.04651162790697674,0.25,0.02564102564102564,0.0
db25_DBPEDIA-CG_db25:76-es,0.0,0.0,0.0,5.389407245696224e-06,0.05000130855948727,0.11765520133375296,0.12973190755680383,0.0,0.0,0.0,0.0,0.0625,0.0886981402002861,0.028169014084507043,0.0,0.00020505607935922813,0.0,,0.0,1.0,2.415364754863754e-05,0.0,0.0,0.0,0.0,0.0,0.0,0.05454545454545455,0.0,0.0,0.0,6.409121442229168e-06,0.09302325581395347,0.04651162790697674,0.25,0.02564102564102564,0.0
db25_DBPEDIA-CG_db25:77-en,0.0,0.0,0.0,0.19905304276733932,0.6997632606918348,0.5865884600854133,0.27429188517743175,0.0,0.0,0.0,0.0,0.46153846153846156,0.3112582781456954,0.5258018092105263,0.0,0.3201911827891037,0.0,,0.0,1.0,0.02062863433588219,0.0,0.0,0.0,0.0,0.0,0.0,0.5625,0.5333333333333333,0.5,0.4615384615384615,0.19905304276733932,0.5,0.5,0.75,0.375,0.0
db25_DBPEDIA-CG_db25:77-es,0.0,0.0,0.0,0.034535415012000976,0.5978357683296902,0.43994134506405996,0.23166247903554,0.0,0.0,0.0,0.0,0.26666666666666666,0.2450331125827815,0.3848946986201889,0.0,0.31762152032055835,0.0,,0.0,1.0,0.021927068045387584,0.0,0.0,0.0,0.0,0.0,0.0,0.48484848484848486,0.3225806451612903,0.20689655172413796,0.07407407407407408,0.034535415012000976,0.32,0.32,0.4444444444444444,0.25,0.0
db25_DBPEDIA-CG_db25:78-en,0.0,0.0,0.0,0.1108062680870718,0.11306742068030454,0.10101525445522107,0.17253779651421453,0.0,0.0,0.0,0.0,0.14814814814814814,0.1909722222222222,0.4006410256410257,0.0,0.2381381678878917,0.0,,0.0,1.0,0.12595344324389277,0.0,0.0,0.0,0.0,0.0,0.0,0.14035087719298245,0.0,0.0,0.0,0.1409613910826684,0.5238095238095238,0.3333333333333333,0.3888888888888889,0.2916666666666667,0.0
db25_DBPEDIA-CG_db25:78-es,0.0,0.0,0.0,0.011329813512003885,0.049175639904488797,0.036285750571483,0.16666666666666666,0.0,0.0,0.0,0.0,0.07407407407407407,0.13541666666666663,0.1617391304347826,0.0,0.11121754888959469,0.0,,0.0,1.0,0.012684199087378318,0.0,0.0,0.0,0.0,0.0,0.0,0.10909090909090909,0.0,0.0,0.0,0.031614808167677096,0.3157894736842105,0.15789473684210525,0.21428571428571427,0.125,0.0
db25_DBPEDIA-CG_db25:79-en,0.0,0.0,0.0,0.03001448585400683,0.30728758069843787,0.3405026123034995,0.25,0.0,0.0,0.0,0.0,0.3076923076923077,0.30645161290322576,0.3546348314606741,0.0,0.19173026589128161,0.0,,0.0,1.0,0.03001448585400683,0.0,0.0,0.0,0.0,0.0,0.0,0.39999999999999997,0.08695652173913045,0.0,0.0,0.07475095167059852,0.47058823529411764,0.23529411764705882,0.25,0.2222222222222222,0.0
db25_DBPEDIA-CG_db25:79-es,0.0,0.0,0.0,0.03001448585400683,0.30728758069843787,0.17025130615174974,0.21712927295533244,0.0,0.0,0.0,0.0,0.13333333333333333,0.2661290322580645,0.3546348314606741,0.0,0.19173026589128161,0.0,,0.0,1.0,0.03001448585400683,0.0,0.0,0.0,0.0,0.0,0.0,0.2962962962962963,0.08,0.0,0.0,0.07475095167059852,0.47058823529411764,0.23529411764705882,0.25,0.2222222222222222,0.0
db25_DBPEDIA-CG_db25:8-en,0.0,0.0,0.0,0.03401086821506398,0.3082579107950345,0.12427395320024,0.21712927295533244,0.0,0.0,0.0,0.0,0.13333333333333333,0.22137404580152675,0.5281690140845071,0.0,0.17739111163122614,0.0,,0.0,1.0,0.03401086821506398,0.0,0.0,0.0,0.0,0.0,0.0,0.3703703703703704,0.15999999999999998,0.0,0.0,0.03401086821506398,0.26666666666666666,0.26666666666666666,0.25,0.2857142857142857,0.0
db25_DBPEDIA-CG_db25:8-es,0.0,0.0,0.0,0.03401086821506398,0.5582579107950345,0.10397504898200727,0.21712927295533244,0.0,0.0,0.0,0.0,0.13333333333333333,0.2442748091603053,0.5281690140845071,0.0,0.17739111163122614,0.0,,0.0,1.0,0.03401086821506398,0.0,0.0,0.0,0.0,0.0,0.0,0.1875,0.06666666666666667,0.0,0.0,0.03401086821506398,0.26666666666666666,0.26666666666666666,0.25,0.2857142857142857,0.0
db25_DBPEDIA-CG_db25:80-en,0.0,0.0,0.0,0.011890619184765888,0.08762114003789714,0.4267459067940983,0.1951941016011038,0.0,0.0,0.0,0.0,0.22727272727272727,0.17613636363636365,0.20276063100137176,0.0,0.16373282073003748,0.05405405405405406,,0.0,1.0,0.015255880871264125,0.0,0.0,0.0,0.0,0.0,0.0,0.27906976744186046,0.04878048780487805,0.0,0.0,0.03453680489215264,0.5,0.2916666666666667,0.3888888888888889,0.23333333333333334,0.0
db25_DBPEDIA-CG_db25:80-es,0.0,0.0,0.0,0.003775288722758446,0.04251584892039226,0.2680281337094487,0.1951941016011038,0.0,0.0,0.0,0.0,0.15,0.14204545454545459,0.11272321428571427,0.0,0.053108908010966446,0.0,,0.0,1.0,0.006879024558640436,0.0,0.0,0.0,0.0,0.0,0.0,0.18604651162790697,0.0,0.0,0.0,0.004489600210293879,0.2,0.1,0.2,0.06666666666666667,0.0
db25_DBPEDIA-CG_db25:81-en,0.0,0.0,0.0,0.01910532175313344,0.47963881256280105,0.12598815766974242,0.21089672205953397,0.0,0.0,0.0,0.0,0.125,0.23699421965317924,0.31820066334991703,0.0,0.09273289296989985,0.0,,0.0,1.0,0.02062863433588219,0.0,0.0,0.0,0.0,0.0,0.0,0.3243243243243243,0.05714285714285715,0.0,0.0,0.01910532175313344,0.36363636363636365,0.36363636363636365,0.5,0.2857142857142857,0.0
db25_DBPEDIA-CG_db25:81-es,0.0,0.0,0.0,0.026296339197065442,0.2084647531419775,0.0657951694959769,0.2,0.0,0.0,0.0,0.0,0.1111111111111111,0.18497109826589597,0.3425655976676385,0.0,0.13123262544383363,0.0,,0.0,1.0,0.020912708837155788,0.0,0.0,0.0,0.0,0.0,0.0,0.1904761904761905,0.0,0.0,0.0,0.05643910181236486,0.5,0.35714285714285715,0.35714285714285715,0.35714285714285715,0.0
db25_DBPEDIA-CG_db25:82-en,0.0,0.0,1.0,0.021543488028492052,0.35446909337858373,0.13258252147247765,0.20521309615767264,1.0,0.0,0.0,0.0,0.16666666666666666,0.1552511415525114,0.4146214487579949,0.0,0.04600404324175668,0.0,,0.0,0.0,0.016690858266679754,0.0,0.0,0.0,0.0,0.0,0.0,0.3,0.05263157894736842,0.0,0.0,0.021543488028492052,0.4000000000000001,0.4000000000000001,0.46153846153846156,0.35294117647058826,0.0
db25_DBPEDIA-CG_db25:82-es,0.0,0.0,1.0,0.013130882808780555,0.603188206140734,0.10206207261596577,0.20521309615767264,1.0,0.0,0.0,0.0,0.11764705882352941,0.22374429223744297,0.26483781918564525,0.0,0.0304330205308917,0.0,,0.0,0.0,0.008599294172465275,0.0,0.0,0.0,0.0,0.0,0.0,0.27906976744186046,0.0975609756097561,0.0,0.0,0.013130882808780555,0.31999999999999995,0.31999999999999995,0.5,0.23529411764705882,0.0
db25_DBPEDIA-CG_db25:83-en,0.0,0.0,0.0,0.022224701309022314,0.18340300339796461,0.1267731382092775,0.179128784747792,0.0,0.0,0.0,0.0,0.125,0.24444444444444446,0.30027386541471046,0.0,0.09342132383024378,0.049999999999999996,,0.0,1.0,0.018688671660841403,0.0,0.049999999999999996,0.0,0.0,0.0,0.0,0.391304347826087,0.13636363636363635,0.09523809523809525,0.049999999999999996,0.022224701309022314,0.26666666666666666,0.26666666666666666,0.25,0.2857142857142857,0.0
db25_DBPEDIA-CG_db25:83-es,0.0,0.0,0.0,0.025372662301107043,0.21967580390280114,0.08451542547285167,0.1951941016011038,0.0,0.0,0.0,0.0,0.10526315789473684,0.2666666666666667,0.3475303164744159,0.0,0.16675317814144971,0.05555555555555555,,0.0,1.0,0.024271412912056454,0.0,0.05555555555555555,0.0,0.0,0.0,0.0,0.38095238095238104,0.15,0.10526315789473685,0.05555555555555555,0.11073196446428506,0.5384615384615384,0.3846153846153846,0.4166666666666667,0.35714285714285715,0.0
db25_DBPEDIA-CG_db25:84-en,0.0,0.0,0.0,0.007588850471614368,0.3018425889581875,0.27777777777777785,0.20521309615767264,0.0,0.0,0.0,0.0,0.16666666666666666,0.14973262032085566,0.16788563829787234,0.0,0.09273289296989985,0.0,,0.0,1.0,0.02062863433588219,0.0,0.0,0.0,0.0,0.0,0.0,0.2285714285714286,0.0,0.0,0.0,0.009024714975535562,0.28571428571428575,0.14285714285714288,0.25,0.1,0.0
db25_DBPEDIA-CG_db25:84-es,0.0,0.0,0.0,0.015076721035227367,0.29993648958283736,0.3402069087198858,0.21089672205953397,0.0,0.0,0.0,0.0,0.2222222222222222,0.1925133689839572,0.19175257731958764,0.0,0.11514123199877162,0.0,,0.0,1.0,0.020912708837155788,0.0,0.0,0.0,0.0,0.0,0.0,0.23255813953488372,0.0,0.0,0.0,0.017929343926003573,0.3529411764705882,0.1764705882352941,0.21428571428571427,0.15,0.0
db25_DBPEDIA-CG_db25:85-en,0.0,0.0,0.0,0.03001448585400683,0.30728758069843787,0.2553769592276246,0.23166247903554,0.0,0.0,0.0,0.0,0.21428571428571427,0.23008849557522126,0.3546348314606741,0.0,0.19173026589128161,0.0,,0.0,1.0,0.03001448585400683,0.0,0.0,0.0,0.0,0.0,0.0,0.32,0.08695652173913045,0.0,0.0,0.07475095167059852,0.47058823529411764,0.23529411764705882,0.25,0.2222222222222222,0.0
db25_DBPEDIA-CG_db25:85-es,0.0,0.0,0.0,0.03001448585400683,0.30728758069843787,0.2553769592276246,0.23166247903554,0.0,0.0,0.0,0.0,0.21428571428571427,0.2566371681415929,0.3546348314606741,0.0,0.19173026589128161,0.0,,0.0,1.0,0.03001448585400683,0.0,0.0,0.0,0.0,0.0,0.0,0.32,0.08695652173913045,0.0,0.0,0.07475095167059852,0.47058823529411764,0.23529411764705882,0.25,0.2222222222222222,0.0
db25_DBPEDIA-CG_db25:86-en,0.0,0.0,0.0,0.021649165789907145,0.4802564632796049,0.12598815766974242,0.21089672205953397,0.0,0.0,0.0,0.0,0.125,0.1987951807228916,0.3411111111111111,0.0,0.11629028465791766,0.0,,0.0,1.0,0.018204705905966265,0.0,0.0,0.0,0.0,0.0,0.0,0.29411764705882354,0.0,0.0,0.0,0.0453387440309153,0.380952380952381,0.380952380952381,0.5,0.3076923076923077,0.0
db25_DBPEDIA-CG_db25:86-es,0.0,0.0,0.0,0.018204705905966265,0.30442014112873256,0.048795003647426664,0.1951941016011038,0.0,0.0,0.0,0.0,0.05555555555555555,0.1686746987951807,0.20444444444444443,0.0,0.0421924555007561,0.0,,0.0,1.0,0.018204705905966265,0.0,0.0,0.0,0.0,0.0,0.0,0.052631578947368425,0.0,0.0,0.0,0.018204705905966265,0.1904761904761905,0.1904761904761905,0.25,0.15384615384615385,0.0
db25_DBPEDIA-CG_db25:87-en,0.0,0.0,0.0,0.02061852100612262,0.03761054673456089,0.10425720702853737,0.1951941016011038,0.0,0.0,0.0,0.0,0.10526315789473684,0.2233502538071066,0.22706834532374098,0.0,0.1071589430869552,0.0,,0.0,1.0,0.022267157315461233,0.0,0.0,0.0,0.0,0.0,0.0,0.1764705882352941,0.0,0.0,0.0,0.024519691881314084,0.29629629629629634,0.14814814814814817,0.15384615384615385,0.14285714285714285,0.0
db25_DBPEDIA-CG_db25:87-es,0.0,0.0,0.0,0.01606559657447872,0.30390076085509327,0.04662524041201569,0.1907435698305462,0.0,0.0,0.0,0.0,0.05263157894736842,0.18274111675126903,0.19071310116086235,0.0,0.03723471129185563,0.0,,0.0,1.0,0.02062863433588219,0.0,0.0,0.0,0.0,0.0,0.0,0.15789473684210528,0.0,0.0,0.0,0.01606559657447872,0.18181818181818182,0.18181818181818182,0.25,0.14285714285714285,0.0
db25_DBPEDIA-CG_db25:88-en,0.0,0.0,0.0,0.019657135266881825,0.04325831286021783,0.12587720374450334,0.16952084719853724,0.0,0.0,0.0,0.0,0.1111111111111111,0.14084507042253525,0.2776119402985075,0.0,0.09128612641932961,0.0,,0.0,1.0,0.017762226812384152,0.0,0.0,0.0,0.0,0.0,0.0,0.2173913043478261,0.045454545454545456,0.0,0.0,0.022334817779502403,0.33333333333333337,0.20000000000000004,0.17647058823529413,0.23076923076923078,0.0
db25_DBPEDIA-CG_db25:88-es,0.0,0.0,0.0,0.023143716762037445,0.30157457941183374,0.07156562669645132,0.1639607805437114,0.0,0.0,0.0,0.0,0.07142857142857142,0.1502347417840375,0.24093511450381686,0.0,0.049070511103326775,0.0,,0.0,1.0,0.020912708837155788,0.0,0.0,0.0,0.0,0.0,0.0,0.16666666666666666,0.043478260869565216,0.0,0.0,0.023143716762037445,0.22222222222222224,0.22222222222222224,0.21428571428571427,0.23076923076923078,0.0
db25_DBPEDIA-CG_db25:89-en,0.0,0.0,1.0,0.022334817779502403,0.07008964205087777,0.16666666666666666,0.17253779651421453,1.0,0.0,0.0,0.0,0.14814814814814814,0.14090909090909087,0.3920807453416149,0.0,0.05014708789437709,0.0,,0.0,0.0,0.018778523495957766,0.0,0.0,0.0,0.0,0.0,0.0,0.2553191489361702,0.04444444444444444,0.0,0.0,0.02429486121643153,0.42424242424242425,0.30303030303030304,0.29411764705882354,0.3125,0.0
db25_DBPEDIA-CG_db25:89-es,0.0,0.0,1.0,0.018902595382158972,0.30758703725672304,0.0372677996249965,0.15894454156034005,1.0,0.0,0.0,0.0,0.034482758620689655,0.12272727272727268,0.20232371794871798,0.0,0.04068586939064354,0.0,,0.0,0.0,0.013302246854899122,0.0,0.0,0.0,0.0,0.0,0.0,0.12500000000000003,0.04347826086956522,0.0,0.0,0.018902595382158972,0.21428571428571427,0.21428571428571427,0.25,0.1875,0.0
db25_DBPEDIA-CG_db25:9-en,0.0,0.0,0.0,0.03001448585400683,0.30728758069843787,0.1666666666666667,0.21089672205953397,0.0,0.0,0.0,0.0,0.125,0.3138686131386861,0.3546348314606741,0.0,0.19173026589128161,0.0,,0.0,1.0,0.03001448585400683,0.0,0.0,0.0,0.0,0.0,0.0,0.37037037037037035,0.16,0.08695652173913045,0.0,0.07475095167059852,0.47058823529411764,0.23529411764705882,0.25,0.2222222222222222,0.0
db25_DBPEDIA-CG_db25:9-es,0.0,0.0,0.0,0.027895820162122397,0.29794132197766143,0.1666666666666667,0.21089672205953397,0.0,0.0,0.0,0.0,0.125,0.2043795620437956,0.3468406593406593,0.0,0.16934189459315158,0.0,,0.0,1.0,0.027895820162122397,0.0,0.0,0.0,0.0,0.0,0.0,0.13333333333333333,0.0,0.0,0.0,0.06772635600430824,0.4210526315789474,0.2105263157894737,0.2,0.2222222222222222,0.0
db25_DBPEDIA-CG_db25:90-en,0.0,0.0,0.0,0.01910532175313344,0.47963881256280105,0.25197631533948484,0.2402530733520421,0.0,0.0,0.0,0.0,0.2857142857142857,0.2272727272727273,0.31820066334991703,0.0,0.09273289296989985,0.0,,0.0,1.0,0.018204705905966265,0.0,0.0,0.0,0.0,0.0,0.0,0.43750000000000006,0.13333333333333333,0.0,0.0,0.01910532175313344,0.36363636363636365,0.36363636363636365,0.5,0.2857142857142857,0.0
db25_DBPEDIA-CG_db25:90-es,0.0,0.0,0.0,0.025372662301107043,0.46967580390280117,0.1649572197684645,0.2240092377397959,0.0,0.0,0.0,0.0,0.25,0.28409090909090906,0.3475303164744159,0.0,0.16675317814144971,0.0,,0.0,1.0,0.024271412912056454,0.0,0.0,0.0,0.0,0.0,0.0,0.3888888888888889,0.05882352941176471,0.0,0.0,0.11073196446428506,0.5384615384615384,0.3846153846153846,0.4166666666666667,0.35714285714285715,0.0
db25_DBPEDIA-CG_db25:91-en,0.0,0.0,1.0,0.04707619221181687,0.2273653797008755,0.1987615979999813,0.21712927295533244,1.0,0.0,0.0,0.0,0.23529411764705882,0.19999999999999996,0.48523206751054854,0.0,0.050586660655564,0.0,,0.0,0.0,0.016200991094946833,0.0,0.0,0.0,0.0,0.0,0.0,0.33333333333333337,0.0,0.0,0.0,0.023858796654561518,0.39999999999999997,0.39999999999999997,0.42857142857142855,0.375,0.0
db25_DBPEDIA-CG_db25:91-es,0.0,0.0,1.0,0.03906947081246992,0.19129295359069814,0.06839855680567694,0.179128784747792,1.0,0.0,0.0,0.0,0.08695652173913043,0.20540540540540542,0.35119569300112685,0.0,0.053816215534440194,0.0,,0.0,0.0,0.016992347418223037,0.0,0.0,0.0,0.0,0.0,0.0,0.1818181818181818,0.0,0.0,0.0,0.042498102315367374,0.39999999999999997,0.2857142857142857,0.2631578947368421,0.3125,0.0
db25_DBPEDIA-CG_db25:92-en,0.0,0.0,0.0,0.019760249268708476,0.4268168536336599,0.1286978904175574,0.21712927295533244,0.0,0.0,0.0,0.0,0.23529411764705882,0.26126126126126126,0.2906617192331478,0.0,0.13731816859901994,0.0,,0.0,1.0,0.0173912273033534,0.0,0.0,0.0,0.0,0.0,0.0,0.32558139534883723,0.04878048780487805,0.0,0.0,0.09543819103023578,0.4827586206896552,0.3448275862068966,0.4166666666666667,0.29411764705882354,0.0
db25_DBPEDIA-CG_db25:92-es,0.0,0.0,0.0,0.040904021437678066,0.4242598540512337,0.1203858530857692,0.21089672205953397,0.0,0.0,0.0,0.0,0.17647058823529413,0.22522522522522526,0.2889107450208999,0.0,0.09785119417422791,0.0,,0.0,1.0,0.01811584185522028,0.0,0.0,0.0,0.0,0.0,0.0,0.23529411764705882,0.0,0.0,0.0,0.040904021437678066,0.33333333333333337,0.33333333333333337,0.38461538461538464,0.29411764705882354,0.0
db25_DBPEDIA-CG_db25:93-en,0.0,0.0,0.0,0.020545307467329868,0.30793600991276776,0.12815364865751414,0.1757340838011157,0.0,0.0,0.0,0.0,0.12,0.1338028169014085,0.21471088435374147,0.0,0.050862103769172114,0.0,,0.0,1.0,0.021931697337776064,0.0,0.0,0.0,0.0,0.0,0.0,0.20689655172413796,0.03571428571428571,0.0,0.0,0.02443262582006722,0.4444444444444445,0.22222222222222224,0.25,0.2,0.0
db25_DBPEDIA-CG_db25:93-es,0.0,0.0,0.0,0.012272151761999944,0.30868733475518306,0.10806864539165983,0.1757340838011157,0.0,0.0,0.0,0.0,0.12,0.12676056338028174,0.26408450704225356,0.0,0.06616781906994318,0.0,,0.0,1.0,0.016330702038618312,0.0,0.0,0.0,0.0,0.0,0.0,0.18867924528301885,0.03921568627450981,0.0,0.0,0.012272151761999944,0.18181818181818182,0.18181818181818182,0.2857142857142857,0.13333333333333333,0.0
db25_DBPEDIA-CG_db25:94-en,0.0,0.0,0.0,0.021731464395667695,0.3111012943543973,0.2475368857441686,0.25,0.0,0.0,0.0,0.0,0.3076923076923077,0.20398009950248752,0.3537735849056604,0.0,0.13710882646644723,0.0,,0.0,1.0,0.021731464395667695,0.0,0.0,0.0,0.0,0.0,0.0,0.3333333333333333,0.1764705882352941,0.0625,0.0,0.05120897811151822,0.33333333333333326,0.2222222222222222,0.2857142857142857,0.18181818181818182,0.0
db25_DBPEDIA-CG_db25:94-es,0.0,0.0,0.0,0.021731464395667695,0.3111012943543973,0.07669649888473705,0.21089672205953397,0.0,0.0,0.0,0.0,0.125,0.1990049751243781,0.3537735849056604,0.0,0.11716964002269797,0.0,,0.0,1.0,0.021731464395667695,0.0,0.0,0.0,0.0,0.0,0.0,0.19999999999999998,0.04166666666666667,0.0,0.0,0.021731464395667695,0.2222222222222222,0.2222222222222222,0.2857142857142857,0.18181818181818182,0.0
db25_DBPEDIA-CG_db25:95-en,0.0,0.0,0.0,0.030601688609851067,0.30258393033680586,0.17025130615174974,0.21712927295533244,0.0,0.0,0.0,0.0,0.13333333333333333,0.14814814814814814,0.3506944444444444,0.0,0.17183771017498592,0.0,,0.0,1.0,0.030601688609851067,0.0,0.0,0.0,0.0,0.0,0.0,0.3448275862068966,0.14814814814814817,0.08,0.0,0.03639174582593262,0.4444444444444444,0.2222222222222222,0.2222222222222222,0.2222222222222222,0.0
db25_DBPEDIA-CG_db25:95-es,0.0,0.0,0.0,0.027895820162122397,0.29794132197766143,0.17025130615174974,0.21712927295533244,0.0,0.0,0.0,0.0,0.13333333333333333,0.20740740740740737,0.3468406593406593,0.0,0.15301767524945895,0.0,,0.0,1.0,0.027895820162122397,0.0,0.0,0.0,0.0,0.0,0.0,0.2777777777777778,0.11764705882352941,0.0625,0.0,0.033173907815632314,0.4210526315789474,0.2105263157894737,0.2,0.2222222222222222,0.0
db25_DBPEDIA-CG_db25:96-en,0.0,0.0,0.0,0.011100500858904615,0.07161660033784284,0.25197631533948484,0.1907435698305462,0.0,0.0,0.0,0.0,0.14285714285714285,0.1518324607329843,0.17895217788607984,0.0,0.16798371496834802,0.05128205128205128,0.0,0.0,1.0,0.017308614782994655,0.0,0.0,0.0,0.0,0.0,0.0,0.22222222222222224,0.0,0.0,0.0,0.02979969607052225,0.40909090909090917,0.22727272727272727,0.3125,0.17857142857142858,0.0
db25_DBPEDIA-CG_db25:96-es,0.0,0.0,0.0,0.007772819355169733,0.05161243413634667,0.2672612419124244,0.2,0.0,0.0,0.0,0.0,0.15789473684210525,0.20418848167539272,0.14037735849056604,0.0,0.0981812277343144,0.0,0.0,0.0,1.0,0.012996125678280554,0.0,0.0,0.0,0.0,0.0,0.0,0.1818181818181818,0.0,0.0,0.0,0.018368824829562366,0.2926829268292683,0.14634146341463414,0.23076923076923078,0.10714285714285714,0.0
db25_DBPEDIA-CG_db25:97-en,0.0,0.0,0.0,0.018204705905966265,0.30442014112873256,0.09759000729485333,0.17253779651421453,0.0,0.0,0.0,0.0,0.08,0.1517857142857143,0.2525,0.0,0.1050801342172536,0.0,,0.0,1.0,0.02062863433588219,0.0,0.0,0.0,0.0,0.0,0.0,0.13953488372093023,0.0,0.0,0.0,0.021649165789907145,0.380952380952381,0.1904761904761905,0.25,0.15384615384615385,0.0
db25_DBPEDIA-CG_db25:97-es,0.0,0.0,0.0,0.019621202589476826,0.3000257672226198,0.03779644730092272,0.1639607805437114,0.0,0.0,0.0,0.0,0.037037037037037035,0.1339285714285714,0.2028218694885362,0.0,0.04485334352736009,0.0,,0.0,1.0,0.021927068045387584,0.0,0.0,0.0,0.0,0.0,0.0,0.043478260869565216,0.0,0.0,0.0,0.019621202589476826,0.18181818181818185,0.18181818181818185,0.2222222222222222,0.15384615384615385,0.0
db25_DBPEDIA-CG_db25:98-en,0.0,0.0,0.0,0.017762226812384152,0.029735587504464683,0.14350946197048195,0.1907435698305462,0.0,0.0,0.0,0.0,0.14285714285714285,0.1504424778761062,0.32206632653061223,0.0,0.09720551292058478,0.0,,0.0,1.0,0.017762226812384152,0.0,0.0,0.0,0.0,0.0,0.0,0.18750000000000003,0.0,0.0,0.0,0.04094492580924107,0.30769230769230765,0.15384615384615383,0.11764705882352941,0.2222222222222222,0.0
db25_DBPEDIA-CG_db25:98-es,0.0,0.0,0.0,0.022267157315461233,0.28795254843846385,0.10425720702853739,0.21089672205953397,0.0,0.0,0.0,0.0,0.125,0.12605042016806722,0.3357712765957447,0.0,0.12807327174314076,0.0,,0.0,1.0,0.022267157315461233,0.0,0.0,0.0,0.0,0.0,0.0,0.11764705882352941,0.0,0.0,0.0,0.05262202728382899,0.3636363636363637,0.18181818181818185,0.15384615384615385,0.2222222222222222,0.0
db25_DBPEDIA-CG_db25:99-en,0.0,0.0,0.0,0.016000701543999286,0.05697056793784236,0.05773502691896257,0.2,0.0,0.0,0.0,0.0,0.1111111111111111,0.18260869565217386,0.14367816091954025,0.0,0.09755817400588632,0.0,,0.0,1.0,0.015714747836544366,0.0,0.0,0.0,0.0,0.0,0.0,0.13333333333333333,0.0,0.0,0.0,0.045325384883617946,0.4,0.2,0.25,0.16666666666666666,0.0
db25_DBPEDIA-CG_db25:99-es,0.0,0.0,0.0,0.016000701543999286,0.3069705679378424,0.05773502691896257,0.2,0.0,0.0,0.0,0.0,0.1111111111111111,0.18260869565217386,0.14367816091954025,0.0,0.08780737459969482,0.0,,0.0,1.0,0.015714747836544366,0.0,0.0,0.0,0.0,0.0,0.0,0.13636363636363638,0.0,0.0,0.0,0.03641570231510298,0.33333333333333337,0.2,0.25,0.16666666666666666,0.0
db25_DBPEDIA-CL_db25:1-en,0.0,0.0,1.0,0.022214037533589085,0.22326079809349375,0.34035164682842056,0.23166247903554,1.0,0.0,0.0,0.0,0.3125,0.22164948453608246,0.41213868559177935,0.0,0.04709935688591354,0.0,,0.0,0.0,0.017400535654638664,0.0,0.0,0.0,0.0,0.0,0.0,0.4444444444444444,0.0588235294117647,0.0,0.0,0.022214037533589085,0.3870967741935484,0.3870967741935484,0.42857142857142855,0.35294117647058826,0.0
db25_DBPEDIA-CL_db25:1-es,0.0,0.0,1.0,0.020362099179073112,0.4528670022330442,0.0687614164172529,0.1827439976315568,1.0,0.0,0.0,0.0,0.09090909090909091,0.14432989690721654,0.3356038030367533,0.0,0.09827071474427211,0.0,,0.0,0.0,0.017703659019514106,0.0,0.0,0.0,0.0,0.0,0.0,0.17391304347826086,0.0,0.0,0.0,0.08697649186032692,0.4736842105263158,0.36842105263157887,0.3333333333333333,0.4117647058823529,0.0
db25_DBPEDIA-CL_db25:10-en,0.0,0.0,0.0,0.020406395930767336,0.4451396004803145,0.04662524041201569,0.15438708879488486,0.0,0.0,0.0,0.0,0.0625,0.1690647482014388,0.29232486263736257,0.0,0.09132515853818196,0.0,,0.0,1.0,0.01550550784373247,0.0,0.0,0.0,0.0,0.0,0.0,0.1694915254237288,0.0,0.0,0.0,0.04054079439311168,0.36842105263157887,0.3157894736842105,0.3,0.3333333333333333,0.0
db25_DBPEDIA-CL_db25:10-es,0.0,0.0,0.0,0.018180306971358407,0.46814788226315573,0.05212860351426869,0.1639607805437114,0.0,0.0,0.0,0.0,0.07142857142857142,0.1690647482014388,0.2756274923762609,0.0,0.09350118381587852,0.0,,0.0,1.0,0.018564780992259573,0.0,0.0,0.0,0.0,0.0,0.0,0.15094339622641512,0.0,0.0,0.0,0.0396114462440903,0.4666666666666666,0.33333333333333337,0.4166666666666667,0.2777777777777778,0.0
db25_DBPEDIA-CL_db25:100-en,0.0,0.0,0.0,0.025372662301107043,0.46967580390280117,0.17342199390482402,0.23166247903554,0.0,0.0,0.0,0.0,0.26666666666666666,0.18867924528301883,0.3475303164744159,0.0,0.06797371590818907,0.0,,0.0,1.0,0.022330777884899577,0.0,0.0,0.0,0.0,0.0,0.0,0.36842105263157887,0.0,0.0,0.0,0.053192307309094494,0.4615384615384615,0.3846153846153846,0.4166666666666667,0.35714285714285715,0.0
db25_DBPEDIA-CL_db25:100-es,0.0,0.0,0.0,0.04329398793439738,0.19843637455035557,0.07868894753646337,0.20521309615767264,0.0,0.0,0.0,0.0,0.11764705882352941,0.1383647798742138,0.3353789068074782,0.0,0.05600374888575559,0.0,,0.0,1.0,0.019657135266881825,0.0,0.0,0.0,0.0,0.0,0.0,0.1702127659574468,0.0,0.0,0.0,0.04329398793439738,0.3225806451612903,0.3225806451612903,0.29411764705882354,0.35714285714285715,0.0
db25_DBPEDIA-CL_db25:11-en,0.0,0.0,1.0,0.004172339303731591,0.042605158197630125,0.30860669992418377,0.16952084719853724,1.0,0.0,0.0,0.0,0.14285714285714285,0.19032258064516128,0.11646678966789668,0.0,0.02757312832409441,0.0,,0.0,0.0,0.009285711888012419,0.0,0.0,0.0,0.0,0.0,0.0,0.22222222222222224,0.0,0.0,0.0,0.004961775586203107,0.20512820512820515,0.10256410256410257,0.2,0.06896551724137931,0.0
db25_DBPEDIA-CL_db25:11-es,0.0,0.0,1.0,0.009177766035662345,0.04346258009760016,0.30463589792247125,0.16952084719853724,1.0,0.0,0.0,0.0,0.14285714285714285,0.2548387096774194,0.13429602888086645,0.0,0.04613950790419425,0.0,,0.0,0.0,0.013672924271323763,0.0,0.0,0.0,0.0,0.0,0.0,0.2857142857142857,0.0,0.0,0.0,0.0203232333807117,0.22222222222222224,0.13333333333333333,0.1875,0.10344827586206896,0.0
db25_DBPEDIA-CL_db25:12-en,0.0,0.0,0.0,0.03001448585400683,0.30728758069843787,0.3405026123034995,0.25,0.0,0.0,0.0,0.0,0.3076923076923077,0.30327868852459017,0.3546348314606741,0.0,0.19173026589128161,0.0,,0.0,1.0,0.03001448585400683,0.0,0.0,0.0,0.0,0.0,0.0,0.39999999999999997,0.08695652173913045,0.0,0.0,0.07475095167059852,0.47058823529411764,0.23529411764705882,0.25,0.2222222222222222,0.0
db25_DBPEDIA-CL_db25:12-es,0.0,0.0,0.0,0.010213489324855638,0.26596513997046284,0.0761386987626881,0.15225881209433406,0.0,0.0,0.0,0.0,0.06060606060606061,0.16113744075829384,0.27686403508771934,0.0,0.11858206329002834,0.0,,0.0,1.0,0.010213489324855638,0.0,0.0,0.0,0.0,0.0,0.0,0.08333333333333333,0.0,0.0,0.0,0.02233767758174652,0.19047619047619047,0.09523809523809523,0.06060606060606061,0.2222222222222222,0.0
db25_DBPEDIA-CL_db25:13-en,0.0,0.0,0.0,0.020682415030268957,0.04571382005809872,0.14705882352941177,0.1757340838011157,0.0,0.0,0.0,0.0,0.15384615384615385,0.1813953488372093,0.26197183098591553,0.0,0.1003877455791301,0.0,,0.0,1.0,0.018688671660841403,0.0,0.0,0.0,0.0,0.0,0.0,0.27999999999999997,0.041666666666666664,0.0,0.0,0.024595675109435063,0.39999999999999997,0.19999999999999998,0.1875,0.21428571428571427,0.0
db25_DBPEDIA-CL_db25:13-es,0.0,0.0,0.0,0.022330777884899577,0.3083153097057949,0.12964074471043288,0.1757340838011157,0.0,0.0,0.0,0.0,0.15384615384615385,0.16279069767441856,0.26956521739130435,0.0,0.11073196446428506,0.0,,0.0,1.0,0.02383765064930276,0.0,0.0,0.0,0.0,0.0,0.0,0.21739130434782608,0.045454545454545456,0.0,0.0,0.025372662301107043,0.3846153846153846,0.23076923076923075,0.25,0.21428571428571427,0.0
db25_DBPEDIA-CL_db25:14-en,0.0,0.0,0.0,0.02383765064930276,0.5407782822210672,0.12262786789699316,0.21089672205953397,0.0,0.0,0.0,0.0,0.125,0.18571428571428572,0.34074074074074073,0.0,0.05284133043873052,0.0,,0.0,1.0,0.02383765064930276,0.0,0.0,0.0,0.0,0.0,0.0,0.38888888888888884,0.17647058823529413,0.0625,0.0,0.02383765064930276,0.2105263157894737,0.2105263157894737,0.16666666666666666,0.2857142857142857,0.0
db25_DBPEDIA-CL_db25:14-es,0.0,0.0,0.0,0.00869717822873302,0.26327855088322843,0.106676149412533,0.16666666666666666,0.0,0.0,0.0,0.0,0.13793103448275862,0.25125628140703515,0.3640776699029126,0.0,0.03405796013978094,0.0,,0.0,1.0,0.00869717822873302,0.0,0.0,0.0,0.0,0.0,0.0,0.22950819672131145,0.13559322033898305,0.03508771929824561,0.0,0.00869717822873302,0.0851063829787234,0.0851063829787234,0.05,0.2857142857142857,0.0
db25_DBPEDIA-CL_db25:15-en,0.0,0.0,0.0,0.03001448585400683,0.30728758069843787,0.2553769592276246,0.23166247903554,0.0,0.0,0.0,0.0,0.21428571428571427,0.24561403508771928,0.3546348314606741,0.0,0.19173026589128161,0.0,,0.0,1.0,0.03001448585400683,0.0,0.0,0.0,0.0,0.0,0.0,0.33333333333333337,0.0,0.0,0.0,0.07475095167059852,0.47058823529411764,0.23529411764705882,0.25,0.2222222222222222,0.0
db25_DBPEDIA-CL_db25:15-es,0.0,0.0,0.0,0.03001448585400683,0.30728758069843787,0.2553769592276246,0.23166247903554,0.0,0.0,0.0,0.0,0.21428571428571427,0.2543859649122807,0.3546348314606741,0.0,0.19173026589128161,0.0,,0.0,1.0,0.03001448585400683,0.0,0.0,0.0,0.0,0.0,0.0,0.32,0.0,0.0,0.0,0.07475095167059852,0.47058823529411764,0.23529411764705882,0.25,0.2222222222222222,0.0
db25_DBPEDIA-CL_db25:16-en,0.0,0.0,0.0,0.02568481047180467,0.04406577183701904,0.23643312187173018,0.2240092377397959,0.0,0.0,0.0,0.0,0.2,0.2649572649572649,0.34307065217391297,0.0,0.1527898075109779,0.0,,0.0,1.0,0.02568481047180467,0.0,0.0,0.0,0.0,0.0,0.0,0.33333333333333337,0.0,0.0,0.0,0.061729293904138435,0.39999999999999997,0.19999999999999998,0.18181818181818182,0.2222222222222222,0.0
db25_DBPEDIA-CL_db25:16-es,0.0,0.0,0.0,0.019730657693620934,0.03334148404663766,0.16151457061744964,0.21089672205953397,0.0,0.0,0.0,0.0,0.17647058823529413,0.19658119658119655,0.32877604166666663,0.0,0.11044506896905561,0.0,,0.0,1.0,0.019730657693620934,0.0,0.0,0.0,0.0,0.0,0.0,0.28571428571428575,0.0,0.0,0.0,0.04599915789122599,0.33333333333333337,0.16666666666666669,0.13333333333333333,0.2222222222222222,0.0
db25_DBPEDIA-CL_db25:17-en,0.0,0.0,0.0,0.01606559657447872,0.30390076085509327,0.14638501094227999,0.179128784747792,0.0,0.0,0.0,0.0,0.125,0.12616822429906538,0.23554104477611937,0.0,0.09273289296989985,0.0,,0.0,1.0,0.02062863433588219,0.0,0.0,0.0,0.0,0.0,0.0,0.15,0.0,0.0,0.0,0.01910532175313344,0.36363636363636365,0.18181818181818182,0.25,0.14285714285714285,0.0
db25_DBPEDIA-CL_db25:17-es,0.0,0.0,0.0,0.019657135266881825,0.04325831286021783,0.08696565534786727,0.17253779651421453,0.0,0.0,0.0,0.0,0.11538461538461539,0.1448598130841121,0.2601398601398602,0.0,0.09438495337506764,0.0,,0.0,1.0,0.017762226812384152,0.0,0.0,0.0,0.0,0.0,0.0,0.1111111111111111,0.0,0.0,0.0,0.023376405119946778,0.3870967741935484,0.1935483870967742,0.17647058823529413,0.21428571428571427,0.0
db25_DBPEDIA-CL_db25:18-en,0.0,0.0,0.0,0.004602870483008792,0.30111758669638866,0.2614881801842454,0.1907435698305462,0.0,0.0,0.0,0.0,0.14285714285714285,0.1393034825870647,0.14090401785714285,0.0,0.05624534275009438,0.0,,0.0,1.0,0.008599294172465275,0.0,0.0,0.0,0.0,0.0,0.0,0.20512820512820515,0.0,0.0,0.0,0.0054737663278300675,0.25,0.125,0.25,0.08333333333333333,0.0
db25_DBPEDIA-CL_db25:18-es,0.0,0.0,0.0,0.009704916063346839,0.30563311081379474,0.2773500981126146,0.1907435698305462,0.0,0.0,0.0,0.0,0.14285714285714285,0.23383084577114432,0.16315789473684214,0.0,0.07934291962000443,0.0,,0.0,1.0,0.013302246854899122,0.0,0.0,0.0,0.0,0.0,0.0,0.2790697674418605,0.0,0.0,0.0,0.011026913581116203,0.2777777777777778,0.16666666666666666,0.25,0.125,0.0
db25_DBPEDIA-CL_db25:19-en,0.0,0.0,0.0,0.018902595382158972,0.30758703725672304,0.3162277660168379,0.21089672205953397,0.0,0.0,0.0,0.0,0.2222222222222222,0.22360248447204967,0.23846153846153847,0.0,0.13081435925695184,0.0,,0.0,1.0,0.02383765064930276,0.0,0.0,0.0,0.0,0.0,0.0,0.3428571428571428,0.12121212121212123,0.06451612903225806,0.0,0.02147749494970815,0.35714285714285715,0.21428571428571427,0.25,0.1875,0.0
db25_DBPEDIA-CL_db25:19-es,0.0,0.0,0.0,0.0,0.0,0.0,0.15225881209433406,0.0,0.0,0.0,0.0,0.0,0.07117008443908324,0.0,0.0,0.0,0.0,,0.0,1.0,0.0,0.0,0.0,0.0,0.0,0.0,0.0,0.00947867298578199,0.0,0.0,0.0,0.0,0.0,0.0,0.0,0.0,0.0
db25_DBPEDIA-CL_db25:2-en,0.0,0.0,0.0,0.011441099774717129,0.32534075801846857,0.22499999999999998,0.15894454156034005,0.0,0.0,0.0,0.0,0.125,0.16271186440677965,0.18473307291666669,0.0,0.15281221469857761,0.0,,0.0,1.0,0.018022693724705698,0.0,0.0,0.0,0.0,0.0,0.0,0.16666666666666666,0.0,0.0,0.0,0.013313067429549956,0.45833333333333326,0.25,0.3333333333333333,0.2,0.0
db25_DBPEDIA-CL_db25:2-es,0.0,0.0,0.0,0.00588632914235749,0.3048219020620087,0.18856180831641267,0.1566130288262323,0.0,0.0,0.0,0.0,0.09375,0.19661016949152543,0.13191489361702127,0.0,0.11909275383327782,0.0,,0.0,1.0,0.011260108862655755,0.0,0.0,0.0,0.0,0.0,0.0,0.2028985507246377,0.0,0.0,0.0,0.007000064497339393,0.28571428571428575,0.14285714285714288,0.25,0.1,0.0
db25_DBPEDIA-CL_db25:20-en,0.0,0.0,0.0,0.019760249268708476,0.4684835203003266,0.08183170883849716,0.16952084719853724,0.0,0.0,0.0,0.0,0.1111111111111111,0.2099644128113879,0.2906617192331478,0.0,0.1298675057162065,0.0,,0.0,1.0,0.018902595382158972,0.0,0.0,0.0,0.0,0.0,0.0,0.2545454545454546,0.07547169811320756,0.039215686274509796,0.0,0.08623814063582017,0.4827586206896552,0.3448275862068966,0.4166666666666667,0.29411764705882354,0.0
db25_DBPEDIA-CL_db25:20-es,0.0,0.0,0.0,0.019760249268708476,0.4684835203003266,0.08183170883849716,0.16952084719853724,0.0,0.0,0.0,0.0,0.1111111111111111,0.2099644128113879,0.2906617192331478,0.0,0.1298675057162065,0.0,,0.0,1.0,0.018902595382158972,0.0,0.0,0.0,0.0,0.0,0.0,0.2545454545454546,0.07547169811320756,0.039215686274509796,0.0,0.08623814063582017,0.4827586206896552,0.3448275862068966,0.4166666666666667,0.29411764705882354,0.0
db25_DBPEDIA-CL_db25:21-en,0.0,0.0,0.0,0.022330777884899577,0.3083153097057949,0.1559362351170901,0.2240092377397959,0.0,0.0,0.0,0.0,0.25,0.2573099415204678,0.26956521739130435,0.0,0.11073196446428506,0.0,,0.0,1.0,0.024271412912056454,0.0,0.0,0.0,0.0,0.0,0.0,0.27777777777777773,0.05882352941176471,0.0,0.0,0.025372662301107043,0.3846153846153846,0.23076923076923075,0.25,0.21428571428571427,0.0
db25_DBPEDIA-CL_db25:21-es,0.0,0.0,0.0,0.011563821359441197,0.2789048397904046,0.06673260799501936,0.15022110482233483,0.0,0.0,0.0,0.0,0.08571428571428572,0.18468468468468469,0.26483781918564525,0.0,0.11073196446428506,0.0,,0.0,1.0,0.011563821359441197,0.0,0.0,0.0,0.0,0.0,0.0,0.12903225806451615,0.0,0.0,0.0,0.012797472021137965,0.24489795918367346,0.16326530612244897,0.11428571428571428,0.2857142857142857,0.0
db25_DBPEDIA-CL_db25:22-en,0.0,0.0,0.0,0.018180306971358407,0.46814788226315573,0.08359173188630294,0.16666666666666666,0.0,0.0,0.0,0.0,0.10714285714285714,0.19475655430711614,0.2756274923762609,0.0,0.09350118381587852,0.0,,0.0,1.0,0.018564780992259573,0.0,0.0,0.0,0.0,0.0,0.0,0.22641509433962265,0.039215686274509796,0.0,0.0,0.0396114462440903,0.4666666666666666,0.33333333333333337,0.4166666666666667,0.2777777777777778,0.0
db25_DBPEDIA-CL_db25:22-es,0.0,0.0,0.0,0.019028148121158973,0.48618513786228224,0.10425720702853739,0.16952084719853724,0.0,0.0,0.0,0.0,0.1111111111111111,0.1910112359550562,0.3057650862068966,0.0,0.08780737459969482,0.0,,0.0,1.0,0.018564780992259573,0.0,0.0,0.0,0.0,0.0,0.0,0.2,0.0,0.0,0.0,0.03641570231510298,0.33333333333333337,0.4,0.5,0.3333333333333333,0.0
db25_DBPEDIA-CL_db25:23-en,0.0,0.0,1.0,0.000906358937557199,0.3002200658685718,0.2705008904002297,0.16139047779640892,1.0,0.0,0.0,0.0,0.1,0.15217391304347827,0.05865102639296188,0.0,0.011075364663355156,0.0,,0.0,0.0,0.002174242062772232,0.0,0.0,0.0,0.0,0.0,0.0,0.15094339622641512,0.0,0.0,0.0,0.0010778484972893282,0.17777777777777778,0.08888888888888889,0.25,0.05405405405405406,0.0
db25_DBPEDIA-CL_db25:23-es,0.0,0.0,1.0,0.000906358937557199,0.3002200658685718,0.2705008904002297,0.16139047779640892,1.0,0.0,0.0,0.0,0.1,0.17028985507246375,0.05865102639296188,0.0,0.011075364663355156,0.0,,0.0,0.0,0.002174242062772232,0.0,0.0,0.0,0.0,0.0,0.0,0.15686274509803924,0.0,0.0,0.0,0.0010778484972893282,0.17777777777777778,0.08888888888888889,0.25,0.05405405405405406,0.0
db25_DBPEDIA-CL_db25:24-en,0.0,0.0,0.0,0.018738720292863827,0.29105416147691343,0.25038669783359574,0.2402530733520421,0.0,0.0,0.0,0.0,0.375,0.3438914027149321,0.2755555555555556,0.0,0.10593580077460382,0.0,,0.0,1.0,0.018738720292863827,0.0,0.0,0.0,0.0,0.0,0.0,0.42553191489361697,0.17777777777777778,0.09302325581395349,0.0,0.0511130148423785,0.3870967741935484,0.1935483870967742,0.16666666666666666,0.23076923076923078,0.0
db25_DBPEDIA-CL_db25:24-es,0.0,0.0,0.0,0.008261611121059845,0.016258615170568258,0.20078234442307638,0.179128784747792,0.0,0.0,0.0,0.0,0.25,0.19909502262443435,0.22545454545454546,0.0,0.04035724998899943,0.0,,0.0,1.0,0.008261611121059845,0.0,0.0,0.0,0.0,0.0,0.0,0.28169014084507044,0.11594202898550725,0.05970149253731343,0.0,0.02094755375939196,0.19672131147540983,0.09836065573770492,0.0625,0.23076923076923078,0.0
db25_DBPEDIA-CL_db25:25-en,0.0,0.0,1.0,0.012511899192713307,0.30303791560852095,0.14535047493345277,0.1757340838011157,1.0,0.0,0.0,0.0,0.12,0.16371681415929207,0.20764802631578946,0.0,0.03448513013673089,0.0,,0.0,0.0,0.008599294172465275,0.0,0.0,0.0,0.0,0.0,0.0,0.18604651162790695,0.04878048780487805,0.0,0.0,0.014879239542171468,0.3333333333333333,0.16666666666666666,0.25,0.125,0.0
db25_DBPEDIA-CL_db25:25-es,0.0,0.0,1.0,0.019497143906920172,0.30890976562495065,0.08391813582966891,0.15894454156034005,1.0,0.0,0.0,0.0,0.0967741935483871,0.17699115044247793,0.29243404678944745,0.0,0.09376263579411838,0.0,,0.0,0.0,0.01843926024949715,0.0,0.0,0.0,0.0,0.0,0.0,0.1509433962264151,0.0392156862745098,0.0,0.0,0.08012711192057849,0.4444444444444445,0.2777777777777778,0.25,0.3125,0.0
db25_DBPEDIA-CL_db25:26-en,0.0,0.0,0.0,0.019730657693620934,0.03334148404663766,0.10767638041163309,0.2,0.0,0.0,0.0,0.0,0.1111111111111111,0.15503875968992253,0.32877604166666663,0.0,0.11044506896905561,0.0,,0.0,1.0,0.019730657693620934,0.0,0.0,0.0,0.0,0.0,0.0,0.3125,0.13333333333333333,0.07142857142857144,0.0,0.04599915789122599,0.33333333333333337,0.16666666666666669,0.13333333333333333,0.2222222222222222,0.0
db25_DBPEDIA-CL_db25:26-es,0.0,0.0,0.0,0.009565665109256835,0.010238645716444497,0.0,0.1566130288262323,0.0,0.0,0.0,0.0,0.0,0.19672131147540983,0.045454545454545456,0.0,0.009565665109256835,0.0,,0.0,1.0,0.009565665109256835,0.0,0.0,0.0,0.0,0.0,0.0,0.12765957446808512,0.08888888888888889,0.046511627906976744,0.0,0.009565665109256835,0.05263157894736842,0.05263157894736842,0.034482758620689655,0.1111111111111111,0.0
db25_DBPEDIA-CL_db25:27-en,0.0,0.0,0.0,0.02383765064930276,0.04077828222106712,0.3086066999241838,0.23166247903554,0.0,0.0,0.0,0.0,0.26666666666666666,0.28,0.33938172043010756,0.0,0.13929692701099317,0.0,,0.0,1.0,0.02383765064930276,0.0,0.0,0.0,0.0,0.0,0.0,0.38461538461538464,0.0,0.0,0.0,0.05678170484701192,0.380952380952381,0.1904761904761905,0.16666666666666666,0.2222222222222222,0.0
db25_DBPEDIA-CL_db25:27-es,0.0,0.0,0.0,0.02383765064930276,0.04077828222106712,0.3086066999241838,0.23166247903554,0.0,0.0,0.0,0.0,0.26666666666666666,0.28,0.33938172043010756,0.0,0.13929692701099317,0.0,,0.0,1.0,0.02383765064930276,0.0,0.0,0.0,0.0,0.0,0.0,0.38461538461538464,0.0,0.0,0.0,0.05678170484701192,0.380952380952381,0.1904761904761905,0.16666666666666666,0.2222222222222222,0.0
db25_DBPEDIA-CL_db25:28-en,0.0,0.0,0.0,0.004056574806066817,0.46514748044504095,0.2809757434745082,0.16139047779640892,0.0,0.0,0.0,0.0,0.1,0.1589403973509934,0.10416666666666666,0.0,0.05644018532754609,0.0,,0.0,1.0,0.007558196229776773,0.0,0.0,0.0,0.0,0.0,0.0,0.2153846153846154,0.0,0.0,0.0,0.017703798361455587,0.2916666666666667,0.20833333333333334,0.4166666666666667,0.1388888888888889,0.0
db25_DBPEDIA-CL_db25:28-es,0.0,0.0,0.0,0.004056574806066817,0.46514748044504095,0.2809757434745082,0.16139047779640892,0.0,0.0,0.0,0.0,0.1,0.14900662251655628,0.10416666666666666,0.0,0.05644018532754609,0.0,,0.0,1.0,0.007558196229776773,0.0,0.0,0.0,0.0,0.0,0.0,0.18461538461538463,0.0,0.0,0.0,0.017703798361455587,0.2916666666666667,0.20833333333333334,0.4166666666666667,0.1388888888888889,0.0
db25_DBPEDIA-CL_db25:29-en,0.0,0.0,0.0,0.027895820162122397,0.29794132197766143,0.09913631941932194,0.21089672205953397,0.0,0.0,0.0,0.0,0.125,0.31034482758620685,0.5136986301369862,0.0,0.13826707794313167,0.0,,0.0,1.0,0.027895820162122397,0.0,0.0,0.0,0.0,0.0,0.0,0.4242424242424242,0.2580645161290323,0.06896551724137931,0.0,0.027895820162122397,0.23529411764705882,0.23529411764705882,0.2,0.2857142857142857,0.0
db25_DBPEDIA-CL_db25:29-es,0.0,0.0,0.0,0.03848196746087264,0.5653759218280684,0.10397504898200727,0.21712927295533244,0.0,0.0,0.0,0.0,0.13333333333333333,0.37356321839080464,0.5357142857142857,0.0,0.20748340713083765,0.0,,0.0,1.0,0.03848196746087264,0.0,0.0,0.0,0.0,0.0,0.0,0.4242424242424242,0.2580645161290323,0.06896551724137931,0.0,0.03848196746087264,0.2857142857142857,0.2857142857142857,0.2857142857142857,0.2857142857142857,0.0
db25_DBPEDIA-CL_db25:3-en,0.0,0.0,0.0,0.02383765064930276,0.2907782822210671,0.22291128503014115,0.23166247903554,0.0,0.0,0.0,0.0,0.26666666666666666,0.19672131147540983,0.33938172043010756,0.0,0.13929692701099317,0.0,,0.0,1.0,0.02383765064930276,0.0,0.0,0.0,0.0,0.0,0.0,0.3448275862068966,0.07407407407407407,0.0,0.0,0.05678170484701192,0.380952380952381,0.1904761904761905,0.16666666666666666,0.2222222222222222,0.0
db25_DBPEDIA-CL_db25:3-es,0.0,0.0,0.0,0.02383765064930276,0.2907782822210671,0.22291128503014115,0.23166247903554,0.0,0.0,0.0,0.0,0.26666666666666666,0.2213114754098361,0.33938172043010756,0.0,0.13929692701099317,0.0,,0.0,1.0,0.02383765064930276,0.0,0.0,0.0,0.0,0.0,0.0,0.3448275862068966,0.07407407407407407,0.0,0.0,0.05678170484701192,0.380952380952381,0.1904761904761905,0.16666666666666666,0.2222222222222222,0.0
db25_DBPEDIA-CL_db25:30-en,0.0,0.0,1.0,0.016000701543999286,0.3069705679378424,0.35634832254989923,0.21712927295533244,1.0,0.0,0.0,0.0,0.2777777777777778,0.15476190476190477,0.2137931034482759,0.0,0.07472892616029096,0.0,,0.0,0.0,0.017080423060745045,0.0,0.0,0.0,0.0,0.0,0.0,0.3529411764705882,0.125,0.06666666666666667,0.0,0.03641570231510298,0.33333333333333337,0.2,0.25,0.16666666666666666,0.0
db25_DBPEDIA-CL_db25:30-es,0.0,0.0,1.0,0.016000701543999286,0.3069705679378424,0.35634832254989923,0.21712927295533244,1.0,0.0,0.0,0.0,0.2777777777777778,0.15476190476190477,0.2137931034482759,0.0,0.07472892616029096,0.0,,0.0,0.0,0.017080423060745045,0.0,0.0,0.0,0.0,0.0,0.0,0.3529411764705882,0.125,0.06666666666666667,0.0,0.03641570231510298,0.33333333333333337,0.2,0.25,0.16666666666666666,0.0
db25_DBPEDIA-CL_db25:31-en,0.0,0.0,0.0,0.021649165789907145,0.6052564632796049,0.2649064714130088,0.25,0.0,0.0,0.0,0.0,0.3076923076923077,0.1707317073170732,0.3411111111111111,0.0,0.1050801342172536,0.0,,0.0,1.0,0.02062863433588219,0.0,0.0,0.0,0.0,0.0,0.0,0.43750000000000006,0.13333333333333333,0.0,0.0,0.021649165789907145,0.380952380952381,0.380952380952381,0.5,0.3076923076923077,0.0
db25_DBPEDIA-CL_db25:31-es,0.0,0.0,0.0,0.01566678404488472,0.2973591050278364,0.06362847629757779,0.16139047779640892,0.0,0.0,0.0,0.0,0.06896551724137931,0.12804878048780488,0.3353789068074782,0.0,0.023699356127503145,0.0,,0.0,1.0,0.013788520515710523,0.0,0.0,0.0,0.0,0.0,0.0,0.19230769230769232,0.04,0.0,0.0,0.01566678404488472,0.2564102564102564,0.2564102564102564,0.19230769230769232,0.38461538461538464,0.0
db25_DBPEDIA-CL_db25:32-en,0.0,0.0,0.0,0.02147749494970815,0.46884832664210097,0.43915503282684,0.21712927295533244,0.0,0.0,0.0,0.0,0.23529411764705882,0.2088607594936709,0.3074306645735218,0.0,0.152408022375532,0.0,,0.0,1.0,0.02383765064930276,0.0,0.0,0.0,0.0,0.0,0.0,0.4444444444444444,0.05882352941176471,0.0,0.0,0.055649416075825214,0.5,0.35714285714285715,0.4166666666666667,0.3125,0.0
db25_DBPEDIA-CL_db25:32-es,0.0,0.0,0.0,0.022479100920481034,0.48691824756247604,0.43915503282684,0.21712927295533244,0.0,0.0,0.0,0.0,0.23529411764705882,0.19620253164556967,0.34104567307692313,0.0,0.152408022375532,0.0,,0.0,1.0,0.02383765064930276,0.0,0.0,0.0,0.0,0.0,0.0,0.46153846153846156,0.10810810810810811,0.0,0.0,0.05753850828918846,0.5714285714285715,0.42857142857142855,0.5,0.375,0.0
db25_DBPEDIA-CL_db25:33-en,0.0,0.0,1.0,0.022334817779502403,0.07008964205087777,0.282842712474619,0.21712927295533244,1.0,0.0,0.0,0.0,0.23529411764705882,0.15625,0.47108208955223885,0.0,0.05014708789437709,0.0,,0.0,0.0,0.02112296650357935,0.0,0.0,0.0,0.0,0.0,0.0,0.4,0.14285714285714285,0.07692307692307693,0.0,0.02429486121643153,0.4666666666666667,0.33333333333333337,0.29411764705882354,0.38461538461538464,0.0
db25_DBPEDIA-CL_db25:33-es,0.0,0.0,1.0,0.024271412912056454,0.30872757218681873,0.24494897427831785,0.21712927295533244,1.0,0.0,0.0,0.0,0.1875,0.1328125,0.2883720930232559,0.0,0.0600864759079645,0.0,,0.0,0.0,0.017080423060745045,0.0,0.0,0.0,0.0,0.0,0.0,0.35714285714285715,0.15384615384615383,0.08333333333333333,0.0,0.02757764940220787,0.4,0.24000000000000002,0.25,0.23076923076923078,0.0
db25_DBPEDIA-CL_db25:34-en,0.0,0.0,0.0,0.0023665147690157236,0.06327880751235179,0.0,0.15894454156034005,0.0,0.0,0.0,0.0,0.0,0.11340206185567014,0.03184713375796178,0.0,0.0023665147690157236,0.0,,0.0,1.0,0.0030386651123831088,0.0,0.0,0.0,0.0,0.0,0.0,0.12,0.08333333333333334,0.04347826086956522,0.0,0.0023665147690157236,0.09523809523809523,0.09523809523809523,0.25,0.058823529411764705,0.0
db25_DBPEDIA-CL_db25:34-es,0.0,0.0,0.0,0.04281158617912186,0.2329472967366767,0.04925152335778522,0.16139047779640892,0.0,0.0,0.0,0.0,0.06896551724137931,0.1924398625429553,0.3205007530120482,0.0,0.09785119417422791,0.0,,0.0,1.0,0.01956436644376296,0.0,0.0,0.0,0.0,0.0,0.0,0.26666666666666666,0.06896551724137931,0.03571428571428572,0.0,0.040904021437678066,0.33333333333333337,0.4000000000000001,0.46153846153846156,0.35294117647058826,0.0
db25_DBPEDIA-CL_db25:35-en,0.0,0.0,0.0,0.024271412912056454,0.30872757218681873,0.12598815766974242,0.21712927295533244,0.0,0.0,0.0,0.0,0.23529411764705882,0.20772946859903385,0.2883720930232559,0.0,0.14798568161101283,0.0,,0.0,1.0,0.024271412912056454,0.0,0.0,0.0,0.0,0.0,0.0,0.24390243902439024,0.05128205128205129,0.0,0.0,0.06875393112502282,0.48000000000000004,0.24000000000000002,0.25,0.23076923076923078,0.0
db25_DBPEDIA-CL_db25:35-es,0.0,0.0,0.0,0.019621202589476826,0.05002576722261981,0.10660035817780522,0.20521309615767264,0.0,0.0,0.0,0.0,0.16666666666666666,0.17874396135265702,0.2028218694885362,0.0,0.04485334352736009,0.0,,0.0,1.0,0.019621202589476826,0.0,0.0,0.0,0.0,0.0,0.0,0.21052631578947367,0.05555555555555555,0.0,0.0,0.019621202589476826,0.18181818181818185,0.18181818181818185,0.2222222222222222,0.15384615384615385,0.0
db25_DBPEDIA-CL_db25:36-en,0.0,0.0,0.0,0.021713040045366155,0.20285395860636826,0.08075728530872482,0.1639607805437114,0.0,0.0,0.0,0.0,0.10344827586206896,0.19927536231884058,0.2854713313896987,0.0,0.13669587133555627,0.0,,0.0,1.0,0.020427320897818672,0.0,0.0,0.0,0.0,0.0,0.0,0.27586206896551724,0.07142857142857144,0.037037037037037035,0.0,0.09077249702733435,0.43749999999999994,0.3125,0.3333333333333333,0.29411764705882354,0.0
db25_DBPEDIA-CL_db25:36-es,0.0,0.0,0.0,0.021713040045366155,0.20285395860636826,0.08075728530872482,0.1639607805437114,0.0,0.0,0.0,0.0,0.10344827586206896,0.19565217391304346,0.2854713313896987,0.0,0.13669587133555627,0.0,,0.0,1.0,0.020427320897818672,0.0,0.0,0.0,0.0,0.0,0.0,0.2857142857142857,0.07407407407407408,0.038461538461538464,0.0,0.09077249702733435,0.43749999999999994,0.3125,0.3333333333333333,0.29411764705882354,0.0
db25_DBPEDIA-CL_db25:37-en,0.0,0.0,0.0,0.02568481047180467,0.04406577183701904,0.07881104062391006,0.2,0.0,0.0,0.0,0.0,0.058823529411764705,0.2136752136752137,0.27777777777777773,0.0,0.0,0.0,,0.0,1.0,0.02568481047180467,0.0,0.0,0.0,0.0,0.0,0.0,0.23076923076923075,0.08333333333333334,0.0,0.0,0.057445580856132834,0.3,0.19999999999999998,0.18181818181818182,0.2222222222222222,0.0
db25_DBPEDIA-CL_db25:37-es,0.0,0.0,0.0,0.011603982212675388,0.012940135882633704,0.0,0.16139047779640892,0.0,0.0,0.0,0.0,0.0,0.1703703703703704,0.04807692307692308,0.0,0.011603982212675388,0.0,,0.0,1.0,0.011603982212675388,0.0,0.0,0.0,0.0,0.0,0.0,0.10256410256410256,0.05405405405405406,0.0,0.0,0.011603982212675388,0.0625,0.0625,0.043478260869565216,0.1111111111111111,0.0
db25_DBPEDIA-CL_db25:38-en,0.0,0.0,0.0,0.008827628621181702,0.3233038854500115,0.4508348173337162,0.20521309615767264,0.0,0.0,0.0,0.0,0.21052631578947367,0.19496855345911945,0.17332881662149957,0.0,0.15939435198330834,0.07999999999999999,,0.0,1.0,0.011260108862655755,0.0,0.0,0.0,0.0,0.0,0.0,0.29411764705882354,0.06250000000000001,0.0,0.0,0.11434901608406768,0.4736842105263157,0.21052631578947367,0.3333333333333333,0.15384615384615385,0.0
db25_DBPEDIA-CL_db25:38-es,0.0,0.0,0.0,0.015711391895680746,0.33033464294422443,0.6060432152628562,0.2402530733520421,0.0,0.0,0.0,0.0,0.47368421052631576,0.23270440251572322,0.4521735078973116,0.0,0.263666261309603,0.12903225806451615,,0.0,1.0,0.01854625697798728,0.0,0.0,0.0,0.0,0.0,0.0,0.5,0.2105263157894737,0.05555555555555555,0.0,0.16526600219931153,0.5217391304347826,0.3043478260869565,0.35,0.2692307692307692,0.0
db25_DBPEDIA-CL_db25:39-en,0.0,0.0,0.0,0.025372662301107043,0.46967580390280117,0.12371791482634838,0.21089672205953397,0.0,0.0,0.0,0.0,0.17647058823529413,0.23353293413173648,0.3475303164744159,0.0,0.13049141389369845,0.0,,0.0,1.0,0.02383765064930276,0.0,0.0,0.0,0.0,0.0,0.0,0.35,0.052631578947368425,0.0,0.0,0.055282226553882124,0.5384615384615384,0.3846153846153846,0.4166666666666667,0.35714285714285715,0.0
db25_DBPEDIA-CL_db25:39-es,0.0,0.0,0.0,0.02480998857358976,0.4534707722330432,0.07715167498104596,0.20521309615767264,0.0,0.0,0.0,0.0,0.11764705882352941,0.1428571428571429,0.3401360544217687,0.0,0.11478444221317999,0.0,,0.0,1.0,0.019730657693620934,0.0,0.0,0.0,0.0,0.0,0.0,0.2,0.0,0.0,0.0,0.04863818769664761,0.3448275862068965,0.3448275862068965,0.3333333333333333,0.35714285714285715,0.0
db25_DBPEDIA-CL_db25:4-en,0.0,0.0,0.0,0.014177839215151157,0.30344240937234307,0.20701966780270625,0.21089672205953397,0.0,0.0,0.0,0.0,0.17647058823529413,0.22360248447204967,0.2207167832167832,0.0,0.19173026589128161,0.0,,0.0,1.0,0.03001448585400683,0.0,0.0,0.0,0.0,0.0,0.0,0.20689655172413796,0.0,0.0,0.0,0.03530984935475081,0.3478260869565218,0.1739130434782609,0.25,0.13333333333333333,0.0
db25_DBPEDIA-CL_db25:4-es,0.0,0.0,0.0,0.014177839215151157,0.30344240937234307,0.20701966780270625,0.21089672205953397,0.0,0.0,0.0,0.0,0.17647058823529413,0.22360248447204967,0.2207167832167832,0.0,0.19173026589128161,0.0,,0.0,1.0,0.03001448585400683,0.0,0.0,0.0,0.0,0.0,0.0,0.20689655172413796,0.0,0.0,0.0,0.03530984935475081,0.3478260869565218,0.1739130434782609,0.25,0.13333333333333333,0.0
db25_DBPEDIA-CL_db25:40-en,0.0,0.0,0.0,0.013852654329718078,0.04478256828046337,0.09617558454562519,0.16666666666666666,0.0,0.0,0.0,0.0,0.10714285714285714,0.17701863354037262,0.19363496932515337,0.0,0.07598632874920781,0.0,,0.0,1.0,0.01691967020615708,0.0,0.0,0.0,0.0,0.0,0.0,0.17543859649122806,0.07272727272727272,0.03773584905660377,0.0,0.016473675090573986,0.29629629629629634,0.14814814814814817,0.2,0.11764705882352941,0.0
db25_DBPEDIA-CL_db25:40-es,0.0,0.0,0.0,0.01867970453030653,0.050668113946752184,0.06570043198176041,0.16139047779640892,0.0,0.0,0.0,0.0,0.1,0.19565217391304346,0.22275449101796405,0.0,0.08988139040385507,0.0,,0.0,1.0,0.01947104482106315,0.0,0.0,0.0,0.0,0.0,0.0,0.1639344262295082,0.06779661016949153,0.03508771929824561,0.0,0.02122424204722497,0.3225806451612903,0.1935483870967742,0.21428571428571427,0.17647058823529413,0.0
db25_DBPEDIA-CL_db25:41-en,0.0,0.0,0.0,0.027522672641022667,0.34933877327407303,0.13497638119975428,0.2240092377397959,0.0,0.0,0.0,0.0,0.2,0.21212121212121215,0.4818702290076337,0.0,0.11514123199877162,0.0,,0.0,1.0,0.020912708837155788,0.0,0.0,0.0,0.0,0.0,0.0,0.3783783783783784,0.1142857142857143,0.0,0.0,0.027522672641022667,0.4444444444444445,0.4444444444444445,0.42857142857142855,0.46153846153846156,0.0
db25_DBPEDIA-CL_db25:41-es,0.0,0.0,0.0,0.027522672641022667,0.34933877327407303,0.13497638119975428,0.2240092377397959,0.0,0.0,0.0,0.0,0.2,0.19999999999999996,0.4818702290076337,0.0,0.11514123199877162,0.0,,0.0,1.0,0.020912708837155788,0.0,0.0,0.0,0.0,0.0,0.0,0.3783783783783784,0.1142857142857143,0.0,0.0,0.027522672641022667,0.4444444444444445,0.4444444444444445,0.42857142857142855,0.46153846153846156,0.0
db25_DBPEDIA-CL_db25:42-en,0.0,0.0,0.0,0.027582843867541344,0.19385499459629715,0.42874646285627205,0.23166247903554,0.0,0.0,0.0,0.0,0.21428571428571427,0.30625,0.2118305355715428,0.0,0.0224528669812622,0.2,,0.0,1.0,0.01748631038720509,0.0,0.19047619047619047,0.0,0.0,0.0,0.0,0.43750000000000006,0.3333333333333333,0.28571428571428575,0.23076923076923073,0.027582843867541344,0.31578947368421056,0.31578947368421056,0.75,0.2,0.0
db25_DBPEDIA-CL_db25:42-es,0.0,0.0,0.0,0.038593984822825105,0.3486497850096343,0.4900980294098034,0.25,0.0,0.0,0.0,0.0,0.35714285714285715,0.17500000000000004,0.35493827160493824,0.0,0.3303164318013807,0.16666666666666669,,0.0,1.0,0.030601688609851067,0.0,0.16,0.0,0.0,0.0,0.0,0.5,0.29411764705882354,0.25000000000000006,0.2,0.04271126521260918,0.5,0.33333333333333337,0.4444444444444444,0.26666666666666666,0.0
db25_DBPEDIA-CL_db25:43-en,0.0,0.0,0.0,0.0173912273033534,0.30726596691367075,0.0842151921066519,0.1757340838011157,0.0,0.0,0.0,0.0,0.15384615384615385,0.21276595744680848,0.22545454545454546,0.0,0.08916560711180398,0.0,,0.0,1.0,0.018564780992259573,0.0,0.0,0.0,0.0,0.0,0.0,0.14285714285714285,0.0,0.0,0.0,0.02068177124777745,0.41379310344827586,0.20689655172413793,0.25,0.17647058823529413,0.0
db25_DBPEDIA-CL_db25:43-es,0.0,0.0,0.0,0.00922224338631682,0.3079090165110011,0.053262364129130754,0.1639607805437114,0.0,0.0,0.0,0.0,0.07142857142857142,0.15197568389057747,0.1597222222222222,0.0,0.02173169976539363,0.0,,0.0,1.0,0.012272151761999944,0.0,0.0,0.0,0.0,0.0,0.0,0.07843137254901962,0.0,0.0,0.0,0.00922224338631682,0.16666666666666666,0.16666666666666666,0.2857142857142857,0.11764705882352941,0.0
db25_DBPEDIA-CL_db25:44-en,0.0,0.0,0.0,0.009744276888995602,0.30236593105482096,0.2284160962880643,0.18660549686337075,0.0,0.0,0.0,0.0,0.17391304347826086,0.1628664495114006,0.18566176470588236,0.0,0.05624534275009438,0.0,,0.0,1.0,0.014177839215151157,0.0,0.0,0.0,0.0,0.0,0.0,0.20408163265306123,0.0425531914893617,0.0,0.0,0.01158796340695015,0.30769230769230765,0.15384615384615383,0.25,0.1111111111111111,0.0
db25_DBPEDIA-CL_db25:44-es,0.0,0.0,0.0,0.009744276888995602,0.30236593105482096,0.2284160962880643,0.18660549686337075,0.0,0.0,0.0,0.0,0.17391304347826086,0.1628664495114006,0.18566176470588236,0.0,0.05624534275009438,0.0,,0.0,1.0,0.014177839215151157,0.0,0.0,0.0,0.0,0.0,0.0,0.20408163265306123,0.0425531914893617,0.0,0.0,0.01158796340695015,0.30769230769230765,0.15384615384615383,0.25,0.1111111111111111,0.0
db25_DBPEDIA-CL_db25:45-en,0.0,0.0,1.0,0.026487690798830184,0.3064312673937067,0.2809757434745082,0.2402530733520421,1.0,0.0,0.0,0.0,0.23076923076923078,0.2649572649572649,0.32206632653061223,0.0,0.15289069313303227,0.0,,0.0,0.0,0.03001448585400683,0.0,0.0,0.0,0.0,0.0,0.0,0.32,0.08695652173913045,0.0,0.0,0.03149935035796096,0.4444444444444445,0.22222222222222224,0.25,0.2,0.0
db25_DBPEDIA-CL_db25:45-es,0.0,0.0,1.0,0.01105856098225652,0.26748146705050785,0.0734718358370645,0.1566130288262323,1.0,0.0,0.0,0.0,0.06451612903225806,0.1707317073170732,0.2630208333333334,0.0,0.15289069313303227,0.0,,0.0,0.0,0.01105856098225652,0.0,0.0,0.0,0.0,0.0,0.0,0.07547169811320754,0.0,0.0,0.0,0.013150919401790927,0.2,0.1,0.06666666666666667,0.2,0.0
db25_DBPEDIA-CL_db25:46-en,0.0,0.0,0.0,0.0027917820706311303,0.3006778505962467,0.27777777777777785,0.2,0.0,0.0,0.0,0.0,0.15789473684210525,0.14634146341463417,0.12139423076923075,0.0,0.04569540498619196,0.0,0.0,0.0,1.0,0.006697137035377326,0.0,0.0,0.0,0.0,0.0,0.0,0.13953488372093023,0.0,0.0,0.0,0.0033200071019315693,0.22222222222222224,0.11111111111111112,0.25,0.07142857142857142,0.0
db25_DBPEDIA-CL_db25:46-es,0.0,0.0,0.0,0.013069326401250215,0.30772290753378295,0.5443310539518172,0.21089672205953397,0.0,0.0,0.0,0.0,0.3,0.18292682926829273,0.2735294117647059,0.0,0.20330523597134587,0.05555555555555555,0.0,0.0,1.0,0.01854625697798728,0.0,0.0,0.0,0.0,0.0,0.0,0.3333333333333333,0.1,0.0,0.0,0.03618308745187528,0.45833333333333337,0.20833333333333331,0.25,0.17857142857142858,0.0
db25_DBPEDIA-CL_db25:47-en,0.0,0.0,0.0,0.018180306971358407,0.46814788226315573,0.11145564251507058,0.17253779651421453,0.0,0.0,0.0,0.0,0.14814814814814814,0.19081272084805656,0.2756274923762609,0.0,0.09350118381587852,0.0,,0.0,1.0,0.018564780992259573,0.0,0.0,0.0,0.0,0.0,0.0,0.2641509433962264,0.039215686274509796,0.0,0.0,0.0396114462440903,0.4666666666666666,0.33333333333333337,0.4166666666666667,0.2777777777777778,0.0
db25_DBPEDIA-CL_db25:47-es,0.0,0.0,0.0,0.018180306971358407,0.46814788226315573,0.11145564251507058,0.17253779651421453,0.0,0.0,0.0,0.0,0.14814814814814814,0.19081272084805656,0.2756274923762609,0.0,0.09350118381587852,0.0,,0.0,1.0,0.018564780992259573,0.0,0.0,0.0,0.0,0.0,0.0,0.2641509433962264,0.039215686274509796,0.0,0.0,0.0396114462440903,0.4666666666666666,0.33333333333333337,0.4166666666666667,0.2777777777777778,0.0
db25_DBPEDIA-CL_db25:48-en,0.0,0.0,0.0,0.024271412912056454,0.30872757218681873,0.11624763874381928,0.23166247903554,0.0,0.0,0.0,0.0,0.26666666666666666,0.2676056338028169,0.2883720930232559,0.0,0.14798568161101283,0.0,,0.0,1.0,0.024271412912056454,0.0,0.0,0.0,0.0,0.0,0.0,0.27906976744186046,0.0975609756097561,0.0,0.0,0.06875393112502282,0.48000000000000004,0.24000000000000002,0.25,0.23076923076923078,0.0
db25_DBPEDIA-CL_db25:48-es,0.0,0.0,0.0,0.009428198039152846,0.01892368680229267,0.02551967208452836,0.1566130288262323,0.0,0.0,0.0,0.0,0.06451612903225806,0.17712177121771222,0.2354430379746836,0.0,0.13692677232311823,0.0,,0.0,1.0,0.009428198039152846,0.0,0.0,0.0,0.0,0.0,0.0,0.0547945205479452,0.0,0.0,0.0,0.02415520501465448,0.2222222222222222,0.1111111111111111,0.07317073170731707,0.23076923076923078,0.0
db25_DBPEDIA-CL_db25:49-en,0.0,0.0,0.0,0.027895820162122397,0.5479413219776614,0.18394180184548975,0.2240092377397959,0.0,0.0,0.0,0.0,0.2,0.1842105263157895,0.350076103500761,0.0,0.06302647598688789,0.07692307692307691,,0.0,1.0,0.027895820162122397,0.0,0.07692307692307691,0.0,0.0,0.0,0.0,0.31249999999999994,0.2,0.14285714285714285,0.07692307692307691,0.027895820162122397,0.23529411764705882,0.23529411764705882,0.2,0.2857142857142857,0.0
db25_DBPEDIA-CL_db25:49-es,0.0,0.0,0.0,0.009497874563872959,0.5146911224377624,0.02043797798283219,0.15438708879488486,0.0,0.0,0.0,0.0,0.03225806451612903,0.17441860465116277,0.25813692480359146,0.0,0.05284133043873052,0.0,,0.0,1.0,0.009497874563872959,0.0,0.0,0.0,0.0,0.0,0.0,0.0625,0.0,0.0,0.0,0.009497874563872959,0.09302325581395349,0.09302325581395349,0.05555555555555555,0.2857142857142857,0.0
db25_DBPEDIA-CL_db25:5-en,0.0,0.0,0.0,0.018688671660841403,0.03143479369119216,0.32998316455372223,0.2402530733520421,0.0,0.0,0.0,0.0,0.375,0.3829787234042553,0.32538659793814434,0.0,0.10338768999739956,0.13793103448275862,,0.0,1.0,0.018688671660841403,0.0,0.13793103448275862,0.0,0.0,0.0,0.0,0.45714285714285713,0.2424242424242424,0.1935483870967742,0.13793103448275862,0.04331412720926564,0.32,0.16,0.125,0.2222222222222222,0.0
db25_DBPEDIA-CL_db25:5-es,0.0,0.0,0.0,0.02383765064930276,0.2907782822210671,0.16035674514745465,0.20521309615767264,0.0,0.0,0.0,0.0,0.16666666666666666,0.2836879432624113,0.33938172043010756,0.0,0.13929692701099317,0.0,,0.0,1.0,0.02383765064930276,0.0,0.0,0.0,0.0,0.0,0.0,0.36363636363636365,0.12903225806451615,0.06896551724137931,0.0,0.05678170484701192,0.380952380952381,0.1904761904761905,0.16666666666666666,0.2222222222222222,0.0
db25_DBPEDIA-CL_db25:50-en,0.0,0.0,0.0,0.0,0.25,0.0,0.179128784747792,0.0,0.0,0.0,0.0,0.0,0.14800000000000002,0.0,0.0,0.0,0.0,,0.0,1.0,0.0,0.0,0.0,0.0,0.0,0.0,0.0,0.11267605633802817,0.05797101449275362,0.0,0.0,0.0,0.0,0.0,0.0,0.0,0.0
db25_DBPEDIA-CL_db25:50-es,0.0,0.0,0.0,0.012073611356094145,0.26931665317605047,0.030528125543633176,0.15894454156034005,0.0,0.0,0.0,0.0,0.034482758620689655,0.13690476190476186,0.2839506172839506,0.0,0.06302647598688789,0.0,,0.0,1.0,0.012073611356094145,0.0,0.0,0.0,0.0,0.0,0.0,0.0425531914893617,0.0,0.0,0.0,0.012073611356094145,0.11764705882352941,0.11764705882352941,0.07407407407407407,0.2857142857142857,0.0
db25_DBPEDIA-CL_db25:51-en,0.0,0.0,0.0,0.022330777884899577,0.3083153097057949,0.23249527748763857,0.25,0.0,0.0,0.0,0.0,0.35714285714285715,0.3028846153846154,0.26956521739130435,0.0,0.1267050154476906,0.0,,0.0,1.0,0.024271412912056454,0.0,0.0,0.0,0.0,0.0,0.0,0.37209302325581395,0.0975609756097561,0.0,0.0,0.053192307309094494,0.4615384615384615,0.23076923076923075,0.25,0.21428571428571427,0.0
db25_DBPEDIA-CL_db25:51-es,0.0,0.0,0.0,0.011303083972869978,0.273287161469363,0.03224129401095805,0.15894454156034005,0.0,0.0,0.0,0.0,0.06666666666666667,0.13777777777777778,0.23396226415094337,0.0,0.1267050154476906,0.0,,0.0,1.0,0.011303083972869978,0.0,0.0,0.0,0.0,0.0,0.0,0.06060606060606061,0.0,0.0,0.0,0.02472070390781407,0.2553191489361702,0.1276595744680851,0.09090909090909091,0.21428571428571427,0.0
db25_DBPEDIA-CL_db25:52-en,0.0,0.0,0.0,0.01883852621381226,0.31036303395805864,0.1533929977694741,0.2402530733520421,0.0,0.0,0.0,0.0,0.2857142857142857,0.16402116402116407,0.32608695652173914,0.0,0.10157177145736124,0.0,,0.0,1.0,0.021731464395667695,0.0,0.0,0.0,0.0,0.0,0.0,0.33333333333333337,0.1764705882352941,0.0,0.0,0.01883852621381226,0.2105263157894737,0.2105263157894737,0.2857142857142857,0.16666666666666666,0.0
db25_DBPEDIA-CL_db25:52-es,0.0,0.0,0.0,0.007983302249662896,0.015629762237804837,0.009557242498741928,0.14459058185587106,0.0,0.0,0.0,0.0,0.027777777777777776,0.17579250720461093,0.19976265822784808,0.0,0.05823584617299056,0.0,,0.0,1.0,0.007983302249662896,0.0,0.0,0.0,0.0,0.0,0.0,0.023255813953488372,0.0,0.0,0.0,0.009070782624430541,0.16129032258064516,0.0967741935483871,0.06,0.25,0.0
db25_DBPEDIA-CL_db25:53-en,0.0,0.0,0.0,0.024271412912056454,0.30872757218681873,0.09583148474999098,0.17253779651421453,0.0,0.0,0.0,0.0,0.11538461538461539,0.2079646017699115,0.2883720930232559,0.0,0.12035502058767225,0.0,,0.0,1.0,0.02383765064930276,0.0,0.0,0.0,0.0,0.0,0.0,0.21818181818181817,0.07547169811320756,0.0392156862745098,0.0,0.02757764940220787,0.4,0.24000000000000002,0.25,0.23076923076923078,0.0
db25_DBPEDIA-CL_db25:53-es,0.0,0.0,0.0,0.024271412912056454,0.30872757218681873,0.11952286093343936,0.1757340838011157,0.0,0.0,0.0,0.0,0.12,0.16814159292035402,0.2883720930232559,0.0,0.12444062917557824,0.0,,0.0,1.0,0.02383765064930276,0.0,0.0,0.0,0.0,0.0,0.0,0.22222222222222224,0.07692307692307693,0.04,0.0,0.02886373692618645,0.48000000000000004,0.24000000000000002,0.25,0.23076923076923078,0.0
db25_DBPEDIA-CL_db25:54-en,0.0,0.0,0.0,0.018204705905966265,0.30442014112873256,0.14638501094227999,0.179128784747792,0.0,0.0,0.0,0.0,0.125,0.18018018018018023,0.2525,0.0,0.1050801342172536,0.05,,0.0,1.0,0.02062863433588219,0.0,0.06896551724137931,0.0,0.0,0.0,0.0,0.26086956521739124,0.13636363636363635,0.09523809523809523,0.05,0.021649165789907145,0.380952380952381,0.1904761904761905,0.25,0.15384615384615385,0.0
db25_DBPEDIA-CL_db25:54-es,0.0,0.0,0.0,0.018204705905966265,0.30442014112873256,0.14638501094227999,0.179128784747792,0.0,0.0,0.0,0.0,0.125,0.16216216216216217,0.2525,0.0,0.1050801342172536,0.05,,0.0,1.0,0.02062863433588219,0.0,0.06896551724137931,0.0,0.0,0.0,0.0,0.26086956521739124,0.13636363636363635,0.09523809523809523,0.05,0.021649165789907145,0.380952380952381,0.1904761904761905,0.25,0.15384615384615385,0.0
db25_DBPEDIA-CL_db25:55-en,0.0,0.0,0.0,0.02568481047180467,0.04406577183701904,0.23643312187173018,0.2240092377397959,0.0,0.0,0.0,0.0,0.2,0.2649572649572649,0.34307065217391297,0.0,0.1527898075109779,0.0,,0.0,1.0,0.02568481047180467,0.0,0.0,0.0,0.0,0.0,0.0,0.33333333333333337,0.0,0.0,0.0,0.061729293904138435,0.39999999999999997,0.19999999999999998,0.18181818181818182,0.2222222222222222,0.0
db25_DBPEDIA-CL_db25:55-es,0.0,0.0,0.0,0.01550550784373247,0.025590272093039615,0.19658927487319622,0.21089672205953397,0.0,0.0,0.0,0.0,0.17647058823529413,0.17948717948717952,0.3125,0.0,0.08252159623508792,0.0,,0.0,1.0,0.01550550784373247,0.0,0.0,0.0,0.0,0.0,0.0,0.2424242424242424,0.0,0.0,0.0,0.035247858975832255,0.2758620689655173,0.13793103448275865,0.1,0.2222222222222222,0.0
db25_DBPEDIA-CL_db25:56-en,0.0,0.0,0.0,0.00777826417146598,0.5268885790054524,0.4181666987914534,0.23166247903554,0.0,0.0,0.0,0.0,0.35294117647058826,0.19090909090909092,0.2582675970873786,0.0,0.11629028465791766,0.0,,0.0,1.0,0.02062863433588219,0.0,0.0,0.0,0.0,0.0,0.0,0.43902439024390244,0.15384615384615383,0.05405405405405406,0.0,0.03411452484397793,0.39999999999999997,0.39999999999999997,0.75,0.2727272727272727,0.0
db25_DBPEDIA-CL_db25:56-es,0.0,0.0,0.0,0.007431686438488645,0.501804429198268,0.36589586144252173,0.21712927295533244,0.0,0.0,0.0,0.0,0.2777777777777778,0.1636363636363637,0.23281157123043392,0.0,0.11629028465791766,0.0,,0.0,1.0,0.02062863433588219,0.0,0.0,0.0,0.0,0.0,0.0,0.3902439024390244,0.10256410256410256,0.05405405405405406,0.0,0.01556380196920772,0.3333333333333333,0.3333333333333333,0.625,0.22727272727272727,0.0
db25_DBPEDIA-CL_db25:57-en,0.0,0.0,0.0,0.026380696981716002,0.30917566194690915,0.3086066999241838,0.2402530733520421,0.0,0.0,0.0,0.0,0.2857142857142857,0.2384615384615385,0.3647058823529412,0.0,0.13081435925695184,0.0,,0.0,1.0,0.02383765064930276,0.0,0.0,0.0,0.0,0.0,0.0,0.2962962962962963,0.0,0.0,0.0,0.02997425881153643,0.45454545454545453,0.2727272727272727,0.25,0.3,0.0
db25_DBPEDIA-CL_db25:57-es,0.0,0.0,0.0,0.026380696981716002,0.30917566194690915,0.3086066999241838,0.2402530733520421,0.0,0.0,0.0,0.0,0.2857142857142857,0.2384615384615385,0.3647058823529412,0.0,0.13081435925695184,0.0,,0.0,1.0,0.02383765064930276,0.0,0.0,0.0,0.0,0.0,0.0,0.2962962962962963,0.0,0.0,0.0,0.02997425881153643,0.45454545454545453,0.2727272727272727,0.25,0.3,0.0
db25_DBPEDIA-CL_db25:58-en,0.0,0.0,0.0,0.027895820162122397,0.29794132197766143,0.2934695928267111,0.27429188517743175,0.0,0.0,0.0,0.0,0.46153846153846156,0.38961038961038963,0.5136986301369862,0.0,0.13826707794313167,0.07407407407407407,,0.0,1.0,0.027895820162122397,0.0,0.07407407407407407,0.0,0.0,0.0,0.0,0.5454545454545454,0.3225806451612903,0.13793103448275862,0.07407407407407407,0.027895820162122397,0.23529411764705882,0.23529411764705882,0.2,0.2857142857142857,0.0
db25_DBPEDIA-CL_db25:58-es,0.0,0.0,0.0,0.011713183580694267,0.268663485754761,0.13334518676566626,0.17253779651421453,0.0,0.0,0.0,0.0,0.17857142857142858,0.20958083832335328,0.41208791208791207,0.0,0.048261033797970414,0.0,,0.0,1.0,0.011713183580694267,0.0,0.0,0.0,0.0,0.0,0.0,0.32,0.16666666666666666,0.043478260869565216,0.0,0.011713183580694267,0.1142857142857143,0.1142857142857143,0.07142857142857142,0.2857142857142857,0.0
db25_DBPEDIA-CL_db25:59-en,0.0,0.0,0.0,0.0173912273033534,0.30726596691367075,0.15228622596829317,0.21712927295533244,0.0,0.0,0.0,0.0,0.2777777777777778,0.24481327800829877,0.22545454545454546,0.0,0.13731816859901994,0.0,,0.0,1.0,0.0173912273033534,0.0,0.0,0.0,0.0,0.0,0.0,0.3111111111111111,0.09302325581395349,0.04878048780487805,0.0,0.09543819103023578,0.4827586206896552,0.20689655172413793,0.25,0.17647058823529413,0.0
db25_DBPEDIA-CL_db25:59-es,0.0,0.0,0.0,0.0173912273033534,0.30726596691367075,0.15228622596829317,0.21712927295533244,0.0,0.0,0.0,0.0,0.2777777777777778,0.24481327800829877,0.22545454545454546,0.0,0.13731816859901994,0.0,,0.0,1.0,0.0173912273033534,0.0,0.0,0.0,0.0,0.0,0.0,0.3111111111111111,0.09302325581395349,0.04878048780487805,0.0,0.09543819103023578,0.4827586206896552,0.20689655172413793,0.25,0.17647058823529413,0.0
db25_DBPEDIA-CL_db25:6-en,0.0,0.0,0.0,0.01787744622929933,0.04767826563026142,0.14099041153938316,0.1757340838011157,0.0,0.0,0.0,0.0,0.15384615384615385,0.1428571428571429,0.21016949152542372,0.0,0.08780096794753234,0.0,,0.0,1.0,0.019730657693620934,0.0,0.0,0.0,0.0,0.0,0.0,0.2105263157894737,0.0,0.0,0.0,0.021259986253961333,0.3636363636363636,0.1818181818181818,0.2,0.16666666666666666,0.0
db25_DBPEDIA-CL_db25:6-es,0.0,0.0,0.0,0.018025442593281142,0.07040595837435734,0.12456821978060997,0.17253779651421453,0.0,0.0,0.0,0.0,0.11538461538461539,0.15306122448979587,0.24365079365079365,0.0,0.08718106396939601,0.0,,0.0,1.0,0.01909194795083855,0.0,0.0,0.0,0.0,0.0,0.0,0.14035087719298245,0.0,0.0,0.0,0.020732202841599517,0.45161290322580644,0.2580645161290323,0.3076923076923077,0.2222222222222222,0.0
db25_DBPEDIA-CL_db25:60-en,0.0,0.0,0.0,0.017506741399611767,0.485861934941128,0.42257712736425823,0.2240092377397959,0.0,0.0,0.0,0.0,0.29411764705882354,0.3390804597701149,0.2907274590163934,0.0,0.3003918358815796,0.0,,0.0,1.0,0.026380696981716002,0.0,0.0,0.0,0.0,0.0,0.0,0.4444444444444444,0.1176470588235294,0.06250000000000001,0.0,0.14069146483778783,0.5161290322580646,0.3870967741935484,0.5,0.3157894736842105,0.0
db25_DBPEDIA-CL_db25:60-es,0.0,0.0,0.0,0.017506741399611767,0.485861934941128,0.42257712736425823,0.2240092377397959,0.0,0.0,0.0,0.0,0.29411764705882354,0.3390804597701149,0.2907274590163934,0.0,0.3003918358815796,0.0,,0.0,1.0,0.026380696981716002,0.0,0.0,0.0,0.0,0.0,0.0,0.4444444444444444,0.1176470588235294,0.06250000000000001,0.0,0.14069146483778783,0.5161290322580646,0.3870967741935484,0.5,0.3157894736842105,0.0
db25_DBPEDIA-CL_db25:61-en,0.0,0.0,1.0,0.026480261910431388,0.07215987013541596,0.36084391824351614,0.2402530733520421,1.0,0.0,0.0,0.0,0.3333333333333333,0.19852941176470584,0.44034536891679743,0.0,0.06257848925179675,0.0,,0.0,0.0,0.021023279915645145,0.0,0.0,0.0,0.0,0.0,0.0,0.42857142857142855,0.07692307692307693,0.0,0.0,0.02930522708520352,0.46153846153846156,0.3076923076923077,0.3076923076923077,0.3076923076923077,0.0
db25_DBPEDIA-CL_db25:61-es,0.0,0.0,1.0,0.019497143906920172,0.30890976562495065,0.14433756729740646,0.1907435698305462,1.0,0.0,0.0,0.0,0.14285714285714285,0.13235294117647056,0.35006703411291523,0.0,0.09132515853818196,0.0,,0.0,0.0,0.01843926024949715,0.0,0.0,0.0,0.0,0.0,0.0,0.2222222222222222,0.058823529411764705,0.0,0.0,0.0774963954194193,0.4242424242424242,0.30303030303030304,0.25,0.38461538461538464,0.0
db25_DBPEDIA-CL_db25:62-en,0.0,0.0,0.0,0.03001448585400683,0.30728758069843787,0.2553769592276246,0.23166247903554,0.0,0.0,0.0,0.0,0.21428571428571427,0.18439716312056742,0.3546348314606741,0.0,0.17324785241201035,0.08695652173913045,,0.0,1.0,0.03001448585400683,0.0,0.08695652173913045,0.0,0.0,0.0,0.0,0.41379310344827586,0.22222222222222224,0.16,0.08695652173913045,0.03569344013073345,0.47058823529411764,0.23529411764705882,0.25,0.2222222222222222,0.0
db25_DBPEDIA-CL_db25:62-es,0.0,0.0,0.0,0.018688671660841403,0.03143479369119216,0.08178608201095308,0.20521309615767264,0.0,0.0,0.0,0.0,0.11764705882352941,0.13407821229050276,0.32538659793814434,0.0,0.09342132383024378,0.0,,0.0,1.0,0.018688671660841403,0.0,0.0,0.0,0.0,0.0,0.0,0.16326530612244897,0.0,0.0,0.0,0.022224701309022314,0.32,0.16,0.125,0.2222222222222222,0.0
db25_DBPEDIA-CL_db25:63-en,0.0,0.0,0.0,0.025372662301107043,0.46967580390280117,0.1649572197684645,0.2240092377397959,0.0,0.0,0.0,0.0,0.25,0.30722891566265065,0.3475303164744159,0.0,0.16675317814144971,0.0,,0.0,1.0,0.024271412912056454,0.0,0.0,0.0,0.0,0.0,0.0,0.3888888888888889,0.05882352941176471,0.0,0.0,0.11073196446428506,0.5384615384615384,0.3846153846153846,0.4166666666666667,0.35714285714285715,0.0
db25_DBPEDIA-CL_db25:63-es,0.0,0.0,0.0,0.025372662301107043,0.46967580390280117,0.12371791482634838,0.21089672205953397,0.0,0.0,0.0,0.0,0.17647058823529413,0.27710843373493976,0.3475303164744159,0.0,0.16675317814144971,0.0,,0.0,1.0,0.024271412912056454,0.0,0.0,0.0,0.0,0.0,0.0,0.33333333333333337,0.05882352941176471,0.0,0.0,0.11073196446428506,0.5384615384615384,0.3846153846153846,0.4166666666666667,0.35714285714285715,0.0
db25_DBPEDIA-CL_db25:64-en,0.0,0.0,0.0,0.018738720292863827,0.04105416147691346,0.23554076516559616,0.2240092377397959,0.0,0.0,0.0,0.0,0.29411764705882354,0.3317972350230415,0.2755555555555556,0.0,0.10593580077460382,0.05,,0.0,1.0,0.018738720292863827,0.0,0.05,0.0,0.0,0.0,0.0,0.391304347826087,0.13636363636363635,0.09523809523809523,0.05,0.0511130148423785,0.3870967741935484,0.1935483870967742,0.16666666666666666,0.23076923076923078,0.0
db25_DBPEDIA-CL_db25:64-es,0.0,0.0,0.0,0.018738720292863827,0.04105416147691346,0.23554076516559616,0.2240092377397959,0.0,0.0,0.0,0.0,0.29411764705882354,0.3317972350230415,0.2755555555555556,0.0,0.10593580077460382,0.05,,0.0,1.0,0.018738720292863827,0.0,0.05,0.0,0.0,0.0,0.0,0.391304347826087,0.13636363636363635,0.09523809523809523,0.05,0.0511130148423785,0.3870967741935484,0.1935483870967742,0.16666666666666666,0.23076923076923078,0.0
db25_DBPEDIA-CL_db25:65-en,0.0,0.0,0.0,0.02383765064930276,0.2907782822210671,0.22291128503014115,0.23166247903554,0.0,0.0,0.0,0.0,0.26666666666666666,0.21599999999999997,0.33938172043010756,0.0,0.13929692701099317,0.0,,0.0,1.0,0.02383765064930276,0.0,0.0,0.0,0.0,0.0,0.0,0.3448275862068966,0.07407407407407407,0.0,0.0,0.05678170484701192,0.380952380952381,0.1904761904761905,0.16666666666666666,0.2222222222222222,0.0
db25_DBPEDIA-CL_db25:65-es,0.0,0.0,0.0,0.02383765064930276,0.2907782822210671,0.22291128503014115,0.23166247903554,0.0,0.0,0.0,0.0,0.26666666666666666,0.256,0.33938172043010756,0.0,0.13929692701099317,0.0,,0.0,1.0,0.02383765064930276,0.0,0.0,0.0,0.0,0.0,0.0,0.3448275862068966,0.07407407407407407,0.0,0.0,0.05678170484701192,0.380952380952381,0.1904761904761905,0.16666666666666666,0.2222222222222222,0.0
db25_DBPEDIA-CL_db25:66-en,0.0,0.0,1.0,0.018902595382158972,0.30758703725672304,0.1286978904175574,0.17253779651421453,1.0,0.0,0.0,0.0,0.14814814814814814,0.1348837209302326,0.23846153846153847,0.0,0.04679539448912386,0.0,,0.0,0.0,0.013302246854899122,0.0,0.0,0.0,0.0,0.0,0.0,0.17777777777777776,0.0,0.0,0.0,0.02147749494970815,0.35714285714285715,0.21428571428571427,0.25,0.1875,0.0
db25_DBPEDIA-CL_db25:66-es,0.0,0.0,1.0,0.011908226236406779,0.2747120445141586,0.040697846377823976,0.13367660240019172,1.0,0.0,0.0,0.0,0.045454545454545456,0.1348837209302326,0.21257142857142855,0.0,0.04679539448912386,0.0,,0.0,0.0,0.011908226236406779,0.0,0.0,0.0,0.0,0.0,0.0,0.06060606060606061,0.0,0.0,0.0,0.013530357270081759,0.2127659574468085,0.12765957446808507,0.0967741935483871,0.1875,0.0
db25_DBPEDIA-CL_db25:67-en,0.0,0.0,0.0,0.03001448585400683,0.30728758069843787,0.3405026123034995,0.25,0.0,0.0,0.0,0.0,0.3076923076923077,0.4217687074829932,0.3546348314606741,0.0,0.19173026589128161,0.3225806451612903,,0.0,1.0,0.03001448585400683,0.0,0.3225806451612903,0.0,0.0,0.0,0.0,0.5945945945945945,0.4,0.3636363636363637,0.3225806451612903,0.07475095167059852,0.47058823529411764,0.23529411764705882,0.25,0.2222222222222222,0.0
db25_DBPEDIA-CL_db25:67-es,0.0,0.0,0.0,0.03001448585400683,0.30728758069843787,0.3405026123034995,0.25,0.0,0.0,0.0,0.0,0.3076923076923077,0.4217687074829932,0.3546348314606741,0.0,0.19173026589128161,0.3225806451612903,,0.0,1.0,0.03001448585400683,0.0,0.3225806451612903,0.0,0.0,0.0,0.0,0.5945945945945945,0.4,0.3636363636363637,0.3225806451612903,0.07475095167059852,0.47058823529411764,0.23529411764705882,0.25,0.2222222222222222,0.0
db25_DBPEDIA-CL_db25:68-en,0.0,0.0,0.0,0.02383765064930276,0.2907782822210671,0.16718346377260587,0.21712927295533244,0.0,0.0,0.0,0.0,0.1875,0.23728813559322037,0.33938172043010756,0.0,0.13929692701099317,0.0,,0.0,1.0,0.02383765064930276,0.0,0.0,0.0,0.0,0.0,0.0,0.27586206896551724,0.07407407407407407,0.0,0.0,0.05678170484701192,0.380952380952381,0.1904761904761905,0.16666666666666666,0.2222222222222222,0.0
db25_DBPEDIA-CL_db25:68-es,0.0,0.0,0.0,0.011713183580694267,0.018663485754760997,0.10727978097782273,0.16952084719853724,0.0,0.0,0.0,0.0,0.1111111111111111,0.2222222222222222,0.28956422018348627,0.0,0.05910745363212039,0.0,,0.0,1.0,0.011713183580694267,0.0,0.0,0.0,0.0,0.0,0.0,0.17777777777777778,0.0,0.0,0.0,0.025927732347438295,0.21621621621621623,0.10810810810810811,0.07142857142857142,0.2222222222222222,0.0
db25_DBPEDIA-CL_db25:69-en,0.0,0.0,0.0,0.03001448585400683,0.30728758069843787,0.2553769592276246,0.23166247903554,0.0,0.0,0.0,0.0,0.21428571428571427,0.31007751937984496,0.3546348314606741,0.0,0.19173026589128161,0.0,,0.0,1.0,0.03001448585400683,0.0,0.0,0.0,0.0,0.0,0.0,0.32,0.08695652173913045,0.0,0.0,0.07475095167059852,0.47058823529411764,0.23529411764705882,0.25,0.2222222222222222,0.0
db25_DBPEDIA-CL_db25:69-es,0.0,0.0,0.0,0.030601688609851067,0.30258393033680586,0.17025130615174974,0.21712927295533244,0.0,0.0,0.0,0.0,0.13333333333333333,0.21705426356589153,0.3506944444444444,0.0,0.1901696869733609,0.0,,0.0,1.0,0.030601688609851067,0.0,0.0,0.0,0.0,0.0,0.0,0.23076923076923075,0.0,0.0,0.0,0.07517081801936397,0.4444444444444444,0.2222222222222222,0.2222222222222222,0.2222222222222222,0.0
db25_DBPEDIA-CL_db25:7-en,0.0,0.0,0.0,0.026380696981716002,0.30917566194690915,0.40406101782088427,0.23166247903554,0.0,0.0,0.0,0.0,0.3125,0.17021276595744683,0.31000000000000005,0.0,0.13929692701099317,0.0,,0.0,1.0,0.02383765064930276,0.0,0.0,0.0,0.0,0.0,0.0,0.4375,0.2,0.14285714285714285,0.07692307692307693,0.06003934299439418,0.4166666666666667,0.25,0.25,0.25,0.0
db25_DBPEDIA-CL_db25:7-es,0.0,0.0,0.0,0.026380696981716002,0.30917566194690915,0.40406101782088427,0.23166247903554,0.0,0.0,0.0,0.0,0.3125,0.17021276595744683,0.31000000000000005,0.0,0.13929692701099317,0.0,,0.0,1.0,0.02383765064930276,0.0,0.0,0.0,0.0,0.0,0.0,0.4375,0.2,0.14285714285714285,0.07692307692307693,0.06003934299439418,0.4166666666666667,0.25,0.25,0.25,0.0
db25_DBPEDIA-CL_db25:70-en,0.0,0.0,1.0,0.024271412912056454,0.30872757218681873,0.10690449676496977,0.1951941016011038,1.0,0.0,0.0,0.0,0.10526315789473684,0.125,0.2883720930232559,0.0,0.0600864759079645,0.0,,0.0,0.0,0.017080423060745045,0.0,0.0,0.0,0.0,0.0,0.0,0.29411764705882354,0.0625,0.0,0.0,0.02757764940220787,0.4,0.24000000000000002,0.25,0.23076923076923078,0.0
db25_DBPEDIA-CL_db25:70-es,0.0,0.0,1.0,0.011303083972869978,0.273287161469363,0.06575959492214292,0.1463924816619788,1.0,0.0,0.0,0.0,0.05555555555555555,0.16055045871559637,0.28425925925925927,0.0,0.0600864759079645,0.0,,0.0,0.0,0.010213489324855638,0.0,0.0,0.0,0.0,0.0,0.0,0.07407407407407407,0.0,0.0,0.0,0.012842782910783277,0.21739130434782608,0.13043478260869568,0.09090909090909091,0.23076923076923078,0.0
db25_DBPEDIA-CL_db25:71-en,0.0,0.0,0.0,0.03001448585400683,0.30728758069843787,0.2553769592276246,0.23166247903554,0.0,0.0,0.0,0.0,0.21428571428571427,0.29032258064516125,0.3546348314606741,0.0,0.19173026589128161,0.0,,0.0,1.0,0.03001448585400683,0.0,0.0,0.0,0.0,0.0,0.0,0.32,0.08695652173913045,0.0,0.0,0.07475095167059852,0.47058823529411764,0.23529411764705882,0.25,0.2222222222222222,0.0
db25_DBPEDIA-CL_db25:71-es,0.0,0.0,0.0,0.03001448585400683,0.30728758069843787,0.17025130615174974,0.21712927295533244,0.0,0.0,0.0,0.0,0.13333333333333333,0.20967741935483875,0.3546348314606741,0.0,0.19173026589128161,0.0,,0.0,1.0,0.03001448585400683,0.0,0.0,0.0,0.0,0.0,0.0,0.28571428571428575,0.07692307692307691,0.0,0.0,0.07475095167059852,0.47058823529411764,0.23529411764705882,0.25,0.2222222222222222,0.0
db25_DBPEDIA-CL_db25:72-en,0.0,0.0,0.0,0.019730657693620934,0.03334148404663766,0.16151457061744964,0.21089672205953397,0.0,0.0,0.0,0.0,0.17647058823529413,0.19685039370078738,0.32877604166666663,0.0,0.11044506896905561,0.0,,0.0,1.0,0.019730657693620934,0.0,0.0,0.0,0.0,0.0,0.0,0.3333333333333333,0.07142857142857144,0.0,0.0,0.04599915789122599,0.33333333333333337,0.16666666666666669,0.13333333333333333,0.2222222222222222,0.0
db25_DBPEDIA-CL_db25:72-es,0.0,0.0,0.0,0.011713183580694267,0.268663485754761,0.0685591170191061,0.15894454156034005,0.0,0.0,0.0,0.0,0.06666666666666667,0.17801047120418845,0.28956422018348627,0.0,0.19173026589128161,0.0,,0.0,1.0,0.011713183580694267,0.0,0.0,0.0,0.0,0.0,0.0,0.0816326530612245,0.0,0.0,0.0,0.025927732347438295,0.21621621621621623,0.10810810810810811,0.07142857142857142,0.2222222222222222,0.0
db25_DBPEDIA-CL_db25:73-en,0.0,0.0,0.0,0.02383765064930276,0.2907782822210671,0.26064301757134345,0.2402530733520421,0.0,0.0,0.0,0.0,0.2857142857142857,0.26050420168067223,0.33938172043010756,0.0,0.13929692701099317,0.0,,0.0,1.0,0.02383765064930276,0.0,0.0,0.0,0.0,0.0,0.0,0.2962962962962963,0.0,0.0,0.0,0.05678170484701192,0.380952380952381,0.1904761904761905,0.16666666666666666,0.2222222222222222,0.0
db25_DBPEDIA-CL_db25:73-es,0.0,0.0,0.0,0.02383765064930276,0.2907782822210671,0.22291128503014115,0.23166247903554,0.0,0.0,0.0,0.0,0.26666666666666666,0.18487394957983194,0.33938172043010756,0.0,0.13929692701099317,0.0,,0.0,1.0,0.02383765064930276,0.0,0.0,0.0,0.0,0.0,0.0,0.2962962962962963,0.0,0.0,0.0,0.05678170484701192,0.380952380952381,0.1904761904761905,0.16666666666666666,0.2222222222222222,0.0
db25_DBPEDIA-CL_db25:74-en,0.0,0.0,0.0,0.022330777884899577,0.3083153097057949,0.19287918745261493,0.20521309615767264,0.0,0.0,0.0,0.0,0.16666666666666666,0.25,0.26956521739130435,0.0,0.13049141389369845,0.0,,0.0,1.0,0.02383765064930276,0.0,0.0,0.0,0.0,0.0,0.0,0.3076923076923077,0.1081081081081081,0.05714285714285715,0.0,0.055282226553882124,0.5384615384615384,0.23076923076923075,0.25,0.21428571428571427,0.0
db25_DBPEDIA-CL_db25:74-es,0.0,0.0,0.0,0.01606559657447872,0.30390076085509327,0.11785113019775795,0.20521309615767264,0.0,0.0,0.0,0.0,0.11764705882352941,0.23404255319148937,0.23554104477611937,0.0,0.09273289296989985,0.0,,0.0,1.0,0.02062863433588219,0.0,0.0,0.0,0.0,0.0,0.0,0.10526315789473685,0.0,0.0,0.0,0.01910532175313344,0.36363636363636365,0.18181818181818182,0.25,0.14285714285714285,0.0
db25_DBPEDIA-CL_db25:75-en,0.0,0.0,0.0,0.0173912273033534,0.30726596691367075,0.19851666679418606,0.2,0.0,0.0,0.0,0.0,0.1111111111111111,0.24827586206896557,0.1912878787878788,0.0,0.0414262105856976,0.0,,0.0,1.0,0.017080423060745045,0.0,0.0,0.0,0.0,0.0,0.0,0.2222222222222222,0.0,0.0,0.0,0.019760249268708476,0.3448275862068966,0.20689655172413793,0.25,0.17647058823529413,0.0
db25_DBPEDIA-CL_db25:75-es,0.0,0.0,0.0,0.00922224338631682,0.3079090165110011,0.17616606585441102,0.21712927295533244,0.0,0.0,0.0,0.0,0.1875,0.2206896551724138,0.234375,0.0,0.04972361356337619,0.0,,0.0,1.0,0.010638457144858005,0.0,0.0,0.0,0.0,0.0,0.0,0.2857142857142857,0.07692307692307691,0.0,0.0,0.00922224338631682,0.16666666666666666,0.16666666666666666,0.2857142857142857,0.11764705882352941,0.0
db25_DBPEDIA-CL_db25:76-en,0.0,0.0,0.0,5.389407245696224e-06,0.30000130855948726,0.14118624160050355,0.13231996486433337,0.0,0.0,0.0,0.0,0.0851063829787234,0.09871244635193133,0.028169014084507043,0.0,0.00020505607935922813,0.05714285714285715,,0.0,1.0,2.415364754863754e-05,0.0,0.06818181818181818,0.0,0.0,0.0,0.0,0.16666666666666669,0.09433962264150943,0.07692307692307691,0.058823529411764705,6.409121442229168e-06,0.09302325581395347,0.04651162790697674,0.25,0.02564102564102564,0.0
db25_DBPEDIA-CL_db25:76-es,0.0,0.0,0.0,3.43842433960949e-05,0.06250773410762565,0.10892755023757475,0.12849622184722817,0.0,0.0,0.0,0.0,0.061224489795918366,0.09585121602288982,0.03511235955056179,0.0,0.00041741836407479426,0.0,,0.0,1.0,0.00010315494121904543,0.0,0.0,0.0,0.0,0.0,0.0,0.05405405405405406,0.0,0.0,0.0,3.906804324797524e-05,0.11363636363636363,0.06818181818181818,0.3,0.038461538461538464,0.0
db25_DBPEDIA-CL_db25:77-en,0.0,0.0,0.0,0.19905304276733932,0.6997632606918348,0.5865884600854133,0.27429188517743175,0.0,0.0,0.0,0.0,0.46153846153846156,0.3112582781456954,0.5258018092105263,0.0,0.3201911827891037,0.0,,0.0,1.0,0.02062863433588219,0.0,0.0,0.0,0.0,0.0,0.0,0.5625,0.5333333333333333,0.5,0.4615384615384615,0.19905304276733932,0.5,0.5,0.75,0.375,0.0
db25_DBPEDIA-CL_db25:77-es,0.0,0.0,0.0,0.0028276542568132987,0.0023984369312024106,0.0,0.13100580420257674,0.0,0.0,0.0,0.0,0.0,0.09287925696594423,0.018726591760299626,0.0,0.0028276542568132987,0.0,,0.0,1.0,0.0028276542568132987,0.0,0.0,0.0,0.0,0.0,0.0,0.05084745762711864,0.017241379310344827,0.0,0.0,0.0028276542568132987,0.014388489208633094,0.014388489208633094,0.008130081300813009,0.0625,0.0
db25_DBPEDIA-CL_db25:78-en,0.0,0.0,0.0,0.009704916063346839,0.30563311081379474,0.13498731178900975,0.17253779651421453,0.0,0.0,0.0,0.0,0.11538461538461539,0.17013888888888884,0.16315789473684214,0.0,0.056711334703757006,0.0,,0.0,1.0,0.011260108862655755,0.0,0.0,0.0,0.0,0.0,0.0,0.13793103448275862,0.0,0.0,0.0,0.024025556622599604,0.38888888888888895,0.16666666666666666,0.25,0.125,0.0
db25_DBPEDIA-CL_db25:78-es,0.0,0.0,0.0,0.009704916063346839,0.30563311081379474,0.1458029608799511,0.179128784747792,0.0,0.0,0.0,0.0,0.125,0.13194444444444442,0.16315789473684214,0.0,0.10853305688574794,0.0,,0.0,1.0,0.011260108862655755,0.0,0.0,0.0,0.0,0.0,0.0,0.12244897959183672,0.0,0.0,0.0,0.03161941071772199,0.38888888888888895,0.16666666666666666,0.25,0.125,0.0
db25_DBPEDIA-CL_db25:79-en,0.0,0.0,0.0,0.02383765064930276,0.2907782822210671,0.22291128503014115,0.23166247903554,0.0,0.0,0.0,0.0,0.26666666666666666,0.22580645161290325,0.33938172043010756,0.0,0.13929692701099317,0.0,,0.0,1.0,0.02383765064930276,0.0,0.0,0.0,0.0,0.0,0.0,0.3448275862068966,0.07407407407407407,0.0,0.0,0.05678170484701192,0.380952380952381,0.1904761904761905,0.16666666666666666,0.2222222222222222,0.0
db25_DBPEDIA-CL_db25:79-es,0.0,0.0,0.0,0.02383765064930276,0.2907782822210671,0.22291128503014115,0.23166247903554,0.0,0.0,0.0,0.0,0.26666666666666666,0.22580645161290325,0.33938172043010756,0.0,0.13929692701099317,0.0,,0.0,1.0,0.02383765064930276,0.0,0.0,0.0,0.0,0.0,0.0,0.3448275862068966,0.07407407407407407,0.0,0.0,0.05678170484701192,0.380952380952381,0.1904761904761905,0.16666666666666666,0.2222222222222222,0.0
db25_DBPEDIA-CL_db25:8-en,0.0,0.0,0.0,0.02383765064930276,0.5407782822210672,0.04393747751637468,0.2,0.0,0.0,0.0,0.0,0.058823529411764705,0.25190839694656486,0.34074074074074073,0.0,0.05284133043873052,0.0,,0.0,1.0,0.02383765064930276,0.0,0.0,0.0,0.0,0.0,0.0,0.2222222222222222,0.058823529411764705,0.0,0.0,0.02383765064930276,0.2105263157894737,0.2105263157894737,0.16666666666666666,0.2857142857142857,0.0
db25_DBPEDIA-CL_db25:8-es,0.0,0.0,0.0,0.009723975927788436,0.5150925595347553,0.025070610528195012,0.1463924816619788,0.0,0.0,0.0,0.0,0.02857142857142857,0.1711711711711712,0.26077097505668934,0.0,0.05284133043873052,0.0,,0.0,1.0,0.009723975927788436,0.0,0.0,0.0,0.0,0.0,0.0,0.03508771929824561,0.0,0.0,0.0,0.009723975927788436,0.09523809523809522,0.09523809523809522,0.05714285714285714,0.2857142857142857,0.0
db25_DBPEDIA-CL_db25:80-en,0.0,0.0,0.0,0.00588632914235749,0.3048219020620087,0.30323921743156135,0.1951941016011038,0.0,0.0,0.0,0.0,0.15,0.1647727272727273,0.13191489361702127,0.0,0.11953729187820418,0.0625,,0.0,1.0,0.008769381599705568,0.0,0.0,0.0,0.0,0.0,0.0,0.21052631578947367,0.0,0.0,0.0,0.01982916915733903,0.3809523809523809,0.14285714285714288,0.25,0.1,0.0
db25_DBPEDIA-CL_db25:80-es,0.0,0.0,0.0,0.0019359152593146649,0.0015435061121167255,0.2981479183088421,0.16666666666666666,0.0,0.0,0.0,0.0,0.038461538461538464,0.08667529107373872,0.01084598698481562,0.0,0.0,0.0,,0.0,1.0,0.0019359152593146649,0.0,0.0,0.0,0.0,0.0,0.0,0.04587155963302752,0.0,0.0,0.0,0.0019359152593146649,0.00904977375565611,0.00904977375565611,0.005235602094240838,0.03333333333333333,0.0
db25_DBPEDIA-CL_db25:81-en,0.0,0.0,0.0,0.025372662301107043,0.46967580390280117,0.08247860988423225,0.2,0.0,0.0,0.0,0.0,0.1111111111111111,0.21965317919075145,0.3475303164744159,0.0,0.13049141389369845,0.0,,0.0,1.0,0.02383765064930276,0.0,0.0,0.0,0.0,0.0,0.0,0.2926829268292683,0.05128205128205128,0.0,0.0,0.055282226553882124,0.5384615384615384,0.3846153846153846,0.4166666666666667,0.35714285714285715,0.0
db25_DBPEDIA-CL_db25:81-es,0.0,0.0,0.0,0.010181832882152436,0.15781406555539035,0.04087595596566439,0.1365270594958143,0.0,0.0,0.0,0.0,0.047619047619047616,0.1830357142857143,0.30932049418604646,0.0,0.06077433806998477,0.0,,0.0,1.0,0.007736519969200231,0.0,0.0,0.0,0.0,0.0,0.0,0.11764705882352941,0.0,0.0,0.0,0.01967045808314119,0.26666666666666666,0.2,0.13043478260869565,0.42857142857142855,0.0
db25_DBPEDIA-CL_db25:82-en,0.0,0.0,1.0,0.023105498486519563,0.33785463785331277,0.125,0.2,1.0,0.0,0.0,0.0,0.15789473684210525,0.1552511415525114,0.34553290963547373,0.0,0.048388667339569806,0.0,,0.0,0.0,0.02039053084702657,0.0,0.0,0.0,0.0,0.0,0.0,0.3,0.05263157894736842,0.0,0.0,0.023105498486519563,0.3636363636363636,0.3636363636363636,0.375,0.35294117647058826,0.0
db25_DBPEDIA-CL_db25:82-es,0.0,0.0,1.0,0.06970381443405317,0.34122043871699204,0.057353933467640436,0.1757340838011157,1.0,0.0,0.0,0.0,0.08333333333333333,0.17808219178082196,0.36107954545454546,0.0,0.08156556762858246,0.0,,0.0,0.0,0.018161213628502954,0.0,0.0,0.0,0.0,0.0,0.0,0.25,0.043478260869565216,0.0,0.0,0.06970381443405317,0.39999999999999997,0.39999999999999997,0.34782608695652173,0.47058823529411764,0.0
db25_DBPEDIA-CL_db25:83-en,0.0,0.0,0.0,0.025372662301107043,0.46967580390280117,0.1267731382092775,0.20521309615767264,0.0,0.0,0.0,0.0,0.16666666666666666,0.3222222222222222,0.3475303164744159,0.0,0.16675317814144971,0.05882352941176471,,0.0,1.0,0.024271412912056454,0.0,0.05882352941176471,0.0,0.0,0.0,0.0,0.4,0.15789473684210525,0.1111111111111111,0.05882352941176471,0.11073196446428506,0.5384615384615384,0.3846153846153846,0.4166666666666667,0.35714285714285715,0.0
db25_DBPEDIA-CL_db25:83-es,0.0,0.0,0.0,0.025372662301107043,0.46967580390280117,0.1267731382092775,0.20521309615767264,0.0,0.0,0.0,0.0,0.16666666666666666,0.27222222222222225,0.3475303164744159,0.0,0.16675317814144971,0.05882352941176471,,0.0,1.0,0.024271412912056454,0.0,0.05882352941176471,0.0,0.0,0.0,0.0,0.4,0.15789473684210525,0.1111111111111111,0.05882352941176471,0.11073196446428506,0.5384615384615384,0.3846153846153846,0.4166666666666667,0.35714285714285715,0.0
db25_DBPEDIA-CL_db25:84-en,0.0,0.0,0.0,0.01564586395250772,0.04723380543183479,0.26403934479377983,0.1951941016011038,0.0,0.0,0.0,0.0,0.15,0.19786096256684493,0.1907692307692308,0.0,0.10724034442024866,0.0,,0.0,1.0,0.019730657693620934,0.0,0.0,0.0,0.0,0.0,0.0,0.2380952380952381,0.0,0.0,0.0,0.018606172732686777,0.34285714285714286,0.17142857142857143,0.2,0.15,0.0
db25_DBPEDIA-CL_db25:84-es,0.0,0.0,0.0,0.0029026052131248398,0.0037905408959526283,0.0034487269735788933,0.1380262631157473,0.0,0.0,0.0,0.0,0.025,0.11033519553072624,0.03067484662576687,0.0,0.002937234096247723,0.0,,0.0,1.0,0.0,0.0,0.0,0.0,0.0,0.0,0.0,0.014184397163120569,0.0,0.0,0.0,0.0029026052131248398,0.024096385542168672,0.024096385542168672,0.0136986301369863,0.1,0.0
db25_DBPEDIA-CL_db25:85-en,0.0,0.0,0.0,0.02383765064930276,0.2907782822210671,0.22291128503014115,0.23166247903554,0.0,0.0,0.0,0.0,0.26666666666666666,0.23008849557522126,0.33938172043010756,0.0,0.13929692701099317,0.0,,0.0,1.0,0.02383765064930276,0.0,0.0,0.0,0.0,0.0,0.0,0.3448275862068966,0.07407407407407407,0.0,0.0,0.05678170484701192,0.380952380952381,0.1904761904761905,0.16666666666666666,0.2222222222222222,0.0
db25_DBPEDIA-CL_db25:85-es,0.0,0.0,0.0,0.009723975927788436,0.015092559534755365,0.14058038927888333,0.16666666666666666,0.0,0.0,0.0,0.0,0.13793103448275862,0.2055555555555556,0.2720905172413793,0.0,0.04750462972227835,0.0,,0.0,1.0,0.009723975927788436,0.0,0.0,0.0,0.0,0.0,0.0,0.1923076923076923,0.04,0.0,0.0,0.02117853138494786,0.1818181818181818,0.0909090909090909,0.05714285714285714,0.2222222222222222,0.0
db25_DBPEDIA-CL_db25:86-en,0.0,0.0,0.0,0.02799946799246989,0.46414168882542084,0.19920476822239894,0.23166247903554,0.0,0.0,0.0,0.0,0.3125,0.29518072289156627,0.36891679748822603,0.0,0.19151421080811973,0.0,,0.0,1.0,0.024642660404143705,0.0,0.0,0.0,0.0,0.0,0.0,0.358974358974359,0.0,0.0,0.0,0.1331052549170149,0.5384615384615384,0.38461538461538464,0.38461538461538464,0.38461538461538464,0.0
db25_DBPEDIA-CL_db25:86-es,0.0,0.0,0.0,0.02799946799246989,0.46414168882542084,0.19920476822239894,0.23166247903554,0.0,0.0,0.0,0.0,0.3125,0.28915662650602414,0.36891679748822603,0.0,0.19151421080811973,0.0,,0.0,1.0,0.024642660404143705,0.0,0.0,0.0,0.0,0.0,0.0,0.35000000000000003,0.0,0.0,0.0,0.1331052549170149,0.5384615384615384,0.38461538461538464,0.38461538461538464,0.38461538461538464,0.0
db25_DBPEDIA-CL_db25:87-en,0.0,0.0,0.0,0.022330777884899577,0.3083153097057949,0.15762208124782015,0.21712927295533244,0.0,0.0,0.0,0.0,0.23529411764705882,0.23350253807106602,0.26956521739130435,0.0,0.13049141389369845,0.0,,0.0,1.0,0.02383765064930276,0.0,0.0,0.0,0.0,0.0,0.0,0.27777777777777773,0.05882352941176471,0.0,0.0,0.055282226553882124,0.5384615384615384,0.23076923076923075,0.25,0.21428571428571427,0.0
db25_DBPEDIA-CL_db25:87-es,0.0,0.0,0.0,0.022330777884899577,0.3083153097057949,0.13987572123604708,0.21089672205953397,0.0,0.0,0.0,0.0,0.17647058823529413,0.20812182741116747,0.26956521739130435,0.0,0.12254506300552277,0.0,,0.0,1.0,0.02383765064930276,0.0,0.0,0.0,0.0,0.0,0.0,0.2222222222222222,0.05882352941176471,0.0,0.0,0.05082220661919399,0.3846153846153846,0.23076923076923075,0.25,0.21428571428571427,0.0
db25_DBPEDIA-CL_db25:88-en,0.0,0.0,0.0,0.023699356127503145,0.06286332979242994,0.11258799375612022,0.17253779651421453,0.0,0.0,0.0,0.0,0.11538461538461539,0.1220657276995305,0.290625,0.0,0.11963152345770418,0.0,,0.0,1.0,0.023452818839379,0.0,0.0,0.0,0.0,0.0,0.0,0.1702127659574468,0.0,0.0,0.0,0.02692766740487927,0.41666666666666663,0.24999999999999994,0.2727272727272727,0.23076923076923078,0.0
db25_DBPEDIA-CL_db25:88-es,0.0,0.0,0.0,0.01715966518643024,0.03725933872511679,0.11189084777289188,0.16666666666666666,0.0,0.0,0.0,0.0,0.10714285714285714,0.15962441314553988,0.27153284671532846,0.0,0.08012711192057849,0.0,,0.0,1.0,0.01550550784373247,0.0,0.0,0.0,0.0,0.0,0.0,0.20000000000000004,0.0689655172413793,0.03571428571428572,0.0,0.020406395930767336,0.3636363636363637,0.18181818181818185,0.15,0.23076923076923078,0.0
db25_DBPEDIA-CL_db25:89-en,0.0,0.0,1.0,0.020682415030268957,0.2957138200580987,0.157485197087178,0.179128784747792,1.0,0.0,0.0,0.0,0.19230769230769232,0.1454545454545455,0.23249999999999998,0.0,0.04981832021944706,0.0,,0.0,0.0,0.015493452986950387,0.0,0.0,0.0,0.0,0.0,0.0,0.28571428571428575,0.0851063829787234,0.04444444444444444,0.0,0.02349976050271008,0.3125,0.1875,0.1875,0.1875,0.0
db25_DBPEDIA-CL_db25:89-es,0.0,0.0,1.0,0.018902595382158972,0.30758703725672304,0.14433756729740646,0.17253779651421453,1.0,0.0,0.0,0.0,0.11538461538461539,0.13636363636363635,0.23846153846153847,0.0,0.04679539448912386,0.0,,0.0,0.0,0.013302246854899122,0.0,0.0,0.0,0.0,0.0,0.0,0.22222222222222224,0.09302325581395347,0.04878048780487805,0.0,0.02147749494970815,0.35714285714285715,0.21428571428571427,0.25,0.1875,0.0
db25_DBPEDIA-CL_db25:9-en,0.0,0.0,0.0,0.019730657693620934,0.03334148404663766,0.26352313834736496,0.23166247903554,0.0,0.0,0.0,0.0,0.3125,0.3138686131386861,0.32877604166666663,0.0,0.11044506896905561,0.0,,0.0,1.0,0.019730657693620934,0.0,0.0,0.0,0.0,0.0,0.0,0.3870967741935484,0.13793103448275862,0.07407407407407407,0.0,0.04599915789122599,0.33333333333333337,0.16666666666666669,0.13333333333333333,0.2222222222222222,0.0
db25_DBPEDIA-CL_db25:9-es,0.0,0.0,0.0,0.019730657693620934,0.03334148404663766,0.26352313834736496,0.23166247903554,0.0,0.0,0.0,0.0,0.3125,0.3138686131386861,0.32877604166666663,0.0,0.11044506896905561,0.0,,0.0,1.0,0.019730657693620934,0.0,0.0,0.0,0.0,0.0,0.0,0.3870967741935484,0.13793103448275862,0.07407407407407407,0.0,0.04599915789122599,0.33333333333333337,0.16666666666666669,0.13333333333333333,0.2222222222222222,0.0
db25_DBPEDIA-CL_db25:90-en,0.0,0.0,0.0,0.025372662301107043,0.46967580390280117,0.20619652471058064,0.2402530733520421,0.0,0.0,0.0,0.0,0.3333333333333333,0.26136363636363635,0.3475303164744159,0.0,0.16675317814144971,0.0,,0.0,1.0,0.024271412912056454,0.0,0.0,0.0,0.0,0.0,0.0,0.4444444444444444,0.11764705882352942,0.0,0.0,0.11073196446428506,0.5384615384615384,0.3846153846153846,0.4166666666666667,0.35714285714285715,0.0
db25_DBPEDIA-CL_db25:90-es,0.0,0.0,0.0,0.012227252401033319,0.41076932903790114,0.04706208053350117,0.1463924816619788,0.0,0.0,0.0,0.0,0.05555555555555555,0.1711711711711712,0.29788312840664216,0.0,0.16675317814144971,0.0,,0.0,1.0,0.010761348346884629,0.0,0.0,0.0,0.0,0.0,0.0,0.12903225806451615,0.0,0.0,0.0,0.04461180754093855,0.28571428571428575,0.20408163265306123,0.14285714285714285,0.35714285714285715,0.0
db25_DBPEDIA-CL_db25:91-en,0.0,0.0,1.0,0.04793496145009402,0.2168920207230059,0.14907119849998599,0.20521309615767264,1.0,0.0,0.0,0.0,0.16666666666666666,0.23783783783783785,0.43016975308641975,0.0,0.05150946825739166,0.0,,0.0,0.0,0.01915513103539789,0.0,0.0,0.0,0.0,0.0,0.0,0.3529411764705882,0.0,0.0,0.0,0.024595675109435063,0.375,0.375,0.375,0.375,0.0
db25_DBPEDIA-CL_db25:91-es,0.0,0.0,1.0,0.04949444147951954,0.2368829894028544,0.0769800358919501,0.1951941016011038,1.0,0.0,0.0,0.0,0.10526315789473684,0.2324324324324324,0.43287522323161726,0.0,0.06590032979694851,0.0,,0.0,0.0,0.017777133627955008,0.0,0.0,0.0,0.0,0.0,0.0,0.27777777777777773,0.0,0.0,0.0,0.05270387472280584,0.5806451612903225,0.45161290322580644,0.4666666666666667,0.4375,0.0
db25_DBPEDIA-CL_db25:92-en,0.0,0.0,0.0,0.019760249268708476,0.4268168536336599,0.16087236302194674,0.23166247903554,0.0,0.0,0.0,0.0,0.3125,0.2657657657657657,0.2906617192331478,0.0,0.13731816859901994,0.0,,0.0,1.0,0.0173912273033534,0.0,0.0,0.0,0.0,0.0,0.0,0.37209302325581395,0.04878048780487805,0.0,0.0,0.09543819103023578,0.4827586206896552,0.3448275862068966,0.4166666666666667,0.29411764705882354,0.0
db25_DBPEDIA-CL_db25:92-es,0.0,0.0,0.0,0.019760249268708476,0.4268168536336599,0.16087236302194674,0.23166247903554,0.0,0.0,0.0,0.0,0.3125,0.2657657657657657,0.2906617192331478,0.0,0.13731816859901994,0.0,,0.0,1.0,0.0173912273033534,0.0,0.0,0.0,0.0,0.0,0.0,0.37209302325581395,0.04878048780487805,0.0,0.0,0.09543819103023578,0.4827586206896552,0.3448275862068966,0.4166666666666667,0.29411764705882354,0.0
db25_DBPEDIA-CL_db25:93-en,0.0,0.0,0.0,0.020545307467329868,0.30793600991276776,0.10679470721459512,0.16952084719853724,0.0,0.0,0.0,0.0,0.07692307692307693,0.15845070422535212,0.21471088435374147,0.0,0.050862103769172114,0.0,,0.0,1.0,0.021931697337776064,0.0,0.0,0.0,0.0,0.0,0.0,0.22950819672131145,0.03389830508474577,0.0,0.0,0.02443262582006722,0.4444444444444445,0.22222222222222224,0.25,0.2,0.0
db25_DBPEDIA-CL_db25:93-es,0.0,0.0,0.0,0.01571143080360222,0.04911489370127009,0.10303941045139574,0.17253779651421453,0.0,0.0,0.0,0.0,0.11538461538461539,0.16901408450704225,0.2604166666666667,0.0,0.07971976457615669,0.0,,0.0,1.0,0.019621202589476826,0.0,0.0,0.0,0.0,0.0,0.0,0.2333333333333333,0.06896551724137931,0.0,0.0,0.01571143080360222,0.16666666666666669,0.16666666666666669,0.2222222222222222,0.13333333333333333,0.0
db25_DBPEDIA-CL_db25:94-en,0.0,0.0,0.0,0.026380696981716002,0.30917566194690915,0.2122186719067914,0.2402530733520421,0.0,0.0,0.0,0.0,0.2857142857142857,0.36318407960199006,0.28434684684684686,0.0,0.08270115146021437,0.0,,0.0,1.0,0.026380696981716002,0.0,0.0,0.0,0.0,0.0,0.0,0.37209302325581395,0.14634146341463417,0.05128205128205128,0.0,0.07139921386902234,0.43478260869565216,0.2608695652173913,0.25,0.2727272727272727,0.0
db25_DBPEDIA-CL_db25:94-es,0.0,0.0,0.0,0.011303083972869978,0.273287161469363,0.0199363055707225,0.1463924816619788,0.0,0.0,0.0,0.0,0.02857142857142857,0.1330275229357798,0.23910984848484848,0.0,0.07472892616029096,0.0,,0.0,1.0,0.011303083972869978,0.0,0.0,0.0,0.0,0.0,0.0,0.06349206349206349,0.0,0.0,0.0,0.023619218366939275,0.22727272727272727,0.13636363636363635,0.09090909090909091,0.2727272727272727,0.0
db25_DBPEDIA-CL_db25:95-en,0.0,0.0,0.0,0.030601688609851067,0.30258393033680586,0.2553769592276246,0.23166247903554,0.0,0.0,0.0,0.0,0.21428571428571427,0.15555555555555556,0.3506944444444444,0.0,0.17183771017498592,0.08695652173913045,,0.0,1.0,0.030601688609851067,0.0,0.08695652173913045,0.0,0.0,0.0,0.0,0.41379310344827586,0.22222222222222224,0.16,0.08695652173913045,0.03639174582593262,0.4444444444444444,0.2222222222222222,0.2222222222222222,0.2222222222222222,0.0
db25_DBPEDIA-CL_db25:95-es,0.0,0.0,0.0,0.020912708837155788,0.28549654937265656,0.10425720702853739,0.21089672205953397,0.0,0.0,0.0,0.0,0.125,0.11678832116788318,0.33223684210526316,0.0,0.10715098998105906,0.0,,0.0,1.0,0.020912708837155788,0.0,0.0,0.0,0.0,0.0,0.0,0.2272727272727273,0.09523809523809526,0.05,0.0,0.024869542143125947,0.34782608695652173,0.17391304347826086,0.14285714285714285,0.2222222222222222,0.0
db25_DBPEDIA-CL_db25:96-en,0.0,0.0,0.0,0.006953876225878528,0.3050486884505379,0.3086066999241839,0.20521309615767264,0.0,0.0,0.0,0.0,0.16666666666666666,0.17801047120418845,0.1409090909090909,0.0,0.1412166244860765,0.06666666666666667,0.0,0.0,1.0,0.01223865792087042,0.0,0.0,0.0,0.0,0.0,0.0,0.2222222222222222,0.0,0.0,0.0,0.023425395462496765,0.4,0.15,0.25,0.10714285714285714,0.0
db25_DBPEDIA-CL_db25:96-es,0.0,0.0,0.0,0.012215954428064245,0.31329260226964134,0.2857142857142857,0.1951941016011038,0.0,0.0,0.0,0.0,0.15,0.17277486910994766,0.17762660619803478,0.0,0.1877134843339467,0.060606060606060615,0.0,0.0,1.0,0.018018542994736438,0.0,0.0,0.0,0.0,0.0,0.0,0.20512820512820512,0.0,0.0,0.0,0.036875828631947584,0.43478260869565216,0.21739130434782608,0.2777777777777778,0.17857142857142858,0.0
db25_DBPEDIA-CL_db25:97-en,0.0,0.0,0.0,0.021414785681075098,0.043134084391919715,0.09035079029052512,0.16952084719853724,0.0,0.0,0.0,0.0,0.07692307692307693,0.15625,0.24658203125000006,0.0,0.11510890852804266,0.0,,0.0,1.0,0.023452818839379,0.0,0.0,0.0,0.0,0.0,0.0,0.186046511627907,0.04878048780487805,0.0,0.0,0.025466615498192898,0.33333333333333337,0.16666666666666669,0.18181818181818182,0.15384615384615385,0.0
db25_DBPEDIA-CL_db25:97-es,0.0,0.0,0.0,0.01287323590076852,0.2707707968870953,0.046880723093849545,0.14118784806383944,0.0,0.0,0.0,0.0,0.05128205128205128,0.1830357142857143,0.2222711267605634,0.0,0.1050801342172536,0.0,,0.0,1.0,0.014246577419417615,0.0,0.0,0.0,0.0,0.0,0.0,0.06557377049180328,0.0,0.0,0.0,0.015308943726302393,0.2105263157894737,0.10526315789473685,0.08,0.15384615384615385,0.0
db25_DBPEDIA-CL_db25:98-en,0.0,0.0,0.0,0.03001448585400683,0.30728758069843787,0.2553769592276246,0.23166247903554,0.0,0.0,0.0,0.0,0.21428571428571427,0.2566371681415929,0.3546348314606741,0.0,0.19173026589128161,0.0,,0.0,1.0,0.03001448585400683,0.0,0.0,0.0,0.0,0.0,0.0,0.26086956521739135,0.0,0.0,0.0,0.07475095167059852,0.47058823529411764,0.23529411764705882,0.25,0.2222222222222222,0.0
db25_DBPEDIA-CL_db25:98-es,0.0,0.0,0.0,0.02383765064930276,0.2907782822210671,0.16718346377260587,0.21712927295533244,0.0,0.0,0.0,0.0,0.1875,0.23008849557522126,0.33938172043010756,0.0,0.13929692701099317,0.0,,0.0,1.0,0.02383765064930276,0.0,0.0,0.0,0.0,0.0,0.0,0.22222222222222224,0.0,0.0,0.0,0.05678170484701192,0.380952380952381,0.1904761904761905,0.16666666666666666,0.2222222222222222,0.0
db25_DBPEDIA-CL_db25:99-en,0.0,0.0,0.0,0.016000701543999286,0.3069705679378424,0.061721339984836754,0.1951941016011038,0.0,0.0,0.0,0.0,0.10526315789473684,0.17391304347826086,0.14367816091954025,0.0,0.08780737459969482,0.0,,0.0,1.0,0.015714747836544366,0.0,0.0,0.0,0.0,0.0,0.0,0.14634146341463417,0.0,0.0,0.0,0.03641570231510298,0.33333333333333337,0.2,0.25,0.16666666666666666,0.0
db25_DBPEDIA-CL_db25:99-es,0.0,0.0,0.0,0.016000701543999286,0.3069705679378424,0.12344267996967351,0.20521309615767264,0.0,0.0,0.0,0.0,0.16666666666666666,0.17826086956521736,0.14367816091954025,0.0,0.08780737459969482,0.0,,0.0,1.0,0.015714747836544366,0.0,0.0,0.0,0.0,0.0,0.0,0.15384615384615383,0.0,0.0,0.0,0.03641570231510298,0.33333333333333337,0.2,0.25,0.16666666666666666,0.0
db25_DBPEDIA-SC_db25:1-en,0.0,0.0,1.0,0.021543488028492052,0.22946909337858373,0.309426373877638,0.2240092377397959,1.0,0.0,0.0,0.0,0.25,0.22164948453608246,0.4146214487579949,0.0,0.04600404324175668,0.0,,0.0,0.0,0.016690858266679754,0.0,0.0,0.0,0.0,0.0,0.0,0.4444444444444444,0.0588235294117647,0.0,0.0,0.021543488028492052,0.4000000000000001,0.4000000000000001,0.46153846153846156,0.35294117647058826,0.0
db25_DBPEDIA-SC_db25:1-es,0.0,0.0,1.0,0.02315976375538632,0.2168926980534075,0.10939874362342092,0.2,1.0,0.0,0.0,0.0,0.15789473684210525,0.2010309278350515,0.4350877192982456,0.0,0.05947601424016047,0.0,,0.0,0.0,0.01904790171989109,0.0,0.0,0.0,0.0,0.0,0.0,0.25,0.0,0.0,0.0,0.04756601997567516,0.5142857142857143,0.39999999999999997,0.3888888888888889,0.4117647058823529,0.0
db25_DBPEDIA-SC_db25:10-en,0.0,0.0,0.0,0.018180306971358407,0.46814788226315573,0.05572782125753529,0.16139047779640892,0.0,0.0,0.0,0.0,0.06896551724137931,0.15827338129496404,0.2756274923762609,0.0,0.09350118381587852,0.0,,0.0,1.0,0.018564780992259573,0.0,0.0,0.0,0.0,0.0,0.0,0.15094339622641512,0.0,0.0,0.0,0.0396114462440903,0.4666666666666666,0.33333333333333337,0.4166666666666667,0.2777777777777778,0.0
db25_DBPEDIA-SC_db25:10-es,0.0,0.0,0.0,0.019059585008933042,0.462287152930667,0.08359173188630294,0.16666666666666666,0.0,0.0,0.0,0.0,0.10714285714285714,0.15107913669064743,0.27405247813411077,0.0,0.0964817072351677,0.0,,0.0,1.0,0.01909194795083855,0.0,0.0,0.0,0.0,0.0,0.0,0.1724137931034483,0.0,0.0,0.0,0.04119938644393694,0.45161290322580644,0.3225806451612903,0.38461538461538464,0.2777777777777778,0.0
db25_DBPEDIA-SC_db25:100-en,0.0,0.0,0.0,0.02480998857358976,0.2034707722330432,0.1675415633166782,0.2240092377397959,0.0,0.0,0.0,0.0,0.25,0.19496855345911945,0.3401360544217687,0.0,0.06505263294751316,0.0,,0.0,1.0,0.02183556213332633,0.0,0.0,0.0,0.0,0.0,0.0,0.41176470588235287,0.0,0.0,0.0,0.05090643635966016,0.4137931034482759,0.3448275862068965,0.3333333333333333,0.35714285714285715,0.0
db25_DBPEDIA-SC_db25:100-es,0.0,0.0,0.0,0.02087988865423603,0.4707735532730034,0.19867985355975662,0.23166247903554,0.0,0.0,0.0,0.0,0.21428571428571427,0.21383647798742134,0.315843621399177,0.0,0.04773065332518176,0.0,,0.0,1.0,0.017557823520243782,0.0,0.0,0.0,0.0,0.0,0.0,0.30303030303030304,0.06451612903225806,0.0,0.0,0.02087988865423603,0.34782608695652173,0.34782608695652173,0.4444444444444444,0.2857142857142857,0.0
db25_DBPEDIA-SC_db25:11-en,0.0,0.0,1.0,0.00817774368107809,0.08502976708113341,0.3247595264191646,0.17253779651421453,1.0,0.0,0.0,0.0,0.17857142857142858,0.21612903225806457,0.17503351705645762,0.0,0.03652365228086742,0.0,,0.0,0.0,0.014310807292002669,0.0,0.0,0.0,0.0,0.0,0.0,0.25,0.03703703703703704,0.0,0.0,0.017677091185263973,0.3333333333333333,0.23809523809523808,0.38461538461538464,0.1724137931034483,0.0
db25_DBPEDIA-SC_db25:11-es,0.0,0.0,1.0,0.002726575439386661,0.32566201828815455,0.3750000000000001,0.179128784747792,1.0,0.0,0.0,0.0,0.19230769230769232,0.19999999999999996,0.1382899628252788,0.0,0.020916288732107404,0.0,,0.0,0.0,0.006697137035377326,0.0,0.0,0.0,0.0,0.0,0.0,0.25925925925925924,0.038461538461538464,0.0,0.0,0.006487957922760275,0.2702702702702703,0.16216216216216217,0.375,0.10344827586206896,0.0
db25_DBPEDIA-SC_db25:12-en,0.0,0.0,0.0,0.03001448585400683,0.30728758069843787,0.3405026123034995,0.25,0.0,0.0,0.0,0.0,0.3076923076923077,0.30327868852459017,0.3546348314606741,0.0,0.19173026589128161,0.0,,0.0,1.0,0.03001448585400683,0.0,0.0,0.0,0.0,0.0,0.0,0.39999999999999997,0.08695652173913045,0.0,0.0,0.07475095167059852,0.47058823529411764,0.23529411764705882,0.25,0.2222222222222222,0.0
db25_DBPEDIA-SC_db25:12-es,0.0,0.0,0.0,0.03001448585400683,0.30728758069843787,0.3405026123034995,0.25,0.0,0.0,0.0,0.0,0.3076923076923077,0.30327868852459017,0.3546348314606741,0.0,0.19173026589128161,0.0,,0.0,1.0,0.03001448585400683,0.0,0.0,0.0,0.0,0.0,0.0,0.39999999999999997,0.08695652173913045,0.0,0.0,0.07475095167059852,0.47058823529411764,0.23529411764705882,0.25,0.2222222222222222,0.0
db25_DBPEDIA-SC_db25:13-en,0.0,0.0,0.0,0.022330777884899577,0.3083153097057949,0.09723055853282467,0.16952084719853724,0.0,0.0,0.0,0.0,0.1111111111111111,0.1581395348837209,0.26956521739130435,0.0,0.11073196446428506,0.0,,0.0,1.0,0.02383765064930276,0.0,0.0,0.0,0.0,0.0,0.0,0.17391304347826086,0.045454545454545456,0.0,0.0,0.025372662301107043,0.3846153846153846,0.23076923076923075,0.25,0.21428571428571427,0.0
db25_DBPEDIA-SC_db25:13-es,0.0,0.0,0.0,0.022330777884899577,0.3083153097057949,0.12964074471043288,0.1757340838011157,0.0,0.0,0.0,0.0,0.15384615384615385,0.1581395348837209,0.26956521739130435,0.0,0.11073196446428506,0.0,,0.0,1.0,0.02383765064930276,0.0,0.0,0.0,0.0,0.0,0.0,0.21739130434782608,0.045454545454545456,0.0,0.0,0.025372662301107043,0.3846153846153846,0.23076923076923075,0.25,0.21428571428571427,0.0
db25_DBPEDIA-SC_db25:14-en,0.0,0.0,0.0,0.02568481047180467,0.544065771837019,0.24525573579398632,0.2402530733520421,0.0,0.0,0.0,0.0,0.2857142857142857,0.17142857142857137,0.5067567567567568,0.0,0.12475235543331888,0.0,,0.0,1.0,0.02568481047180467,0.0,0.0,0.0,0.0,0.0,0.0,0.3448275862068966,0.22222222222222218,0.08,0.0,0.02568481047180467,0.2222222222222222,0.2222222222222222,0.18181818181818182,0.2857142857142857,0.0
db25_DBPEDIA-SC_db25:14-es,0.0,0.0,0.0,0.02568481047180467,0.544065771837019,0.24455799402225925,0.25,0.0,0.0,0.0,0.0,0.35714285714285715,0.30714285714285716,0.5067567567567568,0.0,0.12475235543331888,0.0,,0.0,1.0,0.02568481047180467,0.0,0.0,0.0,0.0,0.0,0.0,0.45161290322580644,0.27586206896551724,0.07407407407407407,0.0,0.02568481047180467,0.2222222222222222,0.2222222222222222,0.18181818181818182,0.2857142857142857,0.0
db25_DBPEDIA-SC_db25:15-en,0.0,0.0,0.0,0.03001448585400683,0.30728758069843787,0.2553769592276246,0.23166247903554,0.0,0.0,0.0,0.0,0.21428571428571427,0.24561403508771928,0.3546348314606741,0.0,0.19173026589128161,0.0,,0.0,1.0,0.03001448585400683,0.0,0.0,0.0,0.0,0.0,0.0,0.33333333333333337,0.0,0.0,0.0,0.07475095167059852,0.47058823529411764,0.23529411764705882,0.25,0.2222222222222222,0.0
db25_DBPEDIA-SC_db25:15-es,0.0,0.0,0.0,0.03001448585400683,0.30728758069843787,0.2553769592276246,0.23166247903554,0.0,0.0,0.0,0.0,0.21428571428571427,0.2543859649122807,0.3546348314606741,0.0,0.19173026589128161,0.0,,0.0,1.0,0.03001448585400683,0.0,0.0,0.0,0.0,0.0,0.0,0.32,0.0,0.0,0.0,0.07475095167059852,0.47058823529411764,0.23529411764705882,0.25,0.2222222222222222,0.0
db25_DBPEDIA-SC_db25:16-en,0.0,0.0,0.0,0.02568481047180467,0.04406577183701904,0.23643312187173018,0.2240092377397959,0.0,0.0,0.0,0.0,0.2,0.2649572649572649,0.34307065217391297,0.0,0.1527898075109779,0.0,,0.0,1.0,0.02568481047180467,0.0,0.0,0.0,0.0,0.0,0.0,0.32,0.0,0.0,0.0,0.061729293904138435,0.39999999999999997,0.19999999999999998,0.18181818181818182,0.2222222222222222,0.0
db25_DBPEDIA-SC_db25:16-es,0.0,0.0,0.0,0.02568481047180467,0.04406577183701904,0.23643312187173018,0.2240092377397959,0.0,0.0,0.0,0.0,0.2,0.2649572649572649,0.34307065217391297,0.0,0.1527898075109779,0.0,,0.0,1.0,0.02568481047180467,0.0,0.0,0.0,0.0,0.0,0.0,0.33333333333333337,0.0,0.0,0.0,0.061729293904138435,0.39999999999999997,0.19999999999999998,0.18181818181818182,0.2222222222222222,0.0
db25_DBPEDIA-SC_db25:17-en,0.0,0.0,0.0,0.020178135638961665,0.040000866212186084,0.09035079029052512,0.16952084719853724,0.0,0.0,0.0,0.0,0.07692307692307693,0.12616822429906538,0.22871376811594205,0.0,0.10654579328462957,0.0,,0.0,1.0,0.02383765064930276,0.0,0.0,0.0,0.0,0.0,0.0,0.13636363636363635,0.0,0.0,0.0,0.023995982469343192,0.30769230769230765,0.15384615384615383,0.16666666666666666,0.14285714285714285,0.0
db25_DBPEDIA-SC_db25:17-es,0.0,0.0,0.0,0.02183556213332633,0.04846659640273409,0.08696565534786727,0.17253779651421453,0.0,0.0,0.0,0.0,0.11538461538461539,0.16822429906542058,0.26382978723404255,0.0,0.10724034442024866,0.0,,0.0,1.0,0.019730657693620934,0.0,0.0,0.0,0.0,0.0,0.0,0.1111111111111111,0.0,0.0,0.0,0.025967005849035666,0.4137931034482759,0.20689655172413796,0.2,0.21428571428571427,0.0
db25_DBPEDIA-SC_db25:18-en,0.0,0.0,0.0,0.010428610992543807,0.3236439931751926,0.32025630761017426,0.1951941016011038,0.0,0.0,0.0,0.0,0.19047619047619047,0.23880597014925375,0.18701267056530213,0.0,0.07934291962000443,0.0,,0.0,1.0,0.013302246854899122,0.0,0.0,0.0,0.0,0.0,0.0,0.2380952380952381,0.05,0.0,0.0,0.01154115523303626,0.3333333333333333,0.2222222222222222,0.3333333333333333,0.16666666666666666,0.0
db25_DBPEDIA-SC_db25:18-es,0.0,0.0,0.0,0.010428610992543807,0.3236439931751926,0.32025630761017426,0.1951941016011038,0.0,0.0,0.0,0.0,0.19047619047619047,0.23383084577114432,0.18701267056530213,0.0,0.07934291962000443,0.0,,0.0,1.0,0.013302246854899122,0.0,0.0,0.0,0.0,0.0,0.0,0.2564102564102564,0.05405405405405406,0.0,0.0,0.01154115523303626,0.3333333333333333,0.2222222222222222,0.3333333333333333,0.16666666666666666,0.0
db25_DBPEDIA-SC_db25:19-en,0.0,0.0,0.0,0.018902595382158972,0.30758703725672304,0.3162277660168379,0.21089672205953397,0.0,0.0,0.0,0.0,0.2222222222222222,0.22360248447204967,0.23846153846153847,0.0,0.13081435925695184,0.0,,0.0,1.0,0.02383765064930276,0.0,0.0,0.0,0.0,0.0,0.0,0.3428571428571428,0.12121212121212123,0.06451612903225806,0.0,0.02147749494970815,0.35714285714285715,0.21428571428571427,0.25,0.1875,0.0
db25_DBPEDIA-SC_db25:19-es,0.0,0.0,0.0,0.012511899192713307,0.30303791560852095,0.2760262237369417,0.21089672205953397,0.0,0.0,0.0,0.0,0.17647058823529413,0.1863354037267081,0.20764802631578946,0.0,0.15289069313303227,0.0,,0.0,1.0,0.03001448585400683,0.0,0.0,0.0,0.0,0.0,0.0,0.1935483870967742,0.0,0.0,0.0,0.014879239542171468,0.3333333333333333,0.16666666666666666,0.25,0.125,0.0
db25_DBPEDIA-SC_db25:2-en,0.0,0.0,0.0,0.006325272305194016,0.3227722926420913,0.25,0.15894454156034005,0.0,0.0,0.0,0.0,0.125,0.17627118644067796,0.15120173364854217,0.0,0.11909275383327782,0.0,,0.0,1.0,0.011260108862655755,0.0,0.0,0.0,0.0,0.0,0.0,0.1694915254237288,0.03508771929824561,0.0,0.0,0.007275096174809846,0.33333333333333337,0.19047619047619044,0.3333333333333333,0.13333333333333333,0.0
db25_DBPEDIA-SC_db25:2-es,0.0,0.0,0.0,0.006325272305194016,0.3227722926420913,0.25,0.15894454156034005,0.0,0.0,0.0,0.0,0.125,0.17288135593220344,0.15120173364854217,0.0,0.11909275383327782,0.0,,0.0,1.0,0.011260108862655755,0.0,0.0,0.0,0.0,0.0,0.0,0.1694915254237288,0.03508771929824561,0.0,0.0,0.007275096174809846,0.33333333333333337,0.19047619047619044,0.3333333333333333,0.13333333333333333,0.0
db25_DBPEDIA-SC_db25:20-en,0.0,0.0,0.0,0.019760249268708476,0.4684835203003266,0.10910894511799621,0.1757340838011157,0.0,0.0,0.0,0.0,0.15384615384615385,0.2099644128113879,0.2906617192331478,0.0,0.1298675057162065,0.0,,0.0,1.0,0.018902595382158972,0.0,0.0,0.0,0.0,0.0,0.0,0.29090909090909095,0.07547169811320756,0.039215686274509796,0.0,0.08623814063582017,0.4827586206896552,0.3448275862068966,0.4166666666666667,0.29411764705882354,0.0
db25_DBPEDIA-SC_db25:20-es,0.0,0.0,0.0,0.013130882808780555,0.478188206140734,0.12500000000000003,0.1757340838011157,0.0,0.0,0.0,0.0,0.12,0.19217081850533813,0.26483781918564525,0.0,0.06373432312948289,0.0,,0.0,1.0,0.012511899192713307,0.0,0.0,0.0,0.0,0.0,0.0,0.2745098039215686,0.0816326530612245,0.0425531914893617,0.0,0.013130882808780555,0.31999999999999995,0.31999999999999995,0.5,0.23529411764705882,0.0
db25_DBPEDIA-SC_db25:21-en,0.0,0.0,0.0,0.01606559657447872,0.30390076085509327,0.17864740025262413,0.2240092377397959,0.0,0.0,0.0,0.0,0.2,0.23391812865497075,0.23554104477611937,0.0,0.09273289296989985,0.0,,0.0,1.0,0.018204705905966265,0.0,0.0,0.0,0.0,0.0,0.0,0.25,0.06666666666666667,0.0,0.0,0.01910532175313344,0.36363636363636365,0.18181818181818182,0.25,0.14285714285714285,0.0
db25_DBPEDIA-SC_db25:21-es,0.0,0.0,0.0,0.01606559657447872,0.30390076085509327,0.17864740025262413,0.2240092377397959,0.0,0.0,0.0,0.0,0.2,0.16374269005847952,0.23554104477611937,0.0,0.09273289296989985,0.0,,0.0,1.0,0.018204705905966265,0.0,0.0,0.0,0.0,0.0,0.0,0.25,0.0,0.0,0.0,0.01910532175313344,0.36363636363636365,0.18181818181818182,0.25,0.14285714285714285,0.0
db25_DBPEDIA-SC_db25:22-en,0.0,0.0,0.0,0.018180306971358407,0.46814788226315573,0.13931955314383823,0.179128784747792,0.0,0.0,0.0,0.0,0.19230769230769232,0.19475655430711614,0.2756274923762609,0.0,0.09350118381587852,0.0,,0.0,1.0,0.018564780992259573,0.0,0.0,0.0,0.0,0.0,0.0,0.30188679245283023,0.039215686274509796,0.0,0.0,0.0396114462440903,0.4666666666666666,0.33333333333333337,0.4166666666666667,0.2777777777777778,0.0
db25_DBPEDIA-SC_db25:22-es,0.0,0.0,0.0,0.018180306971358407,0.46814788226315573,0.11145564251507058,0.17253779651421453,0.0,0.0,0.0,0.0,0.14814814814814814,0.1910112359550562,0.2756274923762609,0.0,0.09350118381587852,0.0,,0.0,1.0,0.018564780992259573,0.0,0.0,0.0,0.0,0.0,0.0,0.2641509433962264,0.039215686274509796,0.0,0.0,0.0396114462440903,0.4666666666666666,0.33333333333333337,0.4166666666666667,0.2777777777777778,0.0
db25_DBPEDIA-SC_db25:23-en,0.0,0.0,1.0,0.0035297242528641837,0.3221784150918323,0.38254602783800296,0.16666666666666666,1.0,0.0,0.0,0.0,0.13793103448275862,0.2065217391304348,0.08695652173913043,0.0,0.027766457516918138,0.0,,0.0,0.0,0.005318898806941246,0.0,0.0,0.0,0.0,0.0,0.0,0.18181818181818182,0.03773584905660377,0.0,0.0,0.0040597593544011235,0.28571428571428575,0.163265306122449,0.3333333333333333,0.10810810810810811,0.0
db25_DBPEDIA-SC_db25:23-es,0.0,0.0,1.0,0.003284778541005938,0.304269236728026,0.31878835653166915,0.16139047779640892,1.0,0.0,0.0,0.0,0.1,0.17391304347826086,0.07246376811594205,0.0,0.027766457516918138,0.0,,0.0,0.0,0.005318898806941246,0.0,0.0,0.0,0.0,0.0,0.0,0.18181818181818182,0.0,0.0,0.0,0.003906282012172519,0.2448979591836735,0.12244897959183675,0.25,0.08108108108108109,0.0
db25_DBPEDIA-SC_db25:24-en,0.0,0.0,0.0,0.018738720292863827,0.29105416147691343,0.27036903521793754,0.25,0.0,0.0,0.0,0.0,0.4375,0.3438914027149321,0.2755555555555556,0.0,0.10593580077460382,0.0,,0.0,1.0,0.018738720292863827,0.0,0.0,0.0,0.0,0.0,0.0,0.42553191489361697,0.17777777777777778,0.09302325581395349,0.0,0.0511130148423785,0.3870967741935484,0.1935483870967742,0.16666666666666666,0.23076923076923078,0.0
db25_DBPEDIA-SC_db25:24-es,0.0,0.0,0.0,0.018738720292863827,0.29105416147691343,0.25038669783359574,0.2402530733520421,0.0,0.0,0.0,0.0,0.375,0.3393665158371041,0.2755555555555556,0.0,0.10593580077460382,0.0,,0.0,1.0,0.018738720292863827,0.0,0.0,0.0,0.0,0.0,0.0,0.42553191489361697,0.17777777777777778,0.09302325581395349,0.0,0.0511130148423785,0.3870967741935484,0.1935483870967742,0.16666666666666666,0.23076923076923078,0.0
db25_DBPEDIA-SC_db25:25-en,0.0,0.0,1.0,0.021023279915645145,0.07102784536451089,0.20979533957417223,0.1827439976315568,1.0,0.0,0.0,0.0,0.2,0.17699115044247793,0.36461718445339913,0.0,0.04968248050901857,0.0,,0.0,0.0,0.016690858266679754,0.0,0.0,0.0,0.0,0.0,0.0,0.26666666666666666,0.04651162790697675,0.0,0.0,0.02326608377544339,0.41379310344827586,0.27586206896551724,0.3076923076923077,0.25,0.0
db25_DBPEDIA-SC_db25:25-es,0.0,0.0,1.0,0.021023279915645145,0.07102784536451089,0.1678362716593378,0.1757340838011157,1.0,0.0,0.0,0.0,0.15384615384615385,0.16371681415929207,0.36461718445339913,0.0,0.04968248050901857,0.0,,0.0,0.0,0.016690858266679754,0.0,0.0,0.0,0.0,0.0,0.0,0.22222222222222224,0.04651162790697675,0.0,0.0,0.02326608377544339,0.41379310344827586,0.27586206896551724,0.3076923076923077,0.25,0.0
db25_DBPEDIA-SC_db25:26-en,0.0,0.0,0.0,0.03001448585400683,0.30728758069843787,0.3405026123034995,0.25,0.0,0.0,0.0,0.0,0.3076923076923077,0.3410852713178295,0.3546348314606741,0.0,0.19173026589128161,0.0,,0.0,1.0,0.03001448585400683,0.0,0.0,0.0,0.0,0.0,0.0,0.4444444444444445,0.16,0.08695652173913045,0.0,0.07475095167059852,0.47058823529411764,0.23529411764705882,0.25,0.2222222222222222,0.0
db25_DBPEDIA-SC_db25:26-es,0.0,0.0,0.0,0.02568481047180467,0.04406577183701904,0.15762208124782012,0.21089672205953397,0.0,0.0,0.0,0.0,0.125,0.21705426356589153,0.34307065217391297,0.0,0.1527898075109779,0.0,,0.0,1.0,0.02568481047180467,0.0,0.0,0.0,0.0,0.0,0.0,0.23076923076923078,0.0,0.0,0.0,0.061729293904138435,0.39999999999999997,0.19999999999999998,0.18181818181818182,0.2222222222222222,0.0
db25_DBPEDIA-SC_db25:27-en,0.0,0.0,0.0,0.02568481047180467,0.04406577183701904,0.3857583749052298,0.25,0.0,0.0,0.0,0.0,0.35714285714285715,0.31999999999999995,0.34307065217391297,0.0,0.1527898075109779,0.0,,0.0,1.0,0.02568481047180467,0.0,0.0,0.0,0.0,0.0,0.0,0.39999999999999997,0.08695652173913045,0.0,0.0,0.061729293904138435,0.39999999999999997,0.19999999999999998,0.18181818181818182,0.2222222222222222,0.0
db25_DBPEDIA-SC_db25:27-es,0.0,0.0,0.0,0.03001448585400683,0.30728758069843787,0.25000000000000006,0.2240092377397959,0.0,0.0,0.0,0.0,0.2,0.264,0.3546348314606741,0.0,0.19173026589128161,0.0,,0.0,1.0,0.03001448585400683,0.0,0.0,0.0,0.0,0.0,0.0,0.3333333333333333,0.0,0.0,0.0,0.07475095167059852,0.47058823529411764,0.23529411764705882,0.25,0.2222222222222222,0.0
db25_DBPEDIA-SC_db25:28-en,0.0,0.0,0.0,0.0031470304923047173,0.20260973541868815,0.24779731389167603,0.16139047779640892,0.0,0.0,0.0,0.0,0.1,0.11920529801324509,0.08955223880597014,0.0,0.03223817915316438,0.0,,0.0,1.0,0.00599756965938853,0.0,0.0,0.0,0.0,0.0,0.0,0.1724137931034483,0.0,0.0,0.0,0.0031470304923047173,0.1702127659574468,0.1702127659574468,0.36363636363636365,0.1111111111111111,0.0
db25_DBPEDIA-SC_db25:28-es,0.0,0.0,0.0,0.00673279410909207,0.19576192359146605,0.29019050004400465,0.1566130288262323,0.0,0.0,0.0,0.0,0.09375,0.14569536423841056,0.10294117647058824,0.0,0.0735201481407486,0.0,,0.0,1.0,0.010399771385920045,0.0,0.0,0.0,0.0,0.0,0.0,0.19354838709677416,0.0,0.0,0.0,0.027817276810454948,0.2692307692307693,0.1923076923076923,0.3125,0.1388888888888889,0.0
db25_DBPEDIA-SC_db25:29-en,0.0,0.0,0.0,0.03848196746087264,0.5653759218280684,0.1342312110428049,0.2240092377397959,0.0,0.0,0.0,0.0,0.14285714285714285,0.24712643678160917,0.5357142857142857,0.0,0.20748340713083765,0.0,,0.0,1.0,0.03848196746087264,0.0,0.0,0.0,0.0,0.0,0.0,0.3333333333333333,0.21428571428571427,0.07692307692307691,0.0,0.03848196746087264,0.2857142857142857,0.2857142857142857,0.2857142857142857,0.2857142857142857,0.0
db25_DBPEDIA-SC_db25:29-es,0.0,0.0,0.0,0.03848196746087264,0.5653759218280684,0.1342312110428049,0.2240092377397959,0.0,0.0,0.0,0.0,0.14285714285714285,0.24712643678160917,0.5357142857142857,0.0,0.20748340713083765,0.0,,0.0,1.0,0.03848196746087264,0.0,0.0,0.0,0.0,0.0,0.0,0.3333333333333333,0.21428571428571427,0.07692307692307691,0.0,0.03848196746087264,0.2857142857142857,0.2857142857142857,0.2857142857142857,0.2857142857142857,0.0
db25_DBPEDIA-SC_db25:3-en,0.0,0.0,0.0,0.03001448585400683,0.30728758069843787,0.3405026123034995,0.25,0.0,0.0,0.0,0.0,0.3076923076923077,0.30327868852459017,0.3546348314606741,0.0,0.19173026589128161,0.0,,0.0,1.0,0.03001448585400683,0.0,0.0,0.0,0.0,0.0,0.0,0.39999999999999997,0.08695652173913045,0.0,0.0,0.07475095167059852,0.47058823529411764,0.23529411764705882,0.25,0.2222222222222222,0.0
db25_DBPEDIA-SC_db25:3-es,0.0,0.0,0.0,0.02383765064930276,0.2907782822210671,0.22291128503014115,0.23166247903554,0.0,0.0,0.0,0.0,0.26666666666666666,0.19672131147540983,0.33938172043010756,0.0,0.13929692701099317,0.0,,0.0,1.0,0.02383765064930276,0.0,0.0,0.0,0.0,0.0,0.0,0.3448275862068966,0.07407407407407407,0.0,0.0,0.05678170484701192,0.380952380952381,0.1904761904761905,0.16666666666666666,0.2222222222222222,0.0
db25_DBPEDIA-SC_db25:30-en,0.0,0.0,1.0,0.016000701543999286,0.3069705679378424,0.35634832254989923,0.21712927295533244,1.0,0.0,0.0,0.0,0.2777777777777778,0.22023809523809523,0.2137931034482759,0.0,0.07472892616029096,0.0,,0.0,0.0,0.017080423060745045,0.0,0.0,0.0,0.0,0.0,0.0,0.3529411764705882,0.125,0.06666666666666667,0.0,0.03641570231510298,0.33333333333333337,0.2,0.25,0.16666666666666666,0.0
db25_DBPEDIA-SC_db25:30-es,0.0,0.0,1.0,0.016000701543999286,0.3069705679378424,0.3118047822311618,0.20521309615767264,1.0,0.0,0.0,0.0,0.21052631578947367,0.1785714285714286,0.2137931034482759,0.0,0.07472892616029096,0.0,,0.0,0.0,0.017080423060745045,0.0,0.0,0.0,0.0,0.0,0.0,0.29411764705882354,0.0625,0.0,0.0,0.03641570231510298,0.33333333333333337,0.2,0.25,0.16666666666666666,0.0
db25_DBPEDIA-SC_db25:31-en,0.0,0.0,0.0,0.021649165789907145,0.6052564632796049,0.19867985355975662,0.23166247903554,0.0,0.0,0.0,0.0,0.21428571428571427,0.17682926829268297,0.3411111111111111,0.0,0.1050801342172536,0.0,,0.0,1.0,0.02062863433588219,0.0,0.0,0.0,0.0,0.0,0.0,0.37500000000000006,0.13333333333333333,0.0,0.0,0.021649165789907145,0.380952380952381,0.380952380952381,0.5,0.3076923076923077,0.0
db25_DBPEDIA-SC_db25:31-es,0.0,0.0,0.0,0.021649165789907145,0.6052564632796049,0.19867985355975662,0.23166247903554,0.0,0.0,0.0,0.0,0.21428571428571427,0.1707317073170732,0.3411111111111111,0.0,0.1050801342172536,0.0,,0.0,1.0,0.02062863433588219,0.0,0.0,0.0,0.0,0.0,0.0,0.37500000000000006,0.13333333333333333,0.0,0.0,0.021649165789907145,0.380952380952381,0.380952380952381,0.5,0.3076923076923077,0.0
db25_DBPEDIA-SC_db25:32-en,0.0,0.0,0.0,0.022479100920481034,0.48691824756247604,0.48795003647426666,0.23166247903554,0.0,0.0,0.0,0.0,0.3125,0.2215189873417721,0.34104567307692313,0.0,0.152408022375532,0.0,,0.0,1.0,0.02383765064930276,0.0,0.0,0.0,0.0,0.0,0.0,0.5,0.11764705882352942,0.0,0.0,0.2554796836477942,0.5714285714285715,0.42857142857142855,0.5,0.375,0.0
db25_DBPEDIA-SC_db25:32-es,0.0,0.0,0.0,0.02147749494970815,0.46884832664210097,0.43915503282684,0.21712927295533244,0.0,0.0,0.0,0.0,0.23529411764705882,0.19620253164556967,0.3074306645735218,0.0,0.152408022375532,0.0,,0.0,1.0,0.02383765064930276,0.0,0.0,0.0,0.0,0.0,0.0,0.4444444444444444,0.05882352941176471,0.0,0.0,0.055649416075825214,0.5,0.35714285714285715,0.4166666666666667,0.3125,0.0
db25_DBPEDIA-SC_db25:33-en,0.0,0.0,1.0,0.022334817779502403,0.07008964205087777,0.39999999999999997,0.2402530733520421,1.0,0.0,0.0,0.0,0.375,0.15625,0.47108208955223885,0.0,0.05014708789437709,0.0,,0.0,0.0,0.02112296650357935,0.0,0.0,0.0,0.0,0.0,0.0,0.4666666666666666,0.14285714285714285,0.07692307692307693,0.0,0.02429486121643153,0.4666666666666667,0.33333333333333337,0.29411764705882354,0.38461538461538464,0.0
db25_DBPEDIA-SC_db25:33-es,0.0,0.0,1.0,0.018719340304984573,0.05776261341119539,0.24253562503633297,0.21089672205953397,1.0,0.0,0.0,0.0,0.2631578947368421,0.15625,0.4574275362318841,0.0,0.041280397338459916,0.0,,0.0,0.0,0.017703659019514106,0.0,0.0,0.0,0.0,0.0,0.0,0.35294117647058826,0.125,0.06666666666666667,0.0,0.020362099179073112,0.41176470588235287,0.2941176470588235,0.23809523809523808,0.38461538461538464,0.0
db25_DBPEDIA-SC_db25:34-en,0.0,0.0,0.0,0.021713040045366155,0.20285395860636826,0.10486450101861526,0.16952084719853724,0.0,0.0,0.0,0.0,0.14285714285714285,0.18900343642611683,0.2854713313896987,0.0,0.13669587133555627,0.0,,0.0,1.0,0.020427320897818672,0.0,0.0,0.0,0.0,0.0,0.0,0.21818181818181817,0.0,0.0,0.0,0.09077249702733435,0.43749999999999994,0.3125,0.3333333333333333,0.29411764705882354,0.0
db25_DBPEDIA-SC_db25:34-es,0.0,0.0,0.0,0.020583570355763796,0.2126032963895894,0.07864837576396144,0.1639607805437114,0.0,0.0,0.0,0.0,0.10344827586206896,0.21993127147766323,0.2889107450208999,0.0,0.1331509994225818,0.0,,0.0,1.0,0.01956436644376296,0.0,0.0,0.0,0.0,0.0,0.0,0.27586206896551724,0.07142857142857142,0.03703703703703704,0.0,0.0884185351114483,0.4666666666666667,0.33333333333333337,0.38461538461538464,0.29411764705882354,0.0
db25_DBPEDIA-SC_db25:35-en,0.0,0.0,0.0,0.024271412912056454,0.30872757218681873,0.11785113019775793,0.2240092377397959,0.0,0.0,0.0,0.0,0.25,0.2222222222222222,0.2883720930232559,0.0,0.14798568161101283,0.0,,0.0,1.0,0.024271412912056454,0.0,0.0,0.0,0.0,0.0,0.0,0.24390243902439024,0.05128205128205129,0.0,0.0,0.06875393112502282,0.48000000000000004,0.24000000000000002,0.25,0.23076923076923078,0.0
db25_DBPEDIA-SC_db25:35-es,0.0,0.0,0.0,0.024271412912056454,0.30872757218681873,0.09449111825230681,0.20521309615767264,0.0,0.0,0.0,0.0,0.16666666666666666,0.17874396135265702,0.2883720930232559,0.0,0.13319472522953685,0.0,,0.0,1.0,0.024271412912056454,0.0,0.0,0.0,0.0,0.0,0.0,0.15384615384615383,0.0,0.0,0.0,0.05523886218000656,0.4,0.24000000000000002,0.25,0.23076923076923078,0.0
db25_DBPEDIA-SC_db25:36-en,0.0,0.0,0.0,0.019760249268708476,0.4684835203003266,0.11145564251507058,0.17253779651421453,0.0,0.0,0.0,0.0,0.14814814814814814,0.19927536231884058,0.2906617192331478,0.0,0.1298675057162065,0.0,,0.0,1.0,0.018902595382158972,0.0,0.0,0.0,0.0,0.0,0.0,0.29090909090909095,0.07547169811320756,0.039215686274509796,0.0,0.08623814063582017,0.4827586206896552,0.3448275862068966,0.4166666666666667,0.29411764705882354,0.0
db25_DBPEDIA-SC_db25:36-es,0.0,0.0,0.0,0.019760249268708476,0.4684835203003266,0.08359173188630294,0.16666666666666666,0.0,0.0,0.0,0.0,0.10714285714285714,0.1594202898550725,0.2906617192331478,0.0,0.1298675057162065,0.0,,0.0,1.0,0.018902595382158972,0.0,0.0,0.0,0.0,0.0,0.0,0.2545454545454546,0.07547169811320756,0.039215686274509796,0.0,0.08623814063582017,0.4827586206896552,0.3448275862068966,0.4166666666666667,0.29411764705882354,0.0
db25_DBPEDIA-SC_db25:37-en,0.0,0.0,0.0,0.02383765064930276,0.2907782822210671,0.16718346377260587,0.21712927295533244,0.0,0.0,0.0,0.0,0.1875,0.2136752136752137,0.33938172043010756,0.0,0.13929692701099317,0.0,,0.0,1.0,0.02383765064930276,0.0,0.0,0.0,0.0,0.0,0.0,0.27586206896551724,0.07407407407407407,0.0,0.0,0.05678170484701192,0.380952380952381,0.1904761904761905,0.16666666666666666,0.2222222222222222,0.0
db25_DBPEDIA-SC_db25:37-es,0.0,0.0,0.0,0.02383765064930276,0.2907782822210671,0.16718346377260587,0.21712927295533244,0.0,0.0,0.0,0.0,0.1875,0.16239316239316237,0.33938172043010756,0.0,0.13929692701099317,0.0,,0.0,1.0,0.02383765064930276,0.0,0.0,0.0,0.0,0.0,0.0,0.27586206896551724,0.07407407407407407,0.0,0.0,0.05678170484701192,0.380952380952381,0.1904761904761905,0.16666666666666666,0.2222222222222222,0.0
db25_DBPEDIA-SC_db25:38-en,0.0,0.0,0.0,0.015711391895680746,0.33033464294422443,0.5732594911200147,0.2240092377397959,0.0,0.0,0.0,0.0,0.42857142857142855,0.2704402515723271,0.4521735078973116,0.0,0.19201170051396793,0.05555555555555555,,0.0,1.0,0.01854625697798728,0.0,0.0,0.0,0.0,0.0,0.0,0.4444444444444445,0.18604651162790697,0.04878048780487805,0.0,0.017977755226125547,0.5217391304347826,0.3043478260869565,0.35,0.2692307692307692,0.0
db25_DBPEDIA-SC_db25:38-es,0.0,0.0,0.0,0.008827628621181702,0.3233038854500115,0.41739193556484105,0.1951941016011038,0.0,0.0,0.0,0.0,0.19047619047619047,0.23270440251572322,0.17332881662149957,0.0,0.10382239778467248,0.0,,0.0,1.0,0.011260108862655755,0.0,0.0,0.0,0.0,0.0,0.0,0.27777777777777773,0.05882352941176471,0.0,0.0,0.010497878764910939,0.42105263157894735,0.21052631578947367,0.3333333333333333,0.15384615384615385,0.0
db25_DBPEDIA-SC_db25:39-en,0.0,0.0,0.0,0.025372662301107043,0.46967580390280117,0.12371791482634838,0.21089672205953397,0.0,0.0,0.0,0.0,0.17647058823529413,0.19760479041916168,0.3475303164744159,0.0,0.13049141389369845,0.0,,0.0,1.0,0.02383765064930276,0.0,0.0,0.0,0.0,0.0,0.0,0.33333333333333337,0.05882352941176471,0.0,0.0,0.055282226553882124,0.5384615384615384,0.3846153846153846,0.4166666666666667,0.35714285714285715,0.0
db25_DBPEDIA-SC_db25:39-es,0.0,0.0,0.0,0.022334817779502403,0.44508964205087775,0.07715167498104596,0.20521309615767264,0.0,0.0,0.0,0.0,0.11764705882352941,0.15568862275449102,0.3353789068074782,0.0,0.10102470562774991,0.0,,0.0,1.0,0.017762226812384152,0.0,0.0,0.0,0.0,0.0,0.0,0.15999999999999998,0.0,0.0,0.0,0.04329398793439738,0.3225806451612903,0.3225806451612903,0.29411764705882354,0.35714285714285715,0.0
db25_DBPEDIA-SC_db25:4-en,0.0,0.0,0.0,0.01785464005155096,0.04235728726583414,0.12777531299998796,0.1951941016011038,0.0,0.0,0.0,0.0,0.10526315789473684,0.20496894409937894,0.21618150684931506,0.0,0.1527898075109779,0.0,,0.0,1.0,0.02568481047180467,0.0,0.0,0.0,0.0,0.0,0.0,0.2,0.0,0.0,0.0,0.042910743861811755,0.30769230769230765,0.15384615384615383,0.18181818181818182,0.13333333333333333,0.0
db25_DBPEDIA-SC_db25:4-es,0.0,0.0,0.0,0.014177839215151157,0.30344240937234307,0.20701966780270625,0.21089672205953397,0.0,0.0,0.0,0.0,0.17647058823529413,0.22360248447204967,0.2207167832167832,0.0,0.19173026589128161,0.0,,0.0,1.0,0.03001448585400683,0.0,0.0,0.0,0.0,0.0,0.0,0.20689655172413796,0.0,0.0,0.0,0.03530984935475081,0.3478260869565218,0.1739130434782609,0.25,0.13333333333333333,0.0
db25_DBPEDIA-SC_db25:40-en,0.0,0.0,0.0,0.011041712283020193,0.3026809511148331,0.06925433610644438,0.1639607805437114,0.0,0.0,0.0,0.0,0.07142857142857142,0.18944099378881984,0.19604037267080746,0.0,0.06373432312948289,0.0,,0.0,1.0,0.014177839215151157,0.0,0.0,0.0,0.0,0.0,0.0,0.23333333333333334,0.06896551724137931,0.03571428571428571,0.0,0.013130882808780555,0.31999999999999995,0.15999999999999998,0.25,0.11764705882352941,0.0
db25_DBPEDIA-SC_db25:40-es,0.0,0.0,0.0,0.0173912273033534,0.30726596691367075,0.045337605344527805,0.15894454156034005,0.0,0.0,0.0,0.0,0.06666666666666667,0.18322981366459623,0.22545454545454546,0.0,0.08623814063582017,0.0,,0.0,1.0,0.018564780992259573,0.0,0.0,0.0,0.0,0.0,0.0,0.21875,0.06451612903225805,0.03333333333333333,0.0,0.019760249268708476,0.3448275862068966,0.20689655172413793,0.25,0.17647058823529413,0.0
db25_DBPEDIA-SC_db25:41-en,0.0,0.0,0.0,0.02480998857358976,0.3284707722330432,0.12565617248750865,0.21089672205953397,0.0,0.0,0.0,0.0,0.17647058823529413,0.18787878787878787,0.36332714904143476,0.0,0.10371945196706786,0.0,,0.0,1.0,0.019730657693620934,0.0,0.0,0.0,0.0,0.0,0.0,0.3684210526315789,0.1111111111111111,0.0,0.0,0.02480998857358976,0.3571428571428571,0.3571428571428571,0.3333333333333333,0.38461538461538464,0.0
db25_DBPEDIA-SC_db25:41-es,0.0,0.0,0.0,0.02757764940220787,0.5951442245178084,0.08671099695241201,0.20521309615767264,0.0,0.0,0.0,0.0,0.11764705882352941,0.19393939393939397,0.3717766176237937,0.0,0.12035502058767225,0.0,,0.0,1.0,0.02383765064930276,0.0,0.0,0.0,0.0,0.0,0.0,0.3243243243243243,0.1142857142857143,0.0,0.0,0.02757764940220787,0.4,0.4,0.4166666666666667,0.38461538461538464,0.0
db25_DBPEDIA-SC_db25:42-en,0.0,0.0,0.0,0.04511833242732265,0.32504217451549333,0.412514323662695,0.23166247903554,0.0,0.0,0.0,0.0,0.3125,0.18125000000000002,0.3453453453453454,0.0,0.21401603033752975,0.14285714285714288,,0.0,1.0,0.022267157315461233,0.0,0.13793103448275862,0.0,0.0,0.0,0.0,0.5,0.26315789473684204,0.2222222222222222,0.17647058823529413,0.049931642744346694,0.42857142857142855,0.28571428571428575,0.3076923076923077,0.26666666666666666,0.0
db25_DBPEDIA-SC_db25:42-es,0.0,0.0,0.0,0.018564780992259573,0.2896581301592379,0.3666793988112845,0.21712927295533244,0.0,0.0,0.0,0.0,0.23529411764705882,0.16249999999999998,0.21471088435374147,0.0,0.23462350320528,0.0,,0.0,1.0,0.02383765064930276,0.0,0.0,0.0,0.0,0.0,0.0,0.3,0.0,0.0,0.0,0.02207736964446236,0.2962962962962963,0.14814814814814814,0.16666666666666666,0.13333333333333333,0.0
db25_DBPEDIA-SC_db25:43-en,0.0,0.0,0.0,0.0173912273033534,0.30726596691367075,0.0842151921066519,0.1757340838011157,0.0,0.0,0.0,0.0,0.15384615384615385,0.21276595744680848,0.22545454545454546,0.0,0.08916560711180398,0.0,,0.0,1.0,0.018564780992259573,0.0,0.0,0.0,0.0,0.0,0.0,0.14285714285714285,0.0,0.0,0.0,0.02068177124777745,0.41379310344827586,0.20689655172413793,0.25,0.17647058823529413,0.0
db25_DBPEDIA-SC_db25:43-es,0.0,0.0,0.0,0.0173912273033534,0.30726596691367075,0.06316139407998893,0.16952084719853724,0.0,0.0,0.0,0.0,0.1111111111111111,0.13981762917933127,0.22545454545454546,0.0,0.08916560711180398,0.0,,0.0,1.0,0.018564780992259573,0.0,0.0,0.0,0.0,0.0,0.0,0.10714285714285714,0.0,0.0,0.0,0.02068177124777745,0.41379310344827586,0.20689655172413793,0.25,0.17647058823529413,0.0
db25_DBPEDIA-SC_db25:44-en,0.0,0.0,0.0,0.016000701543999286,0.3069705679378424,0.1865009616480628,0.1757340838011157,0.0,0.0,0.0,0.0,0.12,0.19869706840390877,0.2137931034482759,0.0,0.08780737459969482,0.0,,0.0,1.0,0.018564780992259573,0.0,0.0,0.0,0.0,0.0,0.0,0.20338983050847456,0.03508771929824561,0.0,0.0,0.03641570231510298,0.33333333333333337,0.2,0.25,0.16666666666666666,0.0
db25_DBPEDIA-SC_db25:44-es,0.0,0.0,0.0,0.016000701543999286,0.3069705679378424,0.1865009616480628,0.1757340838011157,0.0,0.0,0.0,0.0,0.12,0.19543973941368076,0.2137931034482759,0.0,0.08780737459969482,0.0,,0.0,1.0,0.018564780992259573,0.0,0.0,0.0,0.0,0.0,0.0,0.17543859649122806,0.0,0.0,0.0,0.03641570231510298,0.33333333333333337,0.2,0.25,0.16666666666666666,0.0
db25_DBPEDIA-SC_db25:45-en,0.0,0.0,1.0,0.026487690798830184,0.3064312673937067,0.2809757434745082,0.2402530733520421,1.0,0.0,0.0,0.0,0.23076923076923078,0.2649572649572649,0.32206632653061223,0.0,0.15289069313303227,0.0,,0.0,0.0,0.03001448585400683,0.0,0.0,0.0,0.0,0.0,0.0,0.32,0.08695652173913045,0.0,0.0,0.03149935035796096,0.4444444444444445,0.22222222222222224,0.25,0.2,0.0
db25_DBPEDIA-SC_db25:45-es,0.0,0.0,1.0,0.026380696981716002,0.30917566194690915,0.18394180184548975,0.2240092377397959,1.0,0.0,0.0,0.0,0.2,0.2136752136752137,0.3647058823529412,0.0,0.13081435925695184,0.0,,0.0,0.0,0.02383765064930276,0.0,0.0,0.0,0.0,0.0,0.0,0.27586206896551724,0.07407407407407407,0.0,0.0,0.02997425881153643,0.45454545454545453,0.2727272727272727,0.25,0.3,0.0
db25_DBPEDIA-SC_db25:46-en,0.0,0.0,0.0,0.006953876225878528,0.3050486884505379,0.2721655269759087,0.1951941016011038,0.0,0.0,0.0,0.0,0.15,0.1707317073170732,0.1409090909090909,0.0,0.09169701420464856,0.0,0.0,0.0,1.0,0.01246135889215848,0.0,0.0,0.0,0.0,0.0,0.0,0.28571428571428564,0.05,0.0,0.0,0.016564255983508042,0.3,0.15,0.25,0.10714285714285714,0.0
db25_DBPEDIA-SC_db25:46-es,0.0,0.0,0.0,0.006953876225878528,0.3050486884505379,0.2566001196398337,0.2,0.0,0.0,0.0,0.0,0.15789473684210525,0.16463414634146345,0.1409090909090909,0.0,0.09169701420464856,0.0,0.0,0.0,1.0,0.01246135889215848,0.0,0.0,0.0,0.0,0.0,0.0,0.28571428571428564,0.05,0.0,0.0,0.016564255983508042,0.3,0.15,0.25,0.10714285714285714,0.0
db25_DBPEDIA-SC_db25:47-en,0.0,0.0,0.0,0.018180306971358407,0.46814788226315573,0.11145564251507058,0.17253779651421453,0.0,0.0,0.0,0.0,0.14814814814814814,0.1872791519434629,0.2756274923762609,0.0,0.09350118381587852,0.0,,0.0,1.0,0.018564780992259573,0.0,0.0,0.0,0.0,0.0,0.0,0.2641509433962264,0.039215686274509796,0.0,0.0,0.0396114462440903,0.4666666666666666,0.33333333333333337,0.4166666666666667,0.2777777777777778,0.0
db25_DBPEDIA-SC_db25:47-es,0.0,0.0,0.0,0.018180306971358407,0.46814788226315573,0.11145564251507058,0.17253779651421453,0.0,0.0,0.0,0.0,0.14814814814814814,0.1872791519434629,0.2756274923762609,0.0,0.09350118381587852,0.0,,0.0,1.0,0.018564780992259573,0.0,0.0,0.0,0.0,0.0,0.0,0.2641509433962264,0.039215686274509796,0.0,0.0,0.0396114462440903,0.4666666666666666,0.33333333333333337,0.4166666666666667,0.2777777777777778,0.0
db25_DBPEDIA-SC_db25:48-en,0.0,0.0,0.0,0.02183556213332633,0.04846659640273409,0.08458258116519014,0.21089672205953397,0.0,0.0,0.0,0.0,0.17647058823529413,0.24882629107981225,0.2818181818181818,0.0,0.12753098059990206,0.0,,0.0,1.0,0.02183556213332633,0.0,0.0,0.0,0.0,0.0,0.0,0.2727272727272727,0.09523809523809523,0.0,0.0,0.06053829631834109,0.42857142857142855,0.21428571428571427,0.2,0.23076923076923078,0.0
db25_DBPEDIA-SC_db25:48-es,0.0,0.0,0.0,0.02183556213332633,0.04846659640273409,0.08458258116519014,0.21089672205953397,0.0,0.0,0.0,0.0,0.17647058823529413,0.21126760563380287,0.2818181818181818,0.0,0.12753098059990206,0.0,,0.0,1.0,0.02183556213332633,0.0,0.0,0.0,0.0,0.0,0.0,0.2727272727272727,0.09523809523809523,0.0,0.0,0.06053829631834109,0.42857142857142855,0.21428571428571427,0.2,0.23076923076923078,0.0
db25_DBPEDIA-SC_db25:49-en,0.0,0.0,0.0,0.02383765064930276,0.2907782822210671,0.18731716231633883,0.2240092377397959,0.0,0.0,0.0,0.0,0.25,0.23684210526315785,0.5,0.0,0.11373546463821492,0.06896551724137931,,0.0,1.0,0.02383765064930276,0.0,0.06896551724137931,0.0,0.0,0.0,0.0,0.4571428571428571,0.30303030303030304,0.12903225806451615,0.06896551724137931,0.02383765064930276,0.2105263157894737,0.2105263157894737,0.16666666666666666,0.2857142857142857,0.0
db25_DBPEDIA-SC_db25:49-es,0.0,0.0,0.0,0.030601688609851067,0.5525839303368059,0.1956463952178074,0.23166247903554,0.0,0.0,0.0,0.0,0.26666666666666666,0.20394736842105265,0.5208333333333334,0.0,0.15527289920984508,0.06451612903225808,,0.0,1.0,0.030601688609851067,0.0,0.06451612903225808,0.0,0.0,0.0,0.0,0.3243243243243243,0.2285714285714286,0.12121212121212122,0.06451612903225808,0.030601688609851067,0.25,0.25,0.2222222222222222,0.2857142857142857,0.0
db25_DBPEDIA-SC_db25:5-en,0.0,0.0,0.0,0.02383765064930276,0.2907782822210671,0.10690449676496977,0.1951941016011038,0.0,0.0,0.0,0.0,0.10526315789473684,0.2695035460992907,0.33938172043010756,0.0,0.13929692701099317,0.0,,0.0,1.0,0.02383765064930276,0.0,0.0,0.0,0.0,0.0,0.0,0.30303030303030304,0.12903225806451615,0.06896551724137931,0.0,0.05678170484701192,0.380952380952381,0.1904761904761905,0.16666666666666666,0.2222222222222222,0.0
db25_DBPEDIA-SC_db25:5-es,0.0,0.0,0.0,0.02383765064930276,0.2907782822210671,0.16035674514745465,0.20521309615767264,0.0,0.0,0.0,0.0,0.16666666666666666,0.1985815602836879,0.33938172043010756,0.0,0.13929692701099317,0.0,,0.0,1.0,0.02383765064930276,0.0,0.0,0.0,0.0,0.0,0.0,0.2580645161290323,0.0,0.0,0.0,0.05678170484701192,0.380952380952381,0.1904761904761905,0.16666666666666666,0.2222222222222222,0.0
db25_DBPEDIA-SC_db25:50-en,0.0,0.0,0.0,0.03848196746087264,0.5653759218280684,0.20795009796401454,0.25,0.0,0.0,0.0,0.0,0.3076923076923077,0.21935483870967742,0.5357142857142857,0.0,0.20748340713083765,0.0,,0.0,1.0,0.03848196746087264,0.0,0.0,0.0,0.0,0.0,0.0,0.41379310344827586,0.2222222222222222,0.0,0.0,0.03848196746087264,0.2857142857142857,0.2857142857142857,0.2857142857142857,0.2857142857142857,0.0
db25_DBPEDIA-SC_db25:50-es,0.0,0.0,0.0,0.027895820162122397,0.29794132197766143,0.12427395320024,0.21712927295533244,0.0,0.0,0.0,0.0,0.13333333333333333,0.18709677419354842,0.5136986301369862,0.0,0.13826707794313167,0.0,,0.0,1.0,0.027895820162122397,0.0,0.0,0.0,0.0,0.0,0.0,0.2857142857142857,0.15384615384615383,0.0,0.0,0.027895820162122397,0.23529411764705882,0.23529411764705882,0.2,0.2857142857142857,0.0
db25_DBPEDIA-SC_db25:51-en,0.0,0.0,0.0,0.022330777884899577,0.3083153097057949,0.11624763874381928,0.23166247903554,0.0,0.0,0.0,0.0,0.26666666666666666,0.26442307692307687,0.26956521739130435,0.0,0.1267050154476906,0.0,,0.0,1.0,0.024271412912056454,0.0,0.0,0.0,0.0,0.0,0.0,0.27906976744186046,0.0975609756097561,0.0,0.0,0.053192307309094494,0.4615384615384615,0.23076923076923075,0.25,0.21428571428571427,0.0
db25_DBPEDIA-SC_db25:51-es,0.0,0.0,0.0,0.022330777884899577,0.3083153097057949,0.11624763874381928,0.23166247903554,0.0,0.0,0.0,0.0,0.26666666666666666,0.26442307692307687,0.26956521739130435,0.0,0.1267050154476906,0.0,,0.0,1.0,0.024271412912056454,0.0,0.0,0.0,0.0,0.0,0.0,0.27906976744186046,0.0975609756097561,0.0,0.0,0.053192307309094494,0.4615384615384615,0.23076923076923075,0.25,0.21428571428571427,0.0
db25_DBPEDIA-SC_db25:52-en,0.0,0.0,0.0,0.022839165849062423,0.04680391993474215,0.1096908636190696,0.21712927295533244,0.0,0.0,0.0,0.0,0.1875,0.17460317460317465,0.3177966101694915,0.0,0.11320350885027222,0.0,,0.0,1.0,0.025241181889490292,0.0,0.0,0.0,0.0,0.0,0.0,0.3243243243243243,0.17142857142857143,0.0,0.0,0.022839165849062423,0.1818181818181818,0.1818181818181818,0.2,0.16666666666666666,0.0
db25_DBPEDIA-SC_db25:52-es,0.0,0.0,0.0,0.021927068045387584,0.05056297294781644,0.18281810603178267,0.23166247903554,0.0,0.0,0.0,0.0,0.26666666666666666,0.2328042328042328,0.32051282051282054,0.0,0.11125789396742218,0.0,,0.0,1.0,0.024503916662321008,0.0,0.0,0.0,0.0,0.0,0.0,0.2439024390243902,0.10256410256410256,0.0,0.0,0.021927068045387584,0.1904761904761905,0.1904761904761905,0.2222222222222222,0.16666666666666666,0.0
db25_DBPEDIA-SC_db25:53-en,0.0,0.0,0.0,0.02183556213332633,0.04846659640273409,0.09258200997725513,0.16952084719853724,0.0,0.0,0.0,0.0,0.1111111111111111,0.16371681415929207,0.2818181818181818,0.0,0.10371945196706786,0.0,,0.0,1.0,0.019730657693620934,0.0,0.0,0.0,0.0,0.0,0.0,0.24,0.08333333333333333,0.043478260869565216,0.0,0.02480998857358976,0.3571428571428571,0.21428571428571427,0.2,0.23076923076923078,0.0
db25_DBPEDIA-SC_db25:53-es,0.0,0.0,0.0,0.024271412912056454,0.30872757218681873,0.06388765649999399,0.16666666666666666,0.0,0.0,0.0,0.0,0.07407407407407407,0.15486725663716816,0.2883720930232559,0.0,0.12035502058767225,0.0,,0.0,1.0,0.02383765064930276,0.0,0.0,0.0,0.0,0.0,0.0,0.15686274509803924,0.04081632653061225,0.0,0.0,0.02757764940220787,0.4,0.24000000000000002,0.25,0.23076923076923078,0.0
db25_DBPEDIA-SC_db25:54-en,0.0,0.0,0.0,0.018204705905966265,0.30442014112873256,0.14638501094227999,0.179128784747792,0.0,0.0,0.0,0.0,0.125,0.18018018018018023,0.2525,0.0,0.1050801342172536,0.05,,0.0,1.0,0.02062863433588219,0.0,0.06896551724137931,0.0,0.0,0.0,0.0,0.26086956521739124,0.13636363636363635,0.09523809523809523,0.05,0.021649165789907145,0.380952380952381,0.1904761904761905,0.25,0.15384615384615385,0.0
db25_DBPEDIA-SC_db25:54-es,0.0,0.0,0.0,0.018204705905966265,0.30442014112873256,0.09759000729485333,0.17253779651421453,0.0,0.0,0.0,0.0,0.08,0.16216216216216217,0.2525,0.0,0.1050801342172536,0.0,,0.0,1.0,0.02062863433588219,0.0,0.0,0.0,0.0,0.0,0.0,0.22222222222222224,0.09302325581395347,0.04878048780487805,0.0,0.021649165789907145,0.380952380952381,0.1904761904761905,0.25,0.15384615384615385,0.0
db25_DBPEDIA-SC_db25:55-en,0.0,0.0,0.0,0.02568481047180467,0.04406577183701904,0.23643312187173018,0.2240092377397959,0.0,0.0,0.0,0.0,0.2,0.2649572649572649,0.34307065217391297,0.0,0.1527898075109779,0.0,,0.0,1.0,0.02568481047180467,0.0,0.0,0.0,0.0,0.0,0.0,0.32,0.0,0.0,0.0,0.061729293904138435,0.39999999999999997,0.19999999999999998,0.18181818181818182,0.2222222222222222,0.0
db25_DBPEDIA-SC_db25:55-es,0.0,0.0,0.0,0.02568481047180467,0.04406577183701904,0.23643312187173018,0.2240092377397959,0.0,0.0,0.0,0.0,0.2,0.2649572649572649,0.34307065217391297,0.0,0.1527898075109779,0.0,,0.0,1.0,0.02568481047180467,0.0,0.0,0.0,0.0,0.0,0.0,0.32,0.0,0.0,0.0,0.061729293904138435,0.39999999999999997,0.19999999999999998,0.18181818181818182,0.2222222222222222,0.0
db25_DBPEDIA-SC_db25:56-en,0.0,0.0,0.0,0.014169952471623797,0.5030102207165144,0.3421929554145775,0.21712927295533244,0.0,0.0,0.0,0.0,0.3157894736842105,0.18181818181818177,0.27807172251616696,0.0,0.152408022375532,0.0,,0.0,1.0,0.02383765064930276,0.0,0.0,0.0,0.0,0.0,0.0,0.4444444444444445,0.13953488372093023,0.04878048780487805,0.0,0.0359417722660817,0.5294117647058824,0.4117647058823529,0.5833333333333334,0.3181818181818182,0.0
db25_DBPEDIA-SC_db25:56-es,0.0,0.0,0.0,0.00777826417146598,0.5268885790054524,0.4181666987914534,0.23166247903554,0.0,0.0,0.0,0.0,0.35294117647058826,0.19090909090909092,0.2582675970873786,0.0,0.11629028465791766,0.0,,0.0,1.0,0.02062863433588219,0.0,0.0,0.0,0.0,0.0,0.0,0.43902439024390244,0.15384615384615383,0.05405405405405406,0.0,0.03411452484397793,0.39999999999999997,0.39999999999999997,0.75,0.2727272727272727,0.0
db25_DBPEDIA-SC_db25:57-en,0.0,0.0,0.0,0.02183556213332633,0.04846659640273409,0.2484519974999766,0.21712927295533244,0.0,0.0,0.0,0.0,0.1875,0.1923076923076923,0.3542857142857143,0.0,0.10371945196706786,0.0,,0.0,1.0,0.019730657693620934,0.0,0.0,0.0,0.0,0.0,0.0,0.28571428571428575,0.0,0.0,0.0,0.02480998857358976,0.4,0.24,0.2,0.3,0.0
db25_DBPEDIA-SC_db25:57-es,0.0,0.0,0.0,0.02183556213332633,0.04846659640273409,0.2484519974999766,0.21712927295533244,0.0,0.0,0.0,0.0,0.1875,0.16923076923076918,0.3542857142857143,0.0,0.10371945196706786,0.0,,0.0,1.0,0.019730657693620934,0.0,0.0,0.0,0.0,0.0,0.0,0.28571428571428575,0.0,0.0,0.0,0.02480998857358976,0.4,0.24,0.2,0.3,0.0
db25_DBPEDIA-SC_db25:58-en,0.0,0.0,0.0,0.027895820162122397,0.29794132197766143,0.0978231976089037,0.20521309615767264,0.0,0.0,0.0,0.0,0.11764705882352941,0.2012987012987013,0.5136986301369862,0.0,0.13826707794313167,0.0,,0.0,1.0,0.027895820162122397,0.0,0.0,0.0,0.0,0.0,0.0,0.37499999999999994,0.2,0.0,0.0,0.027895820162122397,0.23529411764705882,0.23529411764705882,0.2,0.2857142857142857,0.0
db25_DBPEDIA-SC_db25:58-es,0.0,0.0,0.0,0.03848196746087264,0.5653759218280684,0.15389675281277312,0.2240092377397959,0.0,0.0,0.0,0.0,0.2,0.26623376623376627,0.5357142857142857,0.0,0.20748340713083765,0.0,,0.0,1.0,0.03848196746087264,0.0,0.0,0.0,0.0,0.0,0.0,0.3870967741935483,0.20689655172413793,0.0,0.0,0.03848196746087264,0.2857142857142857,0.2857142857142857,0.2857142857142857,0.2857142857142857,0.0
db25_DBPEDIA-SC_db25:59-en,0.0,0.0,0.0,0.0173912273033534,0.30726596691367075,0.12182898077463454,0.20521309615767264,0.0,0.0,0.0,0.0,0.21052631578947367,0.2365145228215768,0.22545454545454546,0.0,0.13731816859901994,0.0,,0.0,1.0,0.0173912273033534,0.0,0.0,0.0,0.0,0.0,0.0,0.26666666666666666,0.09302325581395349,0.04878048780487805,0.0,0.09543819103023578,0.4827586206896552,0.20689655172413793,0.25,0.17647058823529413,0.0
db25_DBPEDIA-SC_db25:59-es,0.0,0.0,0.0,0.0173912273033534,0.30726596691367075,0.12182898077463454,0.20521309615767264,0.0,0.0,0.0,0.0,0.21052631578947367,0.2365145228215768,0.22545454545454546,0.0,0.13731816859901994,0.0,,0.0,1.0,0.0173912273033534,0.0,0.0,0.0,0.0,0.0,0.0,0.26666666666666666,0.09302325581395349,0.04878048780487805,0.0,0.09543819103023578,0.4827586206896552,0.20689655172413793,0.25,0.17647058823529413,0.0
db25_DBPEDIA-SC_db25:6-en,0.0,0.0,0.0,0.018738720292863827,0.04105416147691346,0.037139067635410375,0.1639607805437114,0.0,0.0,0.0,0.0,0.07142857142857142,0.15306122448979587,0.20666666666666667,0.0,0.08908103511839603,0.0,,0.0,1.0,0.016932345201716215,0.0,0.0,0.0,0.0,0.0,0.0,0.13333333333333333,0.0,0.0,0.0,0.022284219498319536,0.3333333333333333,0.16666666666666666,0.16666666666666666,0.16666666666666666,0.0
db25_DBPEDIA-SC_db25:6-es,0.0,0.0,0.0,0.016000701543999286,0.3069705679378424,0.08304547985373997,0.179128784747792,0.0,0.0,0.0,0.0,0.16,0.15306122448979587,0.2137931034482759,0.0,0.08203631880024792,0.0,,0.0,1.0,0.018564780992259573,0.0,0.0,0.0,0.0,0.0,0.0,0.14285714285714285,0.0,0.0,0.0,0.019028148121158973,0.4,0.2,0.25,0.16666666666666666,0.0
db25_DBPEDIA-SC_db25:60-en,0.0,0.0,0.0,0.03630303318276003,0.20976879170166723,0.3451342449813167,0.21089672205953397,0.0,0.0,0.0,0.0,0.2222222222222222,0.2816091954022989,0.2592388306674021,0.0,0.21972813874997157,0.0,,0.0,1.0,0.023143716762037445,0.0,0.0,0.0,0.0,0.0,0.0,0.3684210526315789,0.0,0.0,0.0,0.03630303318276003,0.30303030303030304,0.30303030303030304,0.35714285714285715,0.2631578947368421,0.0
db25_DBPEDIA-SC_db25:60-es,0.0,0.0,0.0,0.017506741399611767,0.485861934941128,0.39528470752104744,0.21712927295533244,0.0,0.0,0.0,0.0,0.23529411764705882,0.2816091954022989,0.2907274590163934,0.0,0.3003918358815796,0.0,,0.0,1.0,0.026380696981716002,0.0,0.0,0.0,0.0,0.0,0.0,0.38888888888888895,0.0588235294117647,0.0,0.0,0.1989677776837369,0.5161290322580646,0.3870967741935484,0.5,0.3157894736842105,0.0
db25_DBPEDIA-SC_db25:61-en,0.0,0.0,1.0,0.026480261910431388,0.07215987013541596,0.2886751345948129,0.2240092377397959,1.0,0.0,0.0,0.0,0.25,0.19852941176470584,0.44034536891679743,0.0,0.06257848925179675,0.0,,0.0,0.0,0.021023279915645145,0.0,0.0,0.0,0.0,0.0,0.0,0.35714285714285715,0.07692307692307693,0.0,0.0,0.02930522708520352,0.46153846153846156,0.3076923076923077,0.3076923076923077,0.3076923076923077,0.0
db25_DBPEDIA-SC_db25:61-es,0.0,0.0,1.0,0.026480261910431388,0.07215987013541596,0.2886751345948129,0.2240092377397959,1.0,0.0,0.0,0.0,0.25,0.20588235294117652,0.44034536891679743,0.0,0.06257848925179675,0.0,,0.0,0.0,0.021023279915645145,0.0,0.0,0.0,0.0,0.0,0.0,0.35714285714285715,0.07692307692307693,0.0,0.0,0.02930522708520352,0.46153846153846156,0.3076923076923077,0.3076923076923077,0.3076923076923077,0.0
db25_DBPEDIA-SC_db25:62-en,0.0,0.0,0.0,0.02383765064930276,0.2907782822210671,0.16718346377260587,0.21712927295533244,0.0,0.0,0.0,0.0,0.1875,0.17021276595744683,0.33938172043010756,0.0,0.12586898234382776,0.07407407407407407,,0.0,1.0,0.02383765064930276,0.0,0.07407407407407407,0.0,0.0,0.0,0.0,0.3636363636363636,0.1935483870967742,0.13793103448275862,0.07407407407407407,0.028347903757100078,0.380952380952381,0.1904761904761905,0.16666666666666666,0.2222222222222222,0.0
db25_DBPEDIA-SC_db25:62-es,0.0,0.0,0.0,0.022267157315461233,0.28795254843846385,0.10425720702853739,0.21089672205953397,0.0,0.0,0.0,0.0,0.125,0.13475177304964536,0.3357712765957447,0.0,0.11572726495597013,0.0,,0.0,1.0,0.022267157315461233,0.0,0.0,0.0,0.0,0.0,0.0,0.2105263157894737,0.05555555555555555,0.0,0.0,0.026480261910431388,0.3636363636363637,0.18181818181818185,0.15384615384615385,0.2222222222222222,0.0
db25_DBPEDIA-SC_db25:63-en,0.0,0.0,0.0,0.01910532175313344,0.47963881256280105,0.18898223650461363,0.2240092377397959,0.0,0.0,0.0,0.0,0.2,0.19277108433734935,0.31820066334991703,0.0,0.09273289296989985,0.0,,0.0,1.0,0.018204705905966265,0.0,0.0,0.0,0.0,0.0,0.0,0.30303030303030304,0.0,0.0,0.0,0.01910532175313344,0.36363636363636365,0.36363636363636365,0.5,0.2857142857142857,0.0
db25_DBPEDIA-SC_db25:63-es,0.0,0.0,0.0,0.025372662301107043,0.46967580390280117,0.08247860988423225,0.2,0.0,0.0,0.0,0.0,0.1111111111111111,0.22891566265060237,0.3475303164744159,0.0,0.16675317814144971,0.0,,0.0,1.0,0.024271412912056454,0.0,0.0,0.0,0.0,0.0,0.0,0.22857142857142854,0.0,0.0,0.0,0.11073196446428506,0.5384615384615384,0.3846153846153846,0.4166666666666667,0.35714285714285715,0.0
db25_DBPEDIA-SC_db25:64-en,0.0,0.0,0.0,0.02183556213332633,0.04846659640273409,0.19870653453128087,0.21089672205953397,0.0,0.0,0.0,0.0,0.2222222222222222,0.25806451612903225,0.2818181818181818,0.0,0.12753098059990206,0.0,,0.0,1.0,0.02183556213332633,0.0,0.0,0.0,0.0,0.0,0.0,0.4,0.09302325581395349,0.04878048780487805,0.0,0.06053829631834109,0.42857142857142855,0.21428571428571427,0.2,0.23076923076923078,0.0
db25_DBPEDIA-SC_db25:64-es,0.0,0.0,0.0,0.02183556213332633,0.04846659640273409,0.19870653453128087,0.21089672205953397,0.0,0.0,0.0,0.0,0.2222222222222222,0.25806451612903225,0.2818181818181818,0.0,0.12753098059990206,0.0,,0.0,1.0,0.02183556213332633,0.0,0.0,0.0,0.0,0.0,0.0,0.4,0.09302325581395349,0.04878048780487805,0.0,0.06053829631834109,0.42857142857142855,0.21428571428571427,0.2,0.23076923076923078,0.0
db25_DBPEDIA-SC_db25:65-en,0.0,0.0,0.0,0.02383765064930276,0.2907782822210671,0.22291128503014115,0.23166247903554,0.0,0.0,0.0,0.0,0.26666666666666666,0.21599999999999997,0.33938172043010756,0.0,0.13929692701099317,0.0,,0.0,1.0,0.02383765064930276,0.0,0.0,0.0,0.0,0.0,0.0,0.3448275862068966,0.07407407407407407,0.0,0.0,0.05678170484701192,0.380952380952381,0.1904761904761905,0.16666666666666666,0.2222222222222222,0.0
db25_DBPEDIA-SC_db25:65-es,0.0,0.0,0.0,0.02383765064930276,0.2907782822210671,0.22291128503014115,0.23166247903554,0.0,0.0,0.0,0.0,0.26666666666666666,0.21599999999999997,0.33938172043010756,0.0,0.13929692701099317,0.0,,0.0,1.0,0.02383765064930276,0.0,0.0,0.0,0.0,0.0,0.0,0.3448275862068966,0.07407407407407407,0.0,0.0,0.05678170484701192,0.380952380952381,0.1904761904761905,0.16666666666666666,0.2222222222222222,0.0
db25_DBPEDIA-SC_db25:66-en,0.0,0.0,1.0,0.021023279915645145,0.07102784536451089,0.12768847961381227,0.16666666666666666,1.0,0.0,0.0,0.0,0.10714285714285714,0.14418604651162792,0.36461718445339913,0.0,0.04968248050901857,0.0,,0.0,0.0,0.016690858266679754,0.0,0.0,0.0,0.0,0.0,0.0,0.22727272727272727,0.0,0.0,0.0,0.02326608377544339,0.41379310344827586,0.27586206896551724,0.3076923076923077,0.25,0.0
db25_DBPEDIA-SC_db25:66-es,0.0,0.0,1.0,0.022224701309022314,0.05990450489946611,0.1203858530857692,0.1639607805437114,1.0,0.0,0.0,0.0,0.10344827586206896,0.13953488372093026,0.2997448979591837,0.0,0.05150946825739166,0.0,,0.0,0.0,0.02039053084702657,0.0,0.0,0.0,0.0,0.0,0.0,0.13636363636363635,0.0,0.0,0.0,0.024595675109435063,0.375,0.25,0.25,0.25,0.0
db25_DBPEDIA-SC_db25:67-en,0.0,0.0,0.0,0.019730657693620934,0.03334148404663766,0.20228869496966945,0.21712927295533244,0.0,0.0,0.0,0.0,0.1875,0.30612244897959184,0.32877604166666663,0.0,0.11044506896905561,0.11428571428571428,,0.0,1.0,0.019730657693620934,0.0,0.11428571428571428,0.0,0.0,0.0,0.0,0.4878048780487805,0.25641025641025644,0.16216216216216214,0.11428571428571428,0.04599915789122599,0.33333333333333337,0.16666666666666669,0.13333333333333333,0.2222222222222222,0.0
db25_DBPEDIA-SC_db25:67-es,0.0,0.0,0.0,0.022267157315461233,0.28795254843846385,0.20851441405707477,0.2240092377397959,0.0,0.0,0.0,0.0,0.2,0.24489795918367352,0.3357712765957447,0.0,0.12807327174314076,0.0,,0.0,1.0,0.022267157315461233,0.0,0.0,0.0,0.0,0.0,0.0,0.25,0.05263157894736842,0.0,0.0,0.05262202728382899,0.3636363636363637,0.18181818181818185,0.15384615384615385,0.2222222222222222,0.0
db25_DBPEDIA-SC_db25:68-en,0.0,0.0,0.0,0.03001448585400683,0.30728758069843787,0.2553769592276246,0.23166247903554,0.0,0.0,0.0,0.0,0.21428571428571427,0.2542372881355932,0.3546348314606741,0.0,0.19173026589128161,0.0,,0.0,1.0,0.03001448585400683,0.0,0.0,0.0,0.0,0.0,0.0,0.32,0.08695652173913045,0.0,0.0,0.07475095167059852,0.47058823529411764,0.23529411764705882,0.25,0.2222222222222222,0.0
db25_DBPEDIA-SC_db25:68-es,0.0,0.0,0.0,0.03001448585400683,0.30728758069843787,0.17025130615174974,0.21712927295533244,0.0,0.0,0.0,0.0,0.13333333333333333,0.22033898305084743,0.3546348314606741,0.0,0.19173026589128161,0.0,,0.0,1.0,0.03001448585400683,0.0,0.0,0.0,0.0,0.0,0.0,0.24000000000000005,0.0,0.0,0.0,0.07475095167059852,0.47058823529411764,0.23529411764705882,0.25,0.2222222222222222,0.0
db25_DBPEDIA-SC_db25:69-en,0.0,0.0,0.0,0.03001448585400683,0.30728758069843787,0.17025130615174974,0.21712927295533244,0.0,0.0,0.0,0.0,0.13333333333333333,0.31007751937984496,0.3546348314606741,0.0,0.19173026589128161,0.0,,0.0,1.0,0.03001448585400683,0.0,0.0,0.0,0.0,0.0,0.0,0.3076923076923077,0.08333333333333334,0.0,0.0,0.07475095167059852,0.47058823529411764,0.23529411764705882,0.25,0.2222222222222222,0.0
db25_DBPEDIA-SC_db25:69-es,0.0,0.0,0.0,0.02383765064930276,0.2907782822210671,0.16718346377260587,0.21712927295533244,0.0,0.0,0.0,0.0,0.1875,0.3023255813953488,0.33938172043010756,0.0,0.13929692701099317,0.0,,0.0,1.0,0.02383765064930276,0.0,0.0,0.0,0.0,0.0,0.0,0.27586206896551724,0.07407407407407407,0.0,0.0,0.05678170484701192,0.380952380952381,0.1904761904761905,0.16666666666666666,0.2222222222222222,0.0
db25_DBPEDIA-SC_db25:7-en,0.0,0.0,0.0,0.026380696981716002,0.30917566194690915,0.40406101782088427,0.23166247903554,0.0,0.0,0.0,0.0,0.3125,0.17021276595744683,0.31000000000000005,0.0,0.13929692701099317,0.0,,0.0,1.0,0.02383765064930276,0.0,0.0,0.0,0.0,0.0,0.0,0.4375,0.2,0.14285714285714285,0.07692307692307693,0.06003934299439418,0.4166666666666667,0.25,0.25,0.25,0.0
db25_DBPEDIA-SC_db25:7-es,0.0,0.0,0.0,0.026380696981716002,0.30917566194690915,0.40406101782088427,0.23166247903554,0.0,0.0,0.0,0.0,0.3125,0.17021276595744683,0.31000000000000005,0.0,0.13929692701099317,0.0,,0.0,1.0,0.02383765064930276,0.0,0.0,0.0,0.0,0.0,0.0,0.4375,0.2,0.14285714285714285,0.07692307692307693,0.06003934299439418,0.4166666666666667,0.25,0.25,0.25,0.0
db25_DBPEDIA-SC_db25:70-en,0.0,0.0,1.0,0.022224701309022314,0.05990450489946611,0.2,0.2,1.0,0.0,0.0,0.0,0.15789473684210525,0.18382352941176472,0.36059536596593533,0.0,0.05150946825739166,0.0,,0.0,0.0,0.024595675109435063,0.0,0.0,0.0,0.0,0.0,0.0,0.3225806451612903,0.06896551724137931,0.0,0.0,0.024595675109435063,0.41379310344827586,0.27586206896551724,0.25,0.3076923076923077,0.0
db25_DBPEDIA-SC_db25:70-es,0.0,0.0,1.0,0.026480261910431388,0.07215987013541596,0.21213203435596426,0.20521309615767264,1.0,0.0,0.0,0.0,0.16666666666666666,0.16911764705882348,0.44034536891679743,0.0,0.06257848925179675,0.0,,0.0,0.0,0.021023279915645145,0.0,0.0,0.0,0.0,0.0,0.0,0.25,0.0,0.0,0.0,0.02930522708520352,0.46153846153846156,0.3076923076923077,0.3076923076923077,0.3076923076923077,0.0
db25_DBPEDIA-SC_db25:71-en,0.0,0.0,0.0,0.02568481047180467,0.04406577183701904,0.15762208124782012,0.21089672205953397,0.0,0.0,0.0,0.0,0.125,0.25806451612903225,0.34307065217391297,0.0,0.1527898075109779,0.0,,0.0,1.0,0.02568481047180467,0.0,0.0,0.0,0.0,0.0,0.0,0.3076923076923077,0.08333333333333334,0.0,0.0,0.061729293904138435,0.39999999999999997,0.19999999999999998,0.18181818181818182,0.2222222222222222,0.0
db25_DBPEDIA-SC_db25:71-es,0.0,0.0,0.0,0.019730657693620934,0.03334148404663766,0.10114434748483472,0.20521309615767264,0.0,0.0,0.0,0.0,0.11764705882352941,0.16935483870967738,0.32877604166666663,0.0,0.11044506896905561,0.0,,0.0,1.0,0.019730657693620934,0.0,0.0,0.0,0.0,0.0,0.0,0.12903225806451615,0.0,0.0,0.0,0.04599915789122599,0.33333333333333337,0.16666666666666669,0.13333333333333333,0.2222222222222222,0.0
db25_DBPEDIA-SC_db25:72-en,0.0,0.0,0.0,0.02383765064930276,0.2907782822210671,0.22291128503014115,0.23166247903554,0.0,0.0,0.0,0.0,0.26666666666666666,0.25984251968503935,0.33938172043010756,0.0,0.13929692701099317,0.0,,0.0,1.0,0.02383765064930276,0.0,0.0,0.0,0.0,0.0,0.0,0.3448275862068966,0.07407407407407407,0.0,0.0,0.05678170484701192,0.380952380952381,0.1904761904761905,0.16666666666666666,0.2222222222222222,0.0
db25_DBPEDIA-SC_db25:72-es,0.0,0.0,0.0,0.03001448585400683,0.30728758069843787,0.3405026123034995,0.25,0.0,0.0,0.0,0.0,0.3076923076923077,0.3307086614173228,0.3546348314606741,0.0,0.19173026589128161,0.0,,0.0,1.0,0.03001448585400683,0.0,0.0,0.0,0.0,0.0,0.0,0.39999999999999997,0.08695652173913045,0.0,0.0,0.07475095167059852,0.47058823529411764,0.23529411764705882,0.25,0.2222222222222222,0.0
db25_DBPEDIA-SC_db25:73-en,0.0,0.0,0.0,0.020912708837155788,0.035496549372656575,0.17025130615174974,0.21712927295533244,0.0,0.0,0.0,0.0,0.13333333333333333,0.24369747899159666,0.33223684210526316,0.0,0.11858206329002834,0.0,,0.0,1.0,0.020912708837155788,0.0,0.0,0.0,0.0,0.0,0.0,0.24,0.0,0.0,0.0,0.049070511103326775,0.34782608695652173,0.17391304347826086,0.14285714285714285,0.2222222222222222,0.0
db25_DBPEDIA-SC_db25:73-es,0.0,0.0,0.0,0.020912708837155788,0.035496549372656575,0.2553769592276246,0.23166247903554,0.0,0.0,0.0,0.0,0.21428571428571427,0.26890756302521013,0.33223684210526316,0.0,0.11858206329002834,0.0,,0.0,1.0,0.020912708837155788,0.0,0.0,0.0,0.0,0.0,0.0,0.32,0.0,0.0,0.0,0.049070511103326775,0.34782608695652173,0.17391304347826086,0.14285714285714285,0.2222222222222222,0.0
db25_DBPEDIA-SC_db25:74-en,0.0,0.0,0.0,0.02183556213332633,0.04846659640273409,0.0700140042014005,0.1951941016011038,0.0,0.0,0.0,0.0,0.10526315789473684,0.24468085106382975,0.26382978723404255,0.0,0.11478444221317999,0.0,,0.0,1.0,0.019730657693620934,0.0,0.0,0.0,0.0,0.0,0.0,0.22727272727272727,0.09523809523809525,0.049999999999999996,0.0,0.04863818769664761,0.3448275862068965,0.20689655172413796,0.2,0.21428571428571427,0.0
db25_DBPEDIA-SC_db25:74-es,0.0,0.0,0.0,0.022330777884899577,0.3083153097057949,0.07715167498104597,0.1951941016011038,0.0,0.0,0.0,0.0,0.10526315789473684,0.20744680851063835,0.26956521739130435,0.0,0.13049141389369845,0.0,,0.0,1.0,0.02383765064930276,0.0,0.0,0.0,0.0,0.0,0.0,0.15384615384615385,0.0,0.0,0.0,0.055282226553882124,0.5384615384615384,0.23076923076923075,0.25,0.21428571428571427,0.0
db25_DBPEDIA-SC_db25:75-en,0.0,0.0,0.0,0.00922224338631682,0.3079090165110011,0.1516196087157807,0.21089672205953397,0.0,0.0,0.0,0.0,0.125,0.18620689655172418,0.234375,0.0,0.052576320096337455,0.0,,0.0,1.0,0.010638457144858005,0.0,0.0,0.0,0.0,0.0,0.0,0.23076923076923078,0.08333333333333333,0.0,0.0,0.010206090014712692,0.25,0.16666666666666666,0.2857142857142857,0.11764705882352941,0.0
db25_DBPEDIA-SC_db25:75-es,0.0,0.0,0.0,0.00922224338631682,0.3079090165110011,0.1516196087157807,0.21089672205953397,0.0,0.0,0.0,0.0,0.125,0.19310344827586212,0.234375,0.0,0.052576320096337455,0.0,,0.0,1.0,0.010638457144858005,0.0,0.0,0.0,0.0,0.0,0.0,0.2222222222222222,0.07999999999999999,0.0,0.0,0.010206090014712692,0.25,0.16666666666666666,0.2857142857142857,0.11764705882352941,0.0
db25_DBPEDIA-SC_db25:76-en,0.0,0.0,0.0,5.389407245696224e-06,0.05000130855948727,0.11765520133375296,0.12973190755680383,0.0,0.0,0.0,0.0,0.0625,0.09442060085836912,0.028169014084507043,0.0,0.00020505607935922813,0.019047619047619046,,0.0,1.0,2.415364754863754e-05,0.0,0.022727272727272728,0.0,0.0,0.0,0.0,0.14814814814814814,0.056603773584905655,0.03846153846153846,0.0196078431372549,6.409121442229168e-06,0.09302325581395347,0.04651162790697674,0.25,0.02564102564102564,0.0
db25_DBPEDIA-SC_db25:76-es,0.0,0.0,0.0,5.389407245696224e-06,0.30000130855948726,0.11765520133375296,0.12973190755680383,0.0,0.0,0.0,0.0,0.0625,0.07582260371959948,0.028169014084507043,0.0,0.00020505607935922813,0.0,,0.0,1.0,2.415364754863754e-05,0.0,0.0,0.0,0.0,0.0,0.0,0.05660377358490566,0.0,0.0,0.0,6.409121442229168e-06,0.09302325581395347,0.04651162790697674,0.25,0.02564102564102564,0.0
db25_DBPEDIA-SC_db25:77-en,0.0,0.0,0.0,0.05115977228750885,0.5989344646694386,0.4320138246635874,0.23166247903554,0.0,0.0,0.0,0.0,0.3125,0.2185430463576159,0.4434850863422293,0.0,0.2521193618434983,0.0,,0.0,1.0,0.02383765064930276,0.0,0.0,0.0,0.0,0.0,0.0,0.5,0.3529411764705882,0.31249999999999994,0.26666666666666666,0.05115977228750885,0.35714285714285715,0.35714285714285715,0.4166666666666667,0.3125,0.0
db25_DBPEDIA-SC_db25:77-es,0.0,0.0,0.0,0.05115977228750885,0.5989344646694386,0.4320138246635874,0.23166247903554,0.0,0.0,0.0,0.0,0.3125,0.2185430463576159,0.4434850863422293,0.0,0.2521193618434983,0.0,,0.0,1.0,0.02383765064930276,0.0,0.0,0.0,0.0,0.0,0.0,0.5,0.3529411764705882,0.31249999999999994,0.26666666666666666,0.05115977228750885,0.35714285714285715,0.35714285714285715,0.4166666666666667,0.3125,0.0
db25_DBPEDIA-SC_db25:78-en,0.0,0.0,0.0,0.009704916063346839,0.30563311081379474,0.20203050891044216,0.1757340838011157,0.0,0.0,0.0,0.0,0.12,0.14930555555555558,0.16315789473684214,0.0,0.056711334703757006,0.0,,0.0,1.0,0.011260108862655755,0.0,0.0,0.0,0.0,0.0,0.0,0.196078431372549,0.0,0.0,0.0,0.024025556622599604,0.38888888888888895,0.16666666666666666,0.25,0.125,0.0
db25_DBPEDIA-SC_db25:78-es,0.0,0.0,0.0,0.015962911313782538,0.30825719069644125,0.11904761904761905,0.16139047779640892,0.0,0.0,0.0,0.0,0.1,0.1597222222222222,0.2032168799723279,0.0,0.07861747339267405,0.0,,0.0,1.0,0.01753996691534807,0.0,0.0,0.0,0.0,0.0,0.0,0.14035087719298245,0.0,0.0,0.0,0.03534430737098717,0.4090909090909091,0.22727272727272727,0.25,0.20833333333333334,0.0
db25_DBPEDIA-SC_db25:79-en,0.0,0.0,0.0,0.02383765064930276,0.2907782822210671,0.22291128503014115,0.23166247903554,0.0,0.0,0.0,0.0,0.26666666666666666,0.2016129032258065,0.33938172043010756,0.0,0.13929692701099317,0.0,,0.0,1.0,0.02383765064930276,0.0,0.0,0.0,0.0,0.0,0.0,0.3448275862068966,0.07407407407407407,0.0,0.0,0.05678170484701192,0.380952380952381,0.1904761904761905,0.16666666666666666,0.2222222222222222,0.0
db25_DBPEDIA-SC_db25:79-es,0.0,0.0,0.0,0.02383765064930276,0.2907782822210671,0.22291128503014115,0.23166247903554,0.0,0.0,0.0,0.0,0.26666666666666666,0.2016129032258065,0.33938172043010756,0.0,0.13929692701099317,0.0,,0.0,1.0,0.02383765064930276,0.0,0.0,0.0,0.0,0.0,0.0,0.3448275862068966,0.07407407407407407,0.0,0.0,0.05678170484701192,0.380952380952381,0.1904761904761905,0.16666666666666666,0.2222222222222222,0.0
db25_DBPEDIA-SC_db25:8-en,0.0,0.0,0.0,0.03848196746087264,0.5653759218280684,0.20134681656420733,0.2402530733520421,0.0,0.0,0.0,0.0,0.23076923076923078,0.2595419847328244,0.5357142857142857,0.0,0.20748340713083765,0.0,,0.0,1.0,0.03848196746087264,0.0,0.0,0.0,0.0,0.0,0.0,0.30769230769230765,0.16666666666666666,0.0,0.0,0.03848196746087264,0.2857142857142857,0.2857142857142857,0.2857142857142857,0.2857142857142857,0.0
db25_DBPEDIA-SC_db25:8-es,0.0,0.0,0.0,0.027895820162122397,0.29794132197766143,0.1487044791289829,0.2240092377397959,0.0,0.0,0.0,0.0,0.2,0.26717557251908397,0.5136986301369862,0.0,0.13826707794313167,0.0,,0.0,1.0,0.027895820162122397,0.0,0.0,0.0,0.0,0.0,0.0,0.27586206896551724,0.14814814814814817,0.0,0.0,0.027895820162122397,0.23529411764705882,0.23529411764705882,0.2,0.2857142857142857,0.0
db25_DBPEDIA-SC_db25:80-en,0.0,0.0,0.0,0.01237710478624551,0.3186570398517946,0.4217326631901444,0.21089672205953397,0.0,0.0,0.0,0.0,0.36363636363636365,0.1875,0.37272509578544055,0.0,0.16338248411228815,0.05128205128205127,,0.0,1.0,0.015962911313782538,0.0,0.0,0.0,0.0,0.0,0.0,0.4,0.13953488372093026,0.048780487804878044,0.0,0.027530790064646763,0.43999999999999995,0.24,0.3,0.2,0.0
db25_DBPEDIA-SC_db25:80-es,0.0,0.0,0.0,0.00588632914235749,0.3048219020620087,0.2807449625374385,0.18660549686337075,0.0,0.0,0.0,0.0,0.13636363636363635,0.15909090909090906,0.13191489361702127,0.0,0.07993940502668585,0.0,,0.0,1.0,0.008769381599705568,0.0,0.0,0.0,0.0,0.0,0.0,0.20512820512820512,0.0,0.0,0.0,0.014572236708268566,0.33333333333333337,0.14285714285714288,0.25,0.1,0.0
db25_DBPEDIA-SC_db25:81-en,0.0,0.0,0.0,0.02480998857358976,0.2034707722330432,0.07968190728895957,0.1951941016011038,0.0,0.0,0.0,0.0,0.10526315789473684,0.19075144508670516,0.3401360544217687,0.0,0.12222756094810885,0.0,,0.0,1.0,0.019730657693620934,0.0,0.0,0.0,0.0,0.0,0.0,0.3243243243243243,0.05714285714285715,0.0,0.0,0.052906544014577034,0.4827586206896552,0.3448275862068965,0.3333333333333333,0.35714285714285715,0.0
db25_DBPEDIA-SC_db25:81-es,0.0,0.0,0.0,0.025372662301107043,0.46967580390280117,0.08247860988423225,0.2,0.0,0.0,0.0,0.0,0.1111111111111111,0.17919075144508667,0.3475303164744159,0.0,0.13049141389369845,0.0,,0.0,1.0,0.02383765064930276,0.0,0.0,0.0,0.0,0.0,0.0,0.2222222222222222,0.0,0.0,0.0,0.055282226553882124,0.5384615384615384,0.3846153846153846,0.4166666666666667,0.35714285714285715,0.0
db25_DBPEDIA-SC_db25:82-en,0.0,0.0,1.0,0.021543488028492052,0.35446909337858373,0.17677669529663687,0.21712927295533244,1.0,0.0,0.0,0.0,0.23529411764705882,0.228310502283105,0.4146214487579949,0.0,0.04600404324175668,0.0,,0.0,0.0,0.016690858266679754,0.0,0.0,0.0,0.0,0.0,0.0,0.358974358974359,0.10810810810810811,0.0,0.0,0.021543488028492052,0.4000000000000001,0.4000000000000001,0.46153846153846156,0.35294117647058826,0.0
db25_DBPEDIA-SC_db25:82-es,0.0,0.0,1.0,0.021543488028492052,0.35446909337858373,0.17677669529663687,0.21712927295533244,1.0,0.0,0.0,0.0,0.23529411764705882,0.228310502283105,0.4146214487579949,0.0,0.04600404324175668,0.0,,0.0,0.0,0.016690858266679754,0.0,0.0,0.0,0.0,0.0,0.0,0.358974358974359,0.10810810810810811,0.0,0.0,0.021543488028492052,0.4000000000000001,0.4000000000000001,0.46153846153846156,0.35294117647058826,0.0
db25_DBPEDIA-SC_db25:83-en,0.0,0.0,0.0,0.025372662301107043,0.46967580390280117,0.16903085094570333,0.21712927295533244,0.0,0.0,0.0,0.0,0.23529411764705882,0.33333333333333337,0.3475303164744159,0.0,0.16675317814144971,0.05882352941176471,,0.0,1.0,0.024271412912056454,0.0,0.05882352941176471,0.0,0.0,0.0,0.0,0.45,0.15789473684210525,0.1111111111111111,0.05882352941176471,0.11073196446428506,0.5384615384615384,0.3846153846153846,0.4166666666666667,0.35714285714285715,0.0
db25_DBPEDIA-SC_db25:83-es,0.0,0.0,0.0,0.025372662301107043,0.46967580390280117,0.08451542547285167,0.1951941016011038,0.0,0.0,0.0,0.0,0.10526315789473684,0.24444444444444446,0.3475303164744159,0.0,0.16675317814144971,0.0,,0.0,1.0,0.024271412912056454,0.0,0.0,0.0,0.0,0.0,0.0,0.358974358974359,0.10810810810810811,0.057142857142857134,0.0,0.11073196446428506,0.5384615384615384,0.3846153846153846,0.4166666666666667,0.35714285714285715,0.0
db25_DBPEDIA-SC_db25:84-en,0.0,0.0,0.0,0.013544301442424425,0.30644873792545413,0.2566001196398337,0.20521309615767264,0.0,0.0,0.0,0.0,0.16666666666666666,0.19786096256684493,0.19375,0.0,0.11449090582594955,0.0,,0.0,1.0,0.02383765064930276,0.0,0.0,0.0,0.0,0.0,0.0,0.17777777777777778,0.0,0.0,0.0,0.016106979643072745,0.37499999999999994,0.18749999999999997,0.25,0.15,0.0
db25_DBPEDIA-SC_db25:84-es,0.0,0.0,0.0,0.016107481021381258,0.04481859289712404,0.21081851067789192,0.2,0.0,0.0,0.0,0.0,0.2,0.1871657754010695,0.18979591836734694,0.0,0.09709183621113802,0.0,,0.0,1.0,0.018688671660841403,0.0,0.0,0.0,0.0,0.0,0.0,0.1951219512195122,0.0,0.0,0.0,0.018301631881501083,0.2777777777777778,0.16666666666666663,0.1875,0.15,0.0
db25_DBPEDIA-SC_db25:85-en,0.0,0.0,0.0,0.02383765064930276,0.2907782822210671,0.26064301757134345,0.2402530733520421,0.0,0.0,0.0,0.0,0.2857142857142857,0.2743362831858407,0.33938172043010756,0.0,0.13929692701099317,0.0,,0.0,1.0,0.02383765064930276,0.0,0.0,0.0,0.0,0.0,0.0,0.3448275862068966,0.07407407407407407,0.0,0.0,0.05678170484701192,0.380952380952381,0.1904761904761905,0.16666666666666666,0.2222222222222222,0.0
db25_DBPEDIA-SC_db25:85-es,0.0,0.0,0.0,0.03001448585400683,0.30728758069843787,0.3405026123034995,0.25,0.0,0.0,0.0,0.0,0.3076923076923077,0.2743362831858407,0.3546348314606741,0.0,0.19173026589128161,0.0,,0.0,1.0,0.03001448585400683,0.0,0.0,0.0,0.0,0.0,0.0,0.39999999999999997,0.08695652173913045,0.0,0.0,0.07475095167059852,0.47058823529411764,0.23529411764705882,0.25,0.2222222222222222,0.0
db25_DBPEDIA-SC_db25:86-en,0.0,0.0,0.0,0.02349976050271008,0.19904289850685417,0.11572751247156893,0.2,0.0,0.0,0.0,0.0,0.15789473684210525,0.21084337349397586,0.36059536596593533,0.0,0.15460065623088884,0.0,,0.0,1.0,0.020682415030268957,0.0,0.0,0.0,0.0,0.0,0.0,0.25641025641025644,0.0,0.0,0.0,0.10744977968537141,0.4827586206896552,0.3448275862068966,0.3125,0.38461538461538464,0.0
db25_DBPEDIA-SC_db25:86-es,0.0,0.0,0.0,0.02757764940220787,0.47014422451780835,0.1649572197684645,0.2240092377397959,0.0,0.0,0.0,0.0,0.25,0.25903614457831325,0.3717766176237937,0.0,0.19164294228685877,0.0,,0.0,1.0,0.024271412912056454,0.0,0.0,0.0,0.0,0.0,0.0,0.3,0.0,0.0,0.0,0.13319472522953685,0.5599999999999999,0.4,0.4166666666666667,0.38461538461538464,0.0
db25_DBPEDIA-SC_db25:87-en,0.0,0.0,0.0,0.022330777884899577,0.3083153097057949,0.15762208124782015,0.21712927295533244,0.0,0.0,0.0,0.0,0.23529411764705882,0.23857868020304573,0.26956521739130435,0.0,0.13049141389369845,0.0,,0.0,1.0,0.02383765064930276,0.0,0.0,0.0,0.0,0.0,0.0,0.27777777777777773,0.05882352941176471,0.0,0.0,0.055282226553882124,0.5384615384615384,0.23076923076923075,0.25,0.21428571428571427,0.0
db25_DBPEDIA-SC_db25:87-es,0.0,0.0,0.0,0.022330777884899577,0.3083153097057949,0.15762208124782015,0.21712927295533244,0.0,0.0,0.0,0.0,0.23529411764705882,0.21319796954314718,0.26956521739130435,0.0,0.13049141389369845,0.0,,0.0,1.0,0.02383765064930276,0.0,0.0,0.0,0.0,0.0,0.0,0.27777777777777773,0.05882352941176471,0.0,0.0,0.055282226553882124,0.5384615384615384,0.23076923076923075,0.25,0.21428571428571427,0.0
db25_DBPEDIA-SC_db25:88-en,0.0,0.0,0.0,0.020682415030268957,0.2957138200580987,0.18385542391076864,0.18660549686337075,0.0,0.0,0.0,0.0,0.24,0.16431924882629112,0.2796992481203008,0.0,0.09709183621113802,0.0,,0.0,1.0,0.018688671660841403,0.0,0.0,0.0,0.0,0.0,0.0,0.2916666666666667,0.08695652173913043,0.045454545454545456,0.0,0.02349976050271008,0.3448275862068966,0.20689655172413793,0.1875,0.23076923076923078,0.0
db25_DBPEDIA-SC_db25:88-es,0.0,0.0,0.0,0.020682415030268957,0.2957138200580987,0.15321285325897388,0.179128784747792,0.0,0.0,0.0,0.0,0.19230769230769232,0.16431924882629112,0.2796992481203008,0.0,0.09709183621113802,0.0,,0.0,1.0,0.018688671660841403,0.0,0.0,0.0,0.0,0.0,0.0,0.25,0.08695652173913043,0.045454545454545456,0.0,0.02349976050271008,0.3448275862068966,0.20689655172413793,0.1875,0.23076923076923078,0.0
db25_DBPEDIA-SC_db25:89-en,0.0,0.0,1.0,0.022334817779502403,0.07008964205087777,0.23570226039551584,0.1827439976315568,1.0,0.0,0.0,0.0,0.23076923076923078,0.15454545454545454,0.3920807453416149,0.0,0.05014708789437709,0.0,,0.0,0.0,0.018778523495957766,0.0,0.0,0.0,0.0,0.0,0.0,0.2978723404255319,0.08888888888888888,0.04651162790697675,0.0,0.02429486121643153,0.42424242424242425,0.30303030303030304,0.29411764705882354,0.3125,0.0
db25_DBPEDIA-SC_db25:89-es,0.0,0.0,1.0,0.018719340304984573,0.05776261341119539,0.17149858514250887,0.1757340838011157,1.0,0.0,0.0,0.0,0.21428571428571427,0.17272727272727273,0.38257575757575757,0.0,0.041280397338459916,0.0,,0.0,0.0,0.017703659019514106,0.0,0.0,0.0,0.0,0.0,0.0,0.27450980392156865,0.0816326530612245,0.0425531914893617,0.0,0.020362099179073112,0.37837837837837834,0.27027027027027023,0.23809523809523808,0.3125,0.0
db25_DBPEDIA-SC_db25:9-en,0.0,0.0,0.0,0.02568481047180467,0.04406577183701904,0.3857583749052298,0.25,0.0,0.0,0.0,0.0,0.35714285714285715,0.3795620437956204,0.34307065217391297,0.0,0.1527898075109779,0.0,,0.0,1.0,0.02568481047180467,0.0,0.0,0.0,0.0,0.0,0.0,0.4444444444444445,0.16,0.08695652173913045,0.0,0.061729293904138435,0.39999999999999997,0.19999999999999998,0.18181818181818182,0.2222222222222222,0.0
db25_DBPEDIA-SC_db25:9-es,0.0,0.0,0.0,0.02568481047180467,0.04406577183701904,0.3086066999241838,0.23166247903554,0.0,0.0,0.0,0.0,0.26666666666666666,0.36496350364963503,0.34307065217391297,0.0,0.1527898075109779,0.0,,0.0,1.0,0.02568481047180467,0.0,0.0,0.0,0.0,0.0,0.0,0.37037037037037035,0.16,0.08695652173913045,0.0,0.061729293904138435,0.39999999999999997,0.19999999999999998,0.18181818181818182,0.2222222222222222,0.0
db25_DBPEDIA-SC_db25:90-en,0.0,0.0,0.0,0.025372662301107043,0.46967580390280117,0.20619652471058064,0.2402530733520421,0.0,0.0,0.0,0.0,0.3333333333333333,0.3352272727272727,0.3475303164744159,0.0,0.16675317814144971,0.0,,0.0,1.0,0.024271412912056454,0.0,0.0,0.0,0.0,0.0,0.0,0.4444444444444444,0.05882352941176471,0.0,0.0,0.11073196446428506,0.5384615384615384,0.3846153846153846,0.4166666666666667,0.35714285714285715,0.0
db25_DBPEDIA-SC_db25:90-es,0.0,0.0,0.0,0.025372662301107043,0.46967580390280117,0.20619652471058064,0.2402530733520421,0.0,0.0,0.0,0.0,0.3333333333333333,0.3352272727272727,0.3475303164744159,0.0,0.16675317814144971,0.0,,0.0,1.0,0.024271412912056454,0.0,0.0,0.0,0.0,0.0,0.0,0.4444444444444444,0.05882352941176471,0.0,0.0,0.11073196446428506,0.5384615384615384,0.3846153846153846,0.4166666666666667,0.35714285714285715,0.0
db25_DBPEDIA-SC_db25:91-en,0.0,0.0,1.0,0.04707619221181687,0.2273653797008755,0.1987615979999813,0.21712927295533244,1.0,0.0,0.0,0.0,0.23529411764705882,0.19999999999999996,0.48523206751054854,0.0,0.050586660655564,0.0,,0.0,0.0,0.016200991094946833,0.0,0.0,0.0,0.0,0.0,0.0,0.33333333333333337,0.0,0.0,0.0,0.023858796654561518,0.39999999999999997,0.39999999999999997,0.42857142857142855,0.375,0.0
db25_DBPEDIA-SC_db25:91-es,0.0,0.0,1.0,0.04709335167880109,0.2254232354428221,0.14907119849998599,0.21089672205953397,1.0,0.0,0.0,0.0,0.2222222222222222,0.24864864864864866,0.5145962732919255,0.0,0.06270335241909668,0.0,,0.0,0.0,0.01872156762167675,0.0,0.0,0.0,0.0,0.0,0.0,0.3243243243243243,0.0,0.0,0.0,0.05014708789437709,0.5454545454545455,0.42424242424242425,0.4117647058823529,0.4375,0.0
db25_DBPEDIA-SC_db25:92-en,0.0,0.0,0.0,0.019760249268708476,0.4268168536336599,0.1286978904175574,0.21712927295533244,0.0,0.0,0.0,0.0,0.23529411764705882,0.26126126126126126,0.2906617192331478,0.0,0.13731816859901994,0.0,,0.0,1.0,0.0173912273033534,0.0,0.0,0.0,0.0,0.0,0.0,0.32558139534883723,0.04878048780487805,0.0,0.0,0.09543819103023578,0.4827586206896552,0.3448275862068966,0.4166666666666667,0.29411764705882354,0.0
db25_DBPEDIA-SC_db25:92-es,0.0,0.0,0.0,0.013130882808780555,0.4365215394740673,0.14744195615489714,0.21712927295533244,0.0,0.0,0.0,0.0,0.1875,0.15315315315315314,0.26483781918564525,0.0,0.07053362307173673,0.0,,0.0,1.0,0.011041712283020193,0.0,0.0,0.0,0.0,0.0,0.0,0.30769230769230765,0.0,0.0,0.0,0.027499338327613275,0.31999999999999995,0.31999999999999995,0.5,0.23529411764705882,0.0
db25_DBPEDIA-SC_db25:93-en,0.0,0.0,0.0,0.02112871360905264,0.054383050412418206,0.12432730111134724,0.17253779651421453,0.0,0.0,0.0,0.0,0.11538461538461539,0.18309859154929575,0.3013513513513513,0.0,0.10312354904795232,0.0,,0.0,1.0,0.022267157315461233,0.0,0.0,0.0,0.0,0.0,0.0,0.27118644067796605,0.07017543859649124,0.0,0.0,0.02400685359115102,0.3571428571428571,0.21428571428571427,0.23076923076923078,0.2,0.0
db25_DBPEDIA-SC_db25:93-es,0.0,0.0,0.0,0.020545307467329868,0.30793600991276776,0.10679470721459512,0.16952084719853724,0.0,0.0,0.0,0.0,0.07692307692307693,0.18661971830985913,0.21471088435374147,0.0,0.050862103769172114,0.0,,0.0,1.0,0.021931697337776064,0.0,0.0,0.0,0.0,0.0,0.0,0.24137931034482757,0.03571428571428571,0.0,0.0,0.02443262582006722,0.4444444444444445,0.22222222222222224,0.25,0.2,0.0
db25_DBPEDIA-SC_db25:94-en,0.0,0.0,0.0,0.021731464395667695,0.3111012943543973,0.19802950859533489,0.23166247903554,0.0,0.0,0.0,0.0,0.21428571428571427,0.2935323383084577,0.3537735849056604,0.0,0.13710882646644723,0.0,,0.0,1.0,0.021731464395667695,0.0,0.0,0.0,0.0,0.0,0.0,0.4,0.21052631578947367,0.05555555555555555,0.0,0.05120897811151822,0.33333333333333326,0.2222222222222222,0.2857142857142857,0.18181818181818182,0.0
db25_DBPEDIA-SC_db25:94-es,0.0,0.0,0.0,0.028424915360075714,0.31389441144273317,0.09095085938862486,0.2240092377397959,0.0,0.0,0.0,0.0,0.2,0.1840796019900498,0.4054545454545455,0.0,0.17063407610369333,0.0,,0.0,1.0,0.028424915360075714,0.0,0.0,0.0,0.0,0.0,0.0,0.3255813953488372,0.1951219512195122,0.05128205128205128,0.0,0.07762047774578669,0.45454545454545453,0.2727272727272727,0.2727272727272727,0.2727272727272727,0.0
db25_DBPEDIA-SC_db25:95-en,0.0,0.0,0.0,0.030601688609851067,0.30258393033680586,0.2553769592276246,0.23166247903554,0.0,0.0,0.0,0.0,0.21428571428571427,0.15555555555555556,0.3506944444444444,0.0,0.17183771017498592,0.08695652173913045,,0.0,1.0,0.030601688609851067,0.0,0.08695652173913045,0.0,0.0,0.0,0.0,0.41379310344827586,0.22222222222222224,0.16,0.08695652173913045,0.03639174582593262,0.4444444444444444,0.2222222222222222,0.2222222222222222,0.2222222222222222,0.0
db25_DBPEDIA-SC_db25:95-es,0.0,0.0,0.0,0.030601688609851067,0.30258393033680586,0.17025130615174974,0.21712927295533244,0.0,0.0,0.0,0.0,0.13333333333333333,0.15555555555555556,0.3506944444444444,0.0,0.17183771017498592,0.0,,0.0,1.0,0.030601688609851067,0.0,0.0,0.0,0.0,0.0,0.0,0.33333333333333337,0.14285714285714285,0.07692307692307693,0.0,0.03639174582593262,0.4444444444444444,0.2222222222222222,0.2222222222222222,0.2222222222222222,0.0
db25_DBPEDIA-SC_db25:96-en,0.0,0.0,0.0,0.012215954428064245,0.31329260226964134,0.25928148942086576,0.1951941016011038,0.0,0.0,0.0,0.0,0.15,0.18324607329842935,0.17762660619803478,0.0,0.12888202249979563,0.0,0.0,0.0,1.0,0.018018542994736438,0.0,0.0,0.0,0.0,0.0,0.0,0.2380952380952381,0.0,0.0,0.0,0.028019570532526527,0.43478260869565216,0.21739130434782608,0.2777777777777778,0.17857142857142858,0.0
db25_DBPEDIA-SC_db25:96-es,0.0,0.0,0.0,0.013069326401250215,0.30772290753378295,0.3286878675669582,0.2,0.0,0.0,0.0,0.0,0.23809523809523808,0.17801047120418845,0.2530410312273057,0.0,0.14507151039190186,0.0,0.0,0.0,1.0,0.01843926024949715,0.0,0.0,0.0,0.0,0.0,0.0,0.3111111111111111,0.04651162790697675,0.0,0.0,0.02970981528261238,0.41666666666666663,0.20833333333333331,0.25,0.17857142857142858,0.0
db25_DBPEDIA-SC_db25:97-en,0.0,0.0,0.0,0.018204705905966265,0.30442014112873256,0.14638501094227999,0.179128784747792,0.0,0.0,0.0,0.0,0.125,0.1517857142857143,0.2525,0.0,0.1050801342172536,0.0,,0.0,1.0,0.02062863433588219,0.0,0.0,0.0,0.0,0.0,0.0,0.19047619047619047,0.05,0.0,0.0,0.021649165789907145,0.380952380952381,0.1904761904761905,0.25,0.15384615384615385,0.0
db25_DBPEDIA-SC_db25:97-es,0.0,0.0,0.0,0.019621202589476826,0.3000257672226198,0.14638501094227999,0.179128784747792,0.0,0.0,0.0,0.0,0.125,0.125,0.2504960317460318,0.0,0.11017896975691144,0.0,,0.0,1.0,0.021927068045387584,0.0,0.0,0.0,0.0,0.0,0.0,0.13953488372093023,0.0,0.0,0.0,0.023333673724315655,0.3636363636363637,0.18181818181818185,0.2222222222222222,0.15384615384615385,0.0
db25_DBPEDIA-SC_db25:98-en,0.0,0.0,0.0,0.02568481047180467,0.04406577183701904,0.15762208124782012,0.21089672205953397,0.0,0.0,0.0,0.0,0.125,0.24778761061946908,0.34307065217391297,0.0,0.1527898075109779,0.0,,0.0,1.0,0.02568481047180467,0.0,0.0,0.0,0.0,0.0,0.0,0.24,0.0,0.0,0.0,0.061729293904138435,0.39999999999999997,0.19999999999999998,0.18181818181818182,0.2222222222222222,0.0
db25_DBPEDIA-SC_db25:98-es,0.0,0.0,0.0,0.03001448585400683,0.30728758069843787,0.2553769592276246,0.23166247903554,0.0,0.0,0.0,0.0,0.21428571428571427,0.23008849557522126,0.3546348314606741,0.0,0.19173026589128161,0.0,,0.0,1.0,0.03001448585400683,0.0,0.0,0.0,0.0,0.0,0.0,0.26086956521739135,0.0,0.0,0.0,0.07475095167059852,0.47058823529411764,0.23529411764705882,0.25,0.2222222222222222,0.0
db25_DBPEDIA-SC_db25:99-en,0.0,0.0,0.0,0.016000701543999286,0.3069705679378424,0.061721339984836754,0.1951941016011038,0.0,0.0,0.0,0.0,0.10526315789473684,0.17391304347826086,0.14367816091954025,0.0,0.08780737459969482,0.0,,0.0,1.0,0.015714747836544366,0.0,0.0,0.0,0.0,0.0,0.0,0.15,0.0,0.0,0.0,0.03641570231510298,0.33333333333333337,0.2,0.25,0.16666666666666666,0.0
db25_DBPEDIA-SC_db25:99-es,0.0,0.0,0.0,0.016000701543999286,0.3069705679378424,0.12344267996967351,0.20521309615767264,0.0,0.0,0.0,0.0,0.16666666666666666,0.16521739130434787,0.14367816091954025,0.0,0.08780737459969482,0.0,,0.0,1.0,0.015714747836544366,0.0,0.0,0.0,0.0,0.0,0.0,0.15384615384615383,0.0,0.0,0.0,0.03641570231510298,0.33333333333333337,0.2,0.25,0.16666666666666666,0.0
db25_FRANZ_db25:1-en,0.0,0.0,1.0,0.0,0.0,0.0,0.2240092377397959,1.0,0.0,0.0,0.0,0.0,0.005154639175257714,0.0,0.0,0.0,0.0,,0.0,0.0,0.0,0.0,0.0,0.0,0.0,0.0,0.0,0.0,0.0,0.0,0.0,0.0,0.0,0.0,0.0,0.0,0.0
db25_FRANZ_db25:1-es,0.0,0.0,1.0,0.0,0.0,0.0,0.2240092377397959,1.0,0.0,0.0,0.0,0.0,0.005154639175257714,0.0,0.0,0.0,0.0,,0.0,0.0,0.0,0.0,0.0,0.0,0.0,0.0,0.0,0.0,0.0,0.0,0.0,0.0,0.0,0.0,0.0,0.0,0.0
db25_FRANZ_db25:10-en,0.0,0.0,0.0,0.0,0.0,0.0,0.17253779651421453,0.0,0.0,0.0,0.0,0.0,0.003597122302158251,0.0,0.0,0.0,0.0,,0.0,1.0,0.0,0.0,0.0,0.0,0.0,0.0,0.0,0.0,0.0,0.0,0.0,0.0,0.0,0.0,0.0,0.0,0.0
db25_FRANZ_db25:10-es,0.0,0.0,0.0,0.0,0.0,0.0,0.17253779651421453,0.0,0.0,0.0,0.0,0.0,0.003597122302158251,0.0,0.0,0.0,0.0,,0.0,1.0,0.0,0.0,0.0,0.0,0.0,0.0,0.0,0.0,0.0,0.0,0.0,0.0,0.0,0.0,0.0,0.0,0.0
db25_FRANZ_db25:100-en,0.0,0.0,0.0,0.0,0.0,0.0,0.23166247903554,0.0,0.0,0.0,0.0,0.0,0.0062893081761006275,0.0,0.0,0.0,0.0,,0.0,1.0,0.0,0.0,0.0,0.0,0.0,0.0,0.0,0.0,0.0,0.0,0.0,0.0,0.0,0.0,0.0,0.0,0.0
db25_FRANZ_db25:100-es,0.0,0.0,0.0,0.0,0.0,0.0,0.23166247903554,0.0,0.0,0.0,0.0,0.0,0.0062893081761006275,0.0,0.0,0.0,0.0,,0.0,1.0,0.0,0.0,0.0,0.0,0.0,0.0,0.0,0.0,0.0,0.0,0.0,0.0,0.0,0.0,0.0,0.0,0.0
db25_FRANZ_db25:11-en,0.0,0.0,1.0,0.07201094876223522,0.49658988541981847,0.4020151261036848,0.16952084719853724,0.0,0.0,0.0,0.0,0.29411764705882354,0.3290322580645161,0.34506598344821976,0.0,0.10511156099720123,0.14285714285714288,,0.0,0.0,0.17493298656673703,0.17493298656673703,0.23333333333333334,0.23333333333333334,0.0,1.0,0.0,0.3835616438356164,0.1971830985915493,0.11594202898550725,0.05970149253731343,0.09224221135538281,0.47457627118644075,0.44067796610169496,0.43333333333333335,0.4482758620689655,0.6
db25_FRANZ_db25:11-es,0.0,0.0,1.0,0.0,0.0,0.0,0.16666666666666666,1.0,0.0,0.0,0.0,0.0,0.003225806451612856,0.0,0.0,0.0,0.0,,0.0,0.0,0.0,0.0,0.0,0.0,0.0,0.0,0.0,0.0,0.0,0.0,0.0,0.0,0.0,0.0,0.0,0.0,0.0
db25_FRANZ_db25:12-en,0.0,0.0,0.0,0.0,0.0,0.0,0.23166247903554,0.0,0.0,0.0,0.0,0.0,0.008196721311475419,0.0,0.0,0.0,0.0,,0.0,1.0,0.0,0.0,0.0,0.0,0.0,0.0,0.0,0.0,0.0,0.0,0.0,0.0,0.0,0.0,0.0,0.0,0.0
db25_FRANZ_db25:12-es,0.0,0.0,0.0,0.0,0.0,0.0,0.23166247903554,0.0,0.0,0.0,0.0,0.0,0.008196721311475419,0.0,0.0,0.0,0.0,,0.0,1.0,0.0,0.0,0.0,0.0,0.0,0.0,0.0,0.0,0.0,0.0,0.0,0.0,0.0,0.0,0.0,0.0,0.0
db25_FRANZ_db25:13-en,0.0,0.0,0.0,0.0,0.0,0.0,0.1757340838011157,0.0,0.0,0.0,0.0,0.0,0.0046511627906976605,0.0,0.0,0.0,0.0,,0.0,1.0,0.0,0.0,0.0,0.0,0.0,0.0,0.0,0.0,0.0,0.0,0.0,0.0,0.0,0.0,0.0,0.0,0.0
db25_FRANZ_db25:13-es,0.0,0.0,0.0,0.0,0.0,0.0,0.1757340838011157,0.0,0.0,0.0,0.0,0.0,0.0046511627906976605,0.0,0.0,0.0,0.0,,0.0,1.0,0.0,0.0,0.0,0.0,0.0,0.0,0.0,0.0,0.0,0.0,0.0,0.0,0.0,0.0,0.0,0.0,0.0
db25_FRANZ_db25:14-en,0.0,0.0,0.0,0.030378257275306228,0.5276593153449846,0.440605121584535,0.15022110482233483,0.0,0.0,0.0,0.0,0.15789473684210525,0.21052631578947367,0.34722222222222227,0.0,0.053966358085283606,0.0,,0.0,1.0,0.06737860117864762,0.06737860117864762,0.0,0.0,0.0,0.0,0.0,0.38961038961038963,0.16,0.0547945205479452,0.0,0.030378257275306228,0.15384615384615385,0.15384615384615385,0.08888888888888889,0.5714285714285714,0.75
db25_FRANZ_db25:14-es,0.0,0.0,0.0,0.06737860117864762,0.5628037224027871,0.4800426723563985,0.2,0.0,0.0,0.0,0.0,0.2727272727272727,0.24615384615384617,0.4518072289156626,0.0,0.09682184923566334,0.0,,0.0,1.0,0.10457138848650196,0.10457138848650196,0.0,0.0,0.0,0.0,0.0,0.5652173913043479,0.2727272727272727,0.09523809523809525,0.0,0.06737860117864762,0.29629629629629634,0.29629629629629634,0.2,0.5714285714285714,0.6666666666666666
db25_FRANZ_db25:15-en,0.0,0.0,0.0,0.0,0.0,0.0,0.23166247903554,0.0,0.0,0.0,0.0,0.0,0.00877192982456143,0.0,0.0,0.0,0.0,,0.0,1.0,0.0,0.0,0.0,0.0,0.0,0.0,0.0,0.0,0.0,0.0,0.0,0.0,0.0,0.0,0.0,0.0,0.0
db25_FRANZ_db25:15-es,0.0,0.0,0.0,0.0,0.0,0.0,0.23166247903554,0.0,0.0,0.0,0.0,0.0,0.00877192982456143,0.0,0.0,0.0,0.0,,0.0,1.0,0.0,0.0,0.0,0.0,0.0,0.0,0.0,0.0,0.0,0.0,0.0,0.0,0.0,0.0,0.0,0.0,0.0
db25_FRANZ_db25:16-en,0.0,0.0,0.0,0.0,0.0,0.0,0.23166247903554,0.0,0.0,0.0,0.0,0.0,0.008547008547008517,0.0,0.0,0.0,0.0,,0.0,1.0,0.0,0.0,0.0,0.0,0.0,0.0,0.0,0.0,0.0,0.0,0.0,0.0,0.0,0.0,0.0,0.0,0.0
db25_FRANZ_db25:16-es,0.0,0.0,0.0,0.0,0.0,0.0,0.23166247903554,0.0,0.0,0.0,0.0,0.0,0.008547008547008517,0.0,0.0,0.0,0.0,,0.0,1.0,0.0,0.0,0.0,0.0,0.0,0.0,0.0,0.0,0.0,0.0,0.0,0.0,0.0,0.0,0.0,0.0,0.0
db25_FRANZ_db25:17-en,0.0,0.0,0.0,0.0,0.0,0.0,0.179128784747792,0.0,0.0,0.0,0.0,0.0,0.004672897196261627,0.0,0.0,0.0,0.0,,0.0,1.0,0.0,0.0,0.0,0.0,0.0,0.0,0.0,0.0,0.0,0.0,0.0,0.0,0.0,0.0,0.0,0.0,0.0
db25_FRANZ_db25:17-es,0.0,0.0,0.0,0.0,0.0,0.0,0.179128784747792,0.0,0.0,0.0,0.0,0.0,0.004672897196261627,0.0,0.0,0.0,0.0,,0.0,1.0,0.0,0.0,0.0,0.0,0.0,0.0,0.0,0.0,0.0,0.0,0.0,0.0,0.0,0.0,0.0,0.0,0.0
db25_FRANZ_db25:18-en,0.0,0.0,0.0,0.0,0.0,0.0,0.1907435698305462,0.0,0.0,0.0,0.0,0.0,0.00497512437810943,0.0,0.0,0.0,0.0,,0.0,1.0,0.0,0.0,0.0,0.0,0.0,0.0,0.0,0.0,0.0,0.0,0.0,0.0,0.0,0.0,0.0,0.0,0.0
db25_FRANZ_db25:18-es,0.0,0.0,0.0,0.0,0.0,0.0,0.1907435698305462,0.0,0.0,0.0,0.0,0.0,0.00497512437810943,0.0,0.0,0.0,0.0,,0.0,1.0,0.0,0.0,0.0,0.0,0.0,0.0,0.0,0.0,0.0,0.0,0.0,0.0,0.0,0.0,0.0,0.0,0.0
db25_FRANZ_db25:19-en,1.0,1.0,1.0,0.04466945939898774,0.3550336667251148,0.5976143046671969,0.2612038749637414,1.0,1.0,1.0,1.0,0.5555555555555556,0.36627906976744184,0.2960443436633913,1.0,0.15619291443327032,0.42857142857142855,,1.0,1.0,0.12742471966506072,0.12742471966506072,0.42857142857142855,0.42857142857142855,0.0,1.0,1.0,0.6511627906976744,0.3414634146341463,0.20512820512820512,0.10810810810810811,0.10153042409661006,0.5294117647058824,0.411764705882353,0.3888888888888889,0.4375,0.0
db25_FRANZ_db25:19-es,0.0,0.0,0.0,0.0,0.0,0.0,0.21089672205953397,0.0,0.0,0.0,0.0,0.0,0.006211180124223614,0.0,0.0,0.0,0.0,,0.0,1.0,0.0,0.0,0.0,0.0,0.0,0.0,0.0,0.0,0.0,0.0,0.0,0.0,0.0,0.0,0.0,0.0,0.0
db25_FRANZ_db25:2-en,0.0,0.0,0.0,0.0,0.0,0.0,0.1566130288262323,0.0,0.0,0.0,0.0,0.0,0.003389830508474523,0.0,0.0,0.0,0.0,,0.0,1.0,0.0,0.0,0.0,0.0,0.0,0.0,0.0,0.0,0.0,0.0,0.0,0.0,0.0,0.0,0.0,0.0,0.0
db25_FRANZ_db25:2-es,0.0,0.0,0.0,0.0,0.0,0.0,0.1566130288262323,0.0,0.0,0.0,0.0,0.0,0.003389830508474523,0.0,0.0,0.0,0.0,,0.0,1.0,0.0,0.0,0.0,0.0,0.0,0.0,0.0,0.0,0.0,0.0,0.0,0.0,0.0,0.0,0.0,0.0,0.0
db25_FRANZ_db25:20-en,0.0,0.0,0.0,0.0,0.0,0.0,0.1757340838011157,0.0,0.0,0.0,0.0,0.0,0.003558718861209953,0.0,0.0,0.0,0.0,,0.0,1.0,0.0,0.0,0.0,0.0,0.0,0.0,0.0,0.0,0.0,0.0,0.0,0.0,0.0,0.0,0.0,0.0,0.0
db25_FRANZ_db25:20-es,0.0,0.0,0.0,0.0,0.0,0.0,0.1757340838011157,0.0,0.0,0.0,0.0,0.0,0.003558718861209953,0.0,0.0,0.0,0.0,,0.0,1.0,0.0,0.0,0.0,0.0,0.0,0.0,0.0,0.0,0.0,0.0,0.0,0.0,0.0,0.0,0.0,0.0,0.0
db25_FRANZ_db25:21-en,0.0,0.0,0.0,0.0,0.0,0.0,0.2240092377397959,0.0,0.0,0.0,0.0,0.0,0.005847953216374324,0.0,0.0,0.0,0.0,,0.0,1.0,0.0,0.0,0.0,0.0,0.0,0.0,0.0,0.0,0.0,0.0,0.0,0.0,0.0,0.0,0.0,0.0,0.0
db25_FRANZ_db25:21-es,0.0,0.0,0.0,0.0,0.0,0.0,0.2240092377397959,0.0,0.0,0.0,0.0,0.0,0.005847953216374324,0.0,0.0,0.0,0.0,,0.0,1.0,0.0,0.0,0.0,0.0,0.0,0.0,0.0,0.0,0.0,0.0,0.0,0.0,0.0,0.0,0.0,0.0,0.0
db25_FRANZ_db25:22-en,0.0,0.0,0.0,0.0,0.0,0.0,0.17253779651421453,0.0,0.0,0.0,0.0,0.0,0.0037453183520599342,0.0,0.0,0.0,0.0,,0.0,1.0,0.0,0.0,0.0,0.0,0.0,0.0,0.0,0.0,0.0,0.0,0.0,0.0,0.0,0.0,0.0,0.0,0.0
db25_FRANZ_db25:22-es,0.0,0.0,0.0,0.0,0.0,0.0,0.17253779651421453,0.0,0.0,0.0,0.0,0.0,0.0037453183520599342,0.0,0.0,0.0,0.0,,0.0,1.0,0.0,0.0,0.0,0.0,0.0,0.0,0.0,0.0,0.0,0.0,0.0,0.0,0.0,0.0,0.0,0.0,0.0
db25_FRANZ_db25:23-en,0.0,0.0,1.0,0.0,0.0,0.0,0.16139047779640892,1.0,0.0,0.0,0.0,0.0,0.0036231884057971175,0.0,0.0,0.0,0.0,,0.0,0.0,0.0,0.0,0.0,0.0,0.0,0.0,0.0,0.0,0.0,0.0,0.0,0.0,0.0,0.0,0.0,0.0,0.0
db25_FRANZ_db25:23-es,0.0,0.0,1.0,0.0,0.0,0.0,0.16139047779640892,1.0,0.0,0.0,0.0,0.0,0.0036231884057971175,0.0,0.0,0.0,0.0,,0.0,0.0,0.0,0.0,0.0,0.0,0.0,0.0,0.0,0.0,0.0,0.0,0.0,0.0,0.0,0.0,0.0,0.0,0.0
db25_FRANZ_db25:24-en,0.0,0.0,0.0,0.0,0.0,0.0,0.21089672205953397,0.0,0.0,0.0,0.0,0.0,0.004524886877828038,0.0,0.0,0.0,0.0,,0.0,1.0,0.0,0.0,0.0,0.0,0.0,0.0,0.0,0.0,0.0,0.0,0.0,0.0,0.0,0.0,0.0,0.0,0.0
db25_FRANZ_db25:24-es,0.0,0.0,0.0,0.0,0.0,0.0,0.21089672205953397,0.0,0.0,0.0,0.0,0.0,0.004524886877828038,0.0,0.0,0.0,0.0,,0.0,1.0,0.0,0.0,0.0,0.0,0.0,0.0,0.0,0.0,0.0,0.0,0.0,0.0,0.0,0.0,0.0,0.0,0.0
db25_FRANZ_db25:25-en,0.0,0.0,1.0,0.0,0.0,0.0,0.1757340838011157,1.0,0.0,0.0,0.0,0.0,0.004424778761061954,0.0,0.0,0.0,0.0,,0.0,0.0,0.0,0.0,0.0,0.0,0.0,0.0,0.0,0.0,0.0,0.0,0.0,0.0,0.0,0.0,0.0,0.0,0.0
db25_FRANZ_db25:25-es,0.0,0.0,1.0,0.08867522604030831,0.3668506463233657,0.4967618146249604,0.1757340838011157,0.0,0.0,0.0,0.0,0.2413793103448276,0.33628318584070793,0.42825838414634143,0.0,0.2697856975860103,0.0,,0.0,0.0,0.5999201813792484,0.5999201813792484,0.1951219512195122,0.1951219512195122,0.0,1.0,0.0,0.3859649122807018,0.07272727272727272,0.0,0.0,0.2697856975860103,0.6111111111111112,0.4444444444444445,0.4,0.5,0.3333333333333333
db25_FRANZ_db25:26-en,0.0,0.0,0.0,0.0,0.0,0.0,0.23166247903554,0.0,0.0,0.0,0.0,0.0,0.007751937984496138,0.0,0.0,0.0,0.0,,0.0,1.0,0.0,0.0,0.0,0.0,0.0,0.0,0.0,0.0,0.0,0.0,0.0,0.0,0.0,0.0,0.0,0.0,0.0
db25_FRANZ_db25:26-es,0.0,0.0,0.0,0.0,0.0,0.0,0.23166247903554,0.0,0.0,0.0,0.0,0.0,0.007751937984496138,0.0,0.0,0.0,0.0,,0.0,1.0,0.0,0.0,0.0,0.0,0.0,0.0,0.0,0.0,0.0,0.0,0.0,0.0,0.0,0.0,0.0,0.0,0.0
db25_FRANZ_db25:27-en,0.0,0.0,0.0,0.0,0.0,0.0,0.2240092377397959,0.0,0.0,0.0,0.0,0.0,0.008000000000000007,0.0,0.0,0.0,0.0,,0.0,1.0,0.0,0.0,0.0,0.0,0.0,0.0,0.0,0.0,0.0,0.0,0.0,0.0,0.0,0.0,0.0,0.0,0.0
db25_FRANZ_db25:27-es,0.0,0.0,0.0,0.0,0.0,0.0,0.2240092377397959,0.0,0.0,0.0,0.0,0.0,0.008000000000000007,0.0,0.0,0.0,0.0,,0.0,1.0,0.0,0.0,0.0,0.0,0.0,0.0,0.0,0.0,0.0,0.0,0.0,0.0,0.0,0.0,0.0,0.0,0.0
db25_FRANZ_db25:28-en,0.0,0.0,0.0,0.0,0.0,0.0,0.1639607805437114,0.0,0.0,0.0,0.0,0.0,0.0033112582781457123,0.0,0.0,0.0,0.0,,0.0,1.0,0.0,0.0,0.0,0.0,0.0,0.0,0.0,0.0,0.0,0.0,0.0,0.0,0.0,0.0,0.0,0.0,0.0
db25_FRANZ_db25:28-es,0.0,0.0,0.0,0.0,0.0,0.0,0.1639607805437114,0.0,0.0,0.0,0.0,0.0,0.0033112582781457123,0.0,0.0,0.0,0.0,,0.0,1.0,0.0,0.0,0.0,0.0,0.0,0.0,0.0,0.0,0.0,0.0,0.0,0.0,0.0,0.0,0.0,0.0,0.0
db25_FRANZ_db25:29-en,0.0,0.0,0.0,0.02691080471584901,0.5243855349391391,0.5074954869911409,0.13100580420257674,0.0,0.0,0.0,0.0,0.12,0.19294990723562155,0.3289473684210526,0.0,0.05001978641329653,0.038461538461538464,,0.0,1.0,0.05861368768710543,0.05861368768710543,0.048780487804878044,0.048780487804878044,0.0,0.0,0.0,0.25,0.1176470588235294,0.06,0.020408163265306124,0.02691080471584901,0.13793103448275862,0.13793103448275862,0.0784313725490196,0.5714285714285714,0.75
db25_FRANZ_db25:29-es,0.0,0.0,0.0,0.04233637134976857,0.5390071961676367,0.4316410239400515,0.1827439976315568,0.0,0.0,0.0,0.0,0.23076923076923078,0.24031007751937983,0.39473684210526316,0.0,0.051915898568629604,0.05555555555555555,,0.0,1.0,0.05861368768710543,0.05861368768710543,0.05555555555555555,0.05555555555555555,0.0,0.0,0.0,0.36000000000000004,0.16666666666666666,0.08695652173913043,0.04545454545454545,0.04233637134976857,0.20512820512820512,0.20512820512820512,0.125,0.5714285714285714,1.0
db25_FRANZ_db25:3-en,0.0,0.0,0.0,0.0,0.0,0.0,0.23166247903554,0.0,0.0,0.0,0.0,0.0,0.008196721311475419,0.0,0.0,0.0,0.0,,0.0,1.0,0.0,0.0,0.0,0.0,0.0,0.0,0.0,0.0,0.0,0.0,0.0,0.0,0.0,0.0,0.0,0.0,0.0
db25_FRANZ_db25:3-es,0.0,0.0,0.0,0.0,0.0,0.0,0.23166247903554,0.0,0.0,0.0,0.0,0.0,0.008196721311475419,0.0,0.0,0.0,0.0,,0.0,1.0,0.0,0.0,0.0,0.0,0.0,0.0,0.0,0.0,0.0,0.0,0.0,0.0,0.0,0.0,0.0,0.0,0.0
db25_FRANZ_db25:30-en,0.0,0.0,1.0,0.0,0.0,0.0,0.20521309615767264,1.0,0.0,0.0,0.0,0.0,0.005952380952380931,0.0,0.0,0.0,0.0,,0.0,0.0,0.0,0.0,0.0,0.0,0.0,0.0,0.0,0.0,0.0,0.0,0.0,0.0,0.0,0.0,0.0,0.0,0.0
db25_FRANZ_db25:30-es,0.0,0.0,1.0,0.0,0.0,0.0,0.20521309615767264,1.0,0.0,0.0,0.0,0.0,0.005952380952380931,0.0,0.0,0.0,0.0,,0.0,0.0,0.0,0.0,0.0,0.0,0.0,0.0,0.0,0.0,0.0,0.0,0.0,0.0,0.0,0.0,0.0,0.0,0.0
db25_FRANZ_db25:31-en,0.0,0.0,0.0,0.0,0.0,0.0,0.23166247903554,0.0,0.0,0.0,0.0,0.0,0.0060975609756097615,0.0,0.0,0.0,0.0,,0.0,1.0,0.0,0.0,0.0,0.0,0.0,0.0,0.0,0.0,0.0,0.0,0.0,0.0,0.0,0.0,0.0,0.0,0.0
db25_FRANZ_db25:31-es,0.0,0.0,0.0,0.0,0.0,0.0,0.23166247903554,0.0,0.0,0.0,0.0,0.0,0.0060975609756097615,0.0,0.0,0.0,0.0,,0.0,1.0,0.0,0.0,0.0,0.0,0.0,0.0,0.0,0.0,0.0,0.0,0.0,0.0,0.0,0.0,0.0,0.0,0.0
db25_FRANZ_db25:32-en,0.0,0.0,0.0,0.0,0.0,0.0,0.21712927295533244,0.0,0.0,0.0,0.0,0.0,0.006329113924050667,0.0,0.0,0.0,0.0,,0.0,1.0,0.0,0.0,0.0,0.0,0.0,0.0,0.0,0.0,0.0,0.0,0.0,0.0,0.0,0.0,0.0,0.0,0.0
db25_FRANZ_db25:32-es,0.0,0.0,0.0,0.0,0.0,0.0,0.21712927295533244,0.0,0.0,0.0,0.0,0.0,0.006329113924050667,0.0,0.0,0.0,0.0,,0.0,1.0,0.0,0.0,0.0,0.0,0.0,0.0,0.0,0.0,0.0,0.0,0.0,0.0,0.0,0.0,0.0,0.0,0.0
db25_FRANZ_db25:33-en,0.0,0.0,1.0,0.05738284496583194,0.33082662699920673,0.5579886659703327,0.21089672205953397,0.0,0.0,0.0,0.0,0.4166666666666667,0.3717948717948718,0.39191316596238307,0.0,0.1958598294695433,0.2051282051282051,,0.0,0.0,0.12271930751088721,0.12271930751088721,0.19999999999999998,0.19999999999999998,0.0,1.0,0.0,0.4814814814814815,0.2692307692307692,0.24,0.20833333333333331,0.15727176091057254,0.4888888888888889,0.4,0.28125,0.6923076923076923,0.0
db25_FRANZ_db25:33-es,0.0,0.0,1.0,0.07342016785854194,0.34058508049859104,0.4770278351999552,0.2,0.0,0.0,0.0,0.0,0.30434782608695654,0.23560209424083767,0.5244755244755245,0.0,0.2634333477440361,0.0,,0.0,0.0,0.23275118953744547,0.23275118953744547,0.0,0.0,0.0,1.0,0.0,0.5333333333333333,0.186046511627907,0.09756097560975609,0.0,0.1987622471711255,0.5128205128205128,0.4102564102564103,0.3076923076923077,0.6153846153846154,0.5
db25_FRANZ_db25:34-en,0.0,0.0,0.0,0.0,0.0,0.0,0.17253779651421453,0.0,0.0,0.0,0.0,0.0,0.0034364261168384758,0.0,0.0,0.0,0.0,,0.0,1.0,0.0,0.0,0.0,0.0,0.0,0.0,0.0,0.0,0.0,0.0,0.0,0.0,0.0,0.0,0.0,0.0,0.0
db25_FRANZ_db25:34-es,0.0,0.0,0.0,0.0,0.0,0.0,0.17253779651421453,0.0,0.0,0.0,0.0,0.0,0.0034364261168384758,0.0,0.0,0.0,0.0,,0.0,1.0,0.0,0.0,0.0,0.0,0.0,0.0,0.0,0.0,0.0,0.0,0.0,0.0,0.0,0.0,0.0,0.0,0.0
db25_FRANZ_db25:35-en,0.0,0.0,0.0,0.0,0.0,0.0,0.21712927295533244,0.0,0.0,0.0,0.0,0.0,0.004830917874396157,0.0,0.0,0.0,0.0,,0.0,1.0,0.0,0.0,0.0,0.0,0.0,0.0,0.0,0.0,0.0,0.0,0.0,0.0,0.0,0.0,0.0,0.0,0.0
db25_FRANZ_db25:35-es,0.0,0.0,0.0,0.0,0.0,0.0,0.21712927295533244,0.0,0.0,0.0,0.0,0.0,0.004830917874396157,0.0,0.0,0.0,0.0,,0.0,1.0,0.0,0.0,0.0,0.0,0.0,0.0,0.0,0.0,0.0,0.0,0.0,0.0,0.0,0.0,0.0,0.0,0.0
db25_FRANZ_db25:36-en,0.0,0.0,0.0,0.0,0.0,0.0,0.17253779651421453,0.0,0.0,0.0,0.0,0.0,0.0036231884057971175,0.0,0.0,0.0,0.0,,0.0,1.0,0.0,0.0,0.0,0.0,0.0,0.0,0.0,0.0,0.0,0.0,0.0,0.0,0.0,0.0,0.0,0.0,0.0
db25_FRANZ_db25:36-es,0.0,0.0,0.0,0.0,0.0,0.0,0.17253779651421453,0.0,0.0,0.0,0.0,0.0,0.0036231884057971175,0.0,0.0,0.0,0.0,,0.0,1.0,0.0,0.0,0.0,0.0,0.0,0.0,0.0,0.0,0.0,0.0,0.0,0.0,0.0,0.0,0.0,0.0,0.0
db25_FRANZ_db25:37-en,0.0,0.0,0.0,0.0,0.0,0.0,0.23166247903554,0.0,0.0,0.0,0.0,0.0,0.008547008547008517,0.0,0.0,0.0,0.0,,0.0,1.0,0.0,0.0,0.0,0.0,0.0,0.0,0.0,0.0,0.0,0.0,0.0,0.0,0.0,0.0,0.0,0.0,0.0
db25_FRANZ_db25:37-es,0.0,0.0,0.0,0.0,0.0,0.0,0.23166247903554,0.0,0.0,0.0,0.0,0.0,0.008547008547008517,0.0,0.0,0.0,0.0,,0.0,1.0,0.0,0.0,0.0,0.0,0.0,0.0,0.0,0.0,0.0,0.0,0.0,0.0,0.0,0.0,0.0,0.0,0.0
db25_FRANZ_db25:38-en,0.0,0.0,0.0,0.0,0.0,0.0,0.1951941016011038,0.0,0.0,0.0,0.0,0.0,0.0062893081761006275,0.0,0.0,0.0,0.0,,0.0,1.0,0.0,0.0,0.0,0.0,0.0,0.0,0.0,0.0,0.0,0.0,0.0,0.0,0.0,0.0,0.0,0.0,0.0
db25_FRANZ_db25:38-es,0.0,0.0,0.0,0.0,0.0,0.0,0.1951941016011038,0.0,0.0,0.0,0.0,0.0,0.0062893081761006275,0.0,0.0,0.0,0.0,,0.0,1.0,0.0,0.0,0.0,0.0,0.0,0.0,0.0,0.0,0.0,0.0,0.0,0.0,0.0,0.0,0.0,0.0,0.0
db25_FRANZ_db25:39-en,0.0,0.0,0.0,0.0,0.0,0.0,0.2240092377397959,0.0,0.0,0.0,0.0,0.0,0.005988023952095856,0.0,0.0,0.0,0.0,,0.0,1.0,0.0,0.0,0.0,0.0,0.0,0.0,0.0,0.0,0.0,0.0,0.0,0.0,0.0,0.0,0.0,0.0,0.0
db25_FRANZ_db25:39-es,0.0,0.0,0.0,0.0,0.0,0.0,0.2240092377397959,0.0,0.0,0.0,0.0,0.0,0.005988023952095856,0.0,0.0,0.0,0.0,,0.0,1.0,0.0,0.0,0.0,0.0,0.0,0.0,0.0,0.0,0.0,0.0,0.0,0.0,0.0,0.0,0.0,0.0,0.0
db25_FRANZ_db25:4-en,0.0,0.0,0.0,0.0,0.0,0.0,0.21089672205953397,0.0,0.0,0.0,0.0,0.0,0.006211180124223614,0.0,0.0,0.0,0.0,,0.0,1.0,0.0,0.0,0.0,0.0,0.0,0.0,0.0,0.0,0.0,0.0,0.0,0.0,0.0,0.0,0.0,0.0,0.0
db25_FRANZ_db25:4-es,0.0,0.0,0.0,0.0,0.0,0.0,0.21089672205953397,0.0,0.0,0.0,0.0,0.0,0.006211180124223614,0.0,0.0,0.0,0.0,,0.0,1.0,0.0,0.0,0.0,0.0,0.0,0.0,0.0,0.0,0.0,0.0,0.0,0.0,0.0,0.0,0.0,0.0,0.0
db25_FRANZ_db25:40-en,0.0,0.0,0.0,0.0,0.0,0.0,0.16952084719853724,0.0,0.0,0.0,0.0,0.0,0.0031055900621117516,0.0,0.0,0.0,0.0,,0.0,1.0,0.0,0.0,0.0,0.0,0.0,0.0,0.0,0.0,0.0,0.0,0.0,0.0,0.0,0.0,0.0,0.0,0.0
db25_FRANZ_db25:40-es,0.0,0.0,0.0,0.0,0.0,0.0,0.16952084719853724,0.0,0.0,0.0,0.0,0.0,0.0031055900621117516,0.0,0.0,0.0,0.0,,0.0,1.0,0.0,0.0,0.0,0.0,0.0,0.0,0.0,0.0,0.0,0.0,0.0,0.0,0.0,0.0,0.0,0.0,0.0
db25_FRANZ_db25:41-en,0.0,0.0,0.0,0.0,0.0,0.0,0.23166247903554,0.0,0.0,0.0,0.0,0.0,0.0060606060606061,0.0,0.0,0.0,0.0,,0.0,1.0,0.0,0.0,0.0,0.0,0.0,0.0,0.0,0.0,0.0,0.0,0.0,0.0,0.0,0.0,0.0,0.0,0.0
db25_FRANZ_db25:41-es,0.0,0.0,0.0,0.0,0.0,0.0,0.23166247903554,0.0,0.0,0.0,0.0,0.0,0.0060606060606061,0.0,0.0,0.0,0.0,,0.0,1.0,0.0,0.0,0.0,0.0,0.0,0.0,0.0,0.0,0.0,0.0,0.0,0.0,0.0,0.0,0.0,0.0,0.0
db25_FRANZ_db25:42-en,0.0,0.0,0.0,0.0,0.0,0.0,0.21712927295533244,0.0,0.0,0.0,0.0,0.0,0.006249999999999978,0.0,0.0,0.0,0.0,,0.0,1.0,0.0,0.0,0.0,0.0,0.0,0.0,0.0,0.0,0.0,0.0,0.0,0.0,0.0,0.0,0.0,0.0,0.0
db25_FRANZ_db25:42-es,0.0,0.0,0.0,0.0,0.0,0.0,0.21712927295533244,0.0,0.0,0.0,0.0,0.0,0.006249999999999978,0.0,0.0,0.0,0.0,,0.0,1.0,0.0,0.0,0.0,0.0,0.0,0.0,0.0,0.0,0.0,0.0,0.0,0.0,0.0,0.0,0.0,0.0,0.0
db25_FRANZ_db25:43-en,0.0,0.0,0.0,0.0,0.0,0.0,0.17253779651421453,0.0,0.0,0.0,0.0,0.0,0.003039513677811523,0.0,0.0,0.0,0.0,,0.0,1.0,0.0,0.0,0.0,0.0,0.0,0.0,0.0,0.0,0.0,0.0,0.0,0.0,0.0,0.0,0.0,0.0,0.0
db25_FRANZ_db25:43-es,0.0,0.0,0.0,0.0,0.0,0.0,0.17253779651421453,0.0,0.0,0.0,0.0,0.0,0.003039513677811523,0.0,0.0,0.0,0.0,,0.0,1.0,0.0,0.0,0.0,0.0,0.0,0.0,0.0,0.0,0.0,0.0,0.0,0.0,0.0,0.0,0.0,0.0,0.0
db25_FRANZ_db25:44-en,0.0,0.0,0.0,0.0,0.0,0.0,0.179128784747792,0.0,0.0,0.0,0.0,0.0,0.0032573289902280145,0.0,0.0,0.0,0.0,,0.0,1.0,0.0,0.0,0.0,0.0,0.0,0.0,0.0,0.0,0.0,0.0,0.0,0.0,0.0,0.0,0.0,0.0,0.0
db25_FRANZ_db25:44-es,0.0,0.0,0.0,0.0,0.0,0.0,0.179128784747792,0.0,0.0,0.0,0.0,0.0,0.0032573289902280145,0.0,0.0,0.0,0.0,,0.0,1.0,0.0,0.0,0.0,0.0,0.0,0.0,0.0,0.0,0.0,0.0,0.0,0.0,0.0,0.0,0.0,0.0,0.0
db25_FRANZ_db25:45-en,0.0,0.0,1.0,0.0,0.0,0.0,0.2402530733520421,1.0,0.0,0.0,0.0,0.0,0.008547008547008517,0.0,0.0,0.0,0.0,,0.0,0.0,0.0,0.0,0.0,0.0,0.0,0.0,0.0,0.0,0.0,0.0,0.0,0.0,0.0,0.0,0.0,0.0,0.0
db25_FRANZ_db25:45-es,0.0,0.0,1.0,0.0,0.0,0.0,0.2402530733520421,1.0,0.0,0.0,0.0,0.0,0.008547008547008517,0.0,0.0,0.0,0.0,,0.0,0.0,0.0,0.0,0.0,0.0,0.0,0.0,0.0,0.0,0.0,0.0,0.0,0.0,0.0,0.0,0.0,0.0,0.0
db25_FRANZ_db25:46-en,0.0,0.0,0.0,0.0,0.0,0.0,0.2,0.0,0.0,0.0,0.0,0.0,0.0060975609756097615,0.0,0.0,0.0,0.0,0.0,0.0,1.0,0.0,0.0,0.0,0.0,0.0,0.0,0.0,0.0,0.0,0.0,0.0,0.0,0.0,0.0,0.0,0.0,0.0
db25_FRANZ_db25:46-es,0.0,0.0,0.0,0.0,0.0,0.0,0.2,0.0,0.0,0.0,0.0,0.0,0.0060975609756097615,0.0,0.0,0.0,0.0,0.0,0.0,1.0,0.0,0.0,0.0,0.0,0.0,0.0,0.0,0.0,0.0,0.0,0.0,0.0,0.0,0.0,0.0,0.0,0.0
db25_FRANZ_db25:47-en,0.0,0.0,0.0,0.0,0.0,0.0,0.17253779651421453,0.0,0.0,0.0,0.0,0.0,0.0035335689045936647,0.0,0.0,0.0,0.0,,0.0,1.0,0.0,0.0,0.0,0.0,0.0,0.0,0.0,0.0,0.0,0.0,0.0,0.0,0.0,0.0,0.0,0.0,0.0
db25_FRANZ_db25:47-es,0.0,0.0,0.0,0.0,0.0,0.0,0.17253779651421453,0.0,0.0,0.0,0.0,0.0,0.0035335689045936647,0.0,0.0,0.0,0.0,,0.0,1.0,0.0,0.0,0.0,0.0,0.0,0.0,0.0,0.0,0.0,0.0,0.0,0.0,0.0,0.0,0.0,0.0,0.0
db25_FRANZ_db25:48-en,0.0,0.0,0.0,0.0,0.0,0.0,0.2240092377397959,0.0,0.0,0.0,0.0,0.0,0.0046948356807511304,0.0,0.0,0.0,0.0,,0.0,1.0,0.0,0.0,0.0,0.0,0.0,0.0,0.0,0.0,0.0,0.0,0.0,0.0,0.0,0.0,0.0,0.0,0.0
db25_FRANZ_db25:48-es,0.0,0.0,0.0,0.0,0.0,0.0,0.2240092377397959,0.0,0.0,0.0,0.0,0.0,0.0046948356807511304,0.0,0.0,0.0,0.0,,0.0,1.0,0.0,0.0,0.0,0.0,0.0,0.0,0.0,0.0,0.0,0.0,0.0,0.0,0.0,0.0,0.0,0.0,0.0
db25_FRANZ_db25:49-en,0.0,0.0,0.0,0.03405796013978094,0.5311437710851823,0.4224445449013454,0.14459058185587106,0.0,0.0,0.0,0.0,0.16666666666666666,0.23923444976076558,0.3640776699029126,0.0,0.07093725579940542,0.05714285714285715,,0.0,1.0,0.07936796894698336,0.07936796894698336,0.08,0.08,0.0,0.0,0.0,0.39534883720930236,0.19047619047619047,0.0975609756097561,0.049999999999999996,0.03405796013978094,0.1702127659574468,0.1702127659574468,0.1,0.5714285714285714,0.6
db25_FRANZ_db25:49-es,0.0,0.0,0.0,0.09682184923566334,0.5904197175627097,0.3312739669962107,0.1757340838011157,0.0,0.0,0.0,0.0,0.15384615384615385,0.22352941176470587,0.48701298701298706,0.0,0.17739111163122614,0.0,,0.0,1.0,0.20748340713083765,0.20748340713083765,0.0,0.0,0.0,0.0,0.0,0.25,0.043478260869565216,0.0,0.0,0.09682184923566334,0.38095238095238093,0.38095238095238093,0.2857142857142857,0.5714285714285714,0.6666666666666666
db25_FRANZ_db25:5-en,0.0,0.0,0.0,0.0,0.0,0.0,0.21712927295533244,0.0,0.0,0.0,0.0,0.0,0.007092198581560294,0.0,0.0,0.0,0.0,,0.0,1.0,0.0,0.0,0.0,0.0,0.0,0.0,0.0,0.0,0.0,0.0,0.0,0.0,0.0,0.0,0.0,0.0,0.0
db25_FRANZ_db25:5-es,0.0,0.0,0.0,0.0,0.0,0.0,0.21712927295533244,0.0,0.0,0.0,0.0,0.0,0.007092198581560294,0.0,0.0,0.0,0.0,,0.0,1.0,0.0,0.0,0.0,0.0,0.0,0.0,0.0,0.0,0.0,0.0,0.0,0.0,0.0,0.0,0.0,0.0,0.0
db25_FRANZ_db25:50-en,0.0,0.0,0.0,0.03087179980863256,0.5819440475850295,0.22568905807670636,0.20521309615767264,0.0,0.0,0.0,0.0,0.16666666666666666,0.18709677419354842,0.2054794520547945,0.0,0.042587297623443834,0.0,,0.0,1.0,0.20748340713083765,0.20748340713083765,0.0,0.0,0.0,0.0,0.0,0.18181818181818182,0.0,0.0,0.0,0.03087179980863256,0.3529411764705882,0.3529411764705882,0.3,0.42857142857142855,1.0
db25_FRANZ_db25:50-es,0.0,0.0,0.0,0.0,0.25,0.0,0.2402530733520421,0.0,0.0,0.0,0.0,0.0,0.006451612903225823,0.0,0.0,0.0,0.0,,0.0,1.0,0.0,0.0,0.0,0.0,0.0,0.0,0.0,0.0,0.0,0.0,0.0,0.0,0.0,0.0,0.0,0.0,0.0
db25_FRANZ_db25:51-en,0.0,0.0,0.0,0.0,0.0,0.0,0.2240092377397959,0.0,0.0,0.0,0.0,0.0,0.004807692307692291,0.0,0.0,0.0,0.0,,0.0,1.0,0.0,0.0,0.0,0.0,0.0,0.0,0.0,0.0,0.0,0.0,0.0,0.0,0.0,0.0,0.0,0.0,0.0
db25_FRANZ_db25:51-es,0.0,0.0,0.0,0.0,0.0,0.0,0.2240092377397959,0.0,0.0,0.0,0.0,0.0,0.004807692307692291,0.0,0.0,0.0,0.0,,0.0,1.0,0.0,0.0,0.0,0.0,0.0,0.0,0.0,0.0,0.0,0.0,0.0,0.0,0.0,0.0,0.0,0.0,0.0
db25_FRANZ_db25:52-en,0.0,0.0,0.0,0.04329398793439738,0.33117631263085096,0.5115762305379484,0.21712927295533244,0.0,0.0,0.0,0.0,0.3157894736842105,0.31746031746031744,0.29760000000000003,0.0,0.32992925790017896,0.31111111111111117,,0.0,1.0,0.2646397094876826,0.2646397094876826,0.30434782608695654,0.30434782608695654,0.0,0.0,0.0,0.35999999999999993,0.12499999999999997,0.08695652173913043,0.04545454545454545,0.10102470562774991,0.4827586206896552,0.3448275862068966,0.29411764705882354,0.4166666666666667,0.6666666666666666
db25_FRANZ_db25:52-es,0.0,0.0,0.0,0.0,0.0,0.0,0.23166247903554,0.0,0.0,0.0,0.0,0.0,0.005291005291005346,0.0,0.0,0.0,0.0,,0.0,1.0,0.0,0.0,0.0,0.0,0.0,0.0,0.0,0.0,0.0,0.0,0.0,0.0,0.0,0.0,0.0,0.0,0.0
db25_FRANZ_db25:53-en,0.0,0.0,0.0,0.0,0.0,0.0,0.179128784747792,0.0,0.0,0.0,0.0,0.0,0.004424778761061954,0.0,0.0,0.0,0.0,,0.0,1.0,0.0,0.0,0.0,0.0,0.0,0.0,0.0,0.0,0.0,0.0,0.0,0.0,0.0,0.0,0.0,0.0,0.0
db25_FRANZ_db25:53-es,0.0,0.0,0.0,0.0,0.0,0.0,0.179128784747792,0.0,0.0,0.0,0.0,0.0,0.004424778761061954,0.0,0.0,0.0,0.0,,0.0,1.0,0.0,0.0,0.0,0.0,0.0,0.0,0.0,0.0,0.0,0.0,0.0,0.0,0.0,0.0,0.0,0.0,0.0
db25_FRANZ_db25:54-en,0.0,0.0,0.0,0.0,0.0,0.0,0.179128784747792,0.0,0.0,0.0,0.0,0.0,0.0045045045045044585,0.0,0.0,0.0,0.0,,0.0,1.0,0.0,0.0,0.0,0.0,0.0,0.0,0.0,0.0,0.0,0.0,0.0,0.0,0.0,0.0,0.0,0.0,0.0
db25_FRANZ_db25:54-es,0.0,0.0,0.0,0.0,0.0,0.0,0.179128784747792,0.0,0.0,0.0,0.0,0.0,0.0045045045045044585,0.0,0.0,0.0,0.0,,0.0,1.0,0.0,0.0,0.0,0.0,0.0,0.0,0.0,0.0,0.0,0.0,0.0,0.0,0.0,0.0,0.0,0.0,0.0
db25_FRANZ_db25:55-en,0.0,0.0,0.0,0.0,0.0,0.0,0.23166247903554,0.0,0.0,0.0,0.0,0.0,0.008547008547008517,0.0,0.0,0.0,0.0,,0.0,1.0,0.0,0.0,0.0,0.0,0.0,0.0,0.0,0.0,0.0,0.0,0.0,0.0,0.0,0.0,0.0,0.0,0.0
db25_FRANZ_db25:55-es,0.0,0.0,0.0,0.0,0.0,0.0,0.23166247903554,0.0,0.0,0.0,0.0,0.0,0.008547008547008517,0.0,0.0,0.0,0.0,,0.0,1.0,0.0,0.0,0.0,0.0,0.0,0.0,0.0,0.0,0.0,0.0,0.0,0.0,0.0,0.0,0.0,0.0,0.0
db25_FRANZ_db25:56-en,0.0,0.0,0.0,0.0,0.0,0.0,0.1951941016011038,0.0,0.0,0.0,0.0,0.0,0.004545454545454519,0.0,0.0,0.0,0.0,,0.0,1.0,0.0,0.0,0.0,0.0,0.0,0.0,0.0,0.0,0.0,0.0,0.0,0.0,0.0,0.0,0.0,0.0,0.0
db25_FRANZ_db25:56-es,0.0,0.0,0.0,0.0,0.0,0.0,0.1951941016011038,0.0,0.0,0.0,0.0,0.0,0.004545454545454519,0.0,0.0,0.0,0.0,,0.0,1.0,0.0,0.0,0.0,0.0,0.0,0.0,0.0,0.0,0.0,0.0,0.0,0.0,0.0,0.0,0.0,0.0,0.0
db25_FRANZ_db25:57-en,0.0,0.0,0.0,0.0,0.0,0.0,0.2402530733520421,0.0,0.0,0.0,0.0,0.0,0.007692307692307665,0.0,0.0,0.0,0.0,,0.0,1.0,0.0,0.0,0.0,0.0,0.0,0.0,0.0,0.0,0.0,0.0,0.0,0.0,0.0,0.0,0.0,0.0,0.0
db25_FRANZ_db25:57-es,0.0,0.0,0.0,0.0,0.0,0.0,0.2402530733520421,0.0,0.0,0.0,0.0,0.0,0.007692307692307665,0.0,0.0,0.0,0.0,,0.0,1.0,0.0,0.0,0.0,0.0,0.0,0.0,0.0,0.0,0.0,0.0,0.0,0.0,0.0,0.0,0.0,0.0,0.0
db25_FRANZ_db25:58-en,0.0,0.0,0.0,0.03405796013978094,0.5311437710851823,0.4427667915060328,0.15225881209433406,0.0,0.0,0.0,0.0,0.18421052631578946,0.22777777777777775,0.3640776699029126,0.0,0.07920548528799891,0.13636363636363638,,0.0,1.0,0.08925873049179646,0.08925873049179646,0.13953488372093023,0.13953488372093023,0.0,0.0,0.0,0.40506329113924044,0.1558441558441558,0.05333333333333334,0.0273972602739726,0.03405796013978094,0.1702127659574468,0.1702127659574468,0.1,0.5714285714285714,0.25
db25_FRANZ_db25:58-es,0.0,0.0,0.0,0.05861368768710543,0.5544901683428585,0.30081452981547807,0.1566130288262323,0.0,0.0,0.0,0.0,0.12121212121212122,0.2068965517241379,0.4360465116279069,0.0,0.11373546463821492,0.0,,0.0,1.0,0.13826707794313167,0.13826707794313167,0.0,0.0,0.0,0.0,0.0,0.3571428571428571,0.11111111111111112,0.0,0.0,0.05861368768710543,0.26666666666666666,0.26666666666666666,0.17391304347826086,0.5714285714285714,0.6666666666666666
db25_FRANZ_db25:59-en,0.0,0.0,0.0,0.0,0.0,0.0,0.20521309615767264,0.0,0.0,0.0,0.0,0.0,0.004149377593360981,0.0,0.0,0.0,0.0,,0.0,1.0,0.0,0.0,0.0,0.0,0.0,0.0,0.0,0.0,0.0,0.0,0.0,0.0,0.0,0.0,0.0,0.0,0.0
db25_FRANZ_db25:59-es,0.0,0.0,0.0,0.0,0.0,0.0,0.20521309615767264,0.0,0.0,0.0,0.0,0.0,0.004149377593360981,0.0,0.0,0.0,0.0,,0.0,1.0,0.0,0.0,0.0,0.0,0.0,0.0,0.0,0.0,0.0,0.0,0.0,0.0,0.0,0.0,0.0,0.0,0.0
db25_FRANZ_db25:6-en,0.0,0.0,0.0,0.0,0.0,0.0,0.1757340838011157,0.0,0.0,0.0,0.0,0.0,0.003401360544217691,0.0,0.0,0.0,0.0,,0.0,1.0,0.0,0.0,0.0,0.0,0.0,0.0,0.0,0.0,0.0,0.0,0.0,0.0,0.0,0.0,0.0,0.0,0.0
db25_FRANZ_db25:6-es,0.0,0.0,0.0,0.0,0.0,0.0,0.1757340838011157,0.0,0.0,0.0,0.0,0.0,0.003401360544217691,0.0,0.0,0.0,0.0,,0.0,1.0,0.0,0.0,0.0,0.0,0.0,0.0,0.0,0.0,0.0,0.0,0.0,0.0,0.0,0.0,0.0,0.0,0.0
db25_FRANZ_db25:60-en,0.0,0.0,0.0,0.0,0.0,0.0,0.21089672205953397,0.0,0.0,0.0,0.0,0.0,0.005747126436781658,0.0,0.0,0.0,0.0,,0.0,1.0,0.0,0.0,0.0,0.0,0.0,0.0,0.0,0.0,0.0,0.0,0.0,0.0,0.0,0.0,0.0,0.0,0.0
db25_FRANZ_db25:60-es,0.0,0.0,0.0,0.0,0.0,0.0,0.21089672205953397,0.0,0.0,0.0,0.0,0.0,0.005747126436781658,0.0,0.0,0.0,0.0,,0.0,1.0,0.0,0.0,0.0,0.0,0.0,0.0,0.0,0.0,0.0,0.0,0.0,0.0,0.0,0.0,0.0,0.0,0.0
db25_FRANZ_db25:61-en,0.0,0.0,1.0,0.0,0.0,0.0,0.2240092377397959,1.0,0.0,0.0,0.0,0.0,0.007352941176470562,0.0,0.0,0.0,0.0,,0.0,0.0,0.0,0.0,0.0,0.0,0.0,0.0,0.0,0.0,0.0,0.0,0.0,0.0,0.0,0.0,0.0,0.0,0.0
db25_FRANZ_db25:61-es,0.0,0.0,1.0,0.0,0.0,0.0,0.2240092377397959,1.0,0.0,0.0,0.0,0.0,0.007352941176470562,0.0,0.0,0.0,0.0,,0.0,0.0,0.0,0.0,0.0,0.0,0.0,0.0,0.0,0.0,0.0,0.0,0.0,0.0,0.0,0.0,0.0,0.0,0.0
db25_FRANZ_db25:62-en,0.0,0.0,0.0,0.0,0.0,0.0,0.23166247903554,0.0,0.0,0.0,0.0,0.0,0.007092198581560294,0.0,0.0,0.0,0.0,,0.0,1.0,0.0,0.0,0.0,0.0,0.0,0.0,0.0,0.0,0.0,0.0,0.0,0.0,0.0,0.0,0.0,0.0,0.0
db25_FRANZ_db25:62-es,0.0,0.0,0.0,0.0,0.0,0.0,0.23166247903554,0.0,0.0,0.0,0.0,0.0,0.007092198581560294,0.0,0.0,0.0,0.0,,0.0,1.0,0.0,0.0,0.0,0.0,0.0,0.0,0.0,0.0,0.0,0.0,0.0,0.0,0.0,0.0,0.0,0.0,0.0
db25_FRANZ_db25:63-en,0.0,0.0,0.0,0.0,0.0,0.0,0.2240092377397959,0.0,0.0,0.0,0.0,0.0,0.0060240963855421326,0.0,0.0,0.0,0.0,,0.0,1.0,0.0,0.0,0.0,0.0,0.0,0.0,0.0,0.0,0.0,0.0,0.0,0.0,0.0,0.0,0.0,0.0,0.0
db25_FRANZ_db25:63-es,0.0,0.0,0.0,0.0,0.0,0.0,0.2240092377397959,0.0,0.0,0.0,0.0,0.0,0.0060240963855421326,0.0,0.0,0.0,0.0,,0.0,1.0,0.0,0.0,0.0,0.0,0.0,0.0,0.0,0.0,0.0,0.0,0.0,0.0,0.0,0.0,0.0,0.0,0.0
db25_FRANZ_db25:64-en,0.0,0.0,0.0,0.0,0.0,0.0,0.21089672205953397,0.0,0.0,0.0,0.0,0.0,0.004608294930875556,0.0,0.0,0.0,0.0,,0.0,1.0,0.0,0.0,0.0,0.0,0.0,0.0,0.0,0.0,0.0,0.0,0.0,0.0,0.0,0.0,0.0,0.0,0.0
db25_FRANZ_db25:64-es,0.0,0.0,0.0,0.0,0.0,0.0,0.21089672205953397,0.0,0.0,0.0,0.0,0.0,0.004608294930875556,0.0,0.0,0.0,0.0,,0.0,1.0,0.0,0.0,0.0,0.0,0.0,0.0,0.0,0.0,0.0,0.0,0.0,0.0,0.0,0.0,0.0,0.0,0.0
db25_FRANZ_db25:65-en,0.0,0.0,0.0,0.0,0.0,0.0,0.23166247903554,0.0,0.0,0.0,0.0,0.0,0.008000000000000007,0.0,0.0,0.0,0.0,,0.0,1.0,0.0,0.0,0.0,0.0,0.0,0.0,0.0,0.0,0.0,0.0,0.0,0.0,0.0,0.0,0.0,0.0,0.0
db25_FRANZ_db25:65-es,0.0,0.0,0.0,0.0,0.0,0.0,0.23166247903554,0.0,0.0,0.0,0.0,0.0,0.008000000000000007,0.0,0.0,0.0,0.0,,0.0,1.0,0.0,0.0,0.0,0.0,0.0,0.0,0.0,0.0,0.0,0.0,0.0,0.0,0.0,0.0,0.0,0.0,0.0
db25_FRANZ_db25:66-en,0.0,0.0,1.0,0.07713995116831293,0.3514490069977691,0.3905832834322534,0.1907435698305462,0.0,0.0,0.0,0.0,0.35714285714285715,0.22325581395348837,0.420565119760479,0.0,0.2697856975860103,0.11764705882352941,,0.0,0.0,0.5999201813792484,0.5999201813792484,0.4878048780487805,0.4878048780487805,0.0,1.0,0.0,0.37037037037037035,0.11538461538461538,0.07999999999999999,0.04166666666666667,0.23203058032469892,0.5641025641025642,0.41025641025641024,0.34782608695652173,0.5,0.6666666666666666
db25_FRANZ_db25:66-es,0.0,0.0,1.0,0.0,0.0,0.0,0.17253779651421453,1.0,0.0,0.0,0.0,0.0,0.0046511627906976605,0.0,0.0,0.0,0.0,,0.0,0.0,0.0,0.0,0.0,0.0,0.0,0.0,0.0,0.0,0.0,0.0,0.0,0.0,0.0,0.0,0.0,0.0,0.0
db25_FRANZ_db25:67-en,0.0,0.0,0.0,0.0,0.0,0.0,0.23166247903554,0.0,0.0,0.0,0.0,0.0,0.006802721088435382,0.0,0.0,0.0,0.0,,0.0,1.0,0.0,0.0,0.0,0.0,0.0,0.0,0.0,0.0,0.0,0.0,0.0,0.0,0.0,0.0,0.0,0.0,0.0
db25_FRANZ_db25:67-es,0.0,0.0,0.0,0.0,0.0,0.0,0.23166247903554,0.0,0.0,0.0,0.0,0.0,0.006802721088435382,0.0,0.0,0.0,0.0,,0.0,1.0,0.0,0.0,0.0,0.0,0.0,0.0,0.0,0.0,0.0,0.0,0.0,0.0,0.0,0.0,0.0,0.0,0.0
db25_FRANZ_db25:68-en,0.0,0.0,0.0,0.0,0.0,0.0,0.23166247903554,0.0,0.0,0.0,0.0,0.0,0.008474576271186418,0.0,0.0,0.0,0.0,,0.0,1.0,0.0,0.0,0.0,0.0,0.0,0.0,0.0,0.0,0.0,0.0,0.0,0.0,0.0,0.0,0.0,0.0,0.0
db25_FRANZ_db25:68-es,0.0,0.0,0.0,0.0,0.0,0.0,0.23166247903554,0.0,0.0,0.0,0.0,0.0,0.008474576271186418,0.0,0.0,0.0,0.0,,0.0,1.0,0.0,0.0,0.0,0.0,0.0,0.0,0.0,0.0,0.0,0.0,0.0,0.0,0.0,0.0,0.0,0.0,0.0
db25_FRANZ_db25:69-en,0.0,0.0,0.0,0.0,0.0,0.0,0.23166247903554,0.0,0.0,0.0,0.0,0.0,0.007751937984496138,0.0,0.0,0.0,0.0,,0.0,1.0,0.0,0.0,0.0,0.0,0.0,0.0,0.0,0.0,0.0,0.0,0.0,0.0,0.0,0.0,0.0,0.0,0.0
db25_FRANZ_db25:69-es,0.0,0.0,0.0,0.0,0.0,0.0,0.23166247903554,0.0,0.0,0.0,0.0,0.0,0.007751937984496138,0.0,0.0,0.0,0.0,,0.0,1.0,0.0,0.0,0.0,0.0,0.0,0.0,0.0,0.0,0.0,0.0,0.0,0.0,0.0,0.0,0.0,0.0,0.0
db25_FRANZ_db25:7-en,0.0,0.0,0.0,0.0,0.0,0.0,0.21712927295533244,0.0,0.0,0.0,0.0,0.0,0.007092198581560294,0.0,0.0,0.0,0.0,,0.0,1.0,0.0,0.0,0.0,0.0,0.0,0.0,0.0,0.0,0.0,0.0,0.0,0.0,0.0,0.0,0.0,0.0,0.0
db25_FRANZ_db25:7-es,0.0,0.0,0.0,0.0,0.0,0.0,0.21712927295533244,0.0,0.0,0.0,0.0,0.0,0.007092198581560294,0.0,0.0,0.0,0.0,,0.0,1.0,0.0,0.0,0.0,0.0,0.0,0.0,0.0,0.0,0.0,0.0,0.0,0.0,0.0,0.0,0.0,0.0,0.0
db25_FRANZ_db25:70-en,0.0,0.0,1.0,0.0,0.0,0.0,0.21712927295533244,1.0,0.0,0.0,0.0,0.0,0.007352941176470562,0.0,0.0,0.0,0.0,,0.0,0.0,0.0,0.0,0.0,0.0,0.0,0.0,0.0,0.0,0.0,0.0,0.0,0.0,0.0,0.0,0.0,0.0,0.0
db25_FRANZ_db25:70-es,0.0,0.0,1.0,0.0,0.0,0.0,0.21712927295533244,1.0,0.0,0.0,0.0,0.0,0.007352941176470562,0.0,0.0,0.0,0.0,,0.0,0.0,0.0,0.0,0.0,0.0,0.0,0.0,0.0,0.0,0.0,0.0,0.0,0.0,0.0,0.0,0.0,0.0,0.0
db25_FRANZ_db25:71-en,0.0,0.0,0.0,0.0,0.0,0.0,0.23166247903554,0.0,0.0,0.0,0.0,0.0,0.008064516129032251,0.0,0.0,0.0,0.0,,0.0,1.0,0.0,0.0,0.0,0.0,0.0,0.0,0.0,0.0,0.0,0.0,0.0,0.0,0.0,0.0,0.0,0.0,0.0
db25_FRANZ_db25:71-es,0.0,0.0,0.0,0.0,0.0,0.0,0.23166247903554,0.0,0.0,0.0,0.0,0.0,0.008064516129032251,0.0,0.0,0.0,0.0,,0.0,1.0,0.0,0.0,0.0,0.0,0.0,0.0,0.0,0.0,0.0,0.0,0.0,0.0,0.0,0.0,0.0,0.0,0.0
db25_FRANZ_db25:72-en,0.0,0.0,0.0,0.0,0.0,0.0,0.23166247903554,0.0,0.0,0.0,0.0,0.0,0.007874015748031482,0.0,0.0,0.0,0.0,,0.0,1.0,0.0,0.0,0.0,0.0,0.0,0.0,0.0,0.0,0.0,0.0,0.0,0.0,0.0,0.0,0.0,0.0,0.0
db25_FRANZ_db25:72-es,0.0,0.0,0.0,0.0,0.0,0.0,0.23166247903554,0.0,0.0,0.0,0.0,0.0,0.007874015748031482,0.0,0.0,0.0,0.0,,0.0,1.0,0.0,0.0,0.0,0.0,0.0,0.0,0.0,0.0,0.0,0.0,0.0,0.0,0.0,0.0,0.0,0.0,0.0
db25_FRANZ_db25:73-en,0.0,0.0,0.0,0.0,0.0,0.0,0.23166247903554,0.0,0.0,0.0,0.0,0.0,0.008403361344537785,0.0,0.0,0.0,0.0,,0.0,1.0,0.0,0.0,0.0,0.0,0.0,0.0,0.0,0.0,0.0,0.0,0.0,0.0,0.0,0.0,0.0,0.0,0.0
db25_FRANZ_db25:73-es,0.0,0.0,0.0,0.0,0.0,0.0,0.23166247903554,0.0,0.0,0.0,0.0,0.0,0.008403361344537785,0.0,0.0,0.0,0.0,,0.0,1.0,0.0,0.0,0.0,0.0,0.0,0.0,0.0,0.0,0.0,0.0,0.0,0.0,0.0,0.0,0.0,0.0,0.0
db25_FRANZ_db25:74-en,0.0,0.0,0.0,0.0,0.0,0.0,0.21712927295533244,0.0,0.0,0.0,0.0,0.0,0.005319148936170248,0.0,0.0,0.0,0.0,,0.0,1.0,0.0,0.0,0.0,0.0,0.0,0.0,0.0,0.0,0.0,0.0,0.0,0.0,0.0,0.0,0.0,0.0,0.0
db25_FRANZ_db25:74-es,0.0,0.0,0.0,0.0,0.0,0.0,0.21712927295533244,0.0,0.0,0.0,0.0,0.0,0.005319148936170248,0.0,0.0,0.0,0.0,,0.0,1.0,0.0,0.0,0.0,0.0,0.0,0.0,0.0,0.0,0.0,0.0,0.0,0.0,0.0,0.0,0.0,0.0,0.0
db25_FRANZ_db25:75-en,0.0,0.0,0.0,0.07645191323727721,0.37899564209405734,0.214422506967559,0.2,0.0,0.0,0.0,0.0,0.2,0.21379310344827585,0.2719512195121952,0.0,0.060894499650088495,0.0,,0.0,1.0,0.05735942002640237,0.05735942002640237,0.0,0.0,0.0,0.0,0.0,0.2424242424242424,0.06451612903225808,0.0,0.0,0.07645191323727721,0.35714285714285715,0.35714285714285715,0.45454545454545453,0.29411764705882354,0.6666666666666666
db25_FRANZ_db25:75-es,0.0,0.0,0.0,0.08867522604030831,0.6168506463233657,0.6218252702059208,0.23166247903554,0.0,0.0,0.0,0.0,0.3888888888888889,0.40930232558139534,0.3648843930635838,0.0,0.0774963954194193,0.0,,0.0,0.0,0.08392140960218324,0.08392140960218324,0.0,0.0,0.0,1.0,0.0,0.46808510638297873,0.08888888888888889,0.0,0.0,0.0774963954194193,0.37837837837837834,0.4324324324324324,0.4,0.47058823529411764,1.0
db25_FRANZ_db25:76-en,0.0,0.0,0.0,0.0,0.0,0.0,0.12973190755680383,0.0,0.0,0.0,0.0,0.0,0.0014306151645206988,0.0,0.0,0.0,0.0,,0.0,1.0,0.0,0.0,0.0,0.0,0.0,0.0,0.0,0.0,0.0,0.0,0.0,0.0,0.0,0.0,0.0,0.0,0.0
db25_FRANZ_db25:76-es,0.0,0.0,0.0,0.0,0.0,0.0,0.12973190755680383,0.0,0.0,0.0,0.0,0.0,0.0014306151645206988,0.0,0.0,0.0,0.0,,0.0,1.0,0.0,0.0,0.0,0.0,0.0,0.0,0.0,0.0,0.0,0.0,0.0,0.0,0.0,0.0,0.0,0.0,0.0
db25_FRANZ_db25:77-en,0.0,0.0,0.0,0.0,0.0,0.0,0.21712927295533244,0.0,0.0,0.0,0.0,0.0,0.0066225165562914245,0.0,0.0,0.0,0.0,,0.0,1.0,0.0,0.0,0.0,0.0,0.0,0.0,0.0,0.0,0.0,0.0,0.0,0.0,0.0,0.0,0.0,0.0,0.0
db25_FRANZ_db25:77-es,0.0,0.0,0.0,0.0,0.0,0.0,0.21712927295533244,0.0,0.0,0.0,0.0,0.0,0.0066225165562914245,0.0,0.0,0.0,0.0,,0.0,1.0,0.0,0.0,0.0,0.0,0.0,0.0,0.0,0.0,0.0,0.0,0.0,0.0,0.0,0.0,0.0,0.0,0.0
db25_FRANZ_db25:78-en,0.0,0.0,0.0,0.0,0.0,0.0,0.179128784747792,0.0,0.0,0.0,0.0,0.0,0.00347222222222221,0.0,0.0,0.0,0.0,,0.0,1.0,0.0,0.0,0.0,0.0,0.0,0.0,0.0,0.0,0.0,0.0,0.0,0.0,0.0,0.0,0.0,0.0,0.0
db25_FRANZ_db25:78-es,0.0,0.0,0.0,0.0,0.0,0.0,0.179128784747792,0.0,0.0,0.0,0.0,0.0,0.00347222222222221,0.0,0.0,0.0,0.0,,0.0,1.0,0.0,0.0,0.0,0.0,0.0,0.0,0.0,0.0,0.0,0.0,0.0,0.0,0.0,0.0,0.0,0.0,0.0
db25_FRANZ_db25:79-en,0.0,0.0,0.0,0.0,0.0,0.0,0.23166247903554,0.0,0.0,0.0,0.0,0.0,0.008064516129032251,0.0,0.0,0.0,0.0,,0.0,1.0,0.0,0.0,0.0,0.0,0.0,0.0,0.0,0.0,0.0,0.0,0.0,0.0,0.0,0.0,0.0,0.0,0.0
db25_FRANZ_db25:79-es,0.0,0.0,0.0,0.0,0.0,0.0,0.23166247903554,0.0,0.0,0.0,0.0,0.0,0.008064516129032251,0.0,0.0,0.0,0.0,,0.0,1.0,0.0,0.0,0.0,0.0,0.0,0.0,0.0,0.0,0.0,0.0,0.0,0.0,0.0,0.0,0.0,0.0,0.0
db25_FRANZ_db25:8-en,0.0,0.0,0.0,0.053966358085283606,0.5500724950727802,0.35250843000942605,0.16666666666666666,0.0,0.0,0.0,0.0,0.13793103448275862,0.2465753424657534,0.42613636363636365,0.0,0.08441569539289243,0.0,,0.0,1.0,0.07093725579940542,0.07093725579940542,0.0,0.0,0.0,0.0,0.0,0.2807017543859649,0.03636363636363636,0.0,0.0,0.053966358085283606,0.25,0.25,0.16,0.5714285714285714,1.0
db25_FRANZ_db25:8-es,0.0,0.0,0.0,0.0,0.25,0.0,0.2402530733520421,0.0,0.0,0.0,0.0,0.0,0.007633587786259555,0.0,0.0,0.0,0.0,,0.0,1.0,0.0,0.0,0.0,0.0,0.0,0.0,0.0,0.0,0.0,0.0,0.0,0.0,0.0,0.0,0.0,0.0,0.0
db25_FRANZ_db25:80-en,0.0,0.0,0.0,0.0,0.0,0.0,0.1951941016011038,0.0,0.0,0.0,0.0,0.0,0.005681818181818232,0.0,0.0,0.0,0.0,,0.0,1.0,0.0,0.0,0.0,0.0,0.0,0.0,0.0,0.0,0.0,0.0,0.0,0.0,0.0,0.0,0.0,0.0,0.0
db25_FRANZ_db25:80-es,0.6666666666666666,0.5,1.0,0.5336626135787336,0.8287281533946834,0.8469010445797931,0.3333333333333333,1.0,0.6666666666666666,1.0,1.0,0.7894736842105263,0.46478873239436624,0.7696158940397352,1.0,0.7108136343117385,0.7058823529411765,,1.0,0.5,0.3657482164956336,0.3657482164956336,0.30769230769230765,0.30769230769230765,0.0,1.0,1.0,0.8070175438596491,0.5818181818181819,0.33962264150943394,0.23529411764705882,0.5336626135787336,0.8064516129032259,0.8064516129032259,0.78125,0.8333333333333334,0.0
db25_FRANZ_db25:81-en,0.0,0.0,0.0,0.0,0.0,0.0,0.2240092377397959,0.0,0.0,0.0,0.0,0.0,0.005780346820809301,0.0,0.0,0.0,0.0,,0.0,1.0,0.0,0.0,0.0,0.0,0.0,0.0,0.0,0.0,0.0,0.0,0.0,0.0,0.0,0.0,0.0,0.0,0.0
db25_FRANZ_db25:81-es,0.0,0.0,0.0,0.0,0.0,0.0,0.2240092377397959,0.0,0.0,0.0,0.0,0.0,0.005780346820809301,0.0,0.0,0.0,0.0,,0.0,1.0,0.0,0.0,0.0,0.0,0.0,0.0,0.0,0.0,0.0,0.0,0.0,0.0,0.0,0.0,0.0,0.0,0.0
db25_FRANZ_db25:82-en,0.0,0.0,1.0,0.0,0.0,0.0,0.21712927295533244,1.0,0.0,0.0,0.0,0.0,0.004566210045662156,0.0,0.0,0.0,0.0,,0.0,0.0,0.0,0.0,0.0,0.0,0.0,0.0,0.0,0.0,0.0,0.0,0.0,0.0,0.0,0.0,0.0,0.0,0.0
db25_FRANZ_db25:82-es,0.0,0.0,1.0,0.0,0.0,0.0,0.21712927295533244,1.0,0.0,0.0,0.0,0.0,0.004566210045662156,0.0,0.0,0.0,0.0,,0.0,0.0,0.0,0.0,0.0,0.0,0.0,0.0,0.0,0.0,0.0,0.0,0.0,0.0,0.0,0.0,0.0,0.0,0.0
db25_FRANZ_db25:83-en,0.0,0.0,0.0,0.0,0.0,0.0,0.21712927295533244,0.0,0.0,0.0,0.0,0.0,0.005555555555555536,0.0,0.0,0.0,0.0,,0.0,1.0,0.0,0.0,0.0,0.0,0.0,0.0,0.0,0.0,0.0,0.0,0.0,0.0,0.0,0.0,0.0,0.0,0.0
db25_FRANZ_db25:83-es,0.0,0.0,0.0,0.0,0.0,0.0,0.21712927295533244,0.0,0.0,0.0,0.0,0.0,0.005555555555555536,0.0,0.0,0.0,0.0,,0.0,1.0,0.0,0.0,0.0,0.0,0.0,0.0,0.0,0.0,0.0,0.0,0.0,0.0,0.0,0.0,0.0,0.0,0.0
db25_FRANZ_db25:84-en,0.0,0.0,0.0,0.0,0.0,0.0,0.20521309615767264,0.0,0.0,0.0,0.0,0.0,0.005347593582887722,0.0,0.0,0.0,0.0,,0.0,1.0,0.0,0.0,0.0,0.0,0.0,0.0,0.0,0.0,0.0,0.0,0.0,0.0,0.0,0.0,0.0,0.0,0.0
db25_FRANZ_db25:84-es,0.0,0.0,0.0,0.0,0.0,0.0,0.20521309615767264,0.0,0.0,0.0,0.0,0.0,0.005347593582887722,0.0,0.0,0.0,0.0,,0.0,1.0,0.0,0.0,0.0,0.0,0.0,0.0,0.0,0.0,0.0,0.0,0.0,0.0,0.0,0.0,0.0,0.0,0.0
db25_FRANZ_db25:85-en,0.0,0.0,0.0,0.0,0.0,0.0,0.23166247903554,0.0,0.0,0.0,0.0,0.0,0.008849557522123908,0.0,0.0,0.0,0.0,,0.0,1.0,0.0,0.0,0.0,0.0,0.0,0.0,0.0,0.0,0.0,0.0,0.0,0.0,0.0,0.0,0.0,0.0,0.0
db25_FRANZ_db25:85-es,0.0,0.0,0.0,0.0,0.0,0.0,0.23166247903554,0.0,0.0,0.0,0.0,0.0,0.008849557522123908,0.0,0.0,0.0,0.0,,0.0,1.0,0.0,0.0,0.0,0.0,0.0,0.0,0.0,0.0,0.0,0.0,0.0,0.0,0.0,0.0,0.0,0.0,0.0
db25_FRANZ_db25:86-en,0.0,0.0,0.0,0.0,0.0,0.0,0.2240092377397959,0.0,0.0,0.0,0.0,0.0,0.0060240963855421326,0.0,0.0,0.0,0.0,,0.0,1.0,0.0,0.0,0.0,0.0,0.0,0.0,0.0,0.0,0.0,0.0,0.0,0.0,0.0,0.0,0.0,0.0,0.0
db25_FRANZ_db25:86-es,0.0,0.0,0.0,0.0,0.0,0.0,0.2240092377397959,0.0,0.0,0.0,0.0,0.0,0.0060240963855421326,0.0,0.0,0.0,0.0,,0.0,1.0,0.0,0.0,0.0,0.0,0.0,0.0,0.0,0.0,0.0,0.0,0.0,0.0,0.0,0.0,0.0,0.0,0.0
db25_FRANZ_db25:87-en,0.0,0.0,0.0,0.0,0.0,0.0,0.21712927295533244,0.0,0.0,0.0,0.0,0.0,0.005076142131979711,0.0,0.0,0.0,0.0,,0.0,1.0,0.0,0.0,0.0,0.0,0.0,0.0,0.0,0.0,0.0,0.0,0.0,0.0,0.0,0.0,0.0,0.0,0.0
db25_FRANZ_db25:87-es,0.0,0.0,0.0,0.0,0.0,0.0,0.21712927295533244,0.0,0.0,0.0,0.0,0.0,0.005076142131979711,0.0,0.0,0.0,0.0,,0.0,1.0,0.0,0.0,0.0,0.0,0.0,0.0,0.0,0.0,0.0,0.0,0.0,0.0,0.0,0.0,0.0,0.0,0.0
db25_FRANZ_db25:88-en,0.0,0.0,0.0,0.0,0.0,0.0,0.1757340838011157,0.0,0.0,0.0,0.0,0.0,0.0046948356807511304,0.0,0.0,0.0,0.0,,0.0,1.0,0.0,0.0,0.0,0.0,0.0,0.0,0.0,0.0,0.0,0.0,0.0,0.0,0.0,0.0,0.0,0.0,0.0
db25_FRANZ_db25:88-es,0.0,0.0,0.0,0.0,0.0,0.0,0.1757340838011157,0.0,0.0,0.0,0.0,0.0,0.0046948356807511304,0.0,0.0,0.0,0.0,,0.0,1.0,0.0,0.0,0.0,0.0,0.0,0.0,0.0,0.0,0.0,0.0,0.0,0.0,0.0,0.0,0.0,0.0,0.0
db25_FRANZ_db25:89-en,0.0,0.0,1.0,0.08062554435318109,0.3561105902866866,0.4182509562856521,0.16139047779640892,0.0,0.0,0.0,0.0,0.20588235294117646,0.1636363636363637,0.4230986445783133,0.0,0.31701659570376384,0.0,,0.0,0.0,0.14785760358363279,0.14785760358363279,0.0,0.0,0.0,1.0,0.0,0.29508196721311475,0.03389830508474576,0.0,0.0,0.22866722231574907,0.5263157894736842,0.4210526315789474,0.36363636363636365,0.5,1.0
db25_FRANZ_db25:89-es,0.0,0.0,1.0,0.059354070391255766,0.32759320407814463,0.5615144766278839,0.21712927295533244,0.0,0.0,0.0,0.0,0.5666666666666667,0.15000000000000002,0.40364583333333337,0.0,0.23425832933101473,0.13793103448275862,,0.0,0.0,0.37457349255717526,0.37457349255717526,0.3333333333333333,0.3333333333333333,0.0,1.0,0.0,0.6027397260273972,0.39436619718309857,0.31884057971014496,0.23880597014925375,0.17493830569974406,0.47826086956521735,0.3478260869565218,0.26666666666666666,0.5,0.3333333333333333
db25_FRANZ_db25:9-en,0.0,0.0,0.0,0.0,0.0,0.0,0.2240092377397959,0.0,0.0,0.0,0.0,0.0,0.007299270072992692,0.0,0.0,0.0,0.0,,0.0,1.0,0.0,0.0,0.0,0.0,0.0,0.0,0.0,0.0,0.0,0.0,0.0,0.0,0.0,0.0,0.0,0.0,0.0
db25_FRANZ_db25:9-es,0.0,0.0,0.0,0.0,0.0,0.0,0.2240092377397959,0.0,0.0,0.0,0.0,0.0,0.007299270072992692,0.0,0.0,0.0,0.0,,0.0,1.0,0.0,0.0,0.0,0.0,0.0,0.0,0.0,0.0,0.0,0.0,0.0,0.0,0.0,0.0,0.0,0.0,0.0
db25_FRANZ_db25:90-en,0.0,0.0,0.0,0.0,0.0,0.0,0.2240092377397959,0.0,0.0,0.0,0.0,0.0,0.005681818181818232,0.0,0.0,0.0,0.0,,0.0,1.0,0.0,0.0,0.0,0.0,0.0,0.0,0.0,0.0,0.0,0.0,0.0,0.0,0.0,0.0,0.0,0.0,0.0
db25_FRANZ_db25:90-es,0.0,0.0,0.0,0.0,0.0,0.0,0.2240092377397959,0.0,0.0,0.0,0.0,0.0,0.005681818181818232,0.0,0.0,0.0,0.0,,0.0,1.0,0.0,0.0,0.0,0.0,0.0,0.0,0.0,0.0,0.0,0.0,0.0,0.0,0.0,0.0,0.0,0.0,0.0
db25_FRANZ_db25:91-en,0.0,0.0,1.0,0.0540660587114656,0.32049059239410516,0.39976352347918354,0.1827439976315568,1.0,0.0,0.0,0.0,0.25925925925925924,0.264406779661017,0.3968043785310734,0.0,0.17470942957770763,0.12,,0.0,0.0,0.07910793946688452,0.0,0.03508771929824561,0.0,0.0,0.0,0.0,0.360655737704918,0.10169491525423728,0.07017543859649122,0.03636363636363636,0.119159749312327,0.4489795918367347,0.326530612244898,0.24242424242424243,0.5,0.6666666666666666
db25_FRANZ_db25:91-es,0.0,0.0,1.0,0.0,0.0,0.0,0.2240092377397959,1.0,0.0,0.0,0.0,0.0,0.00540540540540535,0.0,0.0,0.0,0.0,,0.0,0.0,0.0,0.0,0.0,0.0,0.0,0.0,0.0,0.0,0.0,0.0,0.0,0.0,0.0,0.0,0.0,0.0,0.0
db25_FRANZ_db25:92-en,0.0,0.0,0.0,0.0,0.0,0.0,0.21712927295533244,0.0,0.0,0.0,0.0,0.0,0.0045045045045044585,0.0,0.0,0.0,0.0,,0.0,1.0,0.0,0.0,0.0,0.0,0.0,0.0,0.0,0.0,0.0,0.0,0.0,0.0,0.0,0.0,0.0,0.0,0.0
db25_FRANZ_db25:92-es,0.0,0.0,0.0,0.0,0.0,0.0,0.21712927295533244,0.0,0.0,0.0,0.0,0.0,0.0045045045045044585,0.0,0.0,0.0,0.0,,0.0,1.0,0.0,0.0,0.0,0.0,0.0,0.0,0.0,0.0,0.0,0.0,0.0,0.0,0.0,0.0,0.0,0.0,0.0
db25_FRANZ_db25:93-en,0.0,0.0,0.0,0.01566678404488472,0.3007931709619024,0.173595961568189,0.1639607805437114,0.0,0.0,0.0,0.0,0.16129032258064516,0.21126760563380287,0.15527950310559005,0.0,0.04853984237339303,0.0,,0.0,1.0,0.14528679532351443,0.14528679532351443,0.03636363636363636,0.03636363636363636,0.0,0.0,0.0,0.20289855072463767,0.029850746268656723,0.0,0.0,0.04340744034984482,0.3902439024390244,0.2439024390243902,0.19230769230769232,0.3333333333333333,1.0
db25_FRANZ_db25:93-es,0.0,0.0,0.0,0.05972359276505662,0.32114704818331646,0.2821091806873962,0.179128784747792,0.0,0.0,0.0,0.0,0.27586206896551724,0.2605633802816901,0.3194444444444444,0.0,0.1504714944518938,0.17142857142857143,,0.0,1.0,0.14528679532351443,0.14528679532351443,0.23333333333333334,0.23333333333333334,0.0,0.0,0.0,0.26865671641791045,0.12307692307692307,0.0634920634920635,0.032786885245901634,0.1312155138646134,0.45,0.3,0.24,0.4,0.75
db25_FRANZ_db25:94-en,0.0,0.0,0.0,0.0,0.0,0.0,0.23166247903554,0.0,0.0,0.0,0.0,0.0,0.00497512437810943,0.0,0.0,0.0,0.0,,0.0,1.0,0.0,0.0,0.0,0.0,0.0,0.0,0.0,0.0,0.0,0.0,0.0,0.0,0.0,0.0,0.0,0.0,0.0
db25_FRANZ_db25:94-es,0.0,0.0,0.0,0.0,0.0,0.0,0.23166247903554,0.0,0.0,0.0,0.0,0.0,0.00497512437810943,0.0,0.0,0.0,0.0,,0.0,1.0,0.0,0.0,0.0,0.0,0.0,0.0,0.0,0.0,0.0,0.0,0.0,0.0,0.0,0.0,0.0,0.0,0.0
db25_FRANZ_db25:95-en,0.0,0.0,0.0,0.0,0.0,0.0,0.23166247903554,0.0,0.0,0.0,0.0,0.0,0.007407407407407418,0.0,0.0,0.0,0.0,,0.0,1.0,0.0,0.0,0.0,0.0,0.0,0.0,0.0,0.0,0.0,0.0,0.0,0.0,0.0,0.0,0.0,0.0,0.0
db25_FRANZ_db25:95-es,0.0,0.0,0.0,0.0,0.0,0.0,0.23166247903554,0.0,0.0,0.0,0.0,0.0,0.007407407407407418,0.0,0.0,0.0,0.0,,0.0,1.0,0.0,0.0,0.0,0.0,0.0,0.0,0.0,0.0,0.0,0.0,0.0,0.0,0.0,0.0,0.0,0.0,0.0
db25_FRANZ_db25:96-en,0.0,0.0,0.0,0.0,0.0,0.0,0.20521309615767264,0.0,0.0,0.0,0.0,0.0,0.005235602094240788,0.0,0.0,0.0,0.0,0.0,0.0,1.0,0.0,0.0,0.0,0.0,0.0,0.0,0.0,0.0,0.0,0.0,0.0,0.0,0.0,0.0,0.0,0.0,0.0
db25_FRANZ_db25:96-es,0.0,0.0,0.0,0.0,0.0,0.0,0.20521309615767264,0.0,0.0,0.0,0.0,0.0,0.005235602094240788,0.0,0.0,0.0,0.0,0.0,0.0,1.0,0.0,0.0,0.0,0.0,0.0,0.0,0.0,0.0,0.0,0.0,0.0,0.0,0.0,0.0,0.0,0.0,0.0
db25_FRANZ_db25:97-en,0.0,0.0,0.0,0.0,0.0,0.0,0.179128784747792,0.0,0.0,0.0,0.0,0.0,0.004464285714285698,0.0,0.0,0.0,0.0,,0.0,1.0,0.0,0.0,0.0,0.0,0.0,0.0,0.0,0.0,0.0,0.0,0.0,0.0,0.0,0.0,0.0,0.0,0.0
db25_FRANZ_db25:97-es,0.0,0.0,0.0,0.0,0.0,0.0,0.179128784747792,0.0,0.0,0.0,0.0,0.0,0.004464285714285698,0.0,0.0,0.0,0.0,,0.0,1.0,0.0,0.0,0.0,0.0,0.0,0.0,0.0,0.0,0.0,0.0,0.0,0.0,0.0,0.0,0.0,0.0,0.0
db25_FRANZ_db25:98-en,0.0,0.0,0.0,0.0,0.0,0.0,0.23166247903554,0.0,0.0,0.0,0.0,0.0,0.008849557522123908,0.0,0.0,0.0,0.0,,0.0,1.0,0.0,0.0,0.0,0.0,0.0,0.0,0.0,0.0,0.0,0.0,0.0,0.0,0.0,0.0,0.0,0.0,0.0
db25_FRANZ_db25:98-es,0.0,0.0,0.0,0.0,0.0,0.0,0.23166247903554,0.0,0.0,0.0,0.0,0.0,0.008849557522123908,0.0,0.0,0.0,0.0,,0.0,1.0,0.0,0.0,0.0,0.0,0.0,0.0,0.0,0.0,0.0,0.0,0.0,0.0,0.0,0.0,0.0,0.0,0.0
db25_FRANZ_db25:99-en,0.0,0.0,0.0,0.0,0.0,0.0,0.21712927295533244,0.0,0.0,0.0,0.0,0.0,0.004347826086956497,0.0,0.0,0.0,0.0,,0.0,1.0,0.0,0.0,0.0,0.0,0.0,0.0,0.0,0.0,0.0,0.0,0.0,0.0,0.0,0.0,0.0,0.0,0.0
db25_FRANZ_db25:99-es,0.0,0.0,0.0,0.0,0.0,0.0,0.21712927295533244,0.0,0.0,0.0,0.0,0.0,0.004347826086956497,0.0,0.0,0.0,0.0,,0.0,1.0,0.0,0.0,0.0,0.0,0.0,0.0,0.0,0.0,0.0,0.0,0.0,0.0,0.0,0.0,0.0,0.0,0.0
db25_IIS-L_db25:1-en,0.0,0.0,1.0,0.0581140537483224,0.4517785121303482,0.6536610186271836,0.23166247903554,1.0,0.0,0.0,0.0,0.42105263157894735,0.33333333333333337,0.4400211262956361,0.0,0.33359103227594633,0.26666666666666666,,0.0,0.0,0.10328359366978983,0.10328359366978983,0.3181818181818182,0.3181818181818182,0.0,1.0,0.0,0.5614035087719298,0.3272727272727273,0.11320754716981131,0.0392156862745098,0.08041721495296081,0.4313725490196078,0.35294117647058826,0.2647058823529412,0.5294117647058824,0.0
db25_IIS-L_db25:1-es,0.0,0.0,1.0,0.03776310214113328,0.33650748600137476,0.39297188779668457,0.1951941016011038,1.0,0.0,0.0,0.0,0.2916666666666667,0.12886597938144329,0.3802605552145147,0.0,0.09111270767706389,0.15,,0.0,0.0,0.03546349597329826,0.0,0.0,0.0,0.0,0.0,0.0,0.2857142857142857,0.1276595744680851,0.04444444444444444,0.0,0.08148027068416305,0.5777777777777777,0.39999999999999997,0.32142857142857145,0.5294117647058824,0.0
db25_IIS-L_db25:10-en,0.0,0.0,0.0,0.030054461869943767,0.3059503077970472,0.5665772016243308,0.1951941016011038,0.0,0.0,0.0,0.0,0.39285714285714285,0.25816993464052285,0.3494247512437811,0.0,0.10965616875025944,0.14084507042253522,,0.0,1.0,0.28507822708363717,0.28507822708363717,0.3859649122807018,0.3859649122807018,0.0,1.0,0.0,0.43037974683544306,0.18181818181818182,0.08,0.0273972602739726,0.06168242217855377,0.45614035087719296,0.2807017543859649,0.20512820512820512,0.4444444444444444,0.5
db25_IIS-L_db25:10-es,0.0,0.0,0.0,0.046388791210307104,0.3329681786833017,0.5749649621030629,0.17253779651421453,0.0,0.0,0.0,0.0,0.28125,0.23381294964028776,0.2808302808302808,0.0,0.11781685108313676,0.0,,0.0,1.0,0.13407284958476823,0.13407284958476823,0.0,0.0,0.0,1.0,0.0,0.4,0.14705882352941177,0.09090909090909091,0.03125,0.10910387264150008,0.5789473684210527,0.3157894736842105,0.3,0.3333333333333333,0.5
db25_IIS-L_db25:100-en,0.35343035343035345,1.0,0.21464646464646464,0.034768609817110746,0.31023998125632557,0.7081398084446979,0.3333333333333333,0.0,0.35343035343035345,0.2390998593530239,1.0,0.7333333333333333,0.30327868852459017,0.4017049857917851,1.0,0.5529185388302907,0.6818181818181818,,1.0,1.0,0.6389431042462724,0.6389431042462724,0.7555555555555556,0.7555555555555556,0.0,1.0,0.21464646464646464,0.5555555555555556,0.2692307692307692,0.15999999999999998,0.08333333333333334,0.08331754153520221,0.43478260869565216,0.30434782608695654,0.21875,0.5,0.0
db25_IIS-L_db25:100-es,0.0,0.0,0.0,0.02567108720384162,0.297723695072714,0.6735877880179906,0.2240092377397959,0.0,0.0,0.0,0.0,0.45454545454545453,0.3245901639344262,0.2889107450208999,0.0,0.08125277231041103,0.3461538461538462,,0.0,1.0,0.024700603514483735,0.0,0.1,0.0,0.0,0.0,0.0,0.5,0.3225806451612903,0.19999999999999998,0.10344827586206896,0.047394336727323814,0.37037037037037035,0.25925925925925924,0.175,0.5,0.0
db25_IIS-L_db25:11-en,0.0,0.0,1.0,0.07297218359530538,0.491915467267556,0.5254938542453882,0.179128784747792,1.0,0.0,0.0,0.0,0.3,0.3774193548387097,0.2940613026819923,0.0,0.04315636802744738,0.06896551724137931,,0.0,0.0,0.02655536976738,0.0,0.03703703703703704,0.0,0.0,0.0,0.0,0.4383561643835616,0.16901408450704225,0.08695652173913043,0.029850746268656716,0.033720630788627186,0.4482758620689655,0.41379310344827586,0.41379310344827586,0.41379310344827586,0.5
db25_IIS-L_db25:11-es,0.0,0.0,1.0,0.03738641602961307,0.5699443421150372,0.5400617248673217,0.1907435698305462,1.0,0.0,0.0,0.0,0.35714285714285715,0.41290322580645167,0.2808302808302809,0.0,0.11235571815872337,0.11320754716981131,,0.0,0.0,0.027102351793792532,0.027102351793792532,0.13636363636363638,0.13636363636363638,0.0,1.0,0.0,0.4615384615384615,0.22222222222222224,0.0983606557377049,0.033898305084745756,0.03738641602961307,0.4390243902439025,0.4390243902439025,0.75,0.3103448275862069,0.0
db25_IIS-L_db25:12-en,1.0,1.0,1.0,0.12807327174314076,0.39068509849510136,0.77407026981321,0.36602540378443865,1.0,1.0,1.0,1.0,0.7692307692307693,0.4358974358974359,0.598404255319149,1.0,0.7825422900366437,1.0,,1.0,1.0,1.0,1.0,1.0,1.0,0.0,1.0,1.0,0.7999999999999999,0.606060606060606,0.45161290322580644,0.3448275862068966,0.4089601472043678,0.7272727272727274,0.5454545454545455,0.46153846153846156,0.6666666666666666,0.0
db25_IIS-L_db25:12-es,0.0,0.0,0.0,0.07500701578962382,0.330104470513045,0.6042179781166438,0.21089672205953397,0.0,0.0,0.0,0.0,0.36363636363636365,0.31718061674008813,0.446,0.0,0.2224246939793677,0.4444444444444444,,0.0,0.0,0.07766501652420724,0.07766501652420724,0.33333333333333337,0.33333333333333337,0.0,1.0,0.0,0.5,0.34782608695652173,0.27272727272727276,0.1904761904761905,0.1457684614972261,0.5,0.35714285714285715,0.2631578947368421,0.5555555555555556,0.0
db25_IIS-L_db25:13-en,0.9607843137254902,0.9245283018867925,1.0,0.07045374410898782,0.37195436906632534,0.7176435430643553,0.20521309615767264,0.0,0.9607843137254902,0.9607843137254902,1.0,0.4230769230769231,0.3395348837209302,0.44696751940212703,0.5,0.4171622699855093,0.4651162790697674,,0.0,0.9245283018867925,0.45227234759224294,0.45227234759224294,0.625,0.625,0.0,1.0,1.0,0.6206896551724138,0.46428571428571425,0.33333333333333337,0.23076923076923075,0.36271021890216215,0.6000000000000001,0.4666666666666667,0.4375,0.5,0.0
db25_IIS-L_db25:13-es,0.98,0.9607843137254902,1.0,0.059279596516291624,0.3601824256461955,0.7584453824006152,0.21712927295533244,0.0,0.98,0.98,1.0,0.48,0.3347107438016529,0.4810573630136986,0.5,0.6115380576901023,0.5818181818181818,,0.0,0.9607843137254902,0.5156626918239822,0.5156626918239822,0.6511627906976745,0.6511627906976745,0.0,1.0,1.0,0.6268656716417911,0.4,0.28571428571428575,0.19672131147540983,0.3264128346656048,0.6470588235294117,0.47058823529411764,0.4,0.5714285714285714,0.0
db25_IIS-L_db25:14-en,0.0,0.0,0.0,0.04030833724870907,0.5540719695452528,0.8195125851339823,0.2240092377397959,0.0,0.0,0.0,0.0,0.29411764705882354,0.5116279069767442,0.3234880450070323,0.0,0.06302647598688789,0.29629629629629634,,0.0,0.0,0.06302647598688789,0.06302647598688789,0.2857142857142857,0.2857142857142857,0.0,1.0,0.0,0.6222222222222222,0.5116279069767442,0.3902439024390244,0.25641025641025644,0.04030833724870907,0.26086956521739124,0.26086956521739124,0.1875,0.42857142857142855,0.0
db25_IIS-L_db25:14-es,0.0,0.0,0.0,0.01715966518643024,0.5406684296342077,0.7508334879401061,0.28989794855663564,0.0,0.0,0.0,0.0,0.5714285714285714,0.3975903614457831,0.18072289156626506,0.0,0.045003287837387725,0.48484848484848486,,0.0,1.0,0.21938699234088677,0.21938699234088677,0.5882352941176471,0.5882352941176471,0.0,0.0,0.0,0.6818181818181818,0.380952380952381,0.19999999999999998,0.05263157894736842,0.01715966518643024,0.2222222222222222,0.2222222222222222,0.15,0.42857142857142855,0.0
db25_IIS-L_db25:15-en,1.0,1.0,1.0,0.13190955568171472,0.39013714708514513,0.7490058862731382,0.3333333333333333,1.0,1.0,1.0,1.0,0.6923076923076923,0.3565891472868217,0.48478260869565226,1.0,0.767279645960659,0.8695652173913043,,1.0,1.0,1.0,1.0,1.0,1.0,0.0,1.0,1.0,0.7500000000000001,0.5333333333333333,0.42857142857142855,0.30769230769230765,0.28997844147152074,0.7000000000000001,0.5,0.45454545454545453,0.5555555555555556,0.0
db25_IIS-L_db25:15-es,0.0,0.0,0.0,0.049070511103326775,0.33040892997942867,0.7029019463944165,0.25,0.0,0.0,0.0,0.0,0.47058823529411764,0.3563829787234043,0.33223684210526316,0.0,0.19173026589128161,0.0,,0.0,0.0,0.5133450480401704,0.5133450480401704,0.14285714285714288,0.14285714285714288,0.0,1.0,0.0,0.5714285714285714,0.3,0.15789473684210525,0.05555555555555555,0.11858206329002834,0.5217391304347826,0.34782608695652173,0.2857142857142857,0.4444444444444444,0.0
db25_IIS-L_db25:16-en,1.0,1.0,1.0,0.09535164820400535,0.3519158287946174,0.7591443112159186,0.28989794855663564,1.0,1.0,1.0,1.0,0.6,0.36931818181818177,0.46458333333333335,1.0,0.631196907822589,0.8695652173913043,,1.0,1.0,1.0,1.0,1.0,1.0,0.0,1.0,1.0,0.6315789473684211,0.4444444444444444,0.35294117647058826,0.25,0.1892240568795935,0.5833333333333334,0.4166666666666667,0.3333333333333333,0.5555555555555556,0.0
db25_IIS-L_db25:16-es,1.0,1.0,1.0,0.11044506896905561,0.3715239592759601,0.7807251581544242,0.3090169943749474,1.0,1.0,1.0,1.0,0.6666666666666666,0.3586956521739131,0.5859375,1.0,0.6606328636027614,0.75,,1.0,1.0,0.6606328636027614,0.6606328636027614,0.75,0.75,0.0,1.0,1.0,0.6666666666666667,0.4864864864864865,0.3428571428571428,0.24242424242424246,0.3641410562218426,0.6666666666666667,0.5,0.4,0.6666666666666666,0.0
db25_IIS-L_db25:17-en,0.0,0.0,0.0,0.07045374410898782,0.37195436906632534,0.7207499701564473,0.1951941016011038,0.0,0.0,0.0,0.0,0.34615384615384615,0.3691588785046729,0.44696751940212703,0.0,0.4171622699855093,0.3902439024390244,,0.0,0.0,0.45227234759224294,0.45227234759224294,0.5333333333333333,0.5333333333333333,0.0,1.0,0.0,0.5357142857142857,0.37037037037037035,0.23076923076923075,0.12000000000000001,0.36271021890216215,0.6000000000000001,0.4666666666666667,0.4375,0.5,0.0
db25_IIS-L_db25:17-es,0.0,0.0,0.0,0.039246809803014336,0.31889198937372304,0.6587325492402598,0.18660549686337075,0.0,0.0,0.0,0.0,0.3448275862068966,0.31985294117647056,0.3114232706069441,0.0,0.2852636439147137,0.3636363636363637,,0.0,0.0,0.2863424630911014,0.2863424630911014,0.4545454545454546,0.4545454545454546,0.0,1.0,0.0,0.5070422535211268,0.2608695652173913,0.11940298507462686,0.061538461538461535,0.18556675930109115,0.5128205128205129,0.3333333333333333,0.25,0.5,0.0
db25_IIS-L_db25:18-en,0.0,0.0,0.0,0.39679548027616246,0.7443601603916212,0.7380831312942566,0.3090169943749474,0.0,0.0,0.0,0.0,0.7368421052631579,0.5458937198067633,0.7152496626180838,0.0,0.6350869045864345,0.5714285714285714,,0.0,0.0,0.6442271946445949,0.6442271946445949,0.5263157894736842,0.5263157894736842,0.0,1.0,0.0,0.6792452830188679,0.47058823529411764,0.3673469387755102,0.2978723404255319,0.39679548027616246,0.6545454545454547,0.6545454545454547,0.5806451612903226,0.75,0.0
db25_IIS-L_db25:18-es,0.0,0.0,0.0,0.39679548027616246,0.7443601603916212,0.7380831312942566,0.3090169943749474,0.0,0.0,0.0,0.0,0.7368421052631579,0.5458937198067633,0.7152496626180838,0.0,0.6350869045864345,0.5714285714285714,,0.0,0.0,0.6442271946445949,0.6442271946445949,0.5263157894736842,0.5263157894736842,0.0,1.0,0.0,0.6792452830188679,0.47058823529411764,0.3673469387755102,0.2978723404255319,0.39679548027616246,0.6545454545454547,0.6545454545454547,0.5806451612903226,0.75,0.0
db25_IIS-L_db25:19-en,1.0,1.0,1.0,0.043361823900229905,0.39468874564711276,0.6506000486323553,0.28989794855663564,1.0,1.0,1.0,1.0,0.625,0.5403726708074534,0.275089605734767,1.0,0.5693893876298723,0.8799999999999999,,1.0,1.0,1.0,1.0,1.0,1.0,0.0,1.0,1.0,0.7000000000000001,0.36842105263157887,0.22222222222222224,0.11764705882352941,0.0941672028869554,0.5925925925925926,0.4444444444444444,0.5454545454545454,0.375,0.0
db25_IIS-L_db25:19-es,0.0,0.0,0.0,0.0414297421023097,0.37159052929557485,0.48571428571428565,0.2240092377397959,0.0,0.0,0.0,0.0,0.3684210526315789,0.308641975308642,0.24,0.0,0.15289069313303227,0.0,,0.0,0.0,0.5133450480401704,0.5133450480401704,0.13793103448275862,0.13793103448275862,0.0,1.0,0.0,0.46511627906976744,0.14634146341463414,0.05128205128205128,0.0,0.09107552506948634,0.5185185185185185,0.3703703703703703,0.45454545454545453,0.3125,0.0
db25_IIS-L_db25:2-en,0.0,0.0,0.0,0.40630446800743203,0.765638617001858,0.5838403593598094,0.2,0.0,0.0,0.0,0.0,0.4666666666666667,0.5288135593220339,0.6824871228844739,0.0,0.6147881529512643,0.4,,0.0,1.0,0.7552498655792421,0.7552498655792421,0.6666666666666666,0.6666666666666666,0.0,1.0,0.0,0.5454545454545454,0.32,0.1917808219178082,0.14084507042253522,0.40630446800743203,0.6774193548387096,0.6774193548387096,0.65625,0.7,0.5
db25_IIS-L_db25:2-es,0.6666666666666666,0.5,1.0,0.1994552362168334,0.6373638090542083,0.5043906599930245,0.18660549686337075,1.0,0.6666666666666666,1.0,1.0,0.45714285714285713,0.37696335078534027,0.5769944341372911,1.0,0.34128484028081224,0.34285714285714286,,1.0,0.5,0.2875720378670285,0.2875720378670285,0.41791044776119407,0.41791044776119407,0.0,1.0,1.0,0.4946236559139785,0.26373626373626374,0.13483146067415733,0.09195402298850575,0.1994552362168334,0.4666666666666667,0.4666666666666667,0.35,0.7,0.0
db25_IIS-L_db25:20-en,1.0,1.0,1.0,0.03958037431244501,0.36163153866978925,0.6782429069737591,0.1951941016011038,1.0,1.0,1.0,1.0,0.32,0.25266903914590744,0.22545454545454546,1.0,0.1073565679897652,0.23999999999999996,,1.0,1.0,0.24385000379404742,0.24385000379404742,0.25,0.25,0.0,1.0,1.0,0.37288135593220345,0.2456140350877193,0.1818181818181818,0.11320754716981134,0.09543819103023578,0.4827586206896552,0.3448275862068966,0.4166666666666667,0.29411764705882354,0.0
db25_IIS-L_db25:20-es,1.0,1.0,1.0,0.0912093392292895,0.37704587094185904,0.6237951349364392,0.21089672205953397,1.0,1.0,1.0,1.0,0.4166666666666667,0.24911032028469748,0.33872720685907504,1.0,0.6317722848239987,0.6551724137931034,,1.0,1.0,0.538150827601473,0.538150827601473,0.6808510638297872,0.6808510638297872,0.0,1.0,1.0,0.46874999999999994,0.3225806451612903,0.26666666666666666,0.20689655172413793,0.24375427155462506,0.6666666666666667,0.42424242424242425,0.4375,0.4117647058823529,0.0
db25_IIS-L_db25:21-en,1.0,1.0,1.0,0.06869188555157976,0.33282092591211837,0.695421649681194,0.27429188517743175,1.0,1.0,1.0,1.0,0.6111111111111112,0.29891304347826086,0.4203270712258413,1.0,0.38091370416670794,0.6842105263157895,,1.0,1.0,0.2680165156355778,0.2680165156355778,0.5263157894736842,0.5263157894736842,0.0,1.0,1.0,0.6382978723404256,0.4444444444444445,0.3255813953488372,0.24390243902439024,0.22067731046885494,0.5128205128205129,0.358974358974359,0.28,0.5,0.0
db25_IIS-L_db25:21-es,0.0,0.0,0.0,0.060438129711683886,0.36556531840362066,0.6855795667606845,0.27429188517743175,0.0,0.0,0.0,0.0,0.5625,0.23391812865497075,0.32318840579710145,0.0,0.304531801444252,0.2941176470588235,,0.0,0.0,0.3827521065936582,0.3827521065936582,0.23529411764705882,0.23529411764705882,0.0,1.0,0.0,0.6046511627906976,0.3414634146341463,0.15384615384615383,0.05405405405405405,0.29190450436614646,0.5384615384615384,0.3846153846153846,0.4166666666666667,0.35714285714285715,0.0
db25_IIS-L_db25:22-en,0.3055555555555556,0.18032786885245902,1.0,0.045070332152449925,0.33145490764522656,0.7020378500174639,0.20521309615767264,0.0,0.3055555555555556,0.3728813559322034,1.0,0.4230769230769231,0.28464419475655434,0.37161044973544965,0.5,0.1246515396843228,0.24137931034482757,,0.0,0.18032786885245902,0.46928462266459714,0.46928462266459714,0.6222222222222222,0.6222222222222222,0.0,1.0,1.0,0.5277777777777778,0.34285714285714286,0.23529411764705882,0.15151515151515152,0.08277651704097419,0.5333333333333333,0.3555555555555555,0.2962962962962963,0.4444444444444444,0.0
db25_IIS-L_db25:22-es,0.3055555555555556,0.18032786885245902,1.0,0.045070332152449925,0.33145490764522656,0.7325612348008318,0.21712927295533244,0.0,0.3055555555555556,0.3728813559322034,1.0,0.48,0.28464419475655434,0.37161044973544965,0.5,0.1246515396843228,0.24137931034482757,,0.0,0.18032786885245902,0.46928462266459714,0.46928462266459714,0.6222222222222222,0.6222222222222222,0.0,1.0,1.0,0.5555555555555556,0.34285714285714286,0.23529411764705882,0.15151515151515152,0.08277651704097419,0.5333333333333333,0.3555555555555555,0.2962962962962963,0.4444444444444444,0.0
db25_IIS-L_db25:23-en,0.0,0.0,1.0,0.03536603011331399,0.3650228881481819,0.36762200916614146,0.16952084719853724,1.0,0.0,0.0,0.0,0.3333333333333333,0.46376811594202894,0.2627900475258597,0.0,0.1846415125575207,0.07547169811320754,,0.0,0.0,0.04418767380912594,0.04418767380912594,0.0425531914893617,0.0425531914893617,0.0,1.0,0.0,0.410958904109589,0.22535211267605634,0.14492753623188406,0.08955223880597014,0.16837786808145833,0.5217391304347827,0.40579710144927533,0.4375,0.3783783783783784,0.0
db25_IIS-L_db25:23-es,0.0,0.0,1.0,0.058901944084870796,0.3701674680447138,0.34201884955824435,0.1827439976315568,0.0,0.0,0.0,0.0,0.3333333333333333,0.37318840579710144,0.23001118255521386,0.0,0.09360863870170527,0.08,,0.0,0.0,0.07157116082570003,0.07157116082570003,0.13333333333333333,0.13333333333333333,0.0,1.0,0.0,0.393939393939394,0.125,0.06451612903225808,0.03333333333333333,0.08695669630851013,0.5507246376811593,0.40579710144927533,0.4375,0.3783783783783784,0.0
db25_IIS-L_db25:24-en,0.0,0.0,0.0,0.041065648702306674,0.32662568281467247,0.7272483483536187,0.25,0.0,0.0,0.0,0.0,0.47058823529411764,0.3619909502262444,0.2755555555555556,0.0,0.11629028465791766,0.45,,0.0,1.0,0.3291467773009902,0.3291467773009902,0.5365853658536585,0.5365853658536585,0.0,1.0,0.0,0.6153846153846153,0.28,0.16666666666666666,0.043478260869565216,0.0953476696024777,0.45161290322580644,0.3225806451612903,0.2777777777777778,0.38461538461538464,0.0
db25_IIS-L_db25:24-es,0.6666666666666666,1.0,0.5,0.03279352126461887,0.3098537798236032,0.6744532734334623,0.21089672205953397,0.0,0.6666666666666666,0.6666666666666666,1.0,0.3333333333333333,0.3466666666666667,0.26571428571428574,1.0,0.04054079439311168,0.0909090909090909,,1.0,1.0,0.05188574832299887,0.05188574832299887,0.1,0.1,0.0,1.0,0.5,0.5,0.3333333333333333,0.23076923076923075,0.12,0.03567139234299862,0.3888888888888889,0.27777777777777773,0.21739130434782608,0.38461538461538464,0.0
db25_IIS-L_db25:25-en,0.0,0.0,1.0,0.12287141627506647,0.17394565357032873,0.735804628080189,0.21712927295533244,1.0,0.0,0.0,0.0,0.4583333333333333,0.26991150442477874,0.5175091233791442,0.0,0.4299433566422075,0.4651162790697674,,0.0,0.0,0.11661238606962987,0.11661238606962987,0.4444444444444444,0.4444444444444444,0.0,0.0,0.0,0.576923076923077,0.36,0.2916666666666667,0.21739130434782605,0.21989282626654563,0.6451612903225806,0.5806451612903225,0.6,0.5625,0.0
db25_IIS-L_db25:25-es,0.0,0.0,1.0,0.12287141627506647,0.17394565357032873,0.735804628080189,0.21712927295533244,1.0,0.0,0.0,0.0,0.4583333333333333,0.26991150442477874,0.5175091233791442,0.0,0.4299433566422075,0.4651162790697674,,0.0,0.0,0.11661238606962987,0.11661238606962987,0.4444444444444444,0.4444444444444444,0.0,0.0,0.0,0.576923076923077,0.36,0.2916666666666667,0.21739130434782605,0.21989282626654563,0.6451612903225806,0.5806451612903225,0.6,0.5625,0.0
db25_IIS-L_db25:26-en,0.6666666666666666,0.5,1.0,0.09720551292058478,0.35696629935334917,0.7414779978653265,0.3090169943749474,0.0,0.6666666666666666,0.6666666666666666,1.0,0.6666666666666666,0.383177570093458,0.5739795918367346,0.25,0.6076795808137692,0.7878787878787878,,0.0,0.5,0.41705072916341307,0.41705072916341307,0.6666666666666666,0.6666666666666666,0.0,1.0,1.0,0.6666666666666667,0.5116279069767441,0.3902439024390244,0.30769230769230765,0.30277029197532096,0.6153846153846153,0.46153846153846156,0.35294117647058826,0.6666666666666666,0.0
db25_IIS-L_db25:26-es,0.0,0.0,0.0,0.0206453143731258,0.2810201596003059,0.32787374774098066,0.1907435698305462,0.0,0.0,0.0,0.0,0.25,0.1932114882506527,0.26976495726495725,0.0,0.028693752607739133,0.0,,0.0,0.0,0.05745438629089818,0.05745438629089818,0.0,0.0,0.0,1.0,0.0,0.32786885245901637,0.10169491525423728,0.03508771929824561,0.0,0.0228477961432675,0.26666666666666666,0.17777777777777776,0.1111111111111111,0.4444444444444444,0.25
db25_IIS-L_db25:27-en,0.011834319526627219,0.005952380952380952,1.0,0.036949624189087905,0.30903344014876194,0.5914441660464558,0.23166247903554,0.0,0.011834319526627219,0.011904761904761904,1.0,0.3888888888888889,0.2701149425287356,0.31562500000000004,0.5,0.04793496145009402,0.06896551724137931,,0.0,0.005952380952380952,0.05090643635966016,0.05090643635966016,0.06896551724137931,0.06896551724137931,0.0,1.0,1.0,0.5263157894736842,0.2777777777777778,0.1764705882352941,0.0625,0.04089148102978526,0.42857142857142855,0.2857142857142857,0.21052631578947367,0.4444444444444444,0.0
db25_IIS-L_db25:27-es,0.0,0.0,0.0,0.028743137251195983,0.29476298884840385,0.543078852951278,0.23166247903554,0.0,0.0,0.0,0.0,0.3888888888888889,0.2941176470588235,0.2977594339622642,0.0,0.07850497842635876,0.24242424242424246,,0.0,1.0,0.028693752607739133,0.028693752607739133,0.14285714285714288,0.14285714285714288,0.0,1.0,0.0,0.5238095238095238,0.25,0.15789473684210525,0.05555555555555555,0.05972359276505662,0.3529411764705882,0.23529411764705882,0.16,0.4444444444444444,0.3333333333333333
db25_IIS-L_db25:28-en,0.0,0.0,0.0,0.03217700508797834,0.3595328128843811,0.45271583958923506,0.1827439976315568,0.0,0.0,0.0,0.0,0.3333333333333333,0.39072847682119205,0.14367816091954025,0.0,0.06040333268682655,0.1694915254237288,,0.0,0.0,0.01592201853368362,0.01592201853368362,0.14545454545454545,0.14545454545454545,0.0,1.0,0.0,0.4415584415584416,0.2133333333333333,0.16438356164383558,0.11267605633802817,0.0934970953032271,0.4,0.33333333333333337,0.4166666666666667,0.2777777777777778,0.3333333333333333
db25_IIS-L_db25:28-es,0.0,0.0,0.0,0.03413241342509422,0.32966450187938323,0.39065386439541117,0.16139047779640892,0.0,0.0,0.0,0.0,0.2894736842105263,0.3112582781456954,0.1902428973695657,0.0,0.37239098949398236,0.34146341463414637,,0.0,1.0,0.10468590335742031,0.10468590335742031,0.1842105263157895,0.1842105263157895,0.0,1.0,0.0,0.37362637362637363,0.15730337078651685,0.09195402298850576,0.047058823529411764,0.19215533232739265,0.45714285714285713,0.3013698630136986,0.2972972972972973,0.3055555555555556,0.0
db25_IIS-L_db25:29-en,0.0,0.0,0.0,0.06737860117864762,0.5628037224027871,0.8071830037509472,0.2402530733520421,0.0,0.0,0.0,0.0,0.4444444444444444,0.3791946308724832,0.38027108433734935,0.0,0.18798317647335086,0.5,,0.0,0.0,0.11057078116370667,0.11057078116370667,0.5263157894736842,0.5263157894736842,0.0,1.0,0.0,0.6071428571428571,0.4814814814814815,0.3846153846153846,0.27999999999999997,0.06737860117864762,0.29629629629629634,0.29629629629629634,0.2,0.5714285714285714,0.0
db25_IIS-L_db25:29-es,0.0,0.0,0.0,0.06737860117864762,0.5628037224027871,0.6889968447939417,0.2402530733520421,0.0,0.0,0.0,0.0,0.4444444444444444,0.35918367346938773,0.4518072289156626,0.0,0.18798317647335086,0.5714285714285715,,0.0,1.0,0.06737860117864762,0.0,0.27272727272727276,0.0,0.0,0.0,0.0,0.64,0.5,0.391304347826087,0.27272727272727276,0.06737860117864762,0.29629629629629634,0.29629629629629634,0.2,0.5714285714285714,0.0
db25_IIS-L_db25:3-en,1.0,1.0,1.0,0.12026061194250894,0.37811282768821625,0.7115555919594813,0.28989794855663564,1.0,1.0,1.0,1.0,0.5714285714285714,0.39160839160839156,0.4795698924731184,1.0,0.34329452398451965,0.64,,1.0,1.0,0.6606328636027614,0.6606328636027614,0.7692307692307693,0.7692307692307693,0.0,1.0,1.0,0.7058823529411765,0.5,0.39999999999999997,0.28571428571428575,0.24384183193426084,0.6666666666666666,0.4761904761904762,0.4166666666666667,0.5555555555555556,0.0
db25_IIS-L_db25:3-es,0.0,0.0,0.0,0.04617851083742857,0.29880325259714297,0.5815799980377998,0.18660549686337075,0.0,0.0,0.0,0.0,0.2962962962962963,0.2696245733788396,0.3982142857142857,0.0,0.10845182904139573,0.3902439024390244,,0.0,0.0,0.07046149578755932,0.07046149578755932,0.2926829268292683,0.2926829268292683,0.0,1.0,0.0,0.4528301886792453,0.3137254901960784,0.24489795918367346,0.1702127659574468,0.08635800047213178,0.35000000000000003,0.25,0.16129032258064516,0.5555555555555556,0.0
db25_IIS-L_db25:30-en,0.0,0.0,1.0,0.07564374950766029,0.33647260081682845,0.4423258684646913,0.17253779651421453,0.0,0.0,0.0,0.0,0.28125,0.2887029288702929,0.30256508667562215,0.0,0.1721916742076807,0.14634146341463414,,0.0,0.0,0.2501386950043784,0.2501386950043784,0.09302325581395349,0.09302325581395349,0.0,1.0,0.0,0.42857142857142855,0.18518518518518517,0.11538461538461538,0.039999999999999994,0.15878174295086994,0.40816326530612246,0.3673469387755102,0.2903225806451613,0.5,0.0
db25_IIS-L_db25:30-es,0.0,0.0,1.0,0.0,0.0,0.0,0.20521309615767264,1.0,0.0,0.0,0.0,0.0,0.0,0.0,0.0,0.0,0.0,,0.0,0.0,0.0,0.0,0.0,0.0,0.0,0.0,0.0,0.0,0.0,0.0,0.0,0.0,0.0,0.0,0.0,0.0,0.0
db25_IIS-L_db25:31-en,1.0,1.0,1.0,0.05600374888575559,0.3628329682942193,0.8388704928078612,0.3333333333333333,1.0,1.0,1.0,1.0,0.7333333333333333,0.4577114427860697,0.42720073103868406,1.0,0.4578141331660858,0.5789473684210527,,1.0,1.0,0.35864179742032526,0.35864179742032526,0.5777777777777778,0.5777777777777778,0.0,1.0,1.0,0.72,0.4999999999999999,0.34782608695652173,0.22727272727272727,0.31181814978096556,0.5999999999999999,0.4666666666666667,0.4117647058823529,0.5384615384615384,0.0
db25_IIS-L_db25:31-es,1.0,1.0,1.0,0.05600374888575559,0.3628329682942193,0.8388704928078612,0.3333333333333333,1.0,1.0,1.0,1.0,0.7333333333333333,0.4577114427860697,0.42720073103868406,1.0,0.4578141331660858,0.5789473684210527,,1.0,1.0,0.35864179742032526,0.35864179742032526,0.5777777777777778,0.5777777777777778,0.0,1.0,1.0,0.72,0.4999999999999999,0.34782608695652173,0.22727272727272727,0.31181814978096556,0.5999999999999999,0.4666666666666667,0.4117647058823529,0.5384615384615384,0.0
db25_IIS-L_db25:32-en,0.0,0.0,0.0,0.05053904564754847,0.3508616162355547,0.6022346446063852,0.27429188517743175,0.0,0.0,0.0,0.0,0.5625,0.3425414364640884,0.35119569300112685,0.0,0.3291467773009902,0.18181818181818185,,0.0,1.0,0.3678278000487881,0.3678278000487881,0.18749999999999997,0.18749999999999997,0.0,1.0,0.0,0.5106382978723404,0.31111111111111117,0.18604651162790697,0.0975609756097561,0.2321091111741996,0.5142857142857142,0.39999999999999997,0.3684210526315789,0.4375,0.0
db25_IIS-L_db25:32-es,0.0,0.0,0.0,0.17694975149532557,0.3971786143444196,0.8696263565463043,0.28989794855663564,0.0,0.0,0.0,0.0,0.625,0.3278688524590164,0.4176701736595259,0.0,0.11510890852804266,0.15789473684210525,,0.0,1.0,0.35655062085592504,0.35655062085592504,0.21052631578947367,0.21052631578947367,0.0,1.0,0.0,0.6382978723404256,0.4,0.3255813953488372,0.24390243902439024,0.2204887282071633,0.5454545454545455,0.42424242424242425,0.4117647058823529,0.4375,0.3333333333333333
db25_IIS-L_db25:33-en,0.0,0.0,1.0,0.09528773160057129,0.11810719787088174,0.7281358514603016,0.25,1.0,0.0,0.0,0.0,0.47058823529411764,0.4464285714285714,0.5474452554744526,0.0,0.27143466477063505,0.33333333333333337,,0.0,0.0,0.3524496187758189,0.3524496187758189,0.35714285714285715,0.35714285714285715,0.0,0.0,0.0,0.619047619047619,0.39999999999999997,0.3157894736842105,0.2222222222222222,0.16679551613797314,0.5454545454545455,0.4848484848484849,0.4,0.6153846153846154,0.0
db25_IIS-L_db25:33-es,0.0,0.0,1.0,0.049070511103326775,0.33040892997942867,0.6172133998483679,0.23166247903554,0.0,0.0,0.0,0.0,0.3888888888888889,0.2727272727272727,0.24093511450381686,0.0,0.050175568280934855,0.14814814814814814,,0.0,0.0,0.04723693282553065,0.04723693282553065,0.13333333333333333,0.13333333333333333,0.0,1.0,0.0,0.5128205128205129,0.3243243243243243,0.22857142857142856,0.1212121212121212,0.054305447428505634,0.4444444444444445,0.29629629629629634,0.2857142857142857,0.3076923076923077,0.0
db25_IIS-L_db25:34-en,1.0,1.0,1.0,0.04706926274683055,0.3630439455653647,0.6820602506868513,0.1951941016011038,1.0,1.0,1.0,1.0,0.34615384615384615,0.2646048109965635,0.2703030303030303,1.0,0.21820657080024689,0.3076923076923077,,1.0,1.0,0.24385000379404742,0.24385000379404742,0.24390243902439027,0.24390243902439027,0.0,1.0,1.0,0.39344262295081966,0.27118644067796616,0.17543859649122806,0.1090909090909091,0.22733545658242518,0.4827586206896552,0.3448275862068966,0.4166666666666667,0.29411764705882354,0.0
db25_IIS-L_db25:34-es,1.0,1.0,1.0,0.03958037431244501,0.36163153866978925,0.6565015967419846,0.1907435698305462,1.0,1.0,1.0,1.0,0.3076923076923077,0.2680412371134021,0.22545454545454546,1.0,0.08125282127526637,0.11764705882352941,,1.0,1.0,0.223047457279299,0.223047457279299,0.0975609756097561,0.0975609756097561,0.0,1.0,1.0,0.36666666666666675,0.20689655172413793,0.14285714285714288,0.07407407407407407,0.09543819103023578,0.4827586206896552,0.3448275862068966,0.4166666666666667,0.29411764705882354,0.0
db25_IIS-L_db25:35-en,1.0,1.0,1.0,0.10744977968537141,0.38019228916792386,0.768121529291221,0.27429188517743175,1.0,1.0,1.0,1.0,0.5882352941176471,0.3816425120772947,0.47721344176768454,1.0,0.6694048285186804,0.7027027027027027,,1.0,1.0,0.5894516956403938,0.5894516956403938,0.7027027027027027,0.7027027027027027,0.0,1.0,1.0,0.6538461538461539,0.48000000000000004,0.3333333333333333,0.21739130434782608,0.3489981252688509,0.6206896551724138,0.4827586206896552,0.4375,0.5384615384615384,0.0
db25_IIS-L_db25:35-es,0.6666666666666666,0.5,1.0,0.03665517295355458,0.3208175602611292,0.6172133998483676,0.25,1.0,0.6666666666666666,1.0,1.0,0.55,0.3929961089494164,0.3330498866213152,1.0,0.12933153390920385,0.4230769230769231,,1.0,0.5,0.1357978757893754,0.1357978757893754,0.3461538461538462,0.3461538461538462,0.0,1.0,1.0,0.5573770491803278,0.3728813559322034,0.2456140350877193,0.14545454545454548,0.07285258417863973,0.45,0.35000000000000003,0.25925925925925924,0.5384615384615384,0.0
db25_IIS-L_db25:36-en,0.0,0.0,0.0,0.04256684415870894,0.34102358593961035,0.7451663542237802,0.18660549686337075,0.0,0.0,0.0,0.0,0.32142857142857145,0.33333333333333337,0.22142857142857142,0.0,0.1073565679897652,0.23999999999999996,,0.0,0.0,0.05405084550171427,0.05405084550171427,0.15,0.15,0.0,1.0,0.0,0.4615384615384615,0.3174603174603175,0.2295081967213115,0.13559322033898305,0.10045628126620214,0.43749999999999994,0.3125,0.3333333333333333,0.29411764705882354,0.0
db25_IIS-L_db25:36-es,0.0,0.0,0.0,0.08867522604030831,0.3668506463233657,0.6752746051987797,0.1951941016011038,0.0,0.0,0.0,0.0,0.39285714285714285,0.2934782608695652,0.40597904624277453,0.0,0.5761979573579521,0.576271186440678,,0.0,0.0,0.07236130645541398,0.07236130645541398,0.4583333333333333,0.4583333333333333,0.0,1.0,0.0,0.5352112676056339,0.4057971014492754,0.29850746268656714,0.2153846153846154,0.33359103227594633,0.6486486486486486,0.4324324324324324,0.4,0.47058823529411764,0.0
db25_IIS-L_db25:37-en,0.0,0.0,0.0,0.10237664105496519,0.35936640646775253,0.671550736844851,0.2612038749637414,0.0,0.0,0.0,0.0,0.5,0.33333333333333337,0.4694736842105264,0.0,0.37707945965932077,0.64,,0.0,0.0,0.6606328636027614,0.6606328636027614,0.7692307692307693,0.7692307692307693,0.0,1.0,0.0,0.6,0.47368421052631576,0.3888888888888889,0.2941176470588235,0.21972813874997157,0.6086956521739131,0.43478260869565216,0.35714285714285715,0.5555555555555556,0.0
db25_IIS-L_db25:37-es,0.0,0.0,0.0,0.10237664105496519,0.35936640646775253,0.671550736844851,0.2612038749637414,0.0,0.0,0.0,0.0,0.5,0.33333333333333337,0.4694736842105264,0.0,0.37707945965932077,0.64,,0.0,0.0,0.6606328636027614,0.6606328636027614,0.7692307692307693,0.7692307692307693,0.0,1.0,0.0,0.6,0.47368421052631576,0.3888888888888889,0.2941176470588235,0.21972813874997157,0.6086956521739131,0.43478260869565216,0.35714285714285715,0.5555555555555556,0.0
db25_IIS-L_db25:38-en,0.6666666666666666,0.5,1.0,0.4243702010701261,0.7639872871096367,0.7731205237490789,0.3333333333333333,1.0,0.6666666666666666,1.0,1.0,0.8,0.5696202531645569,0.8398756638071895,1.0,0.664272851835899,0.5945945945945946,,1.0,0.5,0.3363550255781717,0.3363550255781717,0.25,0.25,0.0,1.0,1.0,0.75,0.5555555555555556,0.3846153846153846,0.32,0.4243702010701261,0.7499999999999999,0.7499999999999999,0.631578947368421,0.9230769230769231,0.0
db25_IIS-L_db25:38-es,0.0,0.0,0.0,0.03457841431262525,0.38958037245601607,0.5302878133549992,0.2612038749637414,0.0,0.0,0.0,0.0,0.5294117647058824,0.4591194968553459,0.2820657630522088,0.0,0.04134788732293755,0.0,,0.0,1.0,0.16923240348789692,0.16923240348789692,0.06896551724137931,0.06896551724137931,0.0,1.0,0.0,0.47368421052631576,0.16666666666666663,0.058823529411764705,0.0,0.04112089632608587,0.5853658536585367,0.3902439024390244,0.5333333333333333,0.3076923076923077,1.0
db25_IIS-L_db25:39-en,0.0,0.0,0.0,0.041982296389650606,0.3242225257507739,0.6775602264716482,0.25,0.0,0.0,0.0,0.0,0.47058823529411764,0.2710280373831776,0.417561761546724,0.0,0.42610827239170174,0.2285714285714286,,0.0,0.0,0.13762368688544474,0.13762368688544474,0.23529411764705882,0.23529411764705882,0.0,1.0,0.0,0.4897959183673469,0.2553191489361702,0.13333333333333333,0.046511627906976744,0.21675453206953177,0.55,0.35000000000000003,0.2692307692307692,0.5,0.0
db25_IIS-L_db25:39-es,0.0,0.0,0.0,0.042509295200745076,0.3253701634221322,0.6172133998483675,0.21712927295533244,0.0,0.0,0.0,0.0,0.35,0.2698412698412699,0.34534534534534533,0.0,0.12743417755517877,0.08333333333333333,,0.0,1.0,0.144769886226851,0.144769886226851,0.1702127659574468,0.1702127659574468,0.0,1.0,0.0,0.41509433962264153,0.19607843137254902,0.12244897959183672,0.0425531914893617,0.08062554435318109,0.4444444444444444,0.33333333333333326,0.2727272727272727,0.42857142857142855,0.25
db25_IIS-L_db25:4-en,1.0,1.0,1.0,0.05647371487299112,0.3972061195821305,0.6678944147908077,0.3090169943749474,1.0,1.0,1.0,1.0,0.6666666666666666,0.40372670807453415,0.350076103500761,1.0,0.767279645960659,0.8695652173913043,,1.0,1.0,1.0,1.0,1.0,1.0,0.0,1.0,1.0,0.6842105263157895,0.38888888888888884,0.29411764705882354,0.1875,0.12264179150907051,0.6153846153846153,0.4615384615384615,0.5454545454545454,0.4,0.0
db25_IIS-L_db25:4-es,1.0,1.0,1.0,0.05647371487299112,0.3972061195821305,0.6678944147908077,0.3090169943749474,1.0,1.0,1.0,1.0,0.6666666666666666,0.40372670807453415,0.350076103500761,1.0,0.767279645960659,0.8695652173913043,,1.0,1.0,1.0,1.0,1.0,1.0,0.0,1.0,1.0,0.6842105263157895,0.38888888888888884,0.29411764705882354,0.1875,0.12264179150907051,0.6153846153846153,0.4615384615384615,0.5454545454545454,0.4,0.0
db25_IIS-L_db25:40-en,0.0,0.0,0.0,0.0217705805831502,0.28974794518318814,0.655889807870411,0.16139047779640892,0.0,0.0,0.0,0.0,0.41304347826086957,0.25765306122448983,0.2848004873591228,0.0,0.1361847746266649,0.3333333333333333,,0.0,1.0,0.28889830842564407,0.28889830842564407,0.1791044776119403,0.1791044776119403,0.0,0.0,0.0,0.5333333333333333,0.36893203883495146,0.2574257425742574,0.18181818181818182,0.11143093225027423,0.3076923076923077,0.2153846153846154,0.14583333333333334,0.4117647058823529,0.0
db25_IIS-L_db25:40-es,0.0,0.0,0.0,0.02896762248337062,0.30456740263064386,0.5703938397797954,0.179128784747792,0.0,0.0,0.0,0.0,0.3225806451612903,0.3012422360248447,0.3044941380807642,0.0,0.24835336815593242,0.16666666666666663,,0.0,1.0,0.027872514788228633,0.0,0.06779661016949153,0.0,0.0,0.0,0.0,0.4675324675324675,0.24000000000000005,0.136986301369863,0.056338028169014086,0.15471428129658016,0.3846153846153846,0.2692307692307692,0.2,0.4117647058823529,0.0
db25_IIS-L_db25:41-en,1.0,1.0,1.0,0.055165880563672894,0.35947581478379537,0.7847225456708953,0.3333333333333333,1.0,1.0,1.0,1.0,0.7333333333333333,0.36448598130841126,0.4607664233576642,1.0,0.855526185871245,1.0,,1.0,1.0,1.0,1.0,1.0,1.0,0.0,1.0,1.0,0.7307692307692308,0.4799999999999999,0.3333333333333333,0.2173913043478261,0.367110852009989,0.6666666666666667,0.4848484848484849,0.4,0.6153846153846154,0.0
db25_IIS-L_db25:41-es,0.35294117647058826,0.21428571428571427,1.0,0.05335468596522441,0.3466647068240031,0.6691292237891384,0.2402530733520421,0.0,0.35294117647058826,0.35294117647058826,1.0,0.5,0.29182879377431903,0.4632802025919856,0.5,0.4913270548144421,0.5283018867924527,,0.0,0.21428571428571427,0.14042193045096674,0.14042193045096674,0.33333333333333337,0.33333333333333337,0.0,1.0,1.0,0.6071428571428571,0.4074074074074074,0.2692307692307692,0.16,0.2732231510487644,0.5454545454545455,0.4242424242424242,0.35,0.5384615384615384,0.0
db25_IIS-L_db25:42-en,1.0,1.0,1.0,0.058198946211719796,0.3859763409703405,0.6482037235521645,0.28989794855663564,1.0,1.0,1.0,1.0,0.625,0.43125,0.34769463340891915,1.0,0.7506238537503395,0.9032258064516129,,1.0,1.0,1.0,1.0,1.0,1.0,0.0,1.0,1.0,0.7391304347826088,0.5,0.380952380952381,0.25,0.21099261895175328,0.5925925925925926,0.4444444444444445,0.5,0.4,0.0
db25_IIS-L_db25:42-es,1.0,1.0,1.0,0.058198946211719796,0.3859763409703405,0.6482037235521645,0.28989794855663564,1.0,1.0,1.0,1.0,0.625,0.41874999999999996,0.34769463340891915,1.0,0.7506238537503395,0.9032258064516129,,1.0,1.0,1.0,1.0,1.0,1.0,0.0,1.0,1.0,0.7391304347826088,0.5,0.380952380952381,0.25,0.21099261895175328,0.5925925925925926,0.4444444444444445,0.5,0.4,0.0
db25_IIS-L_db25:43-en,1.0,1.0,1.0,0.06105108260416417,0.3729867128956553,0.7677769471306561,0.2,1.0,1.0,1.0,1.0,0.4074074074074074,0.42553191489361697,0.4756297723542426,1.0,0.39936149547905736,0.4444444444444444,,1.0,1.0,0.38641626060171524,0.38641626060171524,0.52,0.52,0.0,1.0,1.0,0.5599999999999999,0.410958904109589,0.28169014084507044,0.17391304347826086,0.33359103227594633,0.6486486486486486,0.48648648648648646,0.45,0.5294117647058824,0.0
db25_IIS-L_db25:43-es,0.0,0.0,0.0,0.04383089037861509,0.3651643165153599,0.6482888511017537,0.18660549686337075,0.0,0.0,0.0,0.0,0.2962962962962963,0.25835866261398177,0.25532268795741847,0.0,0.0759125572304776,0.1176470588235294,,0.0,0.0,0.2577212362154778,0.2577212362154778,0.35000000000000003,0.35000000000000003,0.0,1.0,0.0,0.3548387096774194,0.2333333333333333,0.17241379310344826,0.10714285714285712,0.08916560711180398,0.5517241379310345,0.3870967741935484,0.42857142857142855,0.35294117647058826,0.0
db25_IIS-L_db25:44-en,0.7457627118644068,0.6111111111111112,0.9565217391304348,0.3595818888322724,0.7398954722080681,0.8186238009832307,0.21712927295533244,0.0,0.7457627118644068,0.7457627118644068,1.0,0.48,0.37459283387622155,0.6354929792429791,1.0,0.5658313185704152,0.5263157894736842,,1.0,0.6111111111111112,0.06612676979375633,0.06612676979375633,0.3636363636363636,0.3636363636363636,0.0,1.0,0.9565217391304348,0.6376811594202898,0.5074626865671643,0.36923076923076925,0.25396825396825395,0.3595818888322724,0.631578947368421,0.631578947368421,0.6,0.6666666666666666,0.0
db25_IIS-L_db25:44-es,0.0,0.0,0.0,0.07306381638721428,0.5260422422160514,0.6866795116742275,0.1907435698305462,0.0,0.0,0.0,0.0,0.3076923076923077,0.2671009771986971,0.2464675658317277,0.0,0.05624534275009438,0.0,,0.0,0.0,0.09763637281319279,0.09763637281319279,0.0,0.0,0.0,1.0,0.0,0.3934426229508196,0.13559322033898302,0.03508771929824561,0.0,0.07306381638721428,0.41379310344827586,0.41379310344827586,0.5454545454545454,0.3333333333333333,0.0
db25_IIS-L_db25:45-en,0.0,0.0,1.0,0.13190955568171472,0.39013714708514513,0.6592685147442634,0.27429188517743175,0.0,0.0,0.0,0.0,0.5,0.34751773049645385,0.44158415841584164,0.0,0.3096787331587729,0.64,,0.0,0.0,0.6606328636027614,0.6606328636027614,0.7692307692307693,0.7692307692307693,0.0,1.0,0.0,0.6470588235294118,0.5,0.39999999999999997,0.28571428571428575,0.269855346668251,0.6666666666666666,0.47619047619047616,0.45454545454545453,0.5,0.0
db25_IIS-L_db25:45-es,0.0,0.0,1.0,0.10237664105496519,0.35936640646775253,0.7696656536217926,0.2612038749637414,0.0,0.0,0.0,0.0,0.5,0.3647058823529412,0.4288461538461539,0.0,0.3096787331587729,0.64,,0.0,0.0,0.6606328636027614,0.6606328636027614,0.7692307692307693,0.7692307692307693,0.0,1.0,0.0,0.6,0.47368421052631576,0.3888888888888889,0.2941176470588235,0.2044800736021839,0.5833333333333334,0.41666666666666663,0.35714285714285715,0.5,0.0
db25_IIS-L_db25:46-en,0.0,0.0,0.0,0.06728981988189732,0.5497311100568466,0.46980923864981694,0.25,0.0,0.0,0.0,0.0,0.5,0.46341463414634143,0.33027128329595373,0.0,0.04401614640745286,0.3243243243243243,0.0,0.0,1.0,0.12428618165937884,0.12428618165937884,0.2222222222222222,0.2222222222222222,0.0,1.0,0.0,0.5116279069767442,0.24390243902439027,0.15384615384615383,0.10810810810810811,0.07480463616351608,0.6222222222222222,0.4888888888888888,0.6470588235294118,0.39285714285714285,0.0
db25_IIS-L_db25:46-es,0.0,0.0,0.0,0.02939799271531467,0.3203720377065039,0.15225781326736643,0.18660549686337075,0.0,0.0,0.0,0.0,0.2692307692307692,0.26224783861671475,0.256551724137931,0.0,0.03668229238842176,0.136986301369863,0.0,0.0,1.0,0.021205328267687118,0.021205328267687118,0.07619047619047618,0.07619047619047618,0.0,1.0,0.0,0.2285714285714286,0.11764705882352942,0.09090909090909091,0.0625,0.0582319538923501,0.4242424242424242,0.30303030303030304,0.2631578947368421,0.35714285714285715,0.0
db25_IIS-L_db25:47-en,0.0,0.0,0.0,0.047356106315674565,0.34188882827816447,0.7007485949685403,0.1827439976315568,0.0,0.0,0.0,0.0,0.2857142857142857,0.3568904593639576,0.2519774011299435,0.0,0.09291283040536351,0.0816326530612245,,0.0,0.0,0.050792540481603046,0.050792540481603046,0.10526315789473685,0.10526315789473685,0.0,1.0,0.0,0.4375,0.2903225806451613,0.19999999999999998,0.10344827586206896,0.12009261864995475,0.42424242424242425,0.303030303030303,0.3333333333333333,0.2777777777777778,0.0
db25_IIS-L_db25:47-es,0.0,0.0,0.0,0.04330581229094153,0.3623341575345205,0.6179298561753391,0.1827439976315568,0.0,0.0,0.0,0.0,0.25925925925925924,0.3003533568904594,0.2563218390804598,0.0,0.09291283040536351,0.0816326530612245,,0.0,0.0,0.050792540481603046,0.050792540481603046,0.10526315789473685,0.10526315789473685,0.0,1.0,0.0,0.3448275862068966,0.21428571428571433,0.14814814814814814,0.07692307692307693,0.11220783300488861,0.4666666666666666,0.33333333333333337,0.4166666666666667,0.2777777777777778,0.0
db25_IIS-L_db25:48-en,1.0,1.0,1.0,0.0857638596526182,0.35379740944416793,0.7863867486193535,0.2612038749637414,1.0,1.0,1.0,1.0,0.5555555555555556,0.3929961089494164,0.4178459705049902,1.0,0.1677003621589428,0.6,,1.0,1.0,0.19054439924860422,0.19054439924860422,0.5098039215686274,0.5098039215686274,0.0,1.0,1.0,0.7419354838709677,0.5333333333333333,0.41379310344827586,0.2857142857142857,0.1167031605843379,0.5454545454545455,0.4242424242424242,0.35,0.5384615384615384,0.0
db25_IIS-L_db25:48-es,1.0,1.0,1.0,0.09029354637967854,0.35933767557268276,0.7817472582840685,0.27429188517743175,1.0,1.0,1.0,1.0,0.5882352941176471,0.41634241245136183,0.4209183673469388,1.0,0.30576902884505114,0.6530612244897959,,1.0,1.0,0.5266403878479265,0.5266403878479265,0.72,0.72,0.0,1.0,1.0,0.7540983606557378,0.5423728813559322,0.42105263157894735,0.2909090909090909,0.20038908500140973,0.625,0.4375,0.3684210526315789,0.5384615384615384,0.0
db25_IIS-L_db25:49-en,0.0,0.0,0.0,0.03438549981236169,0.5454312873518403,0.7264831572567789,0.25,0.0,0.0,0.0,0.0,0.4375,0.44134078212290506,0.3116531165311653,0.0,0.07517081801936397,0.45714285714285713,,0.0,1.0,0.07517081801936397,0.07517081801936397,0.45714285714285713,0.45714285714285713,0.0,1.0,0.0,0.6086956521739131,0.3636363636363636,0.23809523809523808,0.09999999999999999,0.03438549981236169,0.23076923076923078,0.23076923076923078,0.15789473684210525,0.42857142857142855,0.0
db25_IIS-L_db25:49-es,0.0,0.0,0.0,0.027762474712682058,0.5358799367596989,0.6655264799818822,0.25,0.0,0.0,0.0,0.0,0.47058823529411764,0.3951219512195122,0.2937420178799489,0.0,0.18798317647335086,0.5142857142857143,,0.0,1.0,0.027762474712682058,0.0,0.09302325581395349,0.0,0.0,0.0,0.0,0.5306122448979592,0.29787234042553196,0.17777777777777778,0.09302325581395349,0.027762474712682058,0.19354838709677416,0.19354838709677416,0.125,0.42857142857142855,0.0
db25_IIS-L_db25:5-en,0.0,0.0,0.0,0.049070511103326775,0.33040892997942867,0.6487446070815476,0.2402530733520421,0.0,0.0,0.0,0.0,0.4117647058823529,0.2967741935483871,0.33223684210526316,0.0,0.19173026589128161,0.2222222222222222,,0.0,0.0,0.5133450480401704,0.5133450480401704,0.35714285714285715,0.35714285714285715,0.0,1.0,0.0,0.5641025641025641,0.27027027027027023,0.17142857142857143,0.06060606060606061,0.11858206329002834,0.5217391304347826,0.34782608695652173,0.2857142857142857,0.4444444444444444,0.0
db25_IIS-L_db25:5-es,0.0,0.0,0.0,0.04599915789122599,0.3249770112752692,0.7001400420140049,0.2402530733520421,0.0,0.0,0.0,0.0,0.4444444444444444,0.3085714285714286,0.32877604166666663,0.0,0.1976414307026071,0.4444444444444444,,0.0,0.0,0.5969491792019646,0.5969491792019646,0.5714285714285715,0.5714285714285715,0.0,1.0,0.0,0.5714285714285715,0.35000000000000003,0.2631578947368421,0.16666666666666663,0.09979838560926617,0.5,0.33333333333333337,0.26666666666666666,0.4444444444444444,0.0
db25_IIS-L_db25:50-en,0.0,0.0,0.0,0.07936796894698336,0.5741173311440548,0.7771192051974218,0.2612038749637414,0.0,0.0,0.0,0.0,0.5,0.46153846153846156,0.39453125,0.0,0.18798317647335086,0.48780487804878053,,0.0,0.0,0.2044800736021839,0.2044800736021839,0.5,0.5,0.0,1.0,0.0,0.6808510638297872,0.5333333333333333,0.41860465116279066,0.2926829268292683,0.07936796894698336,0.3333333333333333,0.3333333333333333,0.23529411764705882,0.5714285714285714,0.0
db25_IIS-L_db25:50-es,0.0,0.0,0.0,0.022969286266964956,0.534918151592467,0.60279628678631,0.2,0.0,0.0,0.0,0.0,0.3333333333333333,0.35593220338983056,0.33223684210526316,0.0,0.029326070060243712,0.3333333333333333,,0.0,1.0,0.035639019120366655,0.035639019120366655,0.47826086956521735,0.47826086956521735,0.0,1.0,0.0,0.5964912280701755,0.39999999999999997,0.3018867924528302,0.196078431372549,0.022969286266964956,0.20512820512820512,0.20512820512820512,0.125,0.5714285714285714,0.0
db25_IIS-L_db25:51-en,1.0,1.0,1.0,0.061255426141696975,0.3859370285780616,0.7567076746075031,0.3090169943749474,1.0,1.0,1.0,1.0,0.6666666666666666,0.34615384615384615,0.4445422535211268,1.0,0.14387961324274579,0.4489795918367347,,1.0,1.0,0.3552267518610884,0.3552267518610884,0.6122448979591836,0.6122448979591836,0.0,1.0,1.0,0.7272727272727273,0.49056603773584906,0.39215686274509803,0.2857142857142857,0.12030375710579964,0.7333333333333334,0.5333333333333333,0.5,0.5714285714285714,0.0
db25_IIS-L_db25:51-es,1.0,1.0,1.0,0.061255426141696975,0.3859370285780616,0.8219949365267865,0.3333333333333333,1.0,1.0,1.0,1.0,0.7142857142857143,0.3653846153846154,0.4445422535211268,1.0,0.14387961324274579,0.4489795918367347,,1.0,1.0,0.3552267518610884,0.3552267518610884,0.6122448979591836,0.6122448979591836,0.0,1.0,1.0,0.7272727272727273,0.49056603773584906,0.39215686274509803,0.2857142857142857,0.12030375710579964,0.7333333333333334,0.5333333333333333,0.5,0.5714285714285714,0.0
db25_IIS-L_db25:52-en,0.0,0.0,0.0,0.03432285169995235,0.32098011596098946,0.7841161075118177,0.2402530733520421,0.0,0.0,0.0,0.0,0.4444444444444444,0.43560606060606055,0.32548770144189987,0.0,0.041917004682672246,0.2692307692307692,,0.0,0.0,0.02982112663631105,0.02982112663631105,0.21212121212121213,0.21212121212121213,0.0,1.0,0.0,0.6885245901639345,0.4745762711864407,0.3508771929824562,0.21818181818181817,0.03688230441120732,0.4571428571428571,0.3428571428571428,0.2608695652173913,0.5,0.0
db25_IIS-L_db25:52-es,0.0,0.0,0.0,0.11546230243096413,0.3817446330019269,0.7915512859421803,0.3090169943749474,0.0,0.0,0.0,0.0,0.6428571428571429,0.4391534391534392,0.5422975641869652,0.0,0.8242367502646054,0.9361702127659574,,0.0,0.0,0.7361703354503866,0.7361703354503866,0.9166666666666666,0.9166666666666666,0.0,1.0,0.0,0.7169811320754716,0.5490196078431373,0.4489795918367347,0.3404255319148936,0.17907273195267667,0.6428571428571429,0.5,0.4375,0.5833333333333334,0.0
db25_IIS-L_db25:53-en,0.0,0.0,0.0,0.03650116098552395,0.31370435253976936,0.6847124716486247,0.21089672205953397,0.0,0.0,0.0,0.0,0.4166666666666667,0.3495575221238938,0.35742035742035755,0.0,0.4682568791024402,0.5,,0.0,0.0,0.7348889200874658,0.7348889200874658,0.8000000000000002,0.8000000000000002,0.0,1.0,0.0,0.5625,0.2903225806451613,0.16666666666666666,0.06896551724137931,0.2061487201475908,0.46153846153846156,0.30769230769230776,0.23076923076923078,0.46153846153846156,0.0
db25_IIS-L_db25:53-es,0.0,0.0,0.0,0.038837492678478684,0.3123471514864503,0.6714285714285713,0.1907435698305462,0.0,0.0,0.0,0.0,0.28,0.28761061946902655,0.23379629629629634,0.0,0.20479259709128803,0.2325581395348837,,0.0,1.0,0.43742343691381713,0.43742343691381713,0.4242424242424242,0.4242424242424242,0.0,1.0,0.0,0.4912280701754386,0.21818181818181817,0.1509433962264151,0.0784313725490196,0.1487964117124549,0.3870967741935484,0.2580645161290323,0.2222222222222222,0.3076923076923077,0.0
db25_IIS-L_db25:54-en,0.0,0.0,0.0,0.05700459721383297,0.35392805193888266,0.702731220902536,0.18660549686337075,0.0,0.0,0.0,0.0,0.2962962962962963,0.3513513513513513,0.3842940685045948,0.0,0.41154215810165745,0.26086956521739124,,0.0,1.0,0.43742343691381713,0.43742343691381713,0.34285714285714286,0.34285714285714286,0.0,1.0,0.0,0.5573770491803278,0.3728813559322034,0.2105263157894737,0.07272727272727272,0.3237722713145643,0.5517241379310345,0.41379310344827586,0.375,0.46153846153846156,0.0
db25_IIS-L_db25:54-es,0.0,0.0,0.0,0.041065648702306674,0.32662568281467247,0.4785439676814755,0.179128784747792,0.0,0.0,0.0,0.0,0.2222222222222222,0.2432432432432432,0.2755555555555556,0.0,0.1892240568795935,0.16666666666666666,,0.0,1.0,0.19674979811155635,0.19674979811155635,0.2162162162162162,0.2162162162162162,0.0,1.0,0.0,0.40740740740740744,0.1923076923076923,0.12000000000000001,0.041666666666666664,0.15464260451973763,0.45161290322580644,0.3225806451612903,0.2777777777777778,0.38461538461538464,0.5
db25_IIS-L_db25:55-en,1.0,1.0,1.0,0.09535164820400535,0.3519158287946174,0.7591443112159187,0.28989794855663564,1.0,1.0,1.0,1.0,0.6,0.3728813559322034,0.46458333333333335,1.0,0.631196907822589,0.8695652173913043,,1.0,1.0,1.0,1.0,1.0,1.0,0.0,1.0,1.0,0.6315789473684211,0.4444444444444444,0.35294117647058826,0.25,0.1892240568795935,0.5833333333333334,0.4166666666666667,0.3333333333333333,0.5555555555555556,0.0
db25_IIS-L_db25:55-es,1.0,1.0,1.0,0.10237664105496519,0.35936640646775253,0.7591443112159187,0.28989794855663564,1.0,1.0,1.0,1.0,0.6,0.3771428571428571,0.4694736842105264,1.0,0.37707945965932077,0.6086956521739131,,1.0,1.0,0.6606328636027614,0.6606328636027614,0.75,0.75,0.0,1.0,1.0,0.6315789473684211,0.4444444444444444,0.35294117647058826,0.25,0.21972813874997157,0.6086956521739131,0.43478260869565216,0.35714285714285715,0.5555555555555556,0.0
db25_IIS-L_db25:56-en,0.8916876574307305,0.8232558139534883,0.9725274725274725,0.05277990569276759,0.3840659771137632,0.6218934168169234,0.2612038749637414,0.0,0.8916876574307305,0.8916876574307305,1.0,0.6,0.6090909090909091,0.34128440366972473,1.0,0.6298129992394241,0.8000000000000002,,1.0,0.8232558139534883,0.7691605673134586,0.7691605673134586,0.7894736842105263,0.7894736842105263,0.0,1.0,0.9725274725274725,0.5862068965517242,0.3214285714285714,0.1851851851851852,0.11538461538461538,0.2869433250106408,0.6666666666666666,0.47619047619047616,0.5,0.45454545454545453,0.0
db25_IIS-L_db25:56-es,0.8916876574307305,0.8232558139534883,0.9725274725274725,0.09116644991737365,0.3923240449752696,0.715470800536181,0.27429188517743175,0.0,0.8916876574307305,0.8916876574307305,1.0,0.65,0.5,0.380045871559633,1.0,0.6298129992394241,0.8000000000000002,,1.0,0.8232558139534883,0.7691605673134586,0.7691605673134586,0.7894736842105263,0.7894736842105263,0.0,1.0,0.9725274725274725,0.6885245901639345,0.44067796610169496,0.3157894736842105,0.21818181818181817,0.3370980968352471,0.6666666666666666,0.47619047619047616,0.5,0.45454545454545453,0.0
db25_IIS-L_db25:57-en,0.18897637795275588,0.10434782608695652,1.0,0.1808713155931068,0.6221409058213536,0.750582763988561,0.3333333333333333,0.0,0.18897637795275588,0.1889763779527559,0.0,0.7142857142857143,0.31441048034934493,0.6842672413793104,0.1,0.45723134461864345,0.3870967741935484,,0.0,0.10434782608695652,0.38827267775222324,0.38827267775222324,0.4,0.4,0.0,1.0,1.0,0.6976744186046512,0.4878048780487805,0.30769230769230776,0.16216216216216217,0.1808713155931068,0.4444444444444444,0.4444444444444444,0.3076923076923077,0.8,0.0
db25_IIS-L_db25:57-es,0.0,0.0,0.0,0.06308595707634826,0.35501386605853225,0.49306684108909254,0.23166247903554,0.0,0.0,0.0,0.0,0.3888888888888889,0.36046511627906974,0.5306603773584905,0.0,0.5253819788848316,0.15384615384615383,,0.0,0.0,0.5133450480401704,0.5133450480401704,0.15384615384615383,0.15384615384615383,0.0,1.0,0.0,0.5263157894736841,0.2222222222222222,0.058823529411764705,0.0,0.30620490882364887,0.6153846153846154,0.4615384615384615,0.375,0.6,0.0
db25_IIS-L_db25:58-en,0.0,0.0,0.0,0.025114518131476242,0.5385517026990929,0.6389784510646975,0.1951941016011038,0.0,0.0,0.0,0.0,0.2916666666666667,0.30612244897959184,0.3430706521739131,0.0,0.031014197565680503,0.19999999999999998,,0.0,1.0,0.025114518131476242,0.0,0.20408163265306123,0.0,0.0,0.0,0.0,0.5818181818181817,0.4528301886792453,0.3137254901960784,0.20408163265306123,0.025114518131476242,0.2222222222222222,0.2222222222222222,0.13793103448275862,0.5714285714285714,0.0
db25_IIS-L_db25:58-es,0.0,0.0,0.0,0.020136065387563098,0.5593747506114923,0.8012751410202331,0.2402530733520421,0.0,0.0,0.0,0.0,0.4444444444444444,0.3982683982683982,0.2469135802469136,0.0,0.02997425881153643,0.4444444444444445,,0.0,1.0,0.06486670841028093,0.06486670841028093,0.2727272727272727,0.2727272727272727,0.0,0.0,0.0,0.7407407407407407,0.5384615384615384,0.44000000000000006,0.33333333333333337,0.020136065387563098,0.32,0.32,0.2222222222222222,0.5714285714285714,0.0
db25_IIS-L_db25:59-en,1.0,1.0,1.0,0.038837492678478684,0.3123471514864503,0.6733237089254919,0.2402530733520421,1.0,1.0,1.0,1.0,0.4444444444444444,0.39419087136929465,0.18457602339181287,1.0,0.07053362307173673,0.2051282051282051,,1.0,1.0,0.19959163428899027,0.19959163428899027,0.15,0.15,0.0,1.0,1.0,0.4905660377358491,0.23529411764705882,0.16326530612244897,0.0851063829787234,0.09174309464105414,0.34285714285714286,0.22857142857142856,0.2222222222222222,0.23529411764705882,0.0
db25_IIS-L_db25:59-es,0.0,0.0,0.0,0.028336471167702097,0.3009367497319429,0.6721028127099498,0.21712927295533244,0.0,0.0,0.0,0.0,0.38095238095238093,0.39419087136929465,0.20666666666666664,0.0,0.07859213231194676,0.14634146341463414,,0.0,1.0,0.08012711192057849,0.08012711192057849,0.04878048780487805,0.04878048780487805,0.0,1.0,0.0,0.46428571428571425,0.22222222222222224,0.15384615384615385,0.08,0.06126147687778762,0.409090909090909,0.22727272727272727,0.18518518518518517,0.29411764705882354,0.0
db25_IIS-L_db25:6-en,1.0,1.0,1.0,0.10032042922904864,0.37440918858483935,0.7746490404709974,0.20521309615767264,1.0,1.0,1.0,1.0,0.4230769230769231,0.47959183673469385,0.41436464088397784,1.0,0.5794333482883567,0.6451612903225806,,1.0,1.0,0.7192016995040388,0.7192016995040388,0.88,0.88,0.0,1.0,1.0,0.5945945945945946,0.41666666666666663,0.3142857142857143,0.20588235294117646,0.23987717557009483,0.5945945945945946,0.43243243243243246,0.42105263157894735,0.4444444444444444,0.0
db25_IIS-L_db25:6-es,0.0,0.0,0.0,0.03415317583358608,0.31259350266943564,0.7082142317965109,0.179128784747792,0.0,0.0,0.0,0.0,0.25,0.26190476190476186,0.2021739130434783,0.0,0.043940755982339985,0.03773584905660378,,0.0,1.0,0.04793496145009402,0.04793496145009402,0.04878048780487805,0.04878048780487805,0.0,1.0,0.0,0.30769230769230765,0.15873015873015875,0.09836065573770492,0.03389830508474576,0.03841148431543562,0.39999999999999997,0.25,0.22727272727272727,0.2777777777777778,0.0
db25_IIS-L_db25:60-en,1.0,1.0,1.0,0.04368991623863603,0.3687512607933763,0.5823340134543117,0.2612038749637414,1.0,1.0,1.0,1.0,0.5294117647058824,0.5164835164835164,0.28149801587301587,1.0,0.22871025343125118,0.4827586206896552,,1.0,1.0,0.1416162733650178,0.1416162733650178,0.26666666666666666,0.26666666666666666,0.0,1.0,1.0,0.5652173913043478,0.2727272727272727,0.1904761904761905,0.1,0.159928982553483,0.5405405405405405,0.43243243243243246,0.4444444444444444,0.42105263157894735,0.0
db25_IIS-L_db25:60-es,1.0,1.0,1.0,0.09427054502375001,0.4470621484949173,0.7563225565351134,0.28989794855663564,1.0,1.0,1.0,1.0,0.625,0.5517241379310345,0.40216216216216216,1.0,0.22871025343125118,0.4827586206896552,,1.0,1.0,0.1416162733650178,0.1416162733650178,0.26666666666666666,0.26666666666666666,0.0,1.0,1.0,0.6818181818181818,0.42857142857142855,0.3,0.21052631578947367,0.21545021701916323,0.7272727272727273,0.6060606060606061,0.7142857142857143,0.5263157894736842,0.0
db25_IIS-L_db25:61-en,0.0,0.0,1.0,0.0796051445239969,0.34271086795084627,0.7661308776828738,0.2612038749637414,0.0,0.0,0.0,0.0,0.5789473684210527,0.3904109589041096,0.5560402684563759,0.0,0.2644576726397318,0.46511627906976755,,0.0,0.0,0.44903323241491255,0.44903323241491255,0.5777777777777777,0.5777777777777777,0.0,1.0,0.0,0.5454545454545454,0.339622641509434,0.27450980392156865,0.20408163265306123,0.09062926451764877,0.5333333333333333,0.4444444444444445,0.3125,0.7692307692307693,0.0
db25_IIS-L_db25:61-es,0.0,0.0,1.0,0.16515389927477095,0.18218582627036212,0.7756717518813399,0.3090169943749474,1.0,0.0,0.0,0.0,0.6666666666666666,0.4532374100719424,0.6518892630003741,0.0,0.631692418729579,0.7692307692307692,,0.0,0.0,0.17727863070636113,0.17727863070636113,0.5333333333333333,0.5333333333333333,0.0,0.0,0.0,0.7999999999999999,0.5454545454545455,0.45161290322580644,0.3448275862068965,0.2722589423069702,0.7142857142857142,0.6428571428571429,0.6,0.6923076923076923,0.0
db25_IIS-L_db25:62-en,0.0,0.0,0.0,0.036142581653618715,0.30598914140319006,0.5746645758132959,0.21712927295533244,0.0,0.0,0.0,0.0,0.35,0.2547169811320755,0.4207547169811321,0.0,0.3955332535877179,0.28571428571428575,,0.0,1.0,0.036142581653618715,0.0,0.04878048780487805,0.0,0.0,0.0,0.0,0.46808510638297873,0.26666666666666666,0.13953488372093023,0.04878048780487805,0.19285765456537524,0.4117647058823529,0.29411764705882354,0.2,0.5555555555555556,0.0
db25_IIS-L_db25:62-es,0.0,0.0,0.0,0.08516138411042476,0.3916852367976037,0.47836487323493987,0.2402530733520421,0.0,0.0,0.0,0.0,0.4117647058823529,0.375886524822695,0.49010989010989015,0.0,0.537284965911771,0.125,,0.0,1.0,0.09893036012766591,0.09893036012766591,0.0,0.0,0.0,1.0,0.0,0.36842105263157887,0.16666666666666669,0.058823529411764705,0.0,0.537284965911771,0.7368421052631577,0.5263157894736842,0.5,0.5555555555555556,1.0
db25_IIS-L_db25:63-en,0.0,0.0,0.0,0.031809510311363406,0.3152711136422628,0.5348405573334052,0.21712927295533244,0.0,0.0,0.0,0.0,0.38095238095238093,0.2621359223300971,0.28237674760853565,0.0,0.21951524426618454,0.31818181818181823,,0.0,1.0,0.46892438882117243,0.46892438882117243,0.4186046511627907,0.4186046511627907,0.0,1.0,0.0,0.49056603773584906,0.23529411764705882,0.12244897959183672,0.0425531914893617,0.047566312475341106,0.5128205128205129,0.30769230769230765,0.24,0.42857142857142855,0.0
db25_IIS-L_db25:63-es,0.0,0.0,0.0,0.057840878869691144,0.3437830384563755,0.6914173051223086,0.23166247903554,0.0,0.0,0.0,0.0,0.3888888888888889,0.3727810650887574,0.31631205673758866,0.0,0.14490903352935866,0.25,,0.0,0.0,0.31128780276284845,0.31128780276284845,0.18181818181818185,0.18181818181818185,0.0,1.0,0.0,0.5531914893617021,0.4,0.2790697674418604,0.14634146341463414,0.14668145565373217,0.4827586206896552,0.3448275862068965,0.3333333333333333,0.35714285714285715,0.0
db25_IIS-L_db25:64-en,0.0,0.0,0.0,0.09535164820400535,0.3519158287946174,0.8221430837635534,0.23166247903554,0.0,0.0,0.0,0.0,0.42105263157894735,0.5559701492537313,0.3378787878787879,0.0,0.11580505418051565,0.4067796610169492,,0.0,1.0,0.11510890852804266,0.11510890852804266,0.4067796610169492,0.4067796610169492,0.0,0.0,0.0,0.676923076923077,0.5079365079365079,0.39344262295081966,0.2711864406779661,0.09535164820400535,0.3571428571428571,0.3571428571428571,0.3333333333333333,0.38461538461538464,0.0
db25_IIS-L_db25:64-es,0.0,0.0,0.0,0.035639019120366655,0.3155962555121654,0.5867303735691654,0.23166247903554,0.0,0.0,0.0,0.0,0.45,0.3317972350230415,0.26956521739130435,0.0,0.1313420618349672,0.4680851063829788,,0.0,1.0,0.12742471966506072,0.12742471966506072,0.42553191489361697,0.42553191489361697,0.0,1.0,0.0,0.5357142857142857,0.29629629629629634,0.1923076923076923,0.08,0.08445274226031542,0.47058823529411764,0.2941176470588235,0.23809523809523808,0.38461538461538464,0.0
db25_IIS-L_db25:65-en,1.0,1.0,1.0,0.12026061194250894,0.37811282768821625,0.7115555919594813,0.28989794855663564,1.0,1.0,1.0,1.0,0.5714285714285714,0.410958904109589,0.4795698924731184,1.0,0.34329452398451965,0.64,,1.0,1.0,0.6606328636027614,0.6606328636027614,0.7692307692307693,0.7692307692307693,0.0,1.0,1.0,0.7058823529411765,0.5,0.39999999999999997,0.28571428571428575,0.24384183193426084,0.6666666666666666,0.4761904761904762,0.4166666666666667,0.5555555555555556,0.0
db25_IIS-L_db25:65-es,1.0,1.0,1.0,0.12026061194250894,0.37811282768821625,0.7115555919594813,0.28989794855663564,1.0,1.0,1.0,1.0,0.5714285714285714,0.410958904109589,0.4795698924731184,1.0,0.34329452398451965,0.64,,1.0,1.0,0.6606328636027614,0.6606328636027614,0.7692307692307693,0.7692307692307693,0.0,1.0,1.0,0.7058823529411765,0.5,0.39999999999999997,0.28571428571428575,0.24384183193426084,0.6666666666666666,0.4761904761904762,0.4166666666666667,0.5555555555555556,0.0
db25_IIS-L_db25:66-en,0.0,0.0,1.0,0.07479702665006872,0.35647078537120847,0.6861496659066957,0.21089672205953397,0.0,0.0,0.0,0.0,0.48148148148148145,0.29767441860465116,0.5216374269005848,0.0,0.294467310498826,0.3846153846153846,,0.0,0.0,0.813572896213838,0.813572896213838,0.8571428571428571,0.8571428571428571,0.0,1.0,0.0,0.59375,0.3548387096774193,0.26666666666666666,0.17241379310344826,0.14417692423573703,0.6046511627906976,0.4651162790697674,0.37037037037037035,0.625,0.0
db25_IIS-L_db25:66-es,0.0,0.0,1.0,0.04506775162727778,0.31299434589225544,0.6198303988351632,0.179128784747792,0.0,0.0,0.0,0.0,0.4,0.24489795918367352,0.41441441441441446,0.0,0.14440028187544326,0.13333333333333333,,0.0,0.0,0.4331371630306181,0.4331371630306181,0.19999999999999998,0.19999999999999998,0.0,1.0,0.0,0.5128205128205128,0.23684210526315788,0.16216216216216217,0.08333333333333333,0.08773393531104272,0.4210526315789473,0.3157894736842105,0.21951219512195122,0.5625,0.0
db25_IIS-L_db25:67-en,1.0,1.0,1.0,0.10237664105496519,0.35936640646775253,0.7591443112159186,0.28989794855663564,1.0,1.0,1.0,1.0,0.6,0.37810945273631846,0.4694736842105264,1.0,0.767279645960659,0.918918918918919,,1.0,1.0,1.0,1.0,1.0,1.0,0.0,1.0,1.0,0.7307692307692307,0.6000000000000001,0.5416666666666667,0.47826086956521735,0.21972813874997157,0.6086956521739131,0.43478260869565216,0.35714285714285715,0.5555555555555556,0.0
db25_IIS-L_db25:67-es,0.0,0.0,0.0,0.04599915789122599,0.3249770112752692,0.5623215571155333,0.2,0.0,0.0,0.0,0.0,0.30434782608695654,0.24038461538461542,0.32877604166666663,0.0,0.17183771017498592,0.10256410256410256,,0.0,1.0,0.5133450480401704,0.5133450480401704,0.2,0.2,0.0,1.0,0.0,0.41379310344827586,0.25,0.14814814814814817,0.07692307692307693,0.09979838560926617,0.5,0.33333333333333337,0.26666666666666666,0.4444444444444444,0.0
db25_IIS-L_db25:68-en,1.0,1.0,1.0,0.12026061194250894,0.37811282768821625,0.7490058862731382,0.3333333333333333,1.0,1.0,1.0,1.0,0.6923076923076923,0.3897058823529411,0.4795698924731184,1.0,0.631196907822589,0.8799999999999999,,1.0,1.0,1.0,1.0,1.0,1.0,0.0,1.0,1.0,0.7647058823529411,0.5625,0.4666666666666667,0.3571428571428571,0.24384183193426084,0.6666666666666666,0.4761904761904762,0.4166666666666667,0.5555555555555556,0.0
db25_IIS-L_db25:68-es,0.0,0.0,0.0,0.061729293904138435,0.35276060155878625,0.7003492917357614,0.27429188517743175,0.0,0.0,0.0,0.0,0.5333333333333333,0.3405797101449275,0.34307065217391297,0.0,0.2546358543330699,0.23076923076923078,,0.0,0.0,0.5969491792019646,0.5969491792019646,0.3703703703703704,0.3703703703703704,0.0,1.0,0.0,0.6857142857142857,0.3636363636363636,0.1935483870967742,0.06896551724137931,0.1527898075109779,0.6,0.39999999999999997,0.36363636363636365,0.4444444444444444,0.0
db25_IIS-L_db25:69-en,0.0,0.0,0.0,0.04499971193339738,0.2987015773818194,0.5016077211907051,0.23166247903554,0.0,0.0,0.0,0.0,0.47619047619047616,0.3114754098360656,0.36134651600753304,0.0,0.07998352698829632,0.4,,0.0,0.0,0.04889273593317994,0.04889273593317994,0.2191780821917808,0.2191780821917808,0.0,1.0,0.0,0.4999999999999999,0.37037037037037035,0.2692307692307692,0.2,0.06179261875046464,0.34782608695652173,0.26086956521739135,0.16216216216216217,0.6666666666666666,0.0
db25_IIS-L_db25:69-es,0.0,0.0,0.0,0.01407428398232115,0.2702720578761055,0.3315372552769013,0.1639607805437114,0.0,0.0,0.0,0.0,0.1875,0.16860465116279066,0.14705882352941177,0.0,0.017289540502252974,0.045454545454545456,,0.0,1.0,0.01407428398232115,0.0,0.03773584905660378,0.0,0.0,0.0,0.0,0.33898305084745767,0.1754385964912281,0.1090909090909091,0.03773584905660378,0.015575755615962654,0.1875,0.125,0.07272727272727272,0.4444444444444444,0.0
db25_IIS-L_db25:7-en,0.5714285714285715,0.4,1.0,0.03650116098552395,0.31370435253976936,0.6154413221175968,0.28989794855663564,0.0,0.5714285714285715,0.5,1.0,0.625,0.36,0.38142620232172475,1.0,0.29899503549981366,0.5263157894736842,,1.0,0.4,0.14101863337620468,0.14101863337620468,0.5128205128205128,0.5128205128205128,0.0,1.0,1.0,0.56,0.33333333333333337,0.2173913043478261,0.13636363636363635,0.03922305007169461,0.42105263157894735,0.3157894736842105,0.23076923076923078,0.5,0.0
db25_IIS-L_db25:7-es,0.0,0.0,0.0,0.03782809598702578,0.31626844584736685,0.5135525910130954,0.21089672205953397,0.0,0.0,0.0,0.0,0.36363636363636365,0.4212765957446809,0.3842940685045948,0.0,0.04089148102978526,0.15,,0.0,1.0,0.10855811103890464,0.10855811103890464,0.1,0.1,0.0,1.0,0.0,0.4230769230769231,0.32,0.25,0.1739130434782609,0.040648934525792685,0.43243243243243246,0.32432432432432434,0.24,0.5,0.25
db25_IIS-L_db25:70-en,0.0,0.0,1.0,0.06568607656262294,0.08709220139821182,0.6379052256590134,0.25,1.0,0.0,0.0,0.0,0.5,0.3015873015873016,0.5215419501133787,0.0,0.13305199541830684,0.13333333333333333,,0.0,0.0,0.08684520972173122,0.0,0.048780487804878044,0.0,0.0,0.0,0.0,0.5333333333333333,0.186046511627907,0.09756097560975609,0.05128205128205127,0.11902363807507334,0.5116279069767441,0.41860465116279066,0.3,0.6923076923076923,0.5
db25_IIS-L_db25:70-es,0.0,0.0,1.0,0.08184095229301509,0.10907393744832053,0.7111111111111112,0.2240092377397959,1.0,0.0,0.0,0.0,0.45454545454545453,0.34444444444444444,0.5835741178530777,0.0,0.2059018817845789,0.2439024390243902,,0.0,0.0,0.4666173628195052,0.4666173628195052,0.3111111111111111,0.3111111111111111,0.0,0.0,0.0,0.5660377358490566,0.3137254901960785,0.20408163265306123,0.12765957446808512,0.15083364266523736,0.5945945945945945,0.48648648648648646,0.375,0.6923076923076923,0.0
db25_IIS-L_db25:71-en,0.0,0.0,0.0,0.019644710755984045,0.2784707156122686,0.4701870933220125,0.20521309615767264,0.0,0.0,0.0,0.0,0.3181818181818182,0.2164634146341463,0.2861538461538462,0.0,0.12212865548711085,0.0392156862745098,,0.0,1.0,0.0405656171711871,0.0405656171711871,0.0,0.0,0.0,1.0,0.0,0.3333333333333333,0.2068965517241379,0.10714285714285714,0.03703703703703704,0.07581481309924488,0.24137931034482757,0.1724137931034483,0.10204081632653061,0.5555555555555556,0.0
db25_IIS-L_db25:71-es,0.0,0.0,0.0,0.017958436267457405,0.2765711543072296,0.4895650243261647,0.1951941016011038,0.0,0.0,0.0,0.0,0.2608695652173913,0.2183908045977011,0.2566056910569106,0.0,0.025419693820071008,0.0,,0.0,1.0,0.017958436267457405,0.0,0.043478260869565216,0.0,0.0,0.0,0.0,0.34615384615384615,0.2,0.125,0.043478260869565216,0.019874276723285636,0.23529411764705882,0.1568627450980392,0.09523809523809523,0.4444444444444444,0.0
db25_IIS-L_db25:72-en,1.0,1.0,1.0,0.12026061194250894,0.37811282768821625,0.7223151185146154,0.3090169943749474,1.0,1.0,1.0,1.0,0.6428571428571429,0.3680555555555556,0.4795698924731184,1.0,0.631196907822589,0.8799999999999999,,1.0,1.0,1.0,1.0,1.0,1.0,0.0,1.0,1.0,0.7647058823529411,0.5625,0.4666666666666667,0.3571428571428571,0.24384183193426084,0.6666666666666666,0.4761904761904762,0.4166666666666667,0.5555555555555556,0.0
db25_IIS-L_db25:72-es,1.0,1.0,1.0,0.13190955568171472,0.39013714708514513,0.7223151185146154,0.3090169943749474,1.0,1.0,1.0,1.0,0.6428571428571429,0.375,0.48478260869565226,1.0,0.767279645960659,0.8799999999999999,,1.0,1.0,1.0,1.0,1.0,1.0,0.0,1.0,1.0,0.7647058823529411,0.5625,0.4666666666666667,0.3571428571428571,0.28997844147152074,0.7000000000000001,0.5,0.45454545454545453,0.5555555555555556,0.0
db25_IIS-L_db25:73-en,1.0,1.0,1.0,0.038837492678478684,0.3123471514864503,0.7186578032750836,0.3333333333333333,1.0,1.0,1.0,1.0,0.6923076923076923,0.3508771929824561,0.3188131313131313,1.0,0.767279645960659,0.8695652173913043,,1.0,1.0,1.0,1.0,1.0,1.0,0.0,1.0,1.0,0.6486486486486486,0.34285714285714286,0.24242424242424246,0.12903225806451615,0.09174309464105414,0.4444444444444444,0.2962962962962963,0.2222222222222222,0.4444444444444444,0.0
db25_IIS-L_db25:73-es,1.0,1.0,1.0,0.038837492678478684,0.3123471514864503,0.7186578032750836,0.3333333333333333,1.0,1.0,1.0,1.0,0.6923076923076923,0.3508771929824561,0.3188131313131313,1.0,0.767279645960659,0.8695652173913043,,1.0,1.0,1.0,1.0,1.0,1.0,0.0,1.0,1.0,0.6486486486486486,0.34285714285714286,0.24242424242424246,0.12903225806451615,0.09174309464105414,0.4444444444444444,0.2962962962962963,0.2222222222222222,0.4444444444444444,0.0
db25_IIS-L_db25:74-en,0.0,0.0,0.0,0.2863424630911014,0.5642326745963048,0.8183170883849715,0.2612038749637414,0.0,0.0,0.0,0.0,0.5555555555555556,0.38427947598253276,0.5550699300699301,0.0,0.3679134727458049,0.22222222222222224,,0.0,1.0,0.05600374888575559,0.05600374888575559,0.13793103448275862,0.13793103448275862,0.0,1.0,0.0,0.7017543859649124,0.4727272727272727,0.3018867924528302,0.1568627450980392,0.2863424630911014,0.5161290322580646,0.5161290322580646,0.47058823529411764,0.5714285714285714,0.0
db25_IIS-L_db25:74-es,0.0,0.0,0.0,0.02896762248337062,0.30456740263064386,0.32319656328389157,0.16952084719853724,0.0,0.0,0.0,0.0,0.22580645161290322,0.1839080459770115,0.3555583724172899,0.0,0.07390729255299058,0.0,,0.0,1.0,0.07314616394008291,0.07314616394008291,0.0,0.0,0.0,1.0,0.0,0.28125000000000006,0.0967741935483871,0.03333333333333333,0.0,0.05939925256056013,0.44897959183673464,0.28571428571428575,0.2,0.5,0.0
db25_IIS-L_db25:75-en,0.0,0.0,0.0,0.03868463504917006,0.08410427017761997,0.5570860145311556,0.2402530733520421,0.0,0.0,0.0,0.0,0.375,0.3172413793103448,0.19013554216867473,0.0,0.037219830120702194,0.21428571428571427,,0.0,1.0,0.04177781976094626,0.0,0.07142857142857144,0.0,0.0,0.0,0.0,0.47058823529411764,0.18750000000000003,0.13333333333333333,0.07142857142857144,0.04281158617912186,0.4000000000000001,0.26666666666666666,0.3076923076923077,0.23529411764705882,0.0
db25_IIS-L_db25:75-es,0.0,0.0,0.0,0.03782952718900839,0.6208993179972172,0.7018624063435963,0.21712927295533244,0.0,0.0,0.0,0.0,0.3157894736842105,0.2896551724137931,0.22682926829268296,0.0,0.029077010111247983,0.0689655172413793,,0.0,0.0,0.0365167554046837,0.0365167554046837,0.06666666666666667,0.06666666666666667,0.0,1.0,0.0,0.5789473684210527,0.27777777777777773,0.11764705882352941,0.0,0.03782952718900839,0.35714285714285715,0.35714285714285715,0.45454545454545453,0.29411764705882354,0.0
db25_IIS-L_db25:76-en,0.0,0.0,0.0,0.03328722827059197,0.408321807067648,0.49855827580565537,0.14285714285714285,0.0,0.0,0.0,0.0,0.29411764705882354,0.2532188841201717,0.19958426094582743,0.0,0.029563983491377652,0.06504065040650407,,0.0,1.0,0.01003290702661833,0.0,0.03669724770642202,0.0,0.0,0.0,0.0,0.37209302325581395,0.23622047244094488,0.144,0.1138211382113821,0.04273286882887228,0.4444444444444444,0.33333333333333337,0.6,0.23076923076923078,0.3333333333333333
db25_IIS-L_db25:76-es,0.0,0.0,0.0,0.0015985950001117545,0.406535425803104,0.5908800494687252,0.14459058185587106,0.0,0.0,0.0,0.0,0.2553191489361702,0.24320457796852646,0.10362116991643454,0.0,0.002236323975494552,0.17857142857142858,,0.0,0.0,0.00036294787419278497,0.00036294787419278497,0.21052631578947367,0.21052631578947367,0.0,1.0,0.0,0.3870967741935484,0.2622950819672131,0.18333333333333335,0.11864406779661017,0.003608695277916241,0.25531914893617025,0.21276595744680848,0.625,0.1282051282051282,0.0
db25_IIS-L_db25:77-en,1.0,1.0,1.0,0.04080467012111698,0.32972164511748353,0.6614869888519316,0.2240092377397959,1.0,1.0,1.0,1.0,0.45454545454545453,0.4956896551724138,0.34074344023323616,1.0,0.3381307292971254,0.6666666666666665,,1.0,1.0,0.360056585428503,0.360056585428503,0.631578947368421,0.631578947368421,0.0,1.0,1.0,0.5555555555555556,0.30769230769230765,0.19999999999999998,0.125,0.12962472880491877,0.45,0.35000000000000003,0.2916666666666667,0.4375,0.0
db25_IIS-L_db25:77-es,1.0,1.0,1.0,0.04502631604191393,0.38349197845810545,0.7096774193548389,0.3333333333333333,1.0,1.0,1.0,1.0,0.7142857142857143,0.5629139072847682,0.27332621082621084,1.0,0.6716877364745231,0.923076923076923,,1.0,1.0,0.537845493675679,0.537845493675679,0.7586206896551724,0.7586206896551724,0.0,1.0,1.0,0.6829268292682927,0.358974358974359,0.2162162162162162,0.1142857142857143,0.18065141676274923,0.5714285714285715,0.42857142857142855,0.5,0.375,0.0
db25_IIS-L_db25:78-en,0.0,0.0,0.0,0.34218889119150847,0.6411027783534327,0.7428571428571427,0.21089672205953397,0.0,0.0,0.0,0.0,0.48148148148148145,0.34375,0.5975308641975308,0.0,0.2038418259503317,0.0425531914893617,,0.0,1.0,0.17885186228260158,0.17885186228260158,0.057142857142857134,0.057142857142857134,0.0,1.0,0.0,0.6060606060606061,0.3125,0.16129032258064516,0.06666666666666667,0.18672196092380966,0.627450980392157,0.5882352941176471,0.5555555555555556,0.625,0.0
db25_IIS-L_db25:78-es,0.0,0.0,0.0,0.039472156762420364,0.34428011196007147,0.5477225575051661,0.17253779651421453,0.0,0.0,0.0,0.0,0.25806451612903225,0.24305555555555558,0.2425631269456935,0.0,0.28056731452369477,0.25,,0.0,0.0,0.039065257822973994,0.039065257822973994,0.09302325581395349,0.09302325581395349,0.0,1.0,0.0,0.4117647058823529,0.18181818181818182,0.0625,0.03225806451612903,0.24444594685696908,0.5,0.31818181818181823,0.35,0.2916666666666667,0.0
db25_IIS-L_db25:79-en,1.0,1.0,1.0,0.09535164820400535,0.3519158287946174,0.7591443112159187,0.28989794855663564,1.0,1.0,1.0,1.0,0.6,0.37297297297297294,0.46458333333333335,1.0,0.631196907822589,0.8799999999999999,,1.0,1.0,1.0,1.0,1.0,1.0,0.0,1.0,1.0,0.65,0.47368421052631576,0.3888888888888889,0.2941176470588235,0.1892240568795935,0.5833333333333334,0.4166666666666667,0.3333333333333333,0.5555555555555556,0.0
db25_IIS-L_db25:79-es,1.0,1.0,1.0,0.12026061194250894,0.37811282768821625,0.7490058862731382,0.3333333333333333,1.0,1.0,1.0,1.0,0.6923076923076923,0.3846153846153846,0.4795698924731184,1.0,0.631196907822589,0.8799999999999999,,1.0,1.0,1.0,1.0,1.0,1.0,0.0,1.0,1.0,0.7647058823529411,0.5625,0.4666666666666667,0.3571428571428571,0.24384183193426084,0.6666666666666666,0.4761904761904762,0.4166666666666667,0.5555555555555556,0.0
db25_IIS-L_db25:8-en,0.0,0.0,0.0,0.07920548528799891,0.5846309146216362,0.8418791389638738,0.3090169943749474,0.0,0.0,0.0,0.0,0.6428571428571429,0.5206185567010309,0.5506172839506174,0.0,0.18207052811092134,0.6470588235294117,,0.0,0.0,0.19674979811155635,0.19674979811155635,0.6470588235294117,0.6470588235294117,0.0,1.0,0.0,0.7906976744186047,0.6829268292682927,0.5641025641025642,0.43243243243243246,0.07920548528799891,0.4,0.4,0.2777777777777778,0.7142857142857143,0.0
db25_IIS-L_db25:8-es,0.0,0.0,0.0,0.015271699436865032,0.5353337198966812,0.6738353315566453,0.2612038749637414,0.0,0.0,0.0,0.0,0.42857142857142855,0.3948717948717949,0.17441860465116277,0.0,0.033173907815632314,0.1142857142857143,,0.0,1.0,0.13190955568171472,0.13190955568171472,0.2222222222222222,0.2222222222222222,0.0,0.0,0.0,0.4888888888888889,0.23255813953488372,0.14634146341463414,0.05128205128205127,0.015271699436865032,0.2,0.2,0.13043478260869565,0.42857142857142855,0.6666666666666666
db25_IIS-L_db25:80-en,0.26666666666666666,0.2,0.4,0.5914366705354428,0.8494720708596671,0.8618855270716036,0.5,0.0,0.26666666666666666,0.4,1.0,0.9444444444444444,0.7556818181818181,0.8392144528101594,1.0,0.5332846774080291,0.4186046511627907,,1.0,0.2,0.27831283880880037,0.27831283880880037,0.13333333333333333,0.13333333333333333,0.0,1.0,0.4,0.8461538461538461,0.76,0.6250000000000001,0.5652173913043478,0.5738669728623909,0.8524590163934426,0.819672131147541,0.8064516129032258,0.8333333333333334,0.0
db25_IIS-L_db25:80-es,0.6666666666666666,0.5,1.0,0.42500029961452584,0.7773027064825788,0.7409465668197898,0.2240092377397959,1.0,0.6666666666666666,1.0,1.0,0.5714285714285714,0.5236363636363637,0.8014670514670515,1.0,0.6186419191308913,0.4918032786885246,,1.0,0.5,0.3657482164956336,0.3657482164956336,0.30769230769230765,0.30769230769230765,0.0,1.0,1.0,0.6571428571428571,0.4411764705882353,0.24242424242424243,0.18749999999999997,0.42500029961452584,0.7647058823529413,0.7647058823529413,0.6842105263157895,0.8666666666666667,0.0
db25_IIS-L_db25:81-en,0.0,0.0,0.0,0.02781822859926975,0.2977049921107088,0.7449265162369599,0.2,0.0,0.0,0.0,0.0,0.38461538461538464,0.2672064777327935,0.4083393895348837,0.0,0.11247326418309997,0.2891566265060241,,0.0,0.0,0.13384917078866612,0.13384917078866612,0.30434782608695654,0.30434782608695654,0.0,1.0,0.0,0.3695652173913044,0.26666666666666666,0.18181818181818182,0.11627906976744187,0.05353134123480419,0.4,0.26666666666666666,0.17391304347826086,0.5714285714285714,0.0
db25_IIS-L_db25:81-es,0.0,0.0,0.0,0.049070511103326775,0.33040892997942867,0.6914173051223085,0.21712927295533244,0.0,0.0,0.0,0.0,0.35,0.3295454545454546,0.22544642857142855,0.0,0.09273289296989985,0.060606060606060615,,0.0,0.0,0.13626253503842956,0.13626253503842956,0.18181818181818182,0.18181818181818182,0.0,1.0,0.0,0.5306122448979592,0.2553191489361702,0.13333333333333333,0.046511627906976744,0.10715098998105906,0.42857142857142855,0.2857142857142857,0.2857142857142857,0.2857142857142857,0.0
db25_IIS-L_db25:82-en,0.0,0.0,1.0,0.06455366034757933,0.37358834886381753,0.8319557065247211,0.28989794855663564,0.0,0.0,0.0,0.0,0.6666666666666666,0.38955823293172687,0.44315992292870915,0.0,0.406121280782472,0.7755102040816326,,0.0,0.0,0.29469681006258164,0.29469681006258164,0.7346938775510203,0.7346938775510203,0.0,1.0,0.0,0.7540983606557378,0.5762711864406779,0.42105263157894735,0.2909090909090909,0.12128841348219532,0.6486486486486486,0.48648648648648646,0.45,0.5294117647058824,0.0
db25_IIS-L_db25:82-es,0.0,0.0,1.0,0.11021140760666429,0.3794013588263371,0.806993313198548,0.2612038749637414,0.0,0.0,0.0,0.0,0.5789473684210527,0.4657534246575342,0.5326704545454546,0.0,0.4186703741203227,0.45,,0.0,0.0,0.18667417734718156,0.18667417734718156,0.3414634146341463,0.3414634146341463,0.0,1.0,0.0,0.6181818181818182,0.3773584905660377,0.27450980392156865,0.16326530612244897,0.18556675930109115,0.6,0.5,0.43478260869565216,0.5882352941176471,0.0
db25_IIS-L_db25:83-en,0.6666666666666666,0.5,1.0,0.07797846342313226,0.3442478614898344,0.6635087809810993,0.27429188517743175,0.0,0.6666666666666666,0.4,1.0,0.6111111111111112,0.3319502074688797,0.42884721456150027,0.5,0.24446151121745052,0.4814814814814815,,0.0,0.5,0.040741833362807636,0.040741833362807636,0.2545454545454546,0.2545454545454546,0.0,1.0,1.0,0.6666666666666666,0.4827586206896552,0.3928571428571428,0.2962962962962963,0.09919973723847643,0.6111111111111112,0.3888888888888889,0.3181818181818182,0.5,0.0
db25_IIS-L_db25:83-es,1.0,1.0,1.0,0.038837492678478684,0.3123471514864503,0.6972166887783962,0.25,1.0,1.0,1.0,1.0,0.5,0.31739130434782614,0.2191840277777778,1.0,0.05886696476611813,0.24390243902439024,,1.0,1.0,0.15637069832390152,0.15637069832390152,0.28571428571428564,0.28571428571428564,0.0,1.0,1.0,0.5660377358490566,0.39215686274509803,0.28571428571428575,0.1702127659574468,0.04618582262211294,0.5,0.25,0.2222222222222222,0.2857142857142857,0.0
db25_IIS-L_db25:84-en,0.0,0.0,0.0,0.028952943329777214,0.3272257004921921,0.5353033790313109,0.21712927295533244,0.0,0.0,0.0,0.0,0.4090909090909091,0.4355400696864111,0.2767538470540051,0.0,0.146798691397542,0.30434782608695654,,0.0,0.0,0.07841371435102232,0.07841371435102232,0.3333333333333333,0.3333333333333333,0.0,1.0,0.0,0.45161290322580644,0.19999999999999998,0.13793103448275862,0.07142857142857144,0.05747682027241037,0.47058823529411764,0.3529411764705882,0.2903225806451613,0.45,0.0
db25_IIS-L_db25:84-es,0.0,0.0,0.0,0.0,0.0,0.0,0.20521309615767264,0.0,0.0,0.0,0.0,0.0,0.0,0.0,0.0,0.0,0.0,,0.0,1.0,0.0,0.0,0.0,0.0,0.0,0.0,0.0,0.0,0.0,0.0,0.0,0.0,0.0,0.0,0.0,0.0,0.0
db25_IIS-L_db25:85-en,1.0,1.0,1.0,0.09535164820400535,0.3519158287946174,0.7591443112159186,0.28989794855663564,1.0,1.0,1.0,1.0,0.6,0.3764705882352941,0.46458333333333335,1.0,0.631196907822589,0.8799999999999999,,1.0,1.0,1.0,1.0,1.0,1.0,0.0,1.0,1.0,0.65,0.47368421052631576,0.3888888888888889,0.2941176470588235,0.1892240568795935,0.5833333333333334,0.4166666666666667,0.3333333333333333,0.5555555555555556,0.0
db25_IIS-L_db25:85-es,1.0,1.0,1.0,0.12026061194250894,0.37811282768821625,0.7490058862731381,0.3333333333333333,1.0,1.0,1.0,1.0,0.6923076923076923,0.3671875,0.4795698924731184,1.0,0.631196907822589,0.8799999999999999,,1.0,1.0,1.0,1.0,1.0,1.0,0.0,1.0,1.0,0.7647058823529411,0.5625,0.4666666666666667,0.3571428571428571,0.24384183193426084,0.6666666666666666,0.4761904761904762,0.4166666666666667,0.5555555555555556,0.0
db25_IIS-L_db25:86-en,0.0,0.0,0.0,0.02415520501465448,0.29031196180035895,0.6057921483348285,0.21712927295533244,0.0,0.0,0.0,0.0,0.38095238095238093,0.24615384615384617,0.2698663853727145,0.0,0.13351899845512327,0.10526315789473684,,0.0,1.0,0.02415520501465448,0.0,0.0,0.0,0.0,0.0,0.0,0.4444444444444444,0.1923076923076923,0.08,0.0,0.09968499639681352,0.37037037037037035,0.2222222222222222,0.14634146341463414,0.46153846153846156,0.0
db25_IIS-L_db25:86-es,0.0,0.0,0.0,0.046101520617043576,0.3411884595640126,0.6124521042625398,0.25,0.0,0.0,0.0,0.0,0.5263157894736842,0.31718061674008813,0.4148181011535048,0.0,0.1411362304315641,0.1951219512195122,,0.0,1.0,0.46350238641438496,0.46350238641438496,0.45,0.45,0.0,1.0,0.0,0.5283018867924528,0.3137254901960784,0.20408163265306123,0.1276595744680851,0.09827071474427211,0.6470588235294118,0.41176470588235287,0.3333333333333333,0.5384615384615384,0.0
db25_IIS-L_db25:87-en,0.0,0.0,0.0,0.25678404806291744,0.6741960120157293,0.6334451542547186,0.21712927295533244,0.0,0.0,0.0,0.0,0.4090909090909091,0.29218106995884774,0.721088063050736,0.0,0.3451395513935865,0.37209302325581395,,0.0,1.0,0.3489981252688509,0.3489981252688509,0.24390243902439024,0.24390243902439024,0.0,1.0,0.0,0.6538461538461539,0.44,0.2916666666666667,0.13043478260869565,0.25678404806291744,0.5641025641025641,0.5641025641025641,0.44,0.7857142857142857,0.0
db25_IIS-L_db25:87-es,0.0,0.0,0.0,0.029398036975048066,0.3001286519532796,0.47422310806400936,0.1639607805437114,0.0,0.0,0.0,0.0,0.1875,0.19551282051282048,0.32145352900069885,0.0,0.08894915627330986,0.0,,0.0,1.0,0.07285340341966887,0.07285340341966887,0.0,0.0,0.0,1.0,0.0,0.34375000000000006,0.06451612903225806,0.03333333333333333,0.0,0.07305406690073853,0.42553191489361697,0.2553191489361702,0.18181818181818182,0.42857142857142855,0.5
db25_IIS-L_db25:88-en,0.0,0.0,0.0,0.02983272055925956,0.0466418574948837,0.6334738277743239,0.2,0.0,0.0,0.0,0.0,0.36,0.3004694835680751,0.22384751773049646,0.0,0.054305447428505634,0.27906976744186046,,0.0,1.0,0.027762474712682058,0.0,0.10000000000000002,0.0,0.0,0.0,0.0,0.5263157894736842,0.2909090909090909,0.18867924528301888,0.0784313725490196,0.03154426142961358,0.2702702702702703,0.21621621621621623,0.16666666666666666,0.3076923076923077,0.5
db25_IIS-L_db25:88-es,0.0,0.0,0.0,0.030392167350542645,0.30503624753639014,0.6580498080298393,0.21089672205953397,0.0,0.0,0.0,0.0,0.4166666666666667,0.244131455399061,0.2619718309859155,0.0,0.3636227046500071,0.5882352941176471,,0.0,1.0,0.7348889200874658,0.7348889200874658,1.0,1.0,0.0,1.0,0.0,0.5538461538461539,0.380952380952381,0.2950819672131148,0.20338983050847456,0.12049514584750938,0.4210526315789474,0.2631578947368421,0.2,0.38461538461538464,0.0
db25_IIS-L_db25:89-en,0.0,0.0,1.0,0.052511975404874324,0.06840355539157272,0.6557892373388905,0.179128784747792,1.0,0.0,0.0,0.0,0.36363636363636365,0.236,0.39457514044943826,0.0,0.21377723941583865,0.18867924528301888,,0.0,0.0,0.3598590234416894,0.3598590234416894,0.17391304347826086,0.17391304347826086,0.0,0.0,0.0,0.5753424657534247,0.3098591549295775,0.20289855072463767,0.08955223880597014,0.08968235248346601,0.36000000000000004,0.31999999999999995,0.23529411764705882,0.5,0.0
db25_IIS-L_db25:89-es,0.0,0.0,1.0,0.055717798136136844,0.32270904428960134,0.6685478776986833,0.1951941016011038,0.0,0.0,0.0,0.0,0.39285714285714285,0.23451327433628322,0.39905894886363635,0.0,0.16195570128532405,0.3703703703703703,,0.0,0.0,0.43749609513070276,0.43749609513070276,0.8181818181818182,0.8181818181818182,0.0,1.0,0.0,0.5588235294117646,0.3636363636363636,0.28125,0.19354838709677422,0.09557083774398005,0.375,0.3333333333333333,0.25,0.5,0.0
db25_IIS-L_db25:9-en,1.0,1.0,1.0,0.09535164820400535,0.3519158287946174,0.7642869980476024,0.28989794855663564,1.0,1.0,1.0,1.0,0.625,0.3622448979591837,0.46458333333333335,1.0,0.631196907822589,0.888888888888889,,1.0,1.0,1.0,1.0,1.0,1.0,0.0,1.0,1.0,0.6666666666666666,0.5,0.4210526315789474,0.33333333333333326,0.1892240568795935,0.5833333333333334,0.4166666666666667,0.3333333333333333,0.5555555555555556,0.0
db25_IIS-L_db25:9-es,0.0,0.0,0.0,0.04599915789122599,0.3249770112752692,0.6299407883487123,0.2402530733520421,0.0,0.0,0.0,0.0,0.4117647058823529,0.2894736842105263,0.32877604166666663,0.0,0.17183771017498592,0.32,,0.0,1.0,0.5133450480401704,0.5133450480401704,0.4615384615384615,0.4615384615384615,0.0,1.0,0.0,0.5945945945945946,0.2857142857142857,0.1818181818181818,0.06451612903225808,0.09979838560926617,0.5,0.33333333333333337,0.26666666666666666,0.4444444444444444,0.0
db25_IIS-L_db25:90-en,0.8,0.6666666666666666,1.0,0.09029354637967854,0.35933767557268276,0.7464200272921789,0.28989794855663564,0.0,0.8,0.8,1.0,0.625,0.34782608695652173,0.43771991555242784,1.0,0.3389230378253244,0.5641025641025641,,1.0,0.6666666666666666,0.07811954806502351,0.07811954806502351,0.41025641025641024,0.41025641025641024,0.0,1.0,1.0,0.6666666666666666,0.44897959183673464,0.3404255319148936,0.22222222222222224,0.23987717557009483,0.6666666666666667,0.4242424242424242,0.3684210526315789,0.5,0.0
db25_IIS-L_db25:90-es,0.0,0.0,0.0,0.036949624189087905,0.30903344014876194,0.6662825314191773,0.2402530733520421,0.0,0.0,0.0,0.0,0.4117647058823529,0.3502824858757062,0.21767241379310345,0.0,0.09273289296989985,0.18181818181818185,,0.0,1.0,0.07295739729538302,0.07295739729538302,0.058823529411764705,0.058823529411764705,0.0,1.0,0.0,0.4680851063829787,0.22222222222222224,0.1395348837209302,0.04878048780487805,0.07850497842635876,0.36363636363636365,0.24242424242424243,0.21052631578947367,0.2857142857142857,0.0
db25_IIS-L_db25:91-en,0.0,0.0,1.0,0.07616158787742296,0.3580105306499837,0.7568892626614568,0.25,0.0,0.0,0.0,0.0,0.5263157894736842,0.3201754385964912,0.45634920634920634,0.0,0.12646885841642225,0.1951219512195122,,0.0,0.0,0.1563886959510054,0.1563886959510054,0.19607843137254902,0.19607843137254902,0.0,1.0,0.0,0.6415094339622641,0.3137254901960784,0.20408163265306123,0.0851063829787234,0.08794382652587895,0.6,0.45,0.375,0.5625,0.0
db25_IIS-L_db25:91-es,0.0,0.0,1.0,0.07944516844954524,0.3627516594411728,0.7576306440952066,0.25,0.0,0.0,0.0,0.0,0.5263157894736842,0.2946859903381642,0.45908183632734534,0.0,0.12421758435065915,0.11111111111111112,,0.0,0.0,0.14073574149381995,0.14073574149381995,0.10526315789473685,0.10526315789473685,0.0,1.0,0.0,0.6274509803921569,0.32653061224489793,0.21276595744680848,0.08888888888888889,0.0917353787803202,0.6153846153846153,0.46153846153846156,0.391304347826087,0.5625,0.0
db25_IIS-L_db25:92-en,0.6666666666666666,1.0,0.5,0.03906947081246992,0.3225586177510992,0.7261052333081657,0.2612038749637414,0.0,0.6666666666666666,0.6666666666666666,1.0,0.5,0.3873873873873874,0.21627906976744188,1.0,0.08401105456518548,0.3157894736842105,,1.0,1.0,0.04370435696201695,0.04370435696201695,0.15384615384615383,0.15384615384615383,0.0,1.0,0.5,0.5,0.24000000000000002,0.16666666666666666,0.08695652173913043,0.081589429421716,0.3888888888888889,0.27777777777777773,0.2631578947368421,0.29411764705882354,0.0
db25_IIS-L_db25:92-es,0.0,0.0,0.0,0.04821140114015083,0.345781247448666,0.7153475240303849,0.25,0.0,0.0,0.0,0.0,0.5263157894736842,0.3555555555555555,0.3308953639259172,0.0,0.3176005075511292,0.20408163265306123,,0.0,1.0,0.07045092106236495,0.07045092106236495,0.12244897959183673,0.12244897959183673,0.0,1.0,0.0,0.5573770491803278,0.2711864406779661,0.10526315789473684,0.03636363636363636,0.25958657290343434,0.5945945945945946,0.37837837837837834,0.35,0.4117647058823529,0.0
db25_IIS-L_db25:93-en,0.0,0.0,0.0,0.01622031960480934,0.27743812638767334,0.5311032324420193,0.1757340838011157,0.0,0.0,0.0,0.0,0.2903225806451613,0.27298050139275765,0.20108108108108108,0.0,0.07502492078261845,0.3076923076923077,,0.0,1.0,0.0807569962259769,0.0807569962259769,0.3125,0.3125,0.0,1.0,0.0,0.37209302325581395,0.16666666666666669,0.0975609756097561,0.05,0.03879373096921318,0.24615384615384614,0.15384615384615383,0.1,0.3333333333333333,0.0
db25_IIS-L_db25:93-es,0.0,0.0,0.0,0.0,0.0,0.0,0.179128784747792,0.0,0.0,0.0,0.0,0.0,0.0,0.0,0.0,0.0,0.0,,0.0,1.0,0.0,0.0,0.0,0.0,0.0,0.0,0.0,0.0,0.0,0.0,0.0,0.0,0.0,0.0,0.0,0.0,0.0
db25_IIS-L_db25:94-en,0.0,0.0,0.0,0.07920548528799891,0.3346309146216362,0.7961621941231024,0.2402530733520421,0.0,0.0,0.0,0.0,0.4117647058823529,0.3578431372549019,0.3811965811965813,0.0,0.11478444221317999,0.4444444444444445,,0.0,1.0,0.054305447428505634,0.054305447428505634,0.39999999999999997,0.39999999999999997,0.0,1.0,0.0,0.6296296296296297,0.46153846153846156,0.36,0.25,0.0953476696024777,0.4827586206896552,0.3448275862068966,0.2777777777777778,0.45454545454545453,0.0
db25_IIS-L_db25:94-es,0.0,0.0,0.0,0.054464631530469834,0.33784954636368714,0.7131973913518906,0.2240092377397959,0.0,0.0,0.0,0.0,0.3333333333333333,0.417910447761194,0.3234782608695652,0.0,0.1331052549170149,0.32,,0.0,1.0,0.14303090470153182,0.14303090470153182,0.3137254901960785,0.3137254901960785,0.0,1.0,0.0,0.5357142857142857,0.3703703703703704,0.23076923076923075,0.12000000000000001,0.10744977968537141,0.5185185185185185,0.3703703703703703,0.3125,0.45454545454545453,0.3333333333333333
db25_IIS-L_db25:95-en,0.0,0.0,0.0,0.08270115146021437,0.39059746518029376,0.7092993656151904,0.28989794855663564,0.0,0.0,0.0,0.0,0.6,0.4415584415584416,0.6048387096774195,0.0,0.6606328636027614,0.7333333333333333,,0.0,0.0,0.6606328636027614,0.6606328636027614,0.7333333333333333,0.7333333333333333,0.0,1.0,0.0,0.7692307692307692,0.5945945945945946,0.45714285714285713,0.3636363636363636,0.46924700641055994,0.761904761904762,0.5714285714285715,0.5,0.6666666666666666,0.0
db25_IIS-L_db25:95-es,0.0,0.0,0.0,0.04435867375363758,0.32898673821128543,0.6747858685386399,0.2402530733520421,0.0,0.0,0.0,0.0,0.47368421052631576,0.40086206896551724,0.5010893246187365,0.0,0.15166074951267752,0.3225806451612903,,0.0,1.0,0.04435867375363758,0.0,0.27906976744186046,0.0,0.0,0.0,0.0,0.6122448979591837,0.46808510638297873,0.35555555555555557,0.27906976744186046,0.10792099460383257,0.5333333333333333,0.4,0.2857142857142857,0.6666666666666666,0.0
db25_IIS-L_db25:96-en,0.7650050864699898,0.8120950323974082,0.7230769230769231,0.5364532529450308,0.8165457456686901,0.9389529557231419,0.3333333333333333,0.0,0.7650050864699898,0.8392857142857143,1.0,0.7777777777777778,0.5205992509363295,0.8176579758022793,1.0,0.6029987316381817,0.5283018867924528,0.6753191357179631,1.0,0.8120950323974082,0.2764393753270045,0.2764393753270045,0.2745098039215686,0.2745098039215686,0.0,1.0,0.7230769230769231,0.7741935483870968,0.6666666666666667,0.5172413793103448,0.42857142857142855,0.5364532529450308,0.8307692307692307,0.8307692307692307,0.7297297297297297,0.9642857142857143,0.0
db25_IIS-L_db25:96-es,0.921169176262179,0.8538587848932676,1.0,0.4211941439196335,0.796965202646575,0.7912861598992319,0.36602540378443865,1.0,0.921169176262179,1.0,1.0,0.8125,0.6716417910447761,0.7709917011891834,1.0,0.4585969088844182,0.4888888888888889,0.877197322923513,1.0,0.8538587848932676,0.35630548449868954,0.35630548449868954,0.4186046511627907,0.4186046511627907,0.0,1.0,1.0,0.7843137254901961,0.5714285714285714,0.425531914893617,0.31111111111111117,0.36721679249684425,0.793103448275862,0.793103448275862,0.7666666666666667,0.8214285714285714,0.0
db25_IIS-L_db25:97-en,1.0,1.0,1.0,0.05335468596522441,0.3466647068240031,0.6671243849949912,0.21089672205953397,1.0,1.0,1.0,1.0,0.44,0.2901785714285714,0.4178459705049902,1.0,0.708339753228812,0.64,,1.0,1.0,1.0,1.0,1.0,1.0,0.0,1.0,1.0,0.5806451612903226,0.39999999999999997,0.27586206896551724,0.17857142857142855,0.30826276460621843,0.6060606060606061,0.4242424242424242,0.35,0.5384615384615384,0.0
db25_IIS-L_db25:97-es,0.0,0.0,0.0,0.046388791210307104,0.3329681786833017,0.5968300335882688,0.1757340838011157,0.0,0.0,0.0,0.0,0.26666666666666666,0.2008928571428571,0.37307380373073806,0.0,0.4052587697205425,0.15094339622641512,,0.0,0.0,0.4832697830906221,0.4832697830906221,0.24390243902439024,0.24390243902439024,0.0,1.0,0.0,0.43076923076923074,0.2222222222222222,0.09836065573770492,0.03389830508474576,0.2732231510487644,0.5454545454545455,0.3636363636363637,0.3,0.46153846153846156,0.0
db25_IIS-L_db25:98-en,0.0,0.0,0.0,0.034874771170710105,0.3038210879928397,0.646394683576932,0.2240092377397959,0.0,0.0,0.0,0.0,0.4,0.2943262411347518,0.2336448598130841,0.0,0.09215926481983776,0.33333333333333337,,0.0,0.0,0.04862844018361942,0.04862844018361942,0.2439024390243903,0.2439024390243903,0.0,1.0,0.0,0.43137254901960786,0.32653061224489793,0.25531914893617025,0.17777777777777776,0.0710096523354717,0.39999999999999997,0.28571428571428575,0.19230769230769232,0.5555555555555556,0.0
db25_IIS-L_db25:98-es,0.0,0.0,0.0,0.0443218362009612,0.32011313888995707,0.7321429868450702,0.23166247903554,0.0,0.0,0.0,0.0,0.42105263157894735,0.375,0.4415841584158416,0.0,0.1232411380452624,0.21052631578947367,,0.0,0.0,0.13243122130715332,0.13243122130715332,0.2631578947368421,0.2631578947368421,0.0,1.0,0.0,0.48000000000000004,0.37499999999999994,0.26086956521739135,0.18181818181818182,0.0857638596526182,0.48275862068965514,0.3448275862068966,0.25,0.5555555555555556,0.0
db25_IIS-L_db25:99-en,0.0,0.0,0.0,0.047356106315674565,0.34188882827816447,0.6790997501017322,0.2240092377397959,0.0,0.0,0.0,0.0,0.3684210526315789,0.4173913043478261,0.14124293785310735,0.0,0.09291283040536351,0.2702702702702703,,0.0,1.0,0.21104245852031664,0.21104245852031664,0.3684210526315789,0.3684210526315789,0.0,1.0,0.0,0.5384615384615384,0.4,0.2916666666666667,0.17391304347826086,0.12009261864995475,0.42424242424242425,0.303030303030303,0.3333333333333333,0.2777777777777778,0.0
db25_IIS-L_db25:99-es,0.0,0.0,0.0,0.0443218362009612,0.32011313888995707,0.5827942371086192,0.2240092377397959,0.0,0.0,0.0,0.0,0.4,0.4260869565217391,0.13736263736263737,0.0,0.05771308056802446,0.1818181818181818,,0.0,0.0,0.09947010967747237,0.09947010967747237,0.17777777777777778,0.17777777777777778,0.0,1.0,0.0,0.4912280701754386,0.29090909090909095,0.15094339622641512,0.03921568627450981,0.055165880563672894,0.4210526315789474,0.2631578947368421,0.25,0.2777777777777778,0.0
db25_IIS-Q_db25:1-en,0.0,0.0,1.0,0.041982296389650606,0.3242225257507739,0.36184651012597,0.1827439976315568,1.0,0.0,0.0,0.0,0.25925925925925924,0.16744186046511633,0.3545775852240337,0.0,0.06419200096284754,0.08163265306122448,,0.0,0.0,0.052300095364571586,0.052300095364571586,0.11999999999999998,0.11999999999999998,0.0,1.0,0.0,0.3793103448275862,0.17857142857142858,0.07407407407407407,0.03846153846153846,0.0505096705474662,0.5116279069767442,0.3255813953488372,0.2692307692307692,0.4117647058823529,0.0
db25_IIS-Q_db25:1-es,0.0,0.0,1.0,0.056492843661303145,0.1995709183784442,0.5306804237764898,0.25,1.0,0.0,0.0,0.0,0.5263157894736842,0.292604501607717,0.4078014184397163,0.0,0.1423412184218882,0.3013698630136986,,0.0,0.0,0.027872514788228633,0.0,0.06451612903225806,0.0,0.0,0.0,0.0,0.5074626865671642,0.30769230769230765,0.12698412698412698,0.0655737704918033,0.07469060586782802,0.4230769230769231,0.34615384615384615,0.2571428571428571,0.5294117647058824,0.0
db25_IIS-Q_db25:10-en,0.9573934837092731,0.9182692307692307,1.0,0.05786055342732165,0.3697058811355458,0.6510860492118233,0.20521309615767264,0.0,0.9573934837092731,0.9573934837092731,1.0,0.4230769230769231,0.24820143884892087,0.3565695941297868,1.0,0.3584906414659199,0.4642857142857143,,1.0,0.9182692307692307,0.07318130053893551,0.07318130053893551,0.3636363636363636,0.3636363636363636,0.0,1.0,1.0,0.48387096774193555,0.3333333333333333,0.24137931034482757,0.17857142857142858,0.3286338947788521,0.5882352941176471,0.411764705882353,0.4375,0.3888888888888889,0.0
db25_IIS-Q_db25:10-es,0.5049833887043189,0.6909090909090909,0.39790575916230364,0.05335468596522441,0.3466647068240031,0.696164192177872,0.1907435698305462,0.0,0.5049833887043189,0.5049833887043189,1.0,0.3793103448275862,0.29496402877697847,0.3487328997533079,0.3333333333333333,0.3327917299613306,0.39344262295081966,,0.0,0.6909090909090909,0.0897614208107308,0.0897614208107308,0.3174603174603174,0.3174603174603174,0.0,1.0,0.39790575916230364,0.5142857142857143,0.35294117647058826,0.24242424242424243,0.15625,0.2915369229944523,0.5263157894736842,0.36842105263157887,0.35,0.3888888888888889,0.0
db25_IIS-Q_db25:100-en,0.35343035343035345,1.0,0.21464646464646464,0.05335468596522441,0.3466647068240031,0.6684847767323797,0.3333333333333333,0.0,0.35343035343035345,0.2390998593530239,1.0,0.7333333333333333,0.3646408839779005,0.43472183393905506,1.0,0.8091067115702212,0.8648648648648649,,1.0,1.0,0.1994452662659317,0.1994452662659317,0.6153846153846154,0.6153846153846154,0.0,1.0,0.21464646464646464,0.6086956521739131,0.31818181818181823,0.1904761904761905,0.09999999999999999,0.13260039118389125,0.588235294117647,0.4117647058823529,0.35,0.5,0.0
db25_IIS-Q_db25:100-es,0.35343035343035345,1.0,0.21464646464646464,0.059279596516291624,0.3601824256461955,0.7787549872351002,0.3090169943749474,0.0,0.35343035343035345,0.2390998593530239,1.0,0.6875,0.3188405797101449,0.4810573630136986,1.0,0.44428088917702807,0.6486486486486486,,1.0,1.0,0.1994452662659317,0.1994452662659317,0.6153846153846154,0.6153846153846154,0.0,1.0,0.21464646464646464,0.6938775510204083,0.46808510638297873,0.3111111111111111,0.18604651162790697,0.06787477716086401,0.6470588235294117,0.47058823529411764,0.4,0.5714285714285714,0.0
db25_IIS-Q_db25:11-en,0.0,0.0,1.0,0.13069674196105552,0.5476741854902639,0.7308042547475092,0.179128784747792,1.0,0.0,0.0,0.0,0.34375,0.46451612903225803,0.40031397174254313,0.0,0.10533060825150226,0.25396825396825395,,0.0,0.0,0.16682348573173778,0.16682348573173778,0.32727272727272727,0.32727272727272727,0.0,1.0,0.0,0.5555555555555556,0.3428571428571428,0.20588235294117646,0.15151515151515152,0.1495497058076625,0.5925925925925927,0.5185185185185185,0.56,0.4827586206896552,0.0
db25_IIS-Q_db25:11-es,0.0,0.0,1.0,0.4080333517739217,0.7920083379434804,0.8154811277380793,0.21712927295533244,0.0,0.0,0.0,0.0,0.5357142857142857,0.5967741935483871,0.6159076380683028,0.0,0.3084977337313932,0.21428571428571427,,0.0,0.0,0.2276235673534808,0.2276235673534808,0.2173913043478261,0.2173913043478261,0.0,1.0,0.0,0.6764705882352942,0.5454545454545455,0.37499999999999994,0.2903225806451613,0.37274755879777954,0.7037037037037037,0.7037037037037037,0.76,0.6551724137931034,0.0
db25_IIS-Q_db25:12-en,1.0,1.0,1.0,0.12026061194250894,0.37811282768821625,0.7490058862731382,0.3333333333333333,1.0,1.0,1.0,1.0,0.6923076923076923,0.3945578231292517,0.4795698924731184,1.0,0.631196907822589,0.8799999999999999,,1.0,1.0,1.0,1.0,1.0,1.0,0.0,1.0,1.0,0.7647058823529411,0.5625,0.4666666666666667,0.3571428571428571,0.24384183193426084,0.6666666666666666,0.4761904761904762,0.4166666666666667,0.5555555555555556,0.0
db25_IIS-Q_db25:12-es,1.0,1.0,1.0,0.12026061194250894,0.37811282768821625,0.7490058862731382,0.3333333333333333,1.0,1.0,1.0,1.0,0.6923076923076923,0.3945578231292517,0.4795698924731184,1.0,0.631196907822589,0.8799999999999999,,1.0,1.0,1.0,1.0,1.0,1.0,0.0,1.0,1.0,0.7647058823529411,0.5625,0.4666666666666667,0.3571428571428571,0.24384183193426084,0.6666666666666666,0.4761904761904762,0.4166666666666667,0.5555555555555556,0.0
db25_IIS-Q_db25:13-en,0.0,0.0,0.0,0.03931435724915834,0.3265147323176114,0.710280416382286,0.1951941016011038,0.0,0.0,0.0,0.0,0.39285714285714285,0.37593984962406013,0.3791052844979051,0.0,0.2308087288583725,0.32142857142857145,,0.0,1.0,0.178551492991616,0.178551492991616,0.2641509433962264,0.2641509433962264,0.0,1.0,0.0,0.588235294117647,0.3636363636363636,0.25,0.16129032258064516,0.16767849550785174,0.5128205128205129,0.358974358974359,0.28,0.5,0.0
db25_IIS-Q_db25:13-es,0.9607843137254902,0.9245283018867925,1.0,0.02861376696912596,0.29864776165104145,0.6161232369723242,0.1827439976315568,0.0,0.9607843137254902,0.9607843137254902,1.0,0.3333333333333333,0.26206896551724135,0.3194444444444444,0.5,0.20536337741589902,0.3673469387755102,,0.0,0.9245283018867925,0.22866722231574907,0.22866722231574907,0.47368421052631576,0.47368421052631576,0.0,1.0,1.0,0.5074626865671642,0.3076923076923077,0.15873015873015875,0.06557377049180328,0.1441067013260561,0.3333333333333333,0.25,0.17647058823529413,0.42857142857142855,0.0
db25_IIS-Q_db25:14-en,0.0,0.0,0.0,0.04030833724870907,0.5540719695452528,0.6234292001593573,0.2240092377397959,0.0,0.0,0.0,0.0,0.3333333333333333,0.3315217391304348,0.3234880450070323,0.0,0.06302647598688789,0.22857142857142856,,0.0,1.0,0.0699543285114998,0.0699543285114998,0.22857142857142856,0.22857142857142856,0.0,1.0,0.0,0.46808510638297873,0.26666666666666666,0.13953488372093023,0.048780487804878044,0.04030833724870907,0.26086956521739124,0.26086956521739124,0.1875,0.42857142857142855,0.0
db25_IIS-Q_db25:14-es,0.0,0.0,0.0,0.02412847370802476,0.28071543362646956,0.5758289219624358,0.2,0.0,0.0,0.0,0.0,0.23809523809523808,0.30645161290322576,0.28083028083028083,0.0,0.032801828835855064,0.42105263157894735,,0.0,1.0,0.02412847370802476,0.0,0.04545454545454545,0.0,0.0,0.0,0.0,0.5199999999999999,0.3333333333333333,0.17391304347826086,0.04545454545454545,0.02412847370802476,0.17142857142857143,0.17142857142857143,0.10714285714285714,0.42857142857142855,0.5
db25_IIS-Q_db25:15-en,0.0,0.0,0.0,0.04599915789122599,0.3249770112752692,0.4919003695210765,0.23166247903554,0.0,0.0,0.0,0.0,0.3888888888888889,0.3641975308641975,0.32877604166666663,0.0,0.12586898234382776,0.3125,,0.0,1.0,0.04599915789122599,0.0,0.25,0.0,0.0,0.0,0.0,0.5789473684210527,0.4444444444444444,0.35294117647058826,0.25,0.09979838560926617,0.5,0.33333333333333337,0.26666666666666666,0.4444444444444444,0.3333333333333333
db25_IIS-Q_db25:15-es,0.0,0.0,0.0,0.061729293904138435,0.35276060155878625,0.6344166391652172,0.25,0.0,0.0,0.0,0.0,0.4375,0.3172413793103448,0.34307065217391297,0.0,0.19173026589128161,0.0,,0.0,0.0,0.5133450480401704,0.5133450480401704,0.14285714285714288,0.14285714285714288,0.0,1.0,0.0,0.611111111111111,0.23529411764705882,0.0625,0.0,0.1527898075109779,0.6,0.39999999999999997,0.36363636363636365,0.4444444444444444,0.0
db25_IIS-Q_db25:16-en,1.0,1.0,1.0,0.10338768999739956,0.3637803010893242,0.7071067811865475,0.28989794855663564,1.0,1.0,1.0,1.0,0.625,0.3513513513513513,0.5798969072164949,1.0,0.7825422900366437,1.0,,1.0,1.0,1.0,1.0,1.0,1.0,0.0,1.0,1.0,0.6341463414634146,0.4615384615384615,0.32432432432432434,0.22857142857142854,0.3237722713145643,0.64,0.4800000000000001,0.375,0.6666666666666666,0.0
db25_IIS-Q_db25:16-es,1.0,1.0,1.0,0.07178681338813069,0.3287041685065025,0.7486170004828494,0.2612038749637414,1.0,1.0,1.0,1.0,0.5555555555555556,0.33447098976109213,0.4914529914529915,1.0,0.44534504264163466,0.6857142857142856,,1.0,1.0,0.53107253497887,0.53107253497887,0.8,0.8,0.0,1.0,1.0,0.4727272727272728,0.339622641509434,0.23529411764705882,0.163265306122449,0.21800193956058223,0.5,0.37500000000000006,0.2608695652173913,0.6666666666666666,0.0
db25_IIS-Q_db25:17-en,0.6666666666666666,1.0,0.5,0.04517141317272956,0.3228015634687545,0.6427400361719818,0.1951941016011038,0.0,0.6666666666666666,0.6666666666666666,1.0,0.39285714285714285,0.26168224299065423,0.3775167785234899,1.0,0.4480304273880272,0.4489795918367347,,1.0,1.0,0.722160038719837,0.722160038719837,0.9,0.9,0.0,1.0,0.5,0.5483870967741935,0.30000000000000004,0.17241379310344826,0.07142857142857142,0.22816849039973935,0.4324324324324324,0.3243243243243243,0.2608695652173913,0.42857142857142855,0.3333333333333333
db25_IIS-Q_db25:17-es,0.6666666666666666,1.0,0.5,0.034768609817110746,0.31023998125632557,0.5621187095347585,0.17253779651421453,0.0,0.6666666666666666,0.6666666666666666,1.0,0.30303030303030304,0.2536231884057971,0.30353913717385694,1.0,0.23606740829164724,0.33898305084745767,,1.0,1.0,0.04345062107749325,0.04345062107749325,0.28,0.28,0.0,1.0,0.5,0.463768115942029,0.2686567164179105,0.15384615384615383,0.0634920634920635,0.16995165296029047,0.43478260869565216,0.30434782608695654,0.21875,0.5,0.25
db25_IIS-Q_db25:18-en,0.0,0.0,0.0,0.6355183125619189,0.8672129114738131,0.8717948717948719,0.36602540378443865,0.0,0.0,0.0,0.0,0.8333333333333334,0.6318407960199005,0.8300000000000002,0.0,0.6247237517396118,0.5294117647058824,,0.0,0.0,0.6442271946445949,0.6442271946445949,0.5263157894736842,0.5263157894736842,0.0,1.0,0.0,0.7755102040816326,0.6808510638297872,0.5777777777777778,0.5116279069767442,0.6355183125619189,0.8333333333333334,0.8333333333333334,0.8333333333333334,0.8333333333333334,0.0
db25_IIS-Q_db25:18-es,0.0,0.0,0.0,0.3979911905689587,0.7510129491573911,0.8059606997693183,0.27429188517743175,0.0,0.0,0.0,0.0,0.6818181818181818,0.4385964912280702,0.7859939759036143,0.0,0.36701705524999323,0.27272727272727276,,0.0,1.0,0.46305777929709696,0.46305777929709696,0.4166666666666667,0.4166666666666667,0.0,1.0,0.0,0.6785714285714285,0.5555555555555556,0.4230769230769231,0.31999999999999995,0.3979911905689587,0.7017543859649124,0.7017543859649124,0.6060606060606061,0.8333333333333334,0.0
db25_IIS-Q_db25:19-en,1.0,1.0,1.0,0.055649416075825214,0.4063288320563945,0.6506000486323553,0.28989794855663564,1.0,1.0,1.0,1.0,0.625,0.5465838509316769,0.3669544740973313,1.0,0.795637166192145,0.8799999999999999,,1.0,1.0,1.0,1.0,1.0,1.0,0.0,1.0,1.0,0.7000000000000001,0.36842105263157887,0.22222222222222224,0.11764705882352941,0.14115351786416622,0.6428571428571429,0.5,0.5833333333333334,0.4375,0.0
db25_IIS-Q_db25:19-es,0.0,0.0,0.0,0.21479172459878046,0.4484347732549583,0.6268906712869722,0.2612038749637414,0.0,0.0,0.0,0.0,0.5555555555555556,0.7407407407407407,0.64315773462455,0.0,0.32523403430389786,0.4242424242424242,,0.0,1.0,0.31455601883230705,0.31455601883230705,0.24242424242424246,0.24242424242424246,0.0,1.0,0.0,0.6666666666666667,0.5217391304347826,0.4090909090909091,0.3333333333333333,0.40472720024780906,0.742857142857143,0.6285714285714286,0.5789473684210527,0.6875,0.0
db25_IIS-Q_db25:2-en,0.5,0.3333333333333333,1.0,0.32651636343345897,0.7142821520828546,0.7819290527140306,0.21089672205953397,1.0,0.5,1.0,1.0,0.6216216216216216,0.452247191011236,0.7749809871825787,1.0,0.2547787765704113,0.24,,1.0,0.3333333333333333,0.2179173935142163,0.2179173935142163,0.20895522388059704,0.20895522388059704,0.0,1.0,1.0,0.6808510638297872,0.5869565217391305,0.4666666666666666,0.38636363636363635,0.32651636343345897,0.6582278481012658,0.6582278481012658,0.5306122448979592,0.8666666666666667,0.0
db25_IIS-Q_db25:2-es,0.6666666666666666,0.5,1.0,0.3994463928700864,0.7689792452763451,0.7559289460184544,0.1951941016011038,1.0,0.6666666666666666,1.0,1.0,0.48484848484848486,0.5118644067796609,0.7339132922097303,1.0,0.4058951763812706,0.30188679245283023,,1.0,0.5,0.6695960204886555,0.6695960204886555,0.7391304347826089,0.7391304347826089,0.0,1.0,1.0,0.641025641025641,0.4473684210526315,0.29729729729729726,0.2222222222222222,0.3994463928700864,0.71875,0.71875,0.6764705882352942,0.7666666666666667,0.0
db25_IIS-Q_db25:20-en,0.0,0.0,0.0,0.04256684415870894,0.34102358593961035,0.7443641677192673,0.1827439976315568,0.0,0.0,0.0,0.0,0.2857142857142857,0.33096085409252674,0.22142857142857142,0.0,0.08125282127526637,0.16,,0.0,1.0,0.223047457279299,0.223047457279299,0.15,0.15,0.0,1.0,0.0,0.43076923076923085,0.2857142857142857,0.19672131147540986,0.1016949152542373,0.10045628126620214,0.43749999999999994,0.3125,0.3333333333333333,0.29411764705882354,0.5
db25_IIS-Q_db25:20-es,1.0,1.0,1.0,0.04256684415870894,0.34102358593961035,0.7294768843648819,0.1827439976315568,1.0,1.0,1.0,1.0,0.2857142857142857,0.33807829181494664,0.22142857142857142,1.0,0.1073565679897652,0.23999999999999996,,1.0,1.0,0.24385000379404742,0.24385000379404742,0.25,0.25,0.0,1.0,1.0,0.43076923076923085,0.2857142857142857,0.19672131147540986,0.1016949152542373,0.10045628126620214,0.43749999999999994,0.3125,0.3333333333333333,0.29411764705882354,0.0
db25_IIS-Q_db25:21-en,1.0,1.0,1.0,0.07096814213424056,0.3785587332982028,0.6962093412246856,0.28989794855663564,1.0,1.0,1.0,1.0,0.6,0.2865497076023392,0.4046762589928057,1.0,0.32773490290644675,0.4375,,1.0,1.0,0.3291467773009902,0.3291467773009902,0.25,0.25,0.0,1.0,1.0,0.5853658536585366,0.41025641025641024,0.27027027027027023,0.17142857142857143,0.33328175016449046,0.5925925925925927,0.4444444444444445,0.46153846153846156,0.42857142857142855,0.0
db25_IIS-Q_db25:21-es,0.0,0.0,0.0,0.05335468596522441,0.3466647068240031,0.5834599659915783,0.27429188517743175,0.0,0.0,0.0,0.0,0.5882352941176471,0.2887700534759359,0.43472183393905506,0.0,0.3498761149110956,0.45,,0.0,1.0,0.19151421080811973,0.19151421080811973,0.3,0.3,0.0,1.0,0.0,0.5714285714285715,0.29787234042553196,0.17777777777777778,0.09302325581395349,0.22975236828123013,0.5294117647058824,0.4117647058823529,0.35,0.5,0.0
db25_IIS-Q_db25:22-en,0.0,0.0,0.0,0.032483476156771926,0.3176875497309073,0.7036165005589258,0.2,0.0,0.0,0.0,0.0,0.42857142857142855,0.3641975308641975,0.32538659793814434,0.0,0.19359517339258708,0.29333333333333333,,0.0,1.0,0.023852823622921425,0.023852823622921425,0.17699115044247787,0.17699115044247787,0.0,1.0,0.0,0.54320987654321,0.3544303797468355,0.23376623376623376,0.13333333333333333,0.14957644445778928,0.4800000000000001,0.32,0.25,0.4444444444444444,0.0
db25_IIS-Q_db25:22-es,0.0,0.0,0.0,0.035783837800070495,0.3121925803979672,0.6120309957831637,0.1951941016011038,0.0,0.0,0.0,0.0,0.41379310344827586,0.27835051546391754,0.2966056889076874,0.0,0.36857838224116973,0.3142857142857143,,0.0,1.0,0.08264446699847193,0.08264446699847193,0.3076923076923077,0.3076923076923077,0.0,1.0,0.0,0.4810126582278481,0.28571428571428575,0.16,0.08219178082191782,0.16073034972341446,0.4897959183673469,0.2857142857142857,0.22580645161290322,0.3888888888888889,0.0
db25_IIS-Q_db25:23-en,0.0,0.0,1.0,0.058966764692763185,0.5565724020094017,0.6469575001255037,0.1951941016011038,0.0,0.0,0.0,0.0,0.41379310344827586,0.41666666666666663,0.33921752738654143,0.0,0.18435707666215262,0.20408163265306126,,0.0,0.0,0.14777290549622052,0.14777290549622052,0.2727272727272727,0.2727272727272727,0.0,1.0,0.0,0.5172413793103448,0.28571428571428564,0.14814814814814814,0.11538461538461539,0.17555725354881654,0.576271186440678,0.5084745762711864,0.6818181818181818,0.40540540540540543,0.0
db25_IIS-Q_db25:23-es,0.0,0.0,1.0,0.058966764692763185,0.5565724020094017,0.6469575001255037,0.1951941016011038,0.0,0.0,0.0,0.0,0.41379310344827586,0.41666666666666663,0.33921752738654143,0.0,0.18435707666215262,0.20408163265306126,,0.0,0.0,0.14777290549622052,0.14777290549622052,0.2727272727272727,0.2727272727272727,0.0,1.0,0.0,0.5172413793103448,0.28571428571428564,0.14814814814814814,0.11538461538461539,0.17555725354881654,0.576271186440678,0.5084745762711864,0.6818181818181818,0.40540540540540543,0.0
db25_IIS-Q_db25:24-en,0.0,0.0,0.0,0.014881743436408204,0.2749374321137149,0.4899005817299671,0.2240092377397959,0.0,0.0,0.0,0.0,0.4782608695652174,0.2699784017278618,0.21627906976744188,0.0,0.04616226153175545,0.3132530120481928,,0.0,1.0,0.011330885352425659,0.011330885352425659,0.14207650273224043,0.14207650273224043,0.0,1.0,0.0,0.5301204819277109,0.29629629629629634,0.17721518987341772,0.051948051948051945,0.019250557921754254,0.20588235294117643,0.14705882352941177,0.09090909090909091,0.38461538461538464,0.125
db25_IIS-Q_db25:24-es,0.4,0.3333333333333333,0.5,0.021251713793149763,0.2917624942996103,0.7388074323130608,0.2,0.0,0.4,0.5,1.0,0.38461538461538464,0.3248031496062992,0.1923076923076923,0.25,0.03696607445948044,0.43181818181818177,,0.0,0.3333333333333333,0.04387029826998297,0.04387029826998297,0.25149700598802394,0.25149700598802394,0.0,1.0,0.5,0.5681818181818181,0.41860465116279066,0.3333333333333333,0.24390243902439027,0.027157271963096866,0.3076923076923077,0.23076923076923075,0.15384615384615385,0.46153846153846156,0.0
db25_IIS-Q_db25:25-en,0.0,0.0,1.0,0.0892268322016619,0.3690959517862481,0.6912234196104651,0.1907435698305462,0.0,0.0,0.0,0.0,0.35714285714285715,0.3097345132743363,0.49568644950171065,0.0,0.5423782837718303,0.4347826086956521,,0.0,0.0,0.15888333500245655,0.15888333500245655,0.43243243243243246,0.43243243243243246,0.0,1.0,0.0,0.5573770491803278,0.3728813559322034,0.2807017543859649,0.1818181818181818,0.24338218459022268,0.5789473684210527,0.47368421052631576,0.4090909090909091,0.5625,0.0
db25_IIS-Q_db25:25-es,0.0,0.0,1.0,0.08536938924453762,0.36386465836378057,0.6700778843193599,0.1907435698305462,0.0,0.0,0.0,0.0,0.35714285714285715,0.3008849557522124,0.492718267169365,0.0,0.39846811316275854,0.39215686274509803,,0.0,0.0,0.13483062689136832,0.13483062689136832,0.32,0.32,0.0,1.0,0.0,0.5396825396825397,0.360655737704918,0.2711864406779661,0.17543859649122806,0.23203058032469892,0.5641025641025642,0.46153846153846156,0.391304347826087,0.5625,0.0
db25_IIS-Q_db25:26-en,1.0,1.0,1.0,0.12026061194250894,0.37811282768821625,0.7490058862731382,0.3333333333333333,1.0,1.0,1.0,1.0,0.6923076923076923,0.4054054054054054,0.4795698924731184,1.0,0.631196907822589,0.888888888888889,,1.0,1.0,1.0,1.0,1.0,1.0,0.0,1.0,1.0,0.7777777777777778,0.5882352941176471,0.5,0.39999999999999997,0.24384183193426084,0.6666666666666666,0.4761904761904762,0.4166666666666667,0.5555555555555556,0.0
db25_IIS-Q_db25:26-es,1.0,1.0,1.0,0.10338768999739956,0.3637803010893242,0.7807251581544242,0.3090169943749474,1.0,1.0,1.0,1.0,0.6666666666666666,0.355,0.5798969072164949,1.0,0.7825422900366437,1.0,,1.0,1.0,1.0,1.0,1.0,1.0,0.0,1.0,1.0,0.6976744186046512,0.5365853658536586,0.4102564102564102,0.3243243243243243,0.3237722713145643,0.64,0.4800000000000001,0.375,0.6666666666666666,0.0
db25_IIS-Q_db25:27-en,1.0,1.0,1.0,0.13190955568171472,0.39013714708514513,0.7216878364870324,0.28989794855663564,1.0,1.0,1.0,1.0,0.6,0.41428571428571426,0.48478260869565226,1.0,0.37707945965932077,0.64,,1.0,1.0,0.6606328636027614,0.6606328636027614,0.7692307692307693,0.7692307692307693,0.0,1.0,1.0,0.7058823529411765,0.5,0.39999999999999997,0.28571428571428575,0.28997844147152074,0.7000000000000001,0.5,0.45454545454545453,0.5555555555555556,0.0
db25_IIS-Q_db25:27-es,0.0,0.0,0.0,0.04646169266958037,0.07383938797103293,0.7071067811865476,0.27429188517743175,0.0,0.0,0.0,0.0,0.5625,0.29378531073446323,0.446,0.0,0.31455601883230705,0.46153846153846156,,0.0,1.0,0.04646169266958037,0.0,0.0625,0.0,0.0,0.0,0.0,0.631578947368421,0.3333333333333333,0.1764705882352941,0.0625,0.2061477352156375,0.5,0.35714285714285715,0.2631578947368421,0.5555555555555556,0.5
db25_IIS-Q_db25:28-en,0.0,0.0,0.0,0.07932598198727282,0.41456833760208134,0.6882472016116854,0.1907435698305462,0.0,0.0,0.0,0.0,0.4,0.4701986754966887,0.23287473194708813,0.0,0.1970127061840065,0.30303030303030304,,0.0,0.0,0.09301891517021459,0.09301891517021459,0.4262295081967213,0.4262295081967213,0.0,1.0,0.0,0.5333333333333333,0.3013698630136986,0.1971830985915493,0.14492753623188406,0.17036141949119865,0.4727272727272728,0.4000000000000001,0.5789473684210527,0.3055555555555556,0.0
db25_IIS-Q_db25:28-es,0.0,0.0,0.0,0.07897752153689834,0.4502999359397801,0.6582155828679285,0.1951941016011038,0.0,0.0,0.0,0.0,0.41379310344827586,0.48344370860927155,0.26497456659399976,0.0,0.15621585575063,0.46153846153846156,,0.0,0.0,0.1580183447261014,0.1580183447261014,0.41791044776119407,0.41791044776119407,0.0,1.0,0.0,0.5070422535211269,0.34782608695652173,0.20895522388059704,0.15384615384615383,0.17990145409618544,0.5555555555555556,0.4814814814814815,0.7222222222222222,0.3611111111111111,0.0
db25_IIS-Q_db25:29-en,0.0,0.0,0.0,0.0,0.25,0.0,0.2402530733520421,0.0,0.0,0.0,0.0,0.0,0.0,0.0,0.0,0.0,0.0,,0.0,1.0,0.0,0.0,0.0,0.0,0.0,0.0,0.0,0.0,0.0,0.0,0.0,0.0,0.0,0.0,0.0,0.0,0.0
db25_IIS-Q_db25:29-es,0.0,0.0,0.0,0.07936796894698336,0.5741173311440548,0.7750237972966844,0.2402530733520421,0.0,0.0,0.0,0.0,0.4444444444444444,0.3705357142857143,0.46875,0.0,0.24808415001701817,0.625,,0.0,0.0,0.3155984539112945,0.3155984539112945,0.6451612903225806,0.6451612903225806,0.0,1.0,0.0,0.6808510638297872,0.5333333333333333,0.41860465116279066,0.2926829268292683,0.07936796894698336,0.3333333333333333,0.3333333333333333,0.23529411764705882,0.5714285714285714,0.0
db25_IIS-Q_db25:3-en,1.0,1.0,1.0,0.08925873049179646,0.34541796057051366,0.7208334449164038,0.28989794855663564,0.0,1.0,0.6666666666666666,1.0,0.6,0.33333333333333337,0.4597938144329897,1.0,0.3356891925037239,0.7333333333333334,,1.0,1.0,0.41705072916341307,0.41705072916341307,0.6666666666666666,0.6666666666666666,0.0,1.0,1.0,0.6190476190476191,0.45,0.3684210526315789,0.27777777777777773,0.1760928267911618,0.56,0.39999999999999997,0.3125,0.5555555555555556,0.0
db25_IIS-Q_db25:3-es,1.0,1.0,1.0,0.13190955568171472,0.39013714708514513,0.7115555919594813,0.28989794855663564,1.0,1.0,1.0,1.0,0.5714285714285714,0.3900709219858156,0.48478260869565226,1.0,0.37707945965932077,0.64,,1.0,1.0,0.6606328636027614,0.6606328636027614,0.7692307692307693,0.7692307692307693,0.0,1.0,1.0,0.7058823529411765,0.5,0.39999999999999997,0.28571428571428575,0.28997844147152074,0.7000000000000001,0.5,0.45454545454545453,0.5555555555555556,0.0
db25_IIS-Q_db25:30-en,0.0,0.0,1.0,0.08406564527041271,0.3714121416990327,0.6408461287109104,0.2612038749637414,0.0,0.0,0.0,0.0,0.5789473684210527,0.6824644549763033,0.5376296817302622,0.0,0.3813707100324891,0.6666666666666666,,0.0,0.0,0.47072350515352074,0.47072350515352074,0.5517241379310344,0.5517241379310344,0.0,1.0,0.0,0.6382978723404256,0.39999999999999997,0.3255813953488372,0.24390243902439024,0.09173847769261752,0.5909090909090908,0.5,0.4230769230769231,0.6111111111111112,0.0
db25_IIS-Q_db25:30-es,0.0,0.0,1.0,0.208795826063924,0.45696086127788577,0.7472647177570731,0.28989794855663564,0.0,0.0,0.0,0.0,0.6666666666666666,0.7921348314606742,0.6754615707957449,0.0,0.4814400258132247,0.6666666666666666,,0.0,0.0,0.47072350515352074,0.47072350515352074,0.5517241379310344,0.5517241379310344,0.0,1.0,0.0,0.7555555555555555,0.6046511627906977,0.4878048780487805,0.358974358974359,0.2542254141389555,0.7692307692307692,0.6666666666666666,0.6190476190476191,0.7222222222222222,0.0
db25_IIS-Q_db25:31-en,1.0,1.0,1.0,0.05600374888575559,0.3628329682942193,0.8388704928078612,0.3333333333333333,1.0,1.0,1.0,1.0,0.7333333333333333,0.4577114427860697,0.42720073103868406,1.0,0.4578141331660858,0.5789473684210527,,1.0,1.0,0.35864179742032526,0.35864179742032526,0.5777777777777778,0.5777777777777778,0.0,1.0,1.0,0.72,0.4999999999999999,0.34782608695652173,0.22727272727272727,0.31181814978096556,0.5999999999999999,0.4666666666666667,0.4117647058823529,0.5384615384615384,0.0
db25_IIS-Q_db25:31-es,1.0,1.0,1.0,0.05600374888575559,0.3628329682942193,0.8388704928078612,0.3333333333333333,1.0,1.0,1.0,1.0,0.7333333333333333,0.4577114427860697,0.42720073103868406,1.0,0.4578141331660858,0.5789473684210527,,1.0,1.0,0.35864179742032526,0.35864179742032526,0.5777777777777778,0.5777777777777778,0.0,1.0,1.0,0.72,0.4999999999999999,0.34782608695652173,0.22727272727272727,0.31181814978096556,0.5999999999999999,0.4666666666666667,0.4117647058823529,0.5384615384615384,0.0
db25_IIS-Q_db25:32-en,0.3846153846153846,0.23809523809523808,1.0,0.04984800020823621,0.35856236522447327,0.6492344540642355,0.25,0.0,0.3846153846153846,0.38461538461538464,1.0,0.5263157894736842,0.42152466367713004,0.38490853658536583,0.5,0.48415247130346006,0.5238095238095238,,0.0,0.23809523809523808,0.49616830003403634,0.49616830003403634,0.5,0.5,0.0,1.0,1.0,0.4814814814814815,0.2692307692307693,0.16,0.08333333333333333,0.293597382795084,0.6666666666666665,0.4444444444444445,0.4,0.5,0.0
db25_IIS-Q_db25:32-es,0.19047619047619047,0.10810810810810811,0.8,0.12294937654860322,0.41444517657107105,0.8696263565463044,0.28989794855663564,0.0,0.19047619047619047,0.19047619047619047,1.0,0.6470588235294118,0.485,0.4791666666666667,0.5,0.3272874319918699,0.17142857142857143,,0.0,0.10810810810810811,0.3478700554542393,0.3478700554542393,0.17647058823529413,0.17647058823529413,0.0,1.0,0.8,0.6,0.37500000000000006,0.2608695652173913,0.1818181818181818,0.3315796151992083,0.6875,0.5625,0.5625,0.5625,0.0
db25_IIS-Q_db25:33-en,0.0,0.0,1.0,0.11219680163507949,0.37342681217108986,0.6868028197434453,0.21712927295533244,0.0,0.0,0.0,0.0,0.4583333333333333,0.365,0.6190603073097078,0.0,0.6026080978557137,0.7096774193548386,,0.0,0.0,0.880771385653411,0.880771385653411,0.9090909090909091,0.9090909090909091,0.0,1.0,0.0,0.6,0.41666666666666663,0.3478260869565218,0.2727272727272727,0.26608125176434144,0.6285714285714286,0.5142857142857142,0.4090909090909091,0.6923076923076923,0.0
db25_IIS-Q_db25:33-es,0.0,0.0,1.0,0.12991596227174942,0.39321535444930755,0.731126155013931,0.28989794855663564,0.0,0.0,0.0,0.0,0.6470588235294118,0.40816326530612246,0.6327160493827161,0.0,0.6026080978557137,0.7096774193548386,,0.0,0.0,0.880771385653411,0.880771385653411,0.9090909090909091,0.9090909090909091,0.0,1.0,0.0,0.7499999999999999,0.5263157894736842,0.4444444444444445,0.35294117647058826,0.3118687901642478,0.6875,0.5625,0.47368421052631576,0.6923076923076923,0.0
db25_IIS-Q_db25:34-en,0.0,0.0,0.0,0.030693695425325834,0.06274781465288275,0.4244186718291132,0.1639607805437114,0.0,0.0,0.0,0.0,0.1875,0.24398625429553267,0.23820608317815029,0.0,0.0738062184976524,0.0967741935483871,,0.0,1.0,0.029326070060243712,0.0,0.03448275862068965,0.0,0.0,0.0,0.0,0.32,0.19178082191780824,0.11267605633802817,0.028985507246376812,0.09761754436877398,0.46511627906976744,0.2790697674418605,0.23076923076923078,0.35294117647058826,0.5
db25_IIS-Q_db25:34-es,0.0,0.0,0.0,0.017289540502252974,0.03321782584298406,0.4170959987400364,0.1566130288262323,0.0,0.0,0.0,0.0,0.21621621621621623,0.2276029055690073,0.21108360836083612,0.0,0.026922847621667998,0.20224719101123595,,0.0,1.0,0.017289540502252974,0.0,0.05555555555555555,0.0,0.0,0.0,0.0,0.35955056179775274,0.18390804597701152,0.11764705882352941,0.04819277108433735,0.02336162980318671,0.30303030303030304,0.18181818181818182,0.12244897959183673,0.35294117647058826,0.0
db25_IIS-Q_db25:35-en,1.0,1.0,1.0,0.06053829631834109,0.36093702857806165,0.6972166887783963,0.3090169943749474,1.0,1.0,1.0,1.0,0.6666666666666666,0.38647342995169087,0.3872053872053872,1.0,0.6694048285186804,0.7027027027027027,,1.0,1.0,0.5894516956403938,0.5894516956403938,0.7027027027027027,0.7027027027027027,0.0,1.0,1.0,0.5957446808510639,0.35555555555555557,0.18604651162790697,0.09756097560975609,0.2925612730731506,0.5714285714285715,0.42857142857142855,0.4,0.46153846153846156,0.5
db25_IIS-Q_db25:35-es,0.0,0.0,0.0,0.06925448261712436,0.37824061939718606,0.6564879518897748,0.2402530733520421,0.0,0.0,0.0,0.0,0.4444444444444444,0.37681159420289856,0.3931623931623932,0.0,0.34606432547346117,0.3076923076923077,,0.0,0.0,0.3291467773009902,0.3291467773009902,0.3076923076923077,0.3076923076923077,0.0,1.0,0.0,0.5,0.34782608695652173,0.22727272727272727,0.14285714285714288,0.3438931217657843,0.6153846153846154,0.46153846153846156,0.46153846153846156,0.46153846153846156,0.0
db25_IIS-Q_db25:36-en,0.0,0.0,0.0,0.030229280752019142,0.3017025589864161,0.8017539301734014,0.16139047779640892,0.0,0.0,0.0,0.0,0.25,0.31858407079646023,0.27627627627627627,0.0,0.16081986819293687,0.14285714285714288,,0.0,0.0,0.03931435724915834,0.03931435724915834,0.0547945205479452,0.0547945205479452,0.0,1.0,0.0,0.40404040404040403,0.26804123711340205,0.16842105263157894,0.08602150537634408,0.12913533075470382,0.32653061224489793,0.24489795918367344,0.1875,0.35294117647058826,0.0
db25_IIS-Q_db25:36-es,0.0,0.0,0.0,0.06869188555157976,0.33282092591211837,0.8066698881899649,0.1639607805437114,0.0,0.0,0.0,0.0,0.2777777777777778,0.35360360360360366,0.2694336161430864,0.0,0.28889830842564407,0.27906976744186046,,0.0,1.0,0.0607839609197962,0.0607839609197962,0.24000000000000005,0.24000000000000005,0.0,1.0,0.0,0.4752475247524752,0.3232323232323232,0.2268041237113402,0.1473684210526316,0.21494052714772305,0.42857142857142855,0.3333333333333333,0.28,0.4117647058823529,0.0
db25_IIS-Q_db25:37-en,1.0,1.0,1.0,0.09535164820400535,0.3519158287946174,0.7591443112159185,0.28989794855663564,1.0,1.0,1.0,1.0,0.6,0.36416184971098264,0.46458333333333335,1.0,0.631196907822589,0.8799999999999999,,1.0,1.0,1.0,1.0,1.0,1.0,0.0,1.0,1.0,0.65,0.47368421052631576,0.3888888888888889,0.2941176470588235,0.1892240568795935,0.5833333333333334,0.4166666666666667,0.3333333333333333,0.5555555555555556,0.0
db25_IIS-Q_db25:37-es,0.0,0.0,0.0,0.038882961736994966,0.2918639188412689,0.5946752800285646,0.2,0.0,0.0,0.0,0.0,0.36,0.232183908045977,0.34386200716845877,0.0,0.06179261875046464,0.20588235294117643,,0.0,1.0,0.032483476156771926,0.032483476156771926,0.19672131147540983,0.19672131147540983,0.0,1.0,0.0,0.36619718309859156,0.28985507246376807,0.20895522388059704,0.15384615384615385,0.05339323136243991,0.3076923076923077,0.23076923076923078,0.13953488372093023,0.6666666666666666,0.0
db25_IIS-Q_db25:38-en,0.6666666666666666,0.5,1.0,0.5805250216720965,0.8363077260062595,0.9175208510955607,0.36602540378443865,1.0,0.6666666666666666,1.0,1.0,0.85,0.6009174311926606,0.9224587123553828,1.0,0.664272851835899,0.5945945945945946,,1.0,0.5,0.3363550255781717,0.3363550255781717,0.25,0.25,0.0,1.0,1.0,0.8363636363636363,0.7169811320754716,0.5490196078431373,0.4897959183673469,0.5805250216720965,0.8666666666666666,0.8666666666666666,0.7647058823529411,1.0,0.0
db25_IIS-Q_db25:38-es,0.6666666666666666,0.5,1.0,0.5805250216720965,0.8363077260062595,0.9175208510955607,0.36602540378443865,1.0,0.6666666666666666,1.0,1.0,0.85,0.6009174311926606,0.9224587123553828,1.0,0.664272851835899,0.5945945945945946,,1.0,0.5,0.3363550255781717,0.3363550255781717,0.25,0.25,0.0,1.0,1.0,0.8363636363636363,0.7169811320754716,0.5490196078431373,0.4897959183673469,0.5805250216720965,0.8666666666666666,0.8666666666666666,0.7647058823529411,1.0,0.0
db25_IIS-Q_db25:39-en,0.0,0.0,0.0,0.05101971933757373,0.3420264595097898,0.5891883036371793,0.2612038749637414,0.0,0.0,0.0,0.0,0.5555555555555556,0.31999999999999995,0.4317645425517146,0.0,0.21363791934581888,0.4390243902439024,,0.0,1.0,0.23397625978961173,0.23397625978961173,0.4,0.4,0.0,1.0,0.0,0.5599999999999999,0.33333333333333337,0.17391304347826086,0.0909090909090909,0.12933153390920385,0.6285714285714286,0.4,0.3333333333333333,0.5,0.6666666666666666
db25_IIS-Q_db25:39-es,0.0,0.0,0.0,0.04039517491075014,0.31434572902542096,0.6972166887783962,0.2402530733520421,0.0,0.0,0.0,0.0,0.47368421052631576,0.2766990291262136,0.37006578947368424,0.0,0.31843164596791895,0.12765957446808512,,0.0,0.0,0.144769886226851,0.144769886226851,0.17391304347826086,0.17391304347826086,0.0,1.0,0.0,0.4999999999999999,0.23999999999999996,0.125,0.043478260869565216,0.16081986819293687,0.4,0.3,0.23076923076923078,0.42857142857142855,0.5
db25_IIS-Q_db25:4-en,1.0,1.0,1.0,0.05647371487299112,0.3972061195821305,0.6678944147908077,0.3090169943749474,1.0,1.0,1.0,1.0,0.6666666666666666,0.40372670807453415,0.350076103500761,1.0,0.767279645960659,0.8695652173913043,,1.0,1.0,1.0,1.0,1.0,1.0,0.0,1.0,1.0,0.6842105263157895,0.38888888888888884,0.29411764705882354,0.1875,0.12264179150907051,0.6153846153846153,0.4615384615384615,0.5454545454545454,0.4,0.0
db25_IIS-Q_db25:4-es,1.0,1.0,1.0,0.06505263294751316,0.39508593538681314,0.7266512079546679,0.28989794855663564,1.0,1.0,1.0,1.0,0.6470588235294118,0.6275510204081632,0.42083333333333334,1.0,1.0,1.0,,1.0,1.0,1.0,1.0,1.0,1.0,0.0,1.0,1.0,0.6666666666666666,0.3255813953488372,0.1951219512195122,0.10256410256410256,0.30934588294313714,0.6666666666666666,0.5333333333333333,0.5333333333333333,0.5333333333333333,0.0
db25_IIS-Q_db25:40-en,0.0,0.0,0.0,0.04821140114015083,0.345781247448666,0.5175396223025016,0.1757340838011157,0.0,0.0,0.0,0.0,0.2903225806451613,0.2857142857142857,0.3308953639259172,0.0,0.33582164993870184,0.4,,0.0,1.0,0.34916650730713383,0.34916650730713383,0.4210526315789474,0.4210526315789474,0.0,1.0,0.0,0.4473684210526315,0.24324324324324326,0.1388888888888889,0.057142857142857134,0.28051550320162943,0.5405405405405405,0.37837837837837834,0.35,0.4117647058823529,0.0
db25_IIS-Q_db25:40-es,0.0,0.0,0.0,0.042420673576347545,0.3332092860911701,0.7012001530777494,0.1757340838011157,0.0,0.0,0.0,0.0,0.3333333333333333,0.4006211180124224,0.3252551020408163,0.0,0.31181814978096556,0.1818181818181818,,0.0,1.0,0.3237722713145643,0.3237722713145643,0.2153846153846154,0.2153846153846154,0.0,1.0,0.0,0.5411764705882353,0.26506024096385544,0.14814814814814817,0.05063291139240506,0.2245166162074563,0.45,0.35,0.30434782608695654,0.4117647058823529,0.0
db25_IIS-Q_db25:41-en,0.2727272727272727,0.15789473684210525,1.0,0.0488926319669833,0.3378132255500449,0.6358107573397418,0.2612038749637414,0.0,0.2727272727272727,0.2727272727272727,1.0,0.5789473684210527,0.28865979381443296,0.45661430039641754,0.5,0.35831291876413535,0.44444444444444453,,0.0,0.15789473684210525,0.0999201596169957,0.0999201596169957,0.2545454545454546,0.2545454545454546,0.0,1.0,1.0,0.6000000000000001,0.41379310344827586,0.2857142857142857,0.18518518518518517,0.24648321974767612,0.5142857142857142,0.39999999999999997,0.3181818181818182,0.5384615384615384,0.0
db25_IIS-Q_db25:41-es,0.2727272727272727,0.15789473684210525,1.0,0.0488926319669833,0.3378132255500449,0.6358107573397418,0.2612038749637414,0.0,0.2727272727272727,0.2727272727272727,1.0,0.5789473684210527,0.28865979381443296,0.45661430039641754,0.5,0.35831291876413535,0.44444444444444453,,0.0,0.15789473684210525,0.0999201596169957,0.0999201596169957,0.2545454545454546,0.2545454545454546,0.0,1.0,1.0,0.6000000000000001,0.41379310344827586,0.2857142857142857,0.18518518518518517,0.24648321974767612,0.5142857142857142,0.39999999999999997,0.3181818181818182,0.5384615384615384,0.0
db25_IIS-Q_db25:42-en,0.0,0.0,0.0,0.05700459721383297,0.35392805193888266,0.5797710356524483,0.2612038749637414,0.0,0.0,0.0,0.0,0.5555555555555556,0.34659090909090906,0.33848417954378224,0.0,0.13762368688544474,0.5945945945945945,,0.0,0.0,0.38827267775222324,0.38827267775222324,0.631578947368421,0.631578947368421,0.0,1.0,0.0,0.6938775510204083,0.4680851063829787,0.3555555555555555,0.23255813953488372,0.11109730299189916,0.5161290322580646,0.38709677419354843,0.375,0.4,0.0
db25_IIS-Q_db25:42-es,1.0,1.0,1.0,0.05937906481535108,0.37640740360973585,0.6482037235521645,0.28989794855663564,1.0,1.0,1.0,1.0,0.625,0.41874999999999996,0.3453453453453454,1.0,0.5555238068023582,0.9032258064516129,,1.0,1.0,1.0,1.0,1.0,1.0,0.0,1.0,1.0,0.7391304347826088,0.5,0.380952380952381,0.25,0.21188545090327654,0.5714285714285715,0.42857142857142855,0.46153846153846156,0.4,0.0
db25_IIS-Q_db25:43-en,1.0,1.0,1.0,0.06368306760701084,0.38637047889839743,0.7721790447244351,0.21712927295533244,1.0,1.0,1.0,1.0,0.48,0.39209726443769,0.41558801775147924,1.0,0.5036334391492581,0.6129032258064516,,1.0,1.0,0.7192016995040388,0.7192016995040388,0.88,0.88,0.0,1.0,1.0,0.5882352941176471,0.4242424242424242,0.3125,0.22580645161290322,0.33660383646185255,0.6060606060606061,0.48484848484848486,0.5,0.47058823529411764,0.0
db25_IIS-Q_db25:43-es,0.0,0.0,0.0,0.03443104620804165,0.32810457801038,0.6513111931319258,0.1827439976315568,0.0,0.0,0.0,0.0,0.3548387096774194,0.33040935672514615,0.37406065485775636,0.0,0.1717218426146756,0.16438356164383564,,0.0,0.0,0.04517141317272956,0.04517141317272956,0.2950819672131148,0.2950819672131148,0.0,1.0,0.0,0.5121951219512196,0.37500000000000006,0.2564102564102564,0.15789473684210525,0.13673863407073664,0.4583333333333333,0.375,0.2903225806451613,0.5294117647058824,0.0
db25_IIS-Q_db25:44-en,0.0,0.0,0.0,0.10844325746819765,0.6104441477003828,0.5893637356207119,0.17253779651421453,0.0,0.0,0.0,0.0,0.34285714285714286,0.2149532710280374,0.5962789602284436,0.0,0.06559530219212954,0.11428571428571428,,0.0,1.0,0.04007382183515848,0.04007382183515848,0.14035087719298245,0.14035087719298245,0.0,1.0,0.0,0.5063291139240506,0.3116883116883117,0.16,0.0547945205479452,0.054632123083856225,0.42105263157894735,0.45614035087719296,0.3333333333333333,0.7222222222222222,0.0
db25_IIS-Q_db25:44-es,0.9787234042553191,0.9583333333333334,1.0,0.10303302411987103,0.577645048482798,0.7468510971169704,0.21089672205953397,0.0,0.9787234042553191,0.9787234042553191,1.0,0.46153846153846156,0.31444759206798867,0.44570440130693834,1.0,0.1553928118205257,0.38235294117647056,,1.0,0.9583333333333334,0.031790037597326494,0.031790037597326494,0.28169014084507044,0.28169014084507044,0.0,1.0,1.0,0.6,0.46153846153846156,0.3157894736842105,0.18918918918918917,0.10303302411987103,0.3098591549295775,0.3098591549295775,0.20754716981132076,0.6111111111111112,0.0
db25_IIS-Q_db25:45-en,0.0,0.0,1.0,0.017153133663381115,0.2791947208048378,0.3866577236662751,0.15438708879488486,1.0,0.0,0.0,0.0,0.1891891891891892,0.16666666666666663,0.2715328467153285,0.0,0.06501609374991425,0.23076923076923075,,0.0,0.0,0.042420673576347545,0.042420673576347545,0.19230769230769232,0.19230769230769232,0.0,1.0,0.0,0.3225806451612903,0.13333333333333333,0.06896551724137931,0.03571428571428571,0.03349817397322113,0.24561403508771928,0.17543859649122806,0.10638297872340426,0.5,0.5
db25_IIS-Q_db25:45-es,0.0,0.0,1.0,0.08688004023091507,0.3455283173803179,0.6988976942821785,0.2402530733520421,1.0,0.0,0.0,0.0,0.4444444444444444,0.34158415841584155,0.5160550458715596,0.0,0.2891784933232572,0.5,,0.0,0.0,0.13081435925695184,0.13081435925695184,0.37499999999999994,0.37499999999999994,0.0,1.0,0.0,0.5454545454545454,0.42857142857142855,0.35000000000000003,0.2631578947368421,0.18951629567590741,0.5517241379310345,0.41379310344827586,0.3157894736842105,0.6,0.0
db25_IIS-Q_db25:46-en,0.0,0.0,0.0,0.3723883797127459,0.7420332651409525,0.8501044615977588,0.28989794855663564,0.0,0.0,0.0,0.0,0.7272727272727273,0.4776632302405498,0.8895937137396766,0.0,0.3992420046360785,0.38805970149253727,0.0,0.0,1.0,0.14232564072333248,0.14232564072333248,0.18181818181818182,0.18181818181818182,0.0,1.0,0.0,0.7142857142857143,0.5294117647058824,0.39393939393939387,0.31249999999999994,0.3723883797127459,0.7466666666666666,0.7466666666666666,0.5957446808510638,1.0,0.0
db25_IIS-Q_db25:46-es,0.1807205452775073,0.728414442700157,0.10315695864828812,0.5948305487843529,0.8362076371960883,0.9367030606822508,0.3333333333333333,0.0,0.1807205452775073,,1.0,0.7894736842105263,0.671875,0.9136850327693948,1.0,0.5646631238098638,0.45283018867924524,0.13258870406050044,1.0,0.728414442700157,0.15844990886367696,0.15844990886367696,0.15384615384615383,0.15384615384615383,0.0,1.0,0.10315695864828812,0.8571428571428571,0.7407407407407408,0.576923076923077,0.52,0.5948305487843529,0.8437499999999999,0.8437499999999999,0.75,0.9642857142857143,0.0
db25_IIS-Q_db25:47-en,0.0,0.0,0.0,0.047356106315674565,0.34188882827816447,0.7007485949685403,0.1827439976315568,0.0,0.0,0.0,0.0,0.2857142857142857,0.3462897526501767,0.2519774011299435,0.0,0.09291283040536351,0.0816326530612245,,0.0,0.0,0.050792540481603046,0.050792540481603046,0.10526315789473685,0.10526315789473685,0.0,1.0,0.0,0.4375,0.2903225806451613,0.19999999999999998,0.10344827586206896,0.12009261864995475,0.42424242424242425,0.303030303030303,0.3333333333333333,0.2777777777777778,0.0
db25_IIS-Q_db25:47-es,0.0,0.0,0.0,0.05567316171646208,0.35369032690778246,0.7084357916586445,0.18660549686337075,0.0,0.0,0.0,0.0,0.32142857142857145,0.33922261484098937,0.31601123595505615,0.0,0.23606934033817736,0.12,,0.0,0.0,0.050792540481603046,0.050792540481603046,0.10526315789473685,0.10526315789473685,0.0,1.0,0.0,0.4615384615384615,0.31746031746031744,0.19672131147540983,0.10169491525423728,0.27022488359306857,0.47058823529411764,0.35294117647058826,0.375,0.3333333333333333,0.0
db25_IIS-Q_db25:48-en,1.0,1.0,1.0,0.08663778569883378,0.35724416505888956,0.7564949098967177,0.28989794855663564,1.0,1.0,1.0,1.0,0.6470588235294118,0.4148936170212766,0.5052832733812951,1.0,0.5035337887555859,0.8333333333333333,,1.0,1.0,0.22257705642418144,0.22257705642418144,0.4,0.4,0.0,1.0,1.0,0.7272727272727273,0.53125,0.3870967741935484,0.26666666666666666,0.28479942163807365,0.6285714285714286,0.4571428571428572,0.36363636363636365,0.6153846153846154,0.0
db25_IIS-Q_db25:48-es,1.0,1.0,1.0,0.08663778569883378,0.35724416505888956,0.7564949098967177,0.28989794855663564,1.0,1.0,1.0,1.0,0.6470588235294118,0.435374149659864,0.5052832733812951,1.0,0.5035337887555859,0.8333333333333333,,1.0,1.0,0.22257705642418144,0.22257705642418144,0.4,0.4,0.0,1.0,1.0,0.7272727272727273,0.53125,0.3870967741935484,0.26666666666666666,0.28479942163807365,0.6285714285714286,0.4571428571428572,0.36363636363636365,0.6153846153846154,0.0
db25_IIS-Q_db25:49-en,0.0,0.0,0.0,0.10457138848650196,0.5975808348786085,0.7456011350793258,0.27429188517743175,0.0,0.0,0.0,0.0,0.5333333333333333,0.39473684210526316,0.49342105263157904,0.0,0.2777619034011791,0.5806451612903226,,0.0,0.0,0.3155984539112945,0.3155984539112945,0.5806451612903226,0.5806451612903226,0.0,1.0,0.0,0.6,0.4736842105263158,0.3888888888888889,0.29411764705882354,0.10457138848650196,0.4,0.4,0.3076923076923077,0.5714285714285714,0.0
db25_IIS-Q_db25:49-es,0.0,0.0,0.0,0.03438549981236169,0.5454312873518403,0.4402043892400666,0.17253779651421453,0.0,0.0,0.0,0.0,0.17857142857142858,0.2692307692307693,0.3116531165311653,0.0,0.04030833724870907,0.08333333333333334,,0.0,1.0,0.048970314286134506,0.048970314286134506,0.04166666666666667,0.04166666666666667,0.0,1.0,0.0,0.36000000000000004,0.20833333333333331,0.13043478260869565,0.09090909090909093,0.03438549981236169,0.23076923076923078,0.23076923076923078,0.15789473684210525,0.42857142857142855,0.0
db25_IIS-Q_db25:5-en,0.0,0.0,0.0,0.036949624189087905,0.05903344014876196,0.5764613536983136,0.23166247903554,0.0,0.0,0.0,0.0,0.45,0.25142857142857145,0.31562500000000004,0.0,0.11057078116370667,0.45714285714285713,,0.0,1.0,0.036949624189087905,0.0,0.15789473684210525,0.0,0.0,0.0,0.0,0.6363636363636364,0.42857142857142855,0.3,0.15789473684210525,0.07500701578962382,0.35714285714285715,0.2857142857142857,0.21052631578947367,0.4444444444444444,0.3333333333333333
db25_IIS-Q_db25:5-es,0.0,0.0,0.0,0.054464631530469834,0.33784954636368714,0.608486984459331,0.2402530733520421,0.0,0.0,0.0,0.0,0.4444444444444444,0.259493670886076,0.4597938144329897,0.0,0.42728700639623407,0.35714285714285715,,0.0,0.0,0.5133450480401704,0.5133450480401704,0.35714285714285715,0.35714285714285715,0.0,1.0,0.0,0.6,0.3157894736842105,0.16666666666666669,0.058823529411764705,0.24903286388467735,0.56,0.39999999999999997,0.3125,0.5555555555555556,0.0
db25_IIS-Q_db25:50-en,0.0,0.0,0.0,0.056191101519740785,0.5521879142904462,0.6889968447939417,0.2240092377397959,0.0,0.0,0.0,0.0,0.4,0.3739837398373984,0.22988505747126436,0.0,0.14216645907653844,0.47368421052631576,,0.0,0.0,0.16188613565728213,0.16188613565728213,0.47368421052631576,0.47368421052631576,0.0,1.0,0.0,0.6,0.45833333333333326,0.34782608695652173,0.22727272727272727,0.056191101519740785,0.25806451612903225,0.25806451612903225,0.16666666666666666,0.5714285714285714,0.0
db25_IIS-Q_db25:50-es,0.0,0.0,0.0,0.047686746932376185,0.55044535734371,0.8169308645502248,0.2240092377397959,0.0,0.0,0.0,0.0,0.42857142857142855,0.34104046242774566,0.47956989247311826,0.0,0.1090009697802911,0.47058823529411753,,0.0,0.0,0.04621731396531503,0.04621731396531503,0.3380281690140845,0.3380281690140845,0.0,1.0,0.0,0.5714285714285715,0.459016393442623,0.37288135593220334,0.28070175438596495,0.047686746932376185,0.2702702702702703,0.2702702702702703,0.16666666666666666,0.7142857142857143,0.0
db25_IIS-Q_db25:51-en,1.0,1.0,1.0,0.057829287057844445,0.36528261214480734,0.813733471206735,0.28989794855663564,1.0,1.0,1.0,1.0,0.6470588235294118,0.3916666666666667,0.484375,1.0,0.3524025452531097,0.6122448979591836,,1.0,1.0,0.3552267518610884,0.3552267518610884,0.6122448979591836,0.6122448979591836,0.0,1.0,1.0,0.7868852459016394,0.5423728813559322,0.3859649122807018,0.2545454545454545,0.2383041256525615,0.6060606060606061,0.48484848484848486,0.42105263157894735,0.5714285714285714,0.0
db25_IIS-Q_db25:51-es,1.0,1.0,1.0,0.057829287057844445,0.36528261214480734,0.813733471206735,0.28989794855663564,1.0,1.0,1.0,1.0,0.6470588235294118,0.3916666666666667,0.484375,1.0,0.3524025452531097,0.6122448979591836,,1.0,1.0,0.3552267518610884,0.3552267518610884,0.6122448979591836,0.6122448979591836,0.0,1.0,1.0,0.7868852459016394,0.5423728813559322,0.3859649122807018,0.2545454545454545,0.2383041256525615,0.6060606060606061,0.48484848484848486,0.42105263157894735,0.5714285714285714,0.0
db25_IIS-Q_db25:52-en,0.0,0.0,0.0,0.0837933121242998,0.34534421897331874,0.7551482429154428,0.2612038749637414,0.0,0.0,0.0,0.0,0.5294117647058824,0.4406130268199234,0.5172684458398744,0.0,0.3767471803151817,0.6551724137931034,,0.0,0.0,0.16512000694130308,0.16512000694130308,0.35772357723577236,0.35772357723577236,0.0,1.0,0.0,0.6875,0.5161290322580645,0.4,0.27586206896551724,0.12995667854825063,0.5294117647058824,0.4117647058823529,0.3181818181818182,0.5833333333333334,0.0
db25_IIS-Q_db25:52-es,0.0,0.0,0.0,0.11546230243096413,0.3817446330019269,0.7915512859421803,0.3090169943749474,0.0,0.0,0.0,0.0,0.6428571428571429,0.4391534391534392,0.5422975641869652,0.0,0.8242367502646054,0.9361702127659574,,0.0,0.0,0.7361703354503866,0.7361703354503866,0.9166666666666666,0.9166666666666666,0.0,1.0,0.0,0.7169811320754716,0.5490196078431373,0.4489795918367347,0.3404255319148936,0.17907273195267667,0.6428571428571429,0.5,0.4375,0.5833333333333334,0.0
db25_IIS-Q_db25:53-en,0.03335649756775539,0.02037351443123939,0.09195402298850575,0.04862844018361942,0.3373726915827355,0.5599900447099182,0.2,0.0,0.03335649756775539,0.03335649756775538,0.0,0.38461538461538464,0.3495575221238938,0.3758169934640523,0.0125,0.45258880078905583,0.3529411764705882,,0.0,0.02037351443123939,0.7348889200874658,0.7348889200874658,0.8000000000000002,0.8000000000000002,0.0,1.0,0.09195402298850575,0.5,0.3103448275862069,0.17857142857142858,0.07407407407407407,0.2680165156355778,0.5,0.37499999999999994,0.3157894736842105,0.46153846153846156,0.0
db25_IIS-Q_db25:53-es,0.0,0.0,0.0,0.05388655281980997,0.34775313128376284,0.5413237098862542,0.1907435698305462,0.0,0.0,0.0,0.0,0.3333333333333333,0.331858407079646,0.38142620232172475,0.0,0.42604405688997515,0.4897959183673469,,0.0,1.0,0.2863424630911014,0.2863424630911014,0.5217391304347826,0.5217391304347826,0.0,1.0,0.0,0.44827586206896547,0.25,0.14814814814814814,0.07692307692307691,0.30277029197532096,0.5333333333333333,0.4000000000000001,0.35294117647058826,0.46153846153846156,0.0
db25_IIS-Q_db25:54-en,0.0,0.0,0.0,0.05700459721383297,0.35392805193888266,0.6803360514166089,0.2,0.0,0.0,0.0,0.0,0.36,0.3513513513513513,0.3842940685045948,0.0,0.41154215810165745,0.14285714285714285,,0.0,1.0,0.43742343691381713,0.43742343691381713,0.19354838709677416,0.19354838709677416,0.0,1.0,0.0,0.5614035087719298,0.32727272727272727,0.18867924528301888,0.0784313725490196,0.3237722713145643,0.5517241379310345,0.41379310344827586,0.375,0.46153846153846156,0.0
db25_IIS-Q_db25:54-es,0.0,0.0,0.0,0.05700459721383297,0.35392805193888266,0.6262945776223707,0.20521309615767264,0.0,0.0,0.0,0.0,0.4,0.3423423423423423,0.3842940685045948,0.0,0.5040341474964314,0.4782608695652174,,0.0,1.0,0.537845493675679,0.537845493675679,0.6285714285714286,0.6285714285714286,0.0,1.0,0.0,0.5517241379310345,0.3214285714285714,0.18518518518518517,0.07692307692307693,0.3237722713145643,0.5517241379310345,0.41379310344827586,0.375,0.46153846153846156,0.0
db25_IIS-Q_db25:55-en,1.0,1.0,1.0,0.049070511103326775,0.33040892997942867,0.7378505542816148,0.3333333333333333,1.0,1.0,1.0,1.0,0.6923076923076923,0.37579617834394907,0.33223684210526316,1.0,0.767279645960659,0.8695652173913043,,1.0,1.0,1.0,1.0,1.0,1.0,0.0,1.0,1.0,0.6857142857142857,0.36363636363636365,0.2580645161290323,0.13793103448275862,0.11858206329002834,0.5217391304347826,0.34782608695652173,0.2857142857142857,0.4444444444444444,0.0
db25_IIS-Q_db25:55-es,1.0,1.0,1.0,0.049070511103326775,0.33040892997942867,0.7378505542816148,0.3333333333333333,1.0,1.0,1.0,1.0,0.6923076923076923,0.37579617834394907,0.33223684210526316,1.0,0.767279645960659,0.8695652173913043,,1.0,1.0,1.0,1.0,1.0,1.0,0.0,1.0,1.0,0.6857142857142857,0.36363636363636365,0.2580645161290323,0.13793103448275862,0.11858206329002834,0.5217391304347826,0.34782608695652173,0.2857142857142857,0.4444444444444444,0.0
db25_IIS-Q_db25:56-en,0.8216704288939052,0.6973180076628352,1.0,0.09149455598210093,0.3863639336624297,0.6711932056813285,0.27429188517743175,0.0,0.8216704288939052,0.8216704288939052,0.0,0.65,0.4415584415584416,0.378310502283105,0.02702702702702703,0.4029883231412915,0.6122448979591838,,0.0,0.6973180076628352,0.08965143818984093,0.08965143818984093,0.2526315789473684,0.2526315789473684,0.0,1.0,1.0,0.65625,0.41935483870967744,0.3,0.20689655172413793,0.31990299662620436,0.6046511627906977,0.46511627906976744,0.47619047619047616,0.45454545454545453,0.0
db25_IIS-Q_db25:56-es,0.9054726368159205,0.8272727272727273,1.0,0.09149455598210093,0.3863639336624297,0.6987038558001041,0.27429188517743175,0.0,0.9054726368159205,0.9054726368159204,1.0,0.65,0.4557522123893806,0.378310502283105,1.0,0.6606328636027614,0.888888888888889,,1.0,0.8272727272727273,0.4447630178181815,0.4447630178181815,0.5614035087719298,0.5614035087719298,0.0,1.0,1.0,0.6666666666666667,0.4262295081967213,0.3050847457627119,0.21052631578947367,0.3369476764338764,0.6511627906976744,0.46511627906976744,0.47619047619047616,0.45454545454545453,0.0
db25_IIS-Q_db25:57-en,0.0,0.0,0.0,0.09596726341784736,0.5979117105956435,0.7360842109847386,0.18660549686337075,0.0,0.0,0.0,0.0,0.2962962962962963,0.3477011494252874,0.6521739130434783,0.0,0.10032042922904864,0.08888888888888888,,0.0,0.0,0.0953476696024777,0.0953476696024777,0.08888888888888888,0.08888888888888888,0.0,1.0,0.0,0.40625,0.25806451612903225,0.13333333333333333,0.06896551724137931,0.07631995551609101,0.45714285714285713,0.45714285714285713,0.32,0.8,0.0
db25_IIS-Q_db25:57-es,0.21153846153846156,0.11956521739130435,0.9166666666666666,0.07722895418120557,0.560973905211968,0.8805355284514692,0.1951941016011038,0.0,0.21153846153846156,0.21153846153846154,0.0,0.37037037037037035,0.1707650273224044,0.47796639231824417,0.023809523809523808,0.08719941690404767,0.09411764705882353,,0.0,0.11956521739130435,0.05134982299747293,0.05134982299747293,0.16666666666666666,0.16666666666666666,0.0,1.0,0.9166666666666666,0.30927835051546393,0.23157894736842102,0.15053763440860213,0.0879120879120879,0.07722895418120557,0.28125,0.28125,0.16666666666666666,0.9,0.0
db25_IIS-Q_db25:58-en,0.0,0.0,0.0,0.031014197565680503,0.5486854704155585,0.6160685029252152,0.1951941016011038,0.0,0.0,0.0,0.0,0.2916666666666667,0.32188841201716734,0.3670058139534883,0.0,0.04094492580924107,0.23255813953488372,,0.0,1.0,0.031014197565680503,0.0,0.20408163265306123,0.0,0.0,0.0,0.0,0.5818181818181817,0.4528301886792453,0.3137254901960784,0.20408163265306123,0.031014197565680503,0.26666666666666666,0.26666666666666666,0.17391304347826086,0.5714285714285714,0.3333333333333333
db25_IIS-Q_db25:58-es,0.0,0.0,0.0,0.01965962261413417,0.5293803347355266,0.7826382855607106,0.21089672205953397,0.0,0.0,0.0,0.0,0.36363636363636365,0.3395522388059702,0.3125,0.0,0.02428706324042873,0.4782608695652174,,0.0,0.0,0.058531836522676656,0.058531836522676656,0.40740740740740744,0.40740740740740744,0.0,1.0,0.0,0.6551724137931034,0.5,0.40740740740740744,0.30769230769230765,0.01965962261413417,0.17777777777777778,0.17777777777777778,0.10526315789473684,0.5714285714285714,0.0
db25_IIS-Q_db25:59-en,0.0,0.0,0.0,0.030392167350542645,0.30503624753639014,0.5425608669746597,0.2402530733520421,0.0,0.0,0.0,0.0,0.47368421052631576,0.2904564315352697,0.2089887640449438,0.0,0.08919887685214205,0.44,,0.0,1.0,0.0333885614840817,0.0333885614840817,0.26229508196721313,0.26229508196721313,0.0,1.0,0.0,0.47457627118644063,0.28070175438596495,0.18181818181818185,0.07547169811320756,0.06609502029263309,0.42857142857142855,0.2380952380952381,0.2,0.29411764705882354,0.3333333333333333
db25_IIS-Q_db25:59-es,1.0,1.0,1.0,0.03958037431244501,0.36163153866978925,0.6549735601337167,0.2402530733520421,1.0,1.0,1.0,1.0,0.4444444444444444,0.3278008298755186,0.22545454545454546,1.0,0.07342021210328331,0.2051282051282051,,1.0,1.0,0.19959163428899027,0.19959163428899027,0.15,0.15,0.0,1.0,1.0,0.4583333333333333,0.3043478260869565,0.22727272727272724,0.14285714285714285,0.08623814063582017,0.4827586206896552,0.3448275862068966,0.4166666666666667,0.29411764705882354,0.0
db25_IIS-Q_db25:6-en,0.0,0.0,0.0,0.034874771170710105,0.0538210879928397,0.525822240127941,0.1757340838011157,0.0,0.0,0.0,0.0,0.26666666666666666,0.26190476190476186,0.19787234042553192,0.0,0.20158074753947833,0.13793103448275865,,0.0,1.0,0.034874771170710105,0.0,0.07692307692307691,0.0,0.0,0.0,0.0,0.37142857142857144,0.20588235294117643,0.12121212121212122,0.0625,0.15209404090446677,0.3636363636363637,0.2272727272727273,0.19230769230769232,0.2777777777777778,0.5
db25_IIS-Q_db25:6-es,0.0,0.0,0.0,0.046946192468453,0.08396910988237538,0.4703097092029176,0.1757340838011157,0.0,0.0,0.0,0.0,0.26666666666666666,0.2482993197278912,0.3430777716492002,0.0,0.25382624775442036,0.2153846153846154,,0.0,1.0,0.03899828881387777,0.0,0.07547169811320756,0.0,0.0,0.0,0.0,0.36619718309859156,0.20289855072463767,0.11940298507462689,0.061538461538461535,0.19383418023456653,0.4878048780487805,0.34146341463414637,0.30434782608695654,0.3888888888888889,0.3333333333333333
db25_IIS-Q_db25:60-en,0.0,0.0,0.0,0.17923344640485428,0.4198083616012136,0.6993786061802355,0.25,0.0,0.0,0.0,0.0,0.5263157894736842,0.6379310344827587,0.506806282722513,0.0,0.22718709780542318,0.21621621621621623,,0.0,0.0,0.1892240568795935,0.1892240568795935,0.25641025641025644,0.25641025641025644,0.0,1.0,0.0,0.6530612244897959,0.425531914893617,0.3555555555555555,0.2790697674418604,0.33359103227594633,0.6153846153846154,0.5128205128205129,0.5,0.5263157894736842,0.0
db25_IIS-Q_db25:60-es,0.0,0.0,0.0,0.13305199541830684,0.3851148507064286,0.6515583641446042,0.21712927295533244,0.0,0.0,0.0,0.0,0.43478260869565216,0.5681818181818181,0.5294682360798064,0.0,0.05993744684294983,0.1904761904761905,,0.0,1.0,0.0892268322016619,0.0892268322016619,0.3181818181818182,0.3181818181818182,0.0,1.0,0.0,0.5925925925925926,0.4230769230769231,0.32,0.25,0.17098323692758394,0.6521739130434783,0.47826086956521735,0.4074074074074074,0.5789473684210527,0.0
db25_IIS-Q_db25:61-en,0.0,0.0,1.0,0.061362047598528216,0.33029003021778897,0.7489308618940975,0.25,0.0,0.0,0.0,0.0,0.5263157894736842,0.3906810035842294,0.4323630136986302,0.0,0.25367093883371566,0.4761904761904762,,0.0,0.0,0.5489938756679379,0.5489938756679379,0.6363636363636364,0.6363636363636364,0.0,1.0,0.0,0.5185185185185186,0.34615384615384615,0.27999999999999997,0.20833333333333334,0.1333045094117443,0.47619047619047616,0.380952380952381,0.27586206896551724,0.6153846153846154,0.0
db25_IIS-Q_db25:61-es,0.0,0.0,1.0,0.061362047598528216,0.33029003021778897,0.7489308618940975,0.25,0.0,0.0,0.0,0.0,0.5263157894736842,0.3865248226950354,0.4323630136986302,0.0,0.25367093883371566,0.4761904761904762,,0.0,0.0,0.5489938756679379,0.5489938756679379,0.6363636363636364,0.6363636363636364,0.0,1.0,0.0,0.5185185185185186,0.34615384615384615,0.27999999999999997,0.20833333333333334,0.1333045094117443,0.47619047619047616,0.380952380952381,0.27586206896551724,0.6153846153846154,0.0
db25_IIS-Q_db25:62-en,0.0,0.0,0.0,0.05148551848842733,0.3326231606824461,0.5535961676719607,0.2402530733520421,0.0,0.0,0.0,0.0,0.4444444444444444,0.28640776699029125,0.45510204081632655,0.0,0.38163309113713373,0.34285714285714286,,0.0,1.0,0.23287896954139942,0.23287896954139942,0.26666666666666666,0.26666666666666666,0.0,1.0,0.0,0.6363636363636364,0.42857142857142855,0.25,0.10526315789473685,0.23287896954139942,0.5384615384615384,0.3846153846153846,0.29411764705882354,0.5555555555555556,0.3333333333333333
db25_IIS-Q_db25:62-es,0.0,0.0,0.0,0.05148551848842733,0.3326231606824461,0.4866392517379789,0.23166247903554,0.0,0.0,0.0,0.0,0.3888888888888889,0.27604166666666663,0.45510204081632655,0.0,0.2891784933232572,0.047619047619047616,,0.0,1.0,0.1331052549170149,0.1331052549170149,0.09523809523809523,0.09523809523809523,0.0,1.0,0.0,0.45833333333333326,0.2173913043478261,0.09090909090909091,0.0,0.23287896954139942,0.5384615384615384,0.3846153846153846,0.29411764705882354,0.5555555555555556,0.3333333333333333
db25_IIS-Q_db25:63-en,0.0,0.0,0.0,0.046946192468453,0.08396910988237538,0.7520223103261481,0.2402530733520421,0.0,0.0,0.0,0.0,0.47368421052631576,0.36329588014981273,0.38419394603478974,0.0,0.36821398145189993,0.34782608695652173,,0.0,1.0,0.040816979448766555,0.0,0.07692307692307693,0.0,0.0,0.0,0.0,0.5172413793103448,0.35714285714285715,0.2222222222222222,0.11538461538461538,0.21233470585998823,0.4864864864864865,0.3783783783783784,0.30434782608695654,0.5,0.0
db25_IIS-Q_db25:63-es,0.0,0.0,0.0,0.04704426841786822,0.3261370298918376,0.5687696939916126,0.23166247903554,0.0,0.0,0.0,0.0,0.42105263157894735,0.2806122448979592,0.34534534534534533,0.0,0.12549177756699156,0.046511627906976744,,0.0,0.0,0.11441728723970392,0.11441728723970392,0.09302325581395349,0.09302325581395349,0.0,1.0,0.0,0.44897959183673475,0.2553191489361702,0.13333333333333333,0.046511627906976744,0.09686398912132572,0.5555555555555556,0.33333333333333326,0.2727272727272727,0.42857142857142855,0.5
db25_IIS-Q_db25:64-en,0.0,0.0,0.0,0.06779773122446935,0.33096470451492,0.6327231762971947,0.23166247903554,0.0,0.0,0.0,0.0,0.47619047619047616,0.41698841698841704,0.3677058353317346,0.0,0.2187405715612322,0.6037735849056604,,0.0,1.0,0.1334729338542612,0.1334729338542612,0.5283018867924528,0.5283018867924528,0.0,1.0,0.0,0.6268656716417911,0.4307692307692308,0.3492063492063492,0.26229508196721313,0.1423071532720465,0.5142857142857142,0.3428571428571428,0.2727272727272727,0.46153846153846156,0.0
db25_IIS-Q_db25:64-es,0.0,0.0,0.0,0.035247858975832255,0.3060545065132209,0.6588439439394989,0.2,0.0,0.0,0.0,0.0,0.3333333333333333,0.31336405529953915,0.2303832116788321,0.0,0.1113609392648566,0.18181818181818185,,0.0,1.0,0.035247858975832255,0.0,0.08,0.0,0.0,0.0,0.0,0.5714285714285714,0.29629629629629634,0.1923076923076923,0.08,0.07456667969910809,0.3636363636363637,0.24242424242424246,0.2,0.3076923076923077,0.0
db25_IIS-Q_db25:65-en,1.0,1.0,1.0,0.13190955568171472,0.39013714708514513,0.7115555919594813,0.28989794855663564,1.0,1.0,1.0,1.0,0.5714285714285714,0.4027777777777778,0.48478260869565226,1.0,0.37707945965932077,0.64,,1.0,1.0,0.6606328636027614,0.6606328636027614,0.7692307692307693,0.7692307692307693,0.0,1.0,1.0,0.7058823529411765,0.5,0.39999999999999997,0.28571428571428575,0.28997844147152074,0.7000000000000001,0.5,0.45454545454545453,0.5555555555555556,0.0
db25_IIS-Q_db25:65-es,1.0,1.0,1.0,0.12026061194250894,0.37811282768821625,0.7115555919594813,0.28989794855663564,1.0,1.0,1.0,1.0,0.5714285714285714,0.410958904109589,0.4795698924731184,1.0,0.34329452398451965,0.64,,1.0,1.0,0.6606328636027614,0.6606328636027614,0.7692307692307693,0.7692307692307693,0.0,1.0,1.0,0.7058823529411765,0.5,0.39999999999999997,0.28571428571428575,0.24384183193426084,0.6666666666666666,0.4761904761904762,0.4166666666666667,0.5555555555555556,0.0
db25_IIS-Q_db25:66-en,0.0,0.0,1.0,0.06351509241973079,0.33318117348205123,0.5342244506353423,0.1907435698305462,0.0,0.0,0.0,0.0,0.35714285714285715,0.2790697674418605,0.40833938953488375,0.0,0.23418123261847473,0.1568627450980392,,0.0,0.0,0.47426640493104016,0.47426640493104016,0.31818181818181823,0.31818181818181823,0.0,1.0,0.0,0.43333333333333324,0.20689655172413793,0.14285714285714285,0.07407407407407407,0.17678748653651843,0.45454545454545453,0.36363636363636365,0.2857142857142857,0.5,0.0
db25_IIS-Q_db25:66-es,0.0,0.0,1.0,0.04593995645891441,0.3095835157234485,0.4624193774604419,0.1639607805437114,0.0,0.0,0.0,0.0,0.2972972972972973,0.14901960784313728,0.2907274590163934,0.0,0.11635402454082566,0.10714285714285714,,0.0,0.0,0.25723962032456954,0.25723962032456954,0.12765957446808512,0.12765957446808512,0.0,1.0,0.0,0.3823529411764706,0.1818181818181818,0.125,0.06451612903225808,0.09771922616581637,0.3636363636363636,0.29090909090909095,0.20512820512820512,0.5,0.5
db25_IIS-Q_db25:67-en,1.0,1.0,1.0,0.10338768999739956,0.3637803010893242,0.7807251581544242,0.3090169943749474,1.0,1.0,1.0,1.0,0.6666666666666666,0.410377358490566,0.5798969072164949,1.0,0.7825422900366437,1.0,,1.0,1.0,1.0,1.0,1.0,1.0,0.0,1.0,1.0,0.7547169811320754,0.6274509803921569,0.5306122448979592,0.46808510638297873,0.3237722713145643,0.64,0.4800000000000001,0.375,0.6666666666666666,0.0
db25_IIS-Q_db25:67-es,0.0,0.0,0.0,0.035247858975832255,0.3060545065132209,0.602344246012733,0.2612038749637414,0.0,0.0,0.0,0.0,0.5,0.25531914893617025,0.3125,0.0,0.17183771017498592,0.10256410256410256,,0.0,0.0,0.5133450480401704,0.5133450480401704,0.2,0.2,0.0,1.0,0.0,0.4905660377358491,0.19607843137254902,0.08163265306122448,0.0,0.07456667969910809,0.41379310344827586,0.2758620689655173,0.2,0.4444444444444444,0.5
db25_IIS-Q_db25:68-en,1.0,1.0,1.0,0.04599915789122599,0.3249770112752692,0.7378505542816148,0.3333333333333333,1.0,1.0,1.0,1.0,0.6923076923076923,0.3827160493827161,0.32877604166666663,1.0,0.631196907822589,0.8799999999999999,,1.0,1.0,1.0,1.0,1.0,1.0,0.0,1.0,1.0,0.7027027027027026,0.4,0.24242424242424243,0.12903225806451615,0.09979838560926617,0.5,0.33333333333333337,0.26666666666666666,0.4444444444444444,0.0
db25_IIS-Q_db25:68-es,0.0,0.0,0.0,0.05148551848842733,0.3326231606824461,0.397253047687416,0.21089672205953397,0.0,0.0,0.0,0.0,0.3333333333333333,0.34337349397590367,0.45510204081632655,0.0,0.1232411380452624,0.09302325581395349,,0.0,1.0,0.14303090470153182,0.14303090470153182,0.09302325581395349,0.09302325581395349,0.0,1.0,0.0,0.45454545454545453,0.23809523809523808,0.15,0.10526315789473685,0.10102470562774991,0.5384615384615384,0.3846153846153846,0.29411764705882354,0.5555555555555556,0.0
db25_IIS-Q_db25:69-en,0.0,0.0,0.0,0.03926206826371507,0.319047719358496,0.5986906887760552,0.21089672205953397,0.0,0.0,0.0,0.0,0.391304347826087,0.24285714285714288,0.48677248677248686,0.0,0.27668736912821895,0.24390243902439027,,0.0,0.0,0.11824658049755846,0.11824658049755846,0.15384615384615385,0.15384615384615385,0.0,1.0,0.0,0.4727272727272727,0.339622641509434,0.23529411764705885,0.163265306122449,0.16564565321939204,0.48484848484848486,0.36363636363636365,0.25,0.6666666666666666,0.2
db25_IIS-Q_db25:69-es,0.0,0.0,0.0,0.05148551848842733,0.3326231606824461,0.4582665201009639,0.1757340838011157,0.0,0.0,0.0,0.0,0.2413793103448276,0.2272727272727273,0.45510204081632655,0.0,0.38163309113713373,0.05,,0.0,1.0,0.23287896954139942,0.23287896954139942,0.0392156862745098,0.0392156862745098,0.0,1.0,0.0,0.3846153846153846,0.12000000000000001,0.041666666666666664,0.0,0.23287896954139942,0.5384615384615384,0.3846153846153846,0.29411764705882354,0.5555555555555556,0.6666666666666666
db25_IIS-Q_db25:7-en,1.0,1.0,1.0,0.10331836199432684,0.3881392351074342,0.8226876614429063,0.3333333333333333,1.0,1.0,1.0,1.0,0.75,0.5093457943925234,0.6036745406824148,1.0,0.7825422900366437,1.0,,1.0,1.0,1.0,1.0,1.0,1.0,0.0,1.0,1.0,0.7234042553191489,0.5333333333333333,0.372093023255814,0.24390243902439027,0.2852636439147137,0.7096774193548387,0.5806451612903226,0.47368421052631576,0.75,0.0
db25_IIS-Q_db25:7-es,0.0,0.0,0.0,0.03154426142961358,0.3073439571452231,0.4050462936504912,0.1827439976315568,0.0,0.0,0.0,0.0,0.25925925925925924,0.32958801498127344,0.28181818181818186,0.0,0.03730104974484288,0.05714285714285714,,0.0,1.0,0.044179480207124866,0.044179480207124866,0.056338028169014086,0.056338028169014086,0.0,1.0,0.0,0.3448275862068965,0.21428571428571427,0.14814814814814817,0.07692307692307691,0.03431250083045762,0.38888888888888895,0.2777777777777778,0.20833333333333334,0.4166666666666667,0.0
db25_IIS-Q_db25:70-en,0.0,0.0,1.0,0.07631995551609101,0.344244659138862,0.5068420748999524,0.20521309615767264,0.0,0.0,0.0,0.0,0.3181818181818182,0.2766990291262136,0.5281690140845071,0.0,0.27854685173648897,0.05405405405405406,,0.0,0.0,0.16035502714303812,0.16035502714303812,0.05128205128205128,0.05128205128205128,0.0,1.0,0.0,0.5652173913043479,0.27272727272727276,0.14285714285714285,0.05,0.20723903671796345,0.5263157894736842,0.4210526315789474,0.32,0.6153846153846154,0.0
db25_IIS-Q_db25:70-es,0.0,0.0,1.0,0.06176286284155797,0.07585886332740452,0.4905778905196061,0.21089672205953397,1.0,0.0,0.0,0.0,0.391304347826087,0.2677824267782427,0.4265202702702703,0.0,0.20723903671796345,0.12500000000000003,,0.0,0.0,0.08211829500845846,0.0,0.0425531914893617,0.0,0.0,0.0,0.0,0.5490196078431373,0.24489795918367344,0.12765957446808507,0.04444444444444444,0.16502025820055918,0.45454545454545453,0.36363636363636365,0.25806451612903225,0.6153846153846154,0.2
db25_IIS-Q_db25:71-en,0.0,0.0,0.0,0.054464631530469834,0.33784954636368714,0.5991712703227051,0.25,0.0,0.0,0.0,0.0,0.47058823529411764,0.28,0.4597938144329897,0.0,0.4417918226831577,0.3076923076923077,,0.0,1.0,0.5019724248795793,0.5019724248795793,0.3076923076923077,0.3076923076923077,0.0,1.0,0.0,0.631578947368421,0.3888888888888889,0.1764705882352941,0.0625,0.24903286388467735,0.56,0.39999999999999997,0.3125,0.5555555555555556,0.5
db25_IIS-Q_db25:71-es,0.0,0.0,0.0,0.09720551292058478,0.35696629935334917,0.6923494970655765,0.2612038749637414,0.0,0.0,0.0,0.0,0.5,0.44047619047619047,0.5739795918367346,0.0,0.5555238068023582,0.7692307692307693,,0.0,1.0,0.6606328636027614,0.6606328636027614,0.7692307692307693,0.7692307692307693,0.0,1.0,0.0,0.6486486486486486,0.5142857142857143,0.36363636363636365,0.2580645161290323,0.30277029197532096,0.6153846153846153,0.46153846153846156,0.35294117647058826,0.6666666666666666,0.0
db25_IIS-Q_db25:72-en,0.0,0.0,0.0,0.02596010845908197,0.038799301517665405,0.4721784379339523,0.20521309615767264,0.0,0.0,0.0,0.0,0.34782608695652173,0.23550724637681164,0.38119658119658123,0.0,0.05740537002446847,0.22222222222222224,,0.0,1.0,0.02596010845908197,0.0,0.08888888888888889,0.0,0.0,0.0,0.0,0.5098039215686275,0.326530612244898,0.1702127659574468,0.08888888888888889,0.0480331865751875,0.3111111111111111,0.22222222222222227,0.1388888888888889,0.5555555555555556,0.25
db25_IIS-Q_db25:72-es,0.0,0.0,0.0,0.054464631530469834,0.33784954636368714,0.6851187890446743,0.23166247903554,0.0,0.0,0.0,0.0,0.42105263157894735,0.3476190476190476,0.4597938144329897,0.0,0.42728700639623407,0.5925925925925927,,0.0,1.0,0.5133450480401704,0.5133450480401704,0.5925925925925927,0.5925925925925927,0.0,1.0,0.0,0.6190476190476191,0.5,0.3684210526315789,0.27777777777777773,0.24903286388467735,0.56,0.39999999999999997,0.3125,0.5555555555555556,0.5
db25_IIS-Q_db25:73-en,1.0,1.0,1.0,0.04599915789122599,0.3249770112752692,0.6765100914917384,0.3090169943749474,1.0,1.0,1.0,1.0,0.6428571428571429,0.3422818791946308,0.32877604166666663,1.0,0.631196907822589,0.8695652173913043,,1.0,1.0,1.0,1.0,1.0,1.0,0.0,1.0,1.0,0.6857142857142857,0.36363636363636365,0.2580645161290323,0.13793103448275862,0.09979838560926617,0.5,0.33333333333333337,0.26666666666666666,0.4444444444444444,0.0
db25_IIS-Q_db25:73-es,1.0,1.0,1.0,0.057840878869691144,0.3437830384563755,0.7011695914588868,0.3333333333333333,1.0,1.0,1.0,1.0,0.7142857142857143,0.32692307692307687,0.46458333333333335,1.0,1.0,1.0,,1.0,1.0,1.0,1.0,1.0,1.0,0.0,1.0,1.0,0.7222222222222222,0.4117647058823529,0.25,0.13333333333333333,0.2829559628326351,0.5833333333333334,0.4166666666666667,0.3333333333333333,0.5555555555555556,0.0
db25_IIS-Q_db25:74-en,1.0,1.0,1.0,0.26822436109275993,0.6816394236065233,0.8381580761249497,0.3090169943749474,1.0,1.0,1.0,1.0,0.7058823529411765,0.35820895522388063,0.7258953168044078,1.0,0.5773502691896257,0.6808510638297872,,1.0,1.0,0.3251708881919417,0.3251708881919417,0.5333333333333333,0.5333333333333333,0.0,1.0,1.0,0.7796610169491525,0.5964912280701754,0.4,0.22641509433962265,0.26822436109275993,0.5789473684210527,0.5789473684210527,0.4583333333333333,0.7857142857142857,0.0
db25_IIS-Q_db25:74-es,0.6666666666666666,0.5,1.0,0.20617350508583812,0.6819781588801552,0.8140915784106946,0.3090169943749474,1.0,0.6666666666666666,1.0,1.0,0.7058823529411765,0.4111111111111111,0.790454884414616,0.5,0.13399886170122643,0.2641509433962264,,0.0,0.5,0.11578979776479655,0.11578979776479655,0.25742574257425743,0.25742574257425743,0.0,1.0,1.0,0.7796610169491525,0.5964912280701754,0.4,0.2641509433962264,0.09699835336314587,0.6486486486486486,0.6486486486486486,0.5217391304347826,0.8571428571428571,0.2
db25_IIS-Q_db25:75-en,0.0,0.0,0.0,0.039246809803014336,0.31889198937372304,0.5802113724356687,0.21712927295533244,0.0,0.0,0.0,0.0,0.35,0.3701923076923077,0.35065960085691733,0.0,0.05206304128358363,0.14634146341463417,,0.0,1.0,0.03496035473784023,0.03496035473784023,0.11320754716981134,0.11320754716981134,0.0,1.0,0.0,0.44000000000000006,0.20833333333333331,0.13043478260869568,0.045454545454545456,0.04179174237138872,0.39999999999999997,0.3111111111111111,0.25,0.4117647058823529,0.0
db25_IIS-Q_db25:75-es,0.0,0.0,0.0,0.04057909409324305,0.3280375452417601,0.3484365738222833,0.16952084719853724,0.0,0.0,0.0,0.0,0.2,0.28837209302325584,0.3880352209944752,0.0,0.08532830428686977,0.0,,0.0,0.0,0.06399862641607625,0.06399862641607625,0.0,0.0,0.0,1.0,0.0,0.3529411764705882,0.12244897959183672,0.0425531914893617,0.0,0.07630739451797648,0.4444444444444445,0.35555555555555557,0.2857142857142857,0.47058823529411764,0.0
db25_IIS-Q_db25:76-en,0.0,0.0,0.0,0.004866107601406382,0.42309152690035157,0.5455954715763786,0.14118784806383944,0.0,0.0,0.0,0.0,0.22916666666666666,0.2174535050071531,0.13187674094707522,0.0,0.0017784829977507803,0.07407407407407407,,0.0,1.0,0.0003772080517542229,0.0003772080517542229,0.06593406593406592,0.06593406593406592,0.0,1.0,0.0,0.3076923076923077,0.20869565217391306,0.12389380530973453,0.09009009009009009,0.005835510931672282,0.2765957446808511,0.2340425531914894,0.6875,0.14102564102564102,0.0
db25_IIS-Q_db25:76-es,0.0,0.0,0.0,0.06935204704241764,0.41019515461774725,0.5275443983747534,0.1380262631157473,0.0,0.0,0.0,0.0,0.2909090909090909,0.27753934191702434,0.24206241519674354,0.0,0.09712794623590677,0.12068965517241378,,0.0,1.0,0.009893097678647905,0.009893097678647905,0.10101010101010101,0.10101010101010101,0.0,0.0,0.0,0.3255813953488372,0.23622047244094488,0.20799999999999996,0.1788617886178862,0.10291076230594501,0.4247787610619469,0.35398230088495575,0.5714285714285714,0.2564102564102564,0.0
db25_IIS-Q_db25:77-en,1.0,1.0,1.0,0.043361823900229905,0.39468874564711276,0.7096774193548389,0.3333333333333333,1.0,1.0,1.0,1.0,0.7142857142857143,0.5695364238410596,0.275089605734767,1.0,0.7788007830714049,0.923076923076923,,1.0,1.0,0.537845493675679,0.537845493675679,0.7586206896551724,0.7586206896551724,0.0,1.0,1.0,0.6829268292682927,0.358974358974359,0.2162162162162162,0.1142857142857143,0.19030803078613118,0.5925925925925926,0.4444444444444444,0.5454545454545454,0.375,0.0
db25_IIS-Q_db25:77-es,1.0,1.0,1.0,0.043361823900229905,0.39468874564711276,0.7096774193548389,0.3333333333333333,1.0,1.0,1.0,1.0,0.7142857142857143,0.5695364238410596,0.275089605734767,1.0,0.7788007830714049,0.923076923076923,,1.0,1.0,0.537845493675679,0.537845493675679,0.7586206896551724,0.7586206896551724,0.0,1.0,1.0,0.6829268292682927,0.358974358974359,0.2162162162162162,0.1142857142857143,0.19030803078613118,0.5925925925925926,0.4444444444444444,0.5454545454545454,0.375,0.0
db25_IIS-Q_db25:78-en,0.13333333333333333,1.0,0.07142857142857142,0.2790667953873104,0.677721244301373,0.5714962081183306,0.21712927295533244,0.0,0.13333333333333333,0.13333333333333333,1.0,0.48,0.2152777777777778,0.6137332196888983,1.0,0.3495567922165831,0.39473684210526316,,1.0,1.0,0.25191870958600737,0.25191870958600737,0.2647058823529412,0.2647058823529412,0.0,1.0,0.07142857142857142,0.4657534246575342,0.3380281690140845,0.2318840579710145,0.14925373134328357,0.2790667953873104,0.5588235294117647,0.5588235294117647,0.4318181818181818,0.7916666666666666,0.0
db25_IIS-Q_db25:78-es,0.6829268292682926,0.5185185185185185,1.0,0.4185938787651429,0.7681100081528243,0.6799001036500848,0.23166247903554,0.0,0.6829268292682926,0.9655172413793104,1.0,0.5217391304347826,0.375,0.6870370899939946,1.0,0.5276326929200411,0.3728813559322034,,1.0,0.5185185185185185,0.47230415183076413,0.47230415183076413,0.5106382978723404,0.5106382978723404,0.0,1.0,1.0,0.5806451612903226,0.3666666666666667,0.20689655172413793,0.10714285714285714,0.4185938787651429,0.68,0.68,0.6538461538461539,0.7083333333333334,0.0
db25_IIS-Q_db25:79-en,1.0,1.0,1.0,0.054464631530469834,0.33784954636368714,0.7603738308405917,0.36602540378443865,1.0,1.0,1.0,1.0,0.7692307692307693,0.3389830508474576,0.4597938144329897,1.0,0.7825422900366437,1.0,,1.0,1.0,1.0,1.0,1.0,1.0,0.0,1.0,1.0,0.7368421052631579,0.4444444444444444,0.23529411764705882,0.125,0.24903286388467735,0.56,0.39999999999999997,0.3125,0.5555555555555556,0.0
db25_IIS-Q_db25:79-es,1.0,1.0,1.0,0.049070511103326775,0.33040892997942867,0.7378505542816148,0.3333333333333333,1.0,1.0,1.0,1.0,0.6923076923076923,0.3614457831325302,0.33223684210526316,1.0,0.767279645960659,0.8799999999999999,,1.0,1.0,1.0,1.0,1.0,1.0,0.0,1.0,1.0,0.7027027027027026,0.4,0.24242424242424243,0.12903225806451615,0.11858206329002834,0.5217391304347826,0.34782608695652173,0.2857142857142857,0.4444444444444444,0.0
db25_IIS-Q_db25:8-en,0.0,0.0,0.0,0.06477685362622818,0.5690314984287117,0.8559155419457906,0.2612038749637414,0.0,0.0,0.0,0.0,0.5294117647058824,0.4163265306122449,0.5247058823529414,0.0,0.16943571815930883,0.6285714285714286,,0.0,0.0,0.18207052811092134,0.18207052811092134,0.6285714285714286,0.6285714285714286,0.0,1.0,0.0,0.6799999999999999,0.5833333333333333,0.47826086956521735,0.36363636363636365,0.06477685362622818,0.3448275862068965,0.3448275862068965,0.22727272727272727,0.7142857142857143,0.0
db25_IIS-Q_db25:8-es,0.0,0.0,0.0,0.020787551298629345,0.5260323651285157,0.5612527593092492,0.21089672205953397,0.0,0.0,0.0,0.0,0.36363636363636365,0.3076923076923077,0.2662037037037038,0.0,0.0249392608540022,0.1111111111111111,,0.0,1.0,0.020787551298629345,0.0,0.08888888888888888,0.0,0.0,0.0,0.0,0.4705882352941177,0.24489795918367344,0.1702127659574468,0.08888888888888888,0.020787551298629345,0.15000000000000002,0.15000000000000002,0.09090909090909091,0.42857142857142855,0.0
db25_IIS-Q_db25:80-en,0.6666666666666666,0.5,1.0,0.6330479330952562,0.8641443362149905,0.947514248563855,0.4142135623730951,1.0,0.6666666666666666,1.0,1.0,0.8947368421052632,0.703125,0.8931298670784102,1.0,0.60444305032273,0.5599999999999999,,1.0,0.5,0.3657482164956336,0.3657482164956336,0.30769230769230765,0.30769230769230765,0.0,1.0,1.0,0.9285714285714286,0.8148148148148148,0.6538461538461539,0.5599999999999999,0.6330479330952562,0.8749999999999999,0.8749999999999999,0.8235294117647058,0.9333333333333333,0.0
db25_IIS-Q_db25:80-es,0.6666666666666666,0.5,1.0,0.6330479330952562,0.8641443362149905,0.947514248563855,0.4142135623730951,1.0,0.6666666666666666,1.0,1.0,0.8947368421052632,0.703125,0.8931298670784102,1.0,0.60444305032273,0.5599999999999999,,1.0,0.5,0.3657482164956336,0.3657482164956336,0.30769230769230765,0.30769230769230765,0.0,1.0,1.0,0.9285714285714286,0.8148148148148148,0.6538461538461539,0.5599999999999999,0.6330479330952562,0.8749999999999999,0.8749999999999999,0.8235294117647058,0.9333333333333333,0.0
db25_IIS-Q_db25:81-en,0.0,0.0,0.0,0.0,0.0,0.0,0.2240092377397959,0.0,0.0,0.0,0.0,0.0,0.0,0.0,0.0,0.0,0.0,,0.0,1.0,0.0,0.0,0.0,0.0,0.0,0.0,0.0,0.0,0.0,0.0,0.0,0.0,0.0,0.0,0.0,0.0,0.0
db25_IIS-Q_db25:81-es,0.0,0.0,0.0,0.026505367117414535,0.2946874306184906,0.6414339187984492,0.1951941016011038,0.0,0.0,0.0,0.0,0.32,0.3097345132743363,0.26158827539195634,0.0,0.06077433806998477,0.030769230769230767,,0.0,1.0,0.026829217398725274,0.026829217398725274,0.017857142857142856,0.017857142857142856,0.0,1.0,0.0,0.3835616438356165,0.19718309859154928,0.08695652173913043,0.029850746268656716,0.05112954418418474,0.39215686274509803,0.23529411764705885,0.16216216216216217,0.42857142857142855,0.2
db25_IIS-Q_db25:82-en,0.0,0.0,1.0,0.04593995645891441,0.05958351572344851,0.654005706157944,0.18660549686337075,1.0,0.0,0.0,0.0,0.3448275862068966,0.212180746561886,0.32877604166666663,0.0,0.06291222867108896,0.0784313725490196,,0.0,0.0,0.06721805475146306,0.0,0.04395604395604396,0.0,0.0,0.0,0.0,0.3125,0.1276595744680851,0.08695652173913043,0.044444444444444446,0.05219786822329223,0.35714285714285715,0.28571428571428564,0.20512820512820512,0.47058823529411764,0.0
db25_IIS-Q_db25:82-es,0.0,0.0,1.0,0.11519134505062673,0.3853550530931552,0.8278327231656523,0.3090169943749474,0.0,0.0,0.0,0.0,0.7058823529411765,0.4383561643835616,0.5357142857142858,0.0,0.5072784644062104,0.68,,0.0,0.0,0.9011400823378845,0.9011400823378845,0.9411764705882353,0.9411764705882353,0.0,1.0,0.0,0.7142857142857143,0.5185185185185185,0.4230769230769231,0.32,0.2719326877457978,0.6153846153846153,0.5128205128205129,0.45454545454545453,0.5882352941176471,0.0
db25_IIS-Q_db25:83-en,0.6666666666666666,0.5,1.0,0.07946621785390086,0.348212624415968,0.7477908641261862,0.28989794855663564,1.0,0.6666666666666666,1.0,1.0,0.6666666666666666,0.311284046692607,0.3546875,0.5,0.2600768235722905,0.5652173913043478,,0.0,0.5,0.30620490882364876,0.30620490882364876,0.6521739130434783,0.6521739130434783,0.0,1.0,1.0,0.7241379310344828,0.5357142857142857,0.40740740740740744,0.30769230769230765,0.1202880180990873,0.631578947368421,0.4210526315789474,0.3333333333333333,0.5714285714285714,0.0
db25_IIS-Q_db25:83-es,0.0,0.0,0.0,0.11546230243096413,0.3817446330019269,0.6831300510639733,0.25,0.0,0.0,0.0,0.0,0.5263157894736842,0.3055555555555556,0.47355561943087093,0.0,0.5266230697502109,0.7567567567567568,,0.0,0.0,0.2663148666059401,0.2663148666059401,0.5945945945945945,0.5945945945945945,0.0,1.0,0.0,0.6296296296296295,0.4615384615384615,0.36,0.2916666666666667,0.3835193624233828,0.6000000000000001,0.4666666666666667,0.4375,0.5,0.0
db25_IIS-Q_db25:84-en,0.0,0.0,0.0,0.04613950790419425,0.3676131129038031,0.31914236925211265,0.20521309615767264,0.0,0.0,0.0,0.0,0.3181818181818182,0.4064171122994652,0.2920658059142024,0.0,0.4081851142423725,0.13333333333333333,,0.0,0.0,0.07766501652420724,0.07766501652420724,0.0,0.0,0.0,1.0,0.0,0.33333333333333337,0.15,0.052631578947368425,0.0,0.2790543817181093,0.5555555555555556,0.38888888888888884,0.4375,0.35,0.0
db25_IIS-Q_db25:84-es,0.0,0.0,0.0,0.05106175918144185,0.3684919706030888,0.3202563076101743,0.23166247903554,0.0,0.0,0.0,0.0,0.42105263157894735,0.42245989304812837,0.3238234069137859,0.0,0.3963410285961713,0.1081081081081081,,0.0,1.0,0.44833867003844585,0.44833867003844585,0.2777777777777778,0.2777777777777778,0.0,1.0,0.0,0.372093023255814,0.14634146341463414,0.05128205128205127,0.0,0.2718000132498333,0.5,0.38888888888888884,0.4375,0.35,0.0
db25_IIS-Q_db25:85-en,1.0,1.0,1.0,0.13190955568171472,0.39013714708514513,0.7223151185146155,0.3090169943749474,1.0,1.0,1.0,1.0,0.6428571428571429,0.34426229508196726,0.48478260869565226,1.0,0.767279645960659,0.8799999999999999,,1.0,1.0,1.0,1.0,1.0,1.0,0.0,1.0,1.0,0.7647058823529411,0.5625,0.4666666666666667,0.3571428571428571,0.28997844147152074,0.7000000000000001,0.5,0.45454545454545453,0.5555555555555556,0.0
db25_IIS-Q_db25:85-es,1.0,1.0,1.0,0.13190955568171472,0.39013714708514513,0.7490058862731381,0.3333333333333333,1.0,1.0,1.0,1.0,0.6923076923076923,0.3492063492063492,0.48478260869565226,1.0,0.767279645960659,0.8799999999999999,,1.0,1.0,1.0,1.0,1.0,1.0,0.0,1.0,1.0,0.7647058823529411,0.5625,0.4666666666666667,0.3571428571428571,0.28997844147152074,0.7000000000000001,0.5,0.45454545454545453,0.5555555555555556,0.0
db25_IIS-Q_db25:86-en,0.0,0.0,0.0,0.046388791210307104,0.3329681786833017,0.5731267284306271,0.25,0.0,0.0,0.0,0.0,0.5,0.30456852791878175,0.37307380373073806,0.0,0.342347495586902,0.21052631578947367,,0.0,1.0,0.08420602453338226,0.08420602453338226,0.3243243243243243,0.3243243243243243,0.0,1.0,0.0,0.5106382978723404,0.26666666666666666,0.13953488372093023,0.04878048780487805,0.22537412722674852,0.6060606060606061,0.3636363636363637,0.3,0.46153846153846156,0.0
db25_IIS-Q_db25:86-es,0.0,0.0,0.0,0.042509295200745076,0.3253701634221322,0.7244616763479585,0.27429188517743175,0.0,0.0,0.0,0.0,0.6111111111111112,0.33755274261603374,0.3677058353317346,0.0,0.3759663529467017,0.3,,0.0,1.0,0.07868828436426348,0.07868828436426348,0.15,0.15,0.0,1.0,0.0,0.6415094339622641,0.27450980392156865,0.12244897959183673,0.0,0.22866722231574907,0.5714285714285714,0.3428571428571428,0.2727272727272727,0.46153846153846156,0.3333333333333333
db25_IIS-Q_db25:87-en,0.0,0.0,0.0,0.27571859863660825,0.7189296496591521,0.8275159265510555,0.2612038749637414,0.0,0.0,0.0,0.0,0.5789473684210527,0.4222222222222223,0.7921898782343987,0.0,0.40896014720436774,0.3,,0.0,1.0,0.08481907240620101,0.08481907240620101,0.41025641025641024,0.41025641025641024,0.0,1.0,0.0,0.7692307692307693,0.52,0.375,0.2173913043478261,0.27571859863660825,0.7058823529411764,0.7058823529411764,0.6,0.8571428571428571,0.0
db25_IIS-Q_db25:87-es,0.0,0.0,0.0,0.24688498672025874,0.5492212466800647,0.6593804733957869,0.27429188517743175,0.0,0.0,0.0,0.0,0.6111111111111112,0.3349753694581281,0.6050228310502284,0.0,0.7825422900366437,0.8000000000000002,,0.0,1.0,0.1700741884283839,0.1700741884283839,0.47368421052631576,0.47368421052631576,0.0,1.0,0.0,0.6530612244897959,0.46808510638297873,0.26666666666666666,0.13953488372093023,0.3264128346656048,0.6470588235294117,0.5294117647058824,0.45,0.6428571428571429,0.3333333333333333
db25_IIS-Q_db25:88-en,0.0,0.0,0.0,0.06925448261712436,0.37824061939718606,0.6504138908235721,0.1951941016011038,0.0,0.0,0.0,0.0,0.34615384615384615,0.2535211267605634,0.3931623931623932,0.0,0.41154215810165745,0.4444444444444444,,0.0,1.0,0.43742343691381713,0.43742343691381713,0.588235294117647,0.588235294117647,0.0,1.0,0.0,0.5555555555555556,0.38461538461538464,0.28,0.20833333333333331,0.4089601472043678,0.6153846153846154,0.46153846153846156,0.46153846153846156,0.46153846153846156,0.0
db25_IIS-Q_db25:88-es,0.0,0.0,0.0,0.05053904564754847,0.3508616162355547,0.7430428494079854,0.2,0.0,0.0,0.0,0.0,0.42857142857142855,0.31355932203389836,0.4209183673469388,0.0,0.4211813371894875,0.3571428571428571,,0.0,1.0,0.4832697830906221,0.4832697830906221,0.4444444444444445,0.4444444444444445,0.0,1.0,0.0,0.6176470588235294,0.3939393939393939,0.28125,0.1935483870967742,0.27602580646531577,0.5625,0.4375,0.3684210526315789,0.5384615384615384,0.0
db25_IIS-Q_db25:89-en,0.0,0.0,1.0,0.0,0.0,0.0,0.17253779651421453,1.0,0.0,0.0,0.0,0.0,0.0,0.0,0.0,0.0,0.0,,0.0,0.0,0.0,0.0,0.0,0.0,0.0,0.0,0.0,0.0,0.0,0.0,0.0,0.0,0.0,0.0,0.0,0.0,0.0
db25_IIS-Q_db25:89-es,0.0,0.0,1.0,0.09335867890776095,0.3730805470874642,0.6875000000000001,0.20521309615767264,0.0,0.0,0.0,0.0,0.4230769230769231,0.2772727272727272,0.43088573619631904,0.0,0.40325042950627804,0.4583333333333333,,0.0,0.0,0.15084613587245035,0.15084613587245035,0.46153846153846156,0.46153846153846156,0.0,1.0,0.0,0.5614035087719298,0.3636363636363637,0.30188679245283023,0.23529411764705882,0.2680165156355778,0.5714285714285714,0.45714285714285713,0.42105263157894735,0.5,0.0
db25_IIS-Q_db25:9-en,0.0,0.0,0.0,0.04646169266958037,0.07383938797103293,0.6132223631495077,0.28989794855663564,0.0,0.0,0.0,0.0,0.625,0.28248587570621464,0.446,0.0,0.31455601883230705,0.8571428571428571,,0.0,1.0,0.04646169266958037,0.0,0.11764705882352941,0.0,0.0,0.0,0.0,0.7,0.47368421052631576,0.2777777777777778,0.11764705882352941,0.2061477352156375,0.5,0.35714285714285715,0.2631578947368421,0.5555555555555556,0.5
db25_IIS-Q_db25:9-es,0.0,0.0,0.0,0.031579834668896446,0.0482198745835568,0.6330541649476575,0.2,0.0,0.0,0.0,0.0,0.38461538461538464,0.26639344262295084,0.40545454545454557,0.0,0.07460730850126862,0.3333333333333333,,0.0,1.0,0.031579834668896446,0.0,0.044444444444444446,0.0,0.0,0.0,0.0,0.5490196078431372,0.24489795918367344,0.12765957446808512,0.044444444444444446,0.0593474217460157,0.368421052631579,0.26315789473684215,0.1724137931034483,0.5555555555555556,1.0
db25_IIS-Q_db25:90-en,0.0,0.0,0.0,0.057840878869691144,0.3437830384563755,0.7418318309487703,0.23166247903554,0.0,0.0,0.0,0.0,0.42105263157894735,0.40414507772020725,0.31631205673758866,0.0,0.25607970016522746,0.3636363636363637,,0.0,1.0,0.075434031568601,0.075434031568601,0.1764705882352941,0.1764705882352941,0.0,1.0,0.0,0.5833333333333334,0.3913043478260869,0.2727272727272727,0.14285714285714282,0.14668145565373217,0.4827586206896552,0.3448275862068965,0.3333333333333333,0.35714285714285715,0.5
db25_IIS-Q_db25:90-es,0.8,0.6666666666666666,1.0,0.054464631530469834,0.33784954636368714,0.7250721665443989,0.2612038749637414,0.0,0.8,0.8,1.0,0.5294117647058824,0.3661971830985915,0.31408450704225355,1.0,0.31313195073576255,0.41025641025641024,,1.0,0.6666666666666666,0.06408227201628795,0.06408227201628795,0.125,0.125,0.0,1.0,1.0,0.5882352941176471,0.40816326530612246,0.25531914893617025,0.1333333333333333,0.24903286388467735,0.4666666666666667,0.3333333333333333,0.3125,0.35714285714285715,0.0
db25_IIS-Q_db25:91-en,0.0,0.0,1.0,0.08062554435318109,0.3561105902866866,0.7442084075352509,0.2402530733520421,0.0,0.0,0.0,0.0,0.47368421052631576,0.2777777777777778,0.4230986445783133,0.0,0.26518122980477765,0.2285714285714286,,0.0,0.0,0.13832182094252443,0.13832182094252443,0.21621621621621623,0.21621621621621623,0.0,1.0,0.0,0.6,0.33333333333333337,0.21739130434782608,0.0909090909090909,0.17509131039045966,0.5789473684210527,0.4210526315789474,0.36363636363636365,0.5,0.0
db25_IIS-Q_db25:91-es,0.0,0.0,1.0,0.08062554435318109,0.3561105902866866,0.7442084075352509,0.2402530733520421,0.0,0.0,0.0,0.0,0.47368421052631576,0.28,0.4230986445783133,0.0,0.26518122980477765,0.2285714285714286,,0.0,0.0,0.13832182094252443,0.13832182094252443,0.21621621621621623,0.21621621621621623,0.0,1.0,0.0,0.6,0.33333333333333337,0.21739130434782608,0.0909090909090909,0.17509131039045966,0.5789473684210527,0.4210526315789474,0.36363636363636365,0.5,0.0
db25_IIS-Q_db25:92-en,1.0,1.0,1.0,0.035639019120366655,0.3155962555121654,0.601929265428846,0.2402530733520421,1.0,1.0,1.0,1.0,0.47368421052631576,0.32432432432432434,0.14367816091954025,1.0,0.10982534778338751,0.21739130434782608,,1.0,1.0,0.06383860987626995,0.06383860987626995,0.21739130434782608,0.21739130434782608,0.0,1.0,1.0,0.4363636363636364,0.22641509433962265,0.1568627450980392,0.08163265306122448,0.07859213231194676,0.4736842105263158,0.2631578947368421,0.23809523809523808,0.29411764705882354,0.0
db25_IIS-Q_db25:92-es,0.0,0.0,0.0,0.0314169854934702,0.3097047331882219,0.6962129576993259,0.2402530733520421,0.0,0.0,0.0,0.0,0.47368421052631576,0.3079847908745247,0.3094318808604523,0.0,0.2698086572576356,0.25,,0.0,1.0,0.056343216023618393,0.056343216023618393,0.14285714285714285,0.14285714285714285,0.0,1.0,0.0,0.47761194029850745,0.24615384615384614,0.12698412698412698,0.06557377049180327,0.12577829595095136,0.3673469387755102,0.2857142857142857,0.21875,0.4117647058823529,0.3333333333333333
db25_IIS-Q_db25:93-en,0.0,0.0,0.0,0.03415317583358608,0.06259350266943565,0.5731205399256526,0.1827439976315568,0.0,0.0,0.0,0.0,0.3103448275862069,0.323943661971831,0.23694267515923564,0.0,0.12623090722170346,0.17543859649122806,,0.0,1.0,0.030058610899907603,0.0,0.07843137254901962,0.0,0.0,0.0,0.0,0.37681159420289856,0.20895522388059704,0.12307692307692307,0.06349206349206349,0.08062554435318109,0.43243243243243246,0.27027027027027023,0.22727272727272727,0.3333333333333333,0.0
db25_IIS-Q_db25:93-es,0.0,0.0,0.0,0.014409031586309441,0.27406030561692046,0.4322745815666393,0.15894454156034005,0.0,0.0,0.0,0.0,0.24324324324324326,0.27348066298342544,0.19375,0.0,0.033838545469377736,0.15384615384615385,,0.0,1.0,0.015080998782842234,0.0,0.057971014492753624,0.0,0.0,0.0,0.0,0.3448275862068965,0.16470588235294117,0.09638554216867469,0.049382716049382706,0.027797419936520344,0.19444444444444442,0.1388888888888889,0.08771929824561403,0.3333333333333333,0.0
db25_IIS-Q_db25:94-en,0.0,0.0,0.0,0.08252159623508792,0.34068129334753505,0.8168991656085097,0.25,0.0,0.0,0.0,0.0,0.5,0.40217391304347827,0.4295051353874883,0.0,0.2737928561916526,0.7199999999999999,,0.0,0.0,0.24739977342883948,0.24739977342883948,0.627450980392157,0.627450980392157,0.0,1.0,0.0,0.7419354838709677,0.5666666666666668,0.44827586206896547,0.32142857142857145,0.113316848391869,0.5161290322580645,0.3870967741935483,0.3,0.5454545454545454,0.0
db25_IIS-Q_db25:94-es,0.0,0.0,0.0,0.08252159623508792,0.34068129334753505,0.8071155891380688,0.25,0.0,0.0,0.0,0.0,0.5,0.4312977099236641,0.4295051353874883,0.0,0.5437427682227519,0.8799999999999999,,0.0,0.0,0.45723134461864345,0.45723134461864345,0.7450980392156864,0.7450980392156864,0.0,1.0,0.0,0.7419354838709677,0.5666666666666668,0.44827586206896547,0.32142857142857145,0.113316848391869,0.5161290322580645,0.3870967741935483,0.3,0.5454545454545454,0.0
db25_IIS-Q_db25:95-en,0.3076923076923077,0.18181818181818182,1.0,0.04435867375363758,0.32898673821128543,0.5714630769430153,0.2612038749637414,0.0,0.3076923076923077,0.3076923076923077,1.0,0.5555555555555556,0.35789473684210527,0.5010893246187365,0.25,0.34791594751284466,0.5454545454545454,,0.0,0.18181818181818182,0.08675107600029897,0.08675107600029897,0.2857142857142857,0.2857142857142857,0.0,1.0,1.0,0.5818181818181818,0.41509433962264153,0.3137254901960784,0.2448979591836735,0.2404315522172745,0.5333333333333333,0.4,0.2857142857142857,0.6666666666666666,0.0
db25_IIS-Q_db25:95-es,0.0,0.0,0.0,0.016609469368403847,0.27363186533415457,0.3410932504096795,0.17253779651421453,0.0,0.0,0.0,0.0,0.25806451612903225,0.19306930693069302,0.31857142857142856,0.0,0.04360595024125051,0.25396825396825395,,0.0,1.0,0.016609469368403847,0.0,0.06349206349206349,0.0,0.0,0.0,0.0,0.4347826086956522,0.26865671641791045,0.15384615384615385,0.06349206349206349,0.038024260293485095,0.2058823529411765,0.14705882352941177,0.0847457627118644,0.5555555555555556,0.0
db25_IIS-Q_db25:96-en,0.7650050864699898,0.8120950323974082,0.7230769230769231,0.5009116530774381,0.8076603457017919,0.9296931043590045,0.36602540378443865,0.0,0.7650050864699898,0.8392857142857143,1.0,0.8333333333333334,0.6056910569105691,0.8370474793645368,1.0,0.48281061888285387,0.4074074074074074,0.6753191357179631,1.0,0.8120950323974082,0.4245990361593235,0.4245990361593235,0.5384615384615384,0.5384615384615384,0.0,1.0,0.7230769230769231,0.8421052631578947,0.7272727272727272,0.5660377358490566,0.4313725490196078,0.5009116530774381,0.8307692307692307,0.8307692307692307,0.7297297297297297,0.9642857142857143,0.0
db25_IIS-Q_db25:96-es,0.7650050864699898,0.8120950323974082,0.7230769230769231,0.5410822690539396,0.8227705672634849,0.9354143466934857,0.4142135623730951,0.0,0.7650050864699898,0.8392857142857143,1.0,0.8823529411764706,0.6286919831223629,0.8399538942234415,1.0,0.5049361948239651,0.41509433962264153,0.6753191357179631,1.0,0.8120950323974082,0.2764393753270045,0.2764393753270045,0.2745098039215686,0.2745098039215686,0.0,1.0,0.7230769230769231,0.8571428571428571,0.7777777777777777,0.6153846153846154,0.4799999999999999,0.5410822690539396,0.8437499999999999,0.8437499999999999,0.75,0.9642857142857143,0.0
db25_IIS-Q_db25:97-en,0.6956521739130436,0.5333333333333333,1.0,0.05101971933757373,0.3420264595097898,0.6056938825554371,0.1951941016011038,0.0,0.6956521739130436,0.6956521739130435,1.0,0.39285714285714285,0.2857142857142857,0.4599230996746524,1.0,0.38503228868787126,0.4827586206896552,,1.0,0.5333333333333333,0.17612509299989856,0.17612509299989856,0.39436619718309857,0.39436619718309857,0.0,1.0,1.0,0.5625,0.3548387096774193,0.23333333333333334,0.1379310344827586,0.2591641360720012,0.5294117647058824,0.41176470588235287,0.3333333333333333,0.5384615384615384,0.0
db25_IIS-Q_db25:97-es,0.0,0.0,0.0,0.033697933126700795,0.051814756538806045,0.6153895428997089,0.14459058185587106,0.0,0.0,0.0,0.0,0.20454545454545456,0.21141374837872895,0.25833333333333336,0.0,0.1849304691034943,0.013422818791946308,,0.0,1.0,0.033697933126700795,0.0,0.013245033112582781,0.0,0.0,0.0,0.0,0.20238095238095236,0.08433734939759037,0.036585365853658534,0.012345679012345678,0.14132052098159442,0.35000000000000003,0.25,0.18518518518518517,0.38461538461538464,1.0
db25_IIS-Q_db25:98-en,0.6666666666666666,0.5,1.0,0.07859213231194676,0.336302965590654,0.6681449215943321,0.28989794855663564,1.0,0.6666666666666666,1.0,1.0,0.625,0.34854771784232363,0.5514705882352942,0.5,0.15619291443327032,0.5,,0.0,0.5,0.14101863337620468,0.14101863337620468,0.5,0.5,0.0,1.0,1.0,0.5909090909090909,0.4285714285714286,0.3,0.21052631578947367,0.10792099460383257,0.5333333333333333,0.4,0.2857142857142857,0.6666666666666666,0.0
db25_IIS-Q_db25:98-es,0.0,0.0,0.0,0.054464631530469834,0.33784954636368714,0.692218655243173,0.2402530733520421,0.0,0.0,0.0,0.0,0.4444444444444444,0.3351648351648352,0.4597938144329897,0.0,0.42728700639623407,0.5599999999999999,,0.0,0.0,0.5133450480401704,0.5133450480401704,0.5599999999999999,0.5599999999999999,0.0,1.0,0.0,0.6,0.4736842105263159,0.33333333333333337,0.23529411764705885,0.24903286388467735,0.56,0.39999999999999997,0.3125,0.5555555555555556,0.0
db25_IIS-Q_db25:99-en,0.5,0.5,0.5,0.05133763650920006,0.33381823928175147,0.6396021490668312,0.2402530733520421,0.0,0.5,0.6666666666666666,1.0,0.47368421052631576,0.4521739130434783,0.23427960927960922,1.0,0.06387002279484062,0.27906976744186046,,1.0,0.5,0.10284675264885715,0.10284675264885715,0.22727272727272727,0.22727272727272727,0.0,1.0,0.5,0.5454545454545454,0.3773584905660377,0.27450980392156865,0.16326530612244897,0.06105108260416417,0.4736842105263158,0.3157894736842105,0.3,0.3333333333333333,0.0
db25_IIS-Q_db25:99-es,0.0,0.0,0.0,0.04854431268018176,0.33210366339620245,0.5052911526399114,0.21712927295533244,0.0,0.0,0.0,0.0,0.35,0.3695652173913043,0.13966480446927373,0.0,0.05771308056802446,0.1818181818181818,,0.0,0.0,0.09947010967747237,0.09947010967747237,0.17777777777777778,0.17777777777777778,0.0,1.0,0.0,0.39999999999999997,0.24999999999999994,0.13043478260869565,0.04545454545454545,0.06042145328136069,0.45714285714285713,0.28571428571428575,0.29411764705882354,0.2777777777777778,0.0
db25_INFAI_db25:1-en,0.0,0.0,1.0,0.10528411879349382,0.5064994020190926,0.6836401581601688,0.28989794855663564,0.0,0.0,0.0,0.0,0.6470588235294118,0.392,0.631055335197347,0.0,0.18329501222216837,0.2916666666666667,,0.0,0.0,0.2674898283343798,0.2674898283343798,0.29787234042553196,0.29787234042553196,0.0,1.0,0.0,0.6296296296296297,0.4230769230769231,0.28,0.16666666666666666,0.10725289839755656,0.608695652173913,0.5652173913043479,0.4482758620689655,0.7647058823529411,0.0
db25_INFAI_db25:1-es,0.0,0.0,1.0,0.08303192974185022,0.4758312507714567,0.5086938251105255,0.2,0.0,0.0,0.0,0.0,0.36,0.26642335766423353,0.5749482860520094,0.0,0.11338242086088003,0.0,,0.0,0.0,0.2592494576098376,0.2592494576098376,0.0,0.0,0.0,1.0,0.0,0.40624999999999994,0.16129032258064516,0.06666666666666667,0.0,0.08471019042660421,0.5,0.46153846153846156,0.34285714285714286,0.7058823529411765,0.0
db25_INFAI_db25:10-en,0.9744897959183674,0.9502487562189055,1.0,0.046690730928932465,0.34111992778149786,0.5296271413323761,0.20521309615767264,0.0,0.9744897959183674,0.9744897959183674,1.0,0.4444444444444444,0.28776978417266186,0.3776041666666667,1.0,0.6072156776384989,0.5,,1.0,0.9502487562189055,0.2626909894424158,0.2626909894424158,0.4000000000000001,0.4000000000000001,0.0,1.0,1.0,0.4571428571428572,0.23529411764705882,0.12121212121212122,0.0625,0.2723933580192579,0.619047619047619,0.380952380952381,0.3333333333333333,0.4444444444444444,0.0
db25_INFAI_db25:10-es,0.0,0.0,0.0,0.05581825683428601,0.3852152585898324,0.17391304347826092,0.1827439976315568,0.0,0.0,0.0,0.0,0.23076923076923078,0.2913669064748201,0.36062152133580705,0.0,0.3440887804979442,0.08333333333333334,,0.0,1.0,0.05744927458878387,0.0,0.0,0.0,0.0,0.0,0.0,0.25925925925925924,0.07692307692307693,0.0,0.0,0.3440887804979442,0.6875000000000001,0.43750000000000006,0.5,0.3888888888888889,0.0
db25_INFAI_db25:100-en,0.0,0.0,0.0,0.03435119588138342,0.31591025768269154,0.4918059221028961,0.2402530733520421,0.0,0.0,0.0,0.0,0.47368421052631576,0.2869955156950673,0.369321922317314,0.0,0.18226810900726562,0.28,,0.0,0.0,0.2252707911092971,0.2252707911092971,0.30188679245283023,0.30188679245283023,0.0,1.0,0.0,0.4528301886792453,0.2745098039215686,0.163265306122449,0.0851063829787234,0.04466063048625342,0.46511627906976755,0.32558139534883723,0.2413793103448276,0.5,0.0
db25_INFAI_db25:100-es,0.0,0.0,0.0,0.05101971933757373,0.3420264595097898,0.6401906392481046,0.27429188517743175,0.0,0.0,0.0,0.0,0.5882352941176471,0.3526315789473684,0.4317645425517146,0.0,0.2891784933232571,0.41025641025641024,,0.0,0.0,0.6639443396605762,0.6639443396605762,0.6341463414634146,0.6341463414634146,0.0,1.0,0.0,0.5416666666666666,0.2608695652173913,0.13636363636363635,0.04761904761904762,0.05993744684294983,0.5714285714285714,0.4,0.3333333333333333,0.5,0.0
db25_INFAI_db25:11-en,0.0,0.0,1.0,0.14937508995649412,0.3685937724891235,0.5091750772173156,0.16666666666666666,0.0,0.0,0.0,0.0,0.2857142857142857,0.37438423645320196,0.33360199728714934,0.0,0.03329548877068697,0.09195402298850575,,0.0,0.0,0.030623029807752625,0.030623029807752625,0.13157894736842105,0.13157894736842105,0.0,1.0,0.0,0.4137931034482759,0.25882352941176473,0.24096385542168675,0.22222222222222224,0.15973664997810819,0.4927536231884058,0.3768115942028986,0.325,0.4482758620689655,0.2857142857142857
db25_INFAI_db25:11-es,0.0,0.0,1.0,0.2682814119012805,0.6787724806348946,0.747461921655093,0.179128784747792,0.0,0.0,0.0,0.0,0.43243243243243246,0.5325443786982249,0.640596490286573,0.0,0.15351839779261936,0.16901408450704225,,0.0,0.0,0.21947959999379651,0.21947959999379651,0.2033898305084746,0.2033898305084746,0.0,1.0,0.0,0.6024096385542169,0.41975308641975306,0.27848101265822783,0.18181818181818182,0.18287667438179195,0.4999999999999999,0.5526315789473684,0.44680851063829785,0.7241379310344828,0.0
db25_INFAI_db25:12-en,1.0,1.0,1.0,0.12807327174314076,0.39068509849510136,0.77407026981321,0.36602540378443865,1.0,1.0,1.0,1.0,0.7692307692307693,0.46540880503144655,0.598404255319149,1.0,0.7825422900366437,1.0,,1.0,1.0,1.0,1.0,1.0,1.0,0.0,1.0,1.0,0.7999999999999999,0.606060606060606,0.45161290322580644,0.3448275862068966,0.4089601472043678,0.7272727272727274,0.5454545454545455,0.46153846153846156,0.6666666666666666,0.0
db25_INFAI_db25:12-es,0.0,0.0,0.0,0.054464631530469834,0.33784954636368714,0.6923494970655765,0.3090169943749474,0.0,0.0,0.0,0.0,0.6666666666666666,0.31666666666666665,0.4597938144329897,0.0,0.4671379777282001,0.7407407407407408,,0.0,0.0,0.5969491792019646,0.5969491792019646,0.7407407407407408,0.7407407407407408,0.0,1.0,0.0,0.717948717948718,0.3783783783783784,0.17142857142857143,0.060606060606060615,0.24903286388467735,0.56,0.39999999999999997,0.3125,0.5555555555555556,0.0
db25_INFAI_db25:13-en,0.98,0.9607843137254902,1.0,0.059279596516291624,0.3601824256461955,0.7153475240303848,0.3090169943749474,0.0,0.98,0.98,1.0,0.8,0.20869565217391306,0.5136986301369862,1.0,0.7825422900366437,0.8666666666666667,,1.0,0.9607843137254902,0.7348889200874658,0.7348889200874658,0.7894736842105263,0.7894736842105263,0.0,1.0,1.0,0.7536231884057971,0.5671641791044776,0.4615384615384615,0.380952380952381,0.3264128346656048,0.6470588235294117,0.47058823529411764,0.4,0.5714285714285714,0.0
db25_INFAI_db25:13-es,0.0,0.0,0.0,0.030553082250225037,0.3078880546013806,0.5389680556362955,0.1757340838011157,0.0,0.0,0.0,0.0,0.37142857142857144,0.2348993288590604,0.3600308047747401,0.0,0.10565621508953438,0.3333333333333333,,0.0,0.0,0.08062554435318109,0.08062554435318109,0.125,0.125,0.0,1.0,0.0,0.5066666666666667,0.273972602739726,0.14084507042253522,0.057971014492753624,0.07724527101830538,0.42553191489361697,0.2978723404255319,0.21212121212121213,0.5,0.0
db25_INFAI_db25:14-en,0.0,0.0,0.0,0.07490792309814948,0.5699180322960116,0.7200640085345977,0.36602540378443865,0.0,0.0,0.0,0.0,0.7857142857142857,0.5231788079470199,0.46296296296296297,0.0,0.7071067811865475,1.0,,0.0,1.0,1.0,1.0,1.0,1.0,0.0,0.0,0.0,0.7441860465116279,0.4878048780487805,0.25641025641025644,0.1081081081081081,0.07490792309814948,0.32,0.32,0.2222222222222222,0.5714285714285714,0.0
db25_INFAI_db25:14-es,1.0,1.0,1.0,0.17739111163122614,0.661930499779653,0.9261584224952539,0.36602540378443865,1.0,1.0,1.0,1.0,0.7692307692307693,0.8851351351351351,0.5281690140845071,1.0,0.17739111163122614,0.4444444444444444,,1.0,1.0,0.20748340713083765,0.20748340713083765,0.4444444444444444,0.4444444444444444,0.0,1.0,1.0,0.9047619047619048,0.7500000000000001,0.5789473684210527,0.4444444444444444,0.17739111163122614,0.5333333333333333,0.5333333333333333,0.5,0.5714285714285714,0.0
db25_INFAI_db25:15-en,0.0,0.0,0.0,0.16934189459315158,0.43436770254401413,0.8025723539051283,0.36602540378443865,0.0,0.0,0.0,0.0,0.75,0.8015873015873016,0.618131868131868,0.0,0.5555238068023582,0.75,,0.0,0.0,0.6606328636027614,0.6606328636027614,0.75,0.75,0.0,1.0,0.0,0.8000000000000002,0.6428571428571429,0.5384615384615384,0.5,0.5555238068023582,0.8421052631578948,0.631578947368421,0.6,0.6666666666666666,0.0
db25_INFAI_db25:15-es,1.0,1.0,1.0,0.04238217510965805,0.31674520549863205,0.7149966407987076,0.27429188517743175,1.0,1.0,1.0,1.0,0.5882352941176471,0.3474178403755869,0.4372549019607843,1.0,0.6315552371794037,0.923076923076923,,1.0,1.0,0.6479121525090147,0.6479121525090147,0.8571428571428571,0.8571428571428571,0.0,1.0,1.0,0.5909090909090909,0.3333333333333333,0.2,0.10526315789473684,0.1849304691034943,0.4666666666666666,0.33333333333333326,0.23809523809523808,0.5555555555555556,0.0
db25_INFAI_db25:16-en,1.0,1.0,1.0,0.12807327174314076,0.39068509849510136,0.7372097807744857,0.3090169943749474,1.0,1.0,1.0,1.0,0.6428571428571429,0.45890410958904104,0.598404255319149,1.0,0.5555238068023582,0.75,,1.0,1.0,0.6606328636027614,0.6606328636027614,0.75,0.75,0.0,1.0,1.0,0.7272727272727272,0.5161290322580646,0.3448275862068966,0.22222222222222224,0.4089601472043678,0.7272727272727274,0.5454545454545455,0.46153846153846156,0.6666666666666666,0.0
db25_INFAI_db25:16-es,0.0,0.0,0.0,0.08516138411042476,0.3916852367976037,0.7881104062391004,0.3333333333333333,0.0,0.0,0.0,0.0,0.6923076923076923,0.7878787878787878,0.49010989010989015,0.0,0.42728700639623407,0.48000000000000004,,0.0,0.0,0.5133450480401704,0.5133450480401704,0.48000000000000004,0.48000000000000004,0.0,1.0,0.0,0.7741935483870969,0.5517241379310344,0.3703703703703704,0.32,0.42728700639623407,0.7368421052631577,0.5263157894736842,0.5,0.5555555555555556,0.0
db25_INFAI_db25:17-en,0.6666666666666666,0.5,1.0,0.031520371161788525,0.3089855652398865,0.551012212052805,0.1827439976315568,1.0,0.6666666666666666,1.0,1.0,0.4117647058823529,0.25161290322580643,0.3872699386503068,1.0,0.1577799153853478,0.36923076923076925,,1.0,0.5,0.2881761264465535,0.2881761264465535,0.6037735849056604,0.6037735849056604,0.0,1.0,1.0,0.5135135135135135,0.3333333333333333,0.2285714285714286,0.14705882352941177,0.07405170974008436,0.43137254901960786,0.3137254901960784,0.21621621621621623,0.5714285714285714,0.0
db25_INFAI_db25:17-es,0.0,0.0,0.0,0.032334347532993406,0.3116391626341331,0.4512608598542129,0.17253779651421453,0.0,0.0,0.0,0.0,0.3235294117647059,0.17272727272727273,0.36461718445339925,0.0,0.23487811400114963,0.22222222222222224,,0.0,0.0,0.22067731046885494,0.22067731046885494,0.2272727272727273,0.2272727272727273,0.0,1.0,0.0,0.393939393939394,0.21875,0.12903225806451615,0.06666666666666667,0.17572088410223172,0.4444444444444444,0.3111111111111111,0.22580645161290322,0.5,0.0
db25_INFAI_db25:18-en,0.0,0.0,0.0,0.17076353080313766,0.5240738614241887,0.6839061884675605,0.2,0.0,0.0,0.0,0.0,0.4838709677419355,0.4370179948586118,0.6971958174904944,0.0,0.30411693818584234,0.23728813559322035,,0.0,0.0,0.24325558783239473,0.24325558783239473,0.16666666666666666,0.16666666666666666,0.0,1.0,0.0,0.5675675675675675,0.36111111111111105,0.2,0.08823529411764705,0.29268974217949606,0.619718309859155,0.5633802816901409,0.425531914893617,0.8333333333333334,0.0
db25_INFAI_db25:18-es,0.0,0.0,0.0,0.17180318832358343,0.6125710502454529,0.6203028623387459,0.18660549686337075,0.0,0.0,0.0,0.0,0.45714285714285713,0.3379721669980119,0.7107438016528925,0.0,0.1679618641253856,0.1971830985915493,,0.0,0.0,0.14514814400550818,0.14514814400550818,0.2535211267605634,0.2535211267605634,0.0,1.0,0.0,0.5348837209302326,0.38095238095238093,0.2682926829268293,0.175,0.17180318832358343,0.42718446601941745,0.42718446601941745,0.27848101265822783,0.9166666666666666,0.0
db25_INFAI_db25:19-en,1.0,1.0,1.0,0.05413574882290721,0.41060654189408874,0.6696620080077292,0.3090169943749474,1.0,1.0,1.0,1.0,0.6666666666666666,0.3726708074534162,0.36525974025974023,1.0,1.0,1.0,,1.0,1.0,1.0,1.0,1.0,1.0,0.0,1.0,1.0,0.7368421052631579,0.4444444444444444,0.23529411764705882,0.125,0.2883357434061017,0.6153846153846154,0.4615384615384615,0.6,0.375,0.0
db25_INFAI_db25:19-es,1.0,1.0,1.0,0.13126866708234686,0.4682394159940656,0.7985957062499246,0.36602540378443865,1.0,1.0,1.0,1.0,0.8,0.5341614906832298,0.5681528662420382,1.0,1.0,1.0,,1.0,1.0,1.0,1.0,1.0,1.0,0.0,1.0,1.0,0.8292682926829269,0.6153846153846153,0.4324324324324324,0.2857142857142857,0.46059894698712367,0.8275862068965517,0.6896551724137931,0.7692307692307693,0.625,0.0
db25_INFAI_db25:2-en,0.0,0.0,0.0,0.06764713950756504,0.184017048034786,0.497792483699979,0.16139047779640892,0.0,0.0,0.0,0.0,0.325,0.3068592057761733,0.3848458904109589,0.0,0.14583537232565114,0.2696629213483146,,0.0,1.0,0.052670055116196685,0.0,0.125,0.0,0.0,0.0,0.0,0.37037037037037035,0.15094339622641512,0.05769230769230769,0.0196078431372549,0.11011176269956426,0.288,0.256,0.16842105263157894,0.5333333333333333,0.0
db25_INFAI_db25:2-es,0.0,0.0,0.0,0.22802466175000174,0.7028394987708337,0.7216878364870322,0.16666666666666666,0.0,0.0,0.0,0.0,0.375,0.3036649214659686,0.604871578260934,0.0,0.24168263713164637,0.13513513513513511,,0.0,0.0,0.3343905639373485,0.3343905639373485,0.15625,0.15625,0.0,1.0,0.0,0.5050505050505051,0.26804123711340205,0.16842105263157894,0.08602150537634408,0.22802466175000174,0.6363636363636365,0.6363636363636365,0.5833333333333334,0.7,0.0
db25_INFAI_db25:20-en,0.4,0.5,0.3333333333333333,0.03665517295355458,0.3208175602611292,0.48644347282315575,0.1907435698305462,0.0,0.4,0.5,1.0,0.3793103448275862,0.21649484536082475,0.3180272108843537,0.5,0.2046592065585361,0.3243243243243243,,0.0,0.5,0.3742031646082125,0.3742031646082125,0.45901639344262296,0.45901639344262296,0.0,1.0,0.3333333333333333,0.4155844155844156,0.24,0.136986301369863,0.056338028169014086,0.07660065889514946,0.5,0.3181818181818182,0.25925925925925924,0.4117647058823529,0.0
db25_INFAI_db25:20-es,0.0,0.0,0.0,0.05355086326309536,0.3533113949453804,0.621034427937583,0.1951941016011038,0.0,0.0,0.0,0.0,0.34615384615384615,0.27402135231316727,0.3024326101249178,0.0,0.2686935029542958,0.32,,0.0,1.0,0.24385000379404742,0.24385000379404742,0.2564102564102564,0.2564102564102564,0.0,1.0,0.0,0.3870967741935484,0.23333333333333334,0.13793103448275865,0.07142857142857142,0.25576360687094823,0.48484848484848486,0.3636363636363636,0.375,0.35294117647058826,0.0
db25_INFAI_db25:21-en,1.0,1.0,1.0,0.11559748758264836,0.4046279858739208,0.6523280730534422,0.36602540378443865,1.0,1.0,1.0,1.0,0.7857142857142857,0.34285714285714286,0.5754122420789086,1.0,1.0,1.0,,1.0,1.0,1.0,1.0,1.0,1.0,0.0,1.0,1.0,0.6956521739130435,0.45454545454545453,0.3333333333333333,0.25,0.4615425015629849,0.7741935483870968,0.5806451612903226,0.5294117647058824,0.6428571428571429,0.0
db25_INFAI_db25:21-es,0.0,0.0,0.0,0.06408227201628795,0.37896573850091164,0.6236919707480434,0.28989794855663564,0.0,0.0,0.0,0.0,0.625,0.28248587570621464,0.4911494755244756,0.0,0.7825422900366437,0.5853658536585366,,0.0,0.0,0.7611606003349892,0.7611606003349892,0.5853658536585366,0.5853658536585366,0.0,1.0,0.0,0.6382978723404256,0.31111111111111117,0.1395348837209302,0.04878048780487805,0.38989389329183527,0.7096774193548386,0.5161290322580646,0.47058823529411764,0.5714285714285714,0.0
db25_INFAI_db25:22-en,0.3055555555555556,0.18032786885245902,1.0,0.05101971933757373,0.3420264595097898,0.5533167449931866,0.2,0.0,0.3055555555555556,0.3728813559322034,1.0,0.4074074074074074,0.29588014981273403,0.3468272554923609,1.0,0.4311766813440134,0.48275862068965514,,1.0,0.18032786885245902,0.46928462266459714,0.46928462266459714,0.6222222222222222,0.6222222222222222,0.0,1.0,1.0,0.44776119402985076,0.2461538461538462,0.12698412698412698,0.06557377049180328,0.1373688511317331,0.6153846153846153,0.358974358974359,0.3333333333333333,0.3888888888888889,0.0
db25_INFAI_db25:22-es,0.0,0.0,0.0,0.046690730928932465,0.34111992778149786,0.5396969907642153,0.20521309615767264,0.0,0.0,0.0,0.0,0.4444444444444444,0.27715355805243447,0.3776041666666667,0.0,0.5411927503805858,0.4307692307692308,,0.0,0.0,0.7241577342575828,0.7241577342575828,0.7450980392156863,0.7450980392156863,0.0,1.0,0.0,0.4507042253521127,0.20289855072463772,0.08955223880597013,0.03076923076923077,0.2723933580192579,0.619047619047619,0.380952380952381,0.3333333333333333,0.4444444444444444,0.0
db25_INFAI_db25:23-en,0.0,0.0,1.0,0.09820419999866373,0.3808010499996659,0.5270864463740453,0.16952084719853724,0.0,0.0,0.0,0.0,0.4,0.49689440993788825,0.3916774236255916,0.0,0.10983162729620065,0.25974025974025977,,0.0,0.0,0.10280426555367451,0.10280426555367451,0.1388888888888889,0.1388888888888889,0.0,1.0,0.0,0.4719101123595506,0.27586206896551724,0.16470588235294117,0.12048192771084337,0.14812845727869728,0.6233766233766234,0.44155844155844154,0.425,0.4594594594594595,0.0
db25_INFAI_db25:23-es,0.0,0.0,1.0,0.16780022226351615,0.4086167222325457,0.6285766645504584,0.1827439976315568,0.0,0.0,0.0,0.0,0.5238095238095238,0.5,0.4081932596671826,0.0,0.24076412101893638,0.47727272727272724,,0.0,0.0,0.12864314542060007,0.12864314542060007,0.2162162162162162,0.2162162162162162,0.0,1.0,0.0,0.5631067961165048,0.43564356435643564,0.36363636363636365,0.3298969072164949,0.2822052107603345,0.6829268292682927,0.5121951219512195,0.4666666666666667,0.5675675675675675,0.0
db25_INFAI_db25:24-en,0.23529411764705882,0.13333333333333333,1.0,0.017355376055080536,0.27786987487667053,0.6100061735428877,0.16952084719853724,0.0,0.23529411764705882,0.4,0.0,0.35135135135135137,0.24038461538461542,0.2578450735132763,0.14285714285714285,0.03522351871099809,0.2857142857142857,,0.0,0.13333333333333333,0.012736069738685343,0.012736069738685343,0.17567567567567566,0.17567567567567566,0.0,1.0,1.0,0.4905660377358491,0.36538461538461536,0.29411764705882354,0.24,0.03005808144835787,0.24390243902439027,0.17073170731707318,0.10144927536231885,0.5384615384615384,0.0
db25_INFAI_db25:24-es,0.0,0.0,0.0,0.03650116098552395,0.31370435253976936,0.6264302520481544,0.25,0.0,0.0,0.0,0.0,0.55,0.25339366515837103,0.29817404817404825,0.0,0.11747109562938354,0.2608695652173913,,0.0,0.0,0.16036171832656276,0.16036171832656276,0.2608695652173913,0.2608695652173913,0.0,1.0,0.0,0.5517241379310344,0.2857142857142857,0.14814814814814817,0.03846153846153846,0.07036696494872877,0.46153846153846156,0.30769230769230776,0.23076923076923078,0.46153846153846156,0.0
db25_INFAI_db25:25-en,0.0,0.0,1.0,0.08884593251806489,0.37080221982555545,0.6271226144578615,0.21089672205953397,0.0,0.0,0.0,0.0,0.46153846153846156,0.2566371681415929,0.5580357142857143,0.0,0.208795826063924,0.3773584905660377,,0.0,0.0,0.744373319312051,0.744373319312051,0.8372093023255814,0.8372093023255814,0.0,1.0,0.0,0.5423728813559322,0.38596491228070173,0.2909090909090909,0.18867924528301885,0.15083364266523736,0.5499999999999999,0.5,0.4166666666666667,0.625,0.0
db25_INFAI_db25:25-es,0.0,0.0,1.0,0.08184095229301509,0.3590739374483205,0.6192339656586614,0.20521309615767264,0.0,0.0,0.0,0.0,0.4444444444444444,0.24778761061946908,0.4897854203409759,0.0,0.17001078098404226,0.25925925925925924,,0.0,0.0,0.5777966168512882,0.5777966168512882,0.6818181818181818,0.6818181818181818,0.0,1.0,0.0,0.5333333333333333,0.3448275862068965,0.21428571428571427,0.1111111111111111,0.14071964689317515,0.5,0.45,0.375,0.5625,0.0
db25_INFAI_db25:26-en,0.6666666666666666,0.5,1.0,0.055235186313590694,0.3101682888082823,0.6260064360459998,0.20521309615767264,1.0,0.6666666666666666,1.0,1.0,0.4,0.3205128205128205,0.5067567567567568,1.0,0.20287366424876008,0.5,,1.0,0.5,0.08536938924453762,0.08536938924453762,0.4090909090909091,0.4090909090909091,0.0,1.0,1.0,0.5357142857142858,0.4074074074074074,0.3076923076923077,0.24,0.07584774797088144,0.41025641025641024,0.30769230769230765,0.2,0.6666666666666666,0.0
db25_INFAI_db25:26-es,0.0,0.0,0.0,0.06616869624437408,0.3584370225242072,0.7259540086406279,0.28989794855663564,0.0,0.0,0.0,0.0,0.6,0.4390243902439024,0.474468085106383,0.0,0.4671379777282001,0.4137931034482759,,0.0,0.0,0.5969491792019646,0.5969491792019646,0.4137931034482759,0.4137931034482759,0.0,1.0,0.0,0.6842105263157895,0.38888888888888884,0.17647058823529413,0.0625,0.31455601883230705,0.6363636363636364,0.4545454545454546,0.38461538461538464,0.5555555555555556,0.0
db25_INFAI_db25:27-en,1.0,1.0,1.0,0.16934189459315158,0.43436770254401413,0.8100925873009825,0.36602540378443865,1.0,1.0,1.0,1.0,0.7692307692307693,0.8175182481751825,0.618131868131868,1.0,0.5555238068023582,0.7692307692307693,,1.0,1.0,0.6606328636027614,0.6606328636027614,0.7692307692307693,0.7692307692307693,0.0,1.0,1.0,0.8125,0.6666666666666666,0.5714285714285714,0.5384615384615384,0.5555238068023582,0.8421052631578948,0.631578947368421,0.6,0.6666666666666666,0.0
db25_INFAI_db25:27-es,0.0,0.0,0.0,0.06616869624437408,0.3584370225242072,0.7001400420140051,0.2612038749637414,0.0,0.0,0.0,0.0,0.5294117647058824,0.45341614906832295,0.474468085106383,0.0,0.42728700639623407,0.21428571428571427,,0.0,0.0,0.5133450480401704,0.5133450480401704,0.21428571428571427,0.21428571428571427,0.0,1.0,0.0,0.6486486486486486,0.4,0.18181818181818182,0.06451612903225808,0.31455601883230705,0.6363636363636364,0.4545454545454546,0.38461538461538464,0.5555555555555556,0.0
db25_INFAI_db25:28-en,0.9090909090909091,1.0,0.8333333333333334,0.09104417744289181,0.44776104436072295,0.6494054168326641,0.21089672205953397,0.0,0.9090909090909091,0.9090909090909091,1.0,0.48148148148148145,0.5298013245033113,0.27883246321784527,1.0,0.26065620739294537,0.44776119402985076,,1.0,1.0,0.1598788100533717,0.1598788100533717,0.459016393442623,0.459016393442623,0.0,1.0,0.8333333333333334,0.5205479452054795,0.3380281690140845,0.2028985507246377,0.14925373134328357,0.1991596575129254,0.6071428571428571,0.5,0.7,0.3888888888888889,0.0
db25_INFAI_db25:28-es,0.5263157894736842,0.38461538461538464,0.8333333333333334,0.05869189209846455,0.31067297302461616,0.31362082712164424,0.1639607805437114,0.0,0.5263157894736842,0.8,1.0,0.4090909090909091,0.34302325581395354,0.5011135857461025,1.0,0.11470621816406738,0.3597122302158274,,1.0,0.38461538461538464,0.033542521552694854,0.033542521552694854,0.1390887290167866,0.1390887290167866,0.0,1.0,0.8333333333333334,0.4296296296296296,0.2706766917293233,0.15267175572519084,0.10852713178294573,0.08168031302400752,0.36024844720496896,0.2857142857142857,0.184,0.6388888888888888,0.0
db25_INFAI_db25:29-en,1.0,1.0,1.0,0.38260294162784475,0.7831507354069611,0.9459459459459458,0.3333333333333333,1.0,1.0,1.0,1.0,0.6666666666666666,0.8908045977011494,0.7922535211267605,1.0,0.38260294162784475,0.7058823529411765,,1.0,1.0,0.488923022434901,0.488923022434901,0.7058823529411765,0.7058823529411765,0.0,1.0,1.0,0.9,0.8421052631578947,0.7777777777777778,0.7058823529411765,0.38260294162784475,0.7999999999999999,0.7999999999999999,0.75,0.8571428571428571,0.0
db25_INFAI_db25:29-es,0.0,0.0,0.0,0.05340961353025999,0.5634541495081031,0.7583820443175889,0.20521309615767264,0.0,0.0,0.0,0.0,0.4,0.31853785900783294,0.46855921855921856,0.0,0.081589429421716,0.4,,0.0,1.0,0.0953476696024777,0.0953476696024777,0.4,0.4,0.0,0.0,0.0,0.5555555555555556,0.45714285714285713,0.3529411764705882,0.27272727272727276,0.05340961353025999,0.34285714285714286,0.34285714285714286,0.21428571428571427,0.8571428571428571,0.16666666666666666
db25_INFAI_db25:3-en,1.0,1.0,1.0,0.12807327174314076,0.39068509849510136,0.7372097807744857,0.3090169943749474,1.0,1.0,1.0,1.0,0.6428571428571429,0.46153846153846156,0.598404255319149,1.0,0.5555238068023582,0.7692307692307693,,1.0,1.0,0.6606328636027614,0.6606328636027614,0.7692307692307693,0.7692307692307693,0.0,1.0,1.0,0.742857142857143,0.5454545454545454,0.3870967741935484,0.27586206896551724,0.4089601472043678,0.7272727272727274,0.5454545454545455,0.46153846153846156,0.6666666666666666,0.0
db25_INFAI_db25:3-es,0.0,0.0,0.0,0.06616869624437408,0.3584370225242072,0.6969627833961296,0.27429188517743175,0.0,0.0,0.0,0.0,0.5625,0.41216216216216217,0.474468085106383,0.0,0.42728700639623407,0.5185185185185186,,0.0,0.0,0.5133450480401704,0.5133450480401704,0.5185185185185186,0.5185185185185186,0.0,1.0,0.0,0.7222222222222223,0.47058823529411764,0.25,0.13333333333333333,0.31455601883230705,0.6363636363636364,0.4545454545454546,0.38461538461538464,0.5555555555555556,0.0
db25_INFAI_db25:30-en,0.0,0.0,1.0,0.13260039118389125,0.4251975934424348,0.8189230248533257,0.3090169943749474,0.0,0.0,0.0,0.0,0.7222222222222222,0.4725274725274725,0.5616605616605616,0.0,0.34315019159021515,0.6666666666666666,,0.0,0.0,0.32774568052975916,0.32774568052975916,0.5517241379310344,0.5517241379310344,0.0,1.0,0.0,0.8095238095238095,0.5,0.36842105263157887,0.2222222222222222,0.2118008548235711,0.6842105263157895,0.631578947368421,0.6,0.6666666666666666,0.0
db25_INFAI_db25:30-es,0.0,0.0,1.0,0.13260039118389125,0.4251975934424348,0.8189230248533257,0.3090169943749474,0.0,0.0,0.0,0.0,0.7222222222222222,0.4652406417112299,0.5616605616605616,0.0,0.34315019159021515,0.6666666666666666,,0.0,0.0,0.32774568052975916,0.32774568052975916,0.5517241379310344,0.5517241379310344,0.0,1.0,0.0,0.8095238095238095,0.5,0.36842105263157887,0.2222222222222222,0.2118008548235711,0.6842105263157895,0.631578947368421,0.6,0.6666666666666666,0.0
db25_INFAI_db25:31-en,0.6666666666666666,0.5,1.0,0.029398036975048066,0.3001286519532796,0.6194932847291903,0.21089672205953397,1.0,0.6666666666666666,1.0,1.0,0.44,0.26241134751773054,0.3407407407407408,1.0,0.13025609193398527,0.3673469387755102,,1.0,0.5,0.11519134505062673,0.11519134505062673,0.3404255319148936,0.3404255319148936,0.0,1.0,1.0,0.53125,0.25806451612903225,0.13333333333333333,0.06896551724137931,0.07523718336546684,0.391304347826087,0.26086956521739135,0.18181818181818182,0.46153846153846156,0.0
db25_INFAI_db25:31-es,0.9777777777777777,0.9565217391304348,1.0,0.02415520501465448,0.29031196180035895,0.6836717412138869,0.1827439976315568,1.0,0.9777777777777777,1.0,1.0,0.3548387096774194,0.2666666666666667,0.2698663853727145,1.0,0.1039952085908966,0.34615384615384615,,1.0,0.9565217391304348,0.06360855779734147,0.06360855779734147,0.3018867924528302,0.3018867924528302,0.0,1.0,1.0,0.4931506849315068,0.2816901408450704,0.14492753623188404,0.05970149253731343,0.05759145825226571,0.3333333333333333,0.2222222222222222,0.14634146341463414,0.46153846153846156,0.0
db25_INFAI_db25:32-en,0.10126582278481013,0.05405405405405406,0.8,0.06568607656262294,0.33709220139821183,0.7033391716221727,0.2,0.0,0.10126582278481013,0.19047619047619047,1.0,0.4074074074074074,0.43853820598006643,0.4406130268199233,0.3333333333333333,0.07819434797550272,0.0784313725490196,,0.0,0.05405405405405406,0.08303492360915424,0.08303492360915424,0.0816326530612245,0.0816326530612245,0.0,1.0,0.8,0.4761904761904762,0.29508196721311475,0.2033898305084746,0.14035087719298245,0.09054897427681956,0.5652173913043479,0.3913043478260869,0.3,0.5625,0.0
db25_INFAI_db25:32-es,0.33333333333333337,1.0,0.2,0.10607593900281889,0.40182341002908656,0.8115430675802945,0.3090169943749474,0.0,0.33333333333333337,0.3333333333333333,1.0,0.6875,0.4744186046511628,0.5082822085889571,1.0,0.3349531889697646,0.20000000000000004,,1.0,1.0,0.2863424630911014,0.2863424630911014,0.2040816326530612,0.2040816326530612,0.0,1.0,0.2,0.576923076923077,0.4,0.25,0.17391304347826086,0.28051550320162943,0.6857142857142857,0.5714285714285714,0.5263157894736842,0.625,0.0
db25_INFAI_db25:33-en,0.0,0.0,1.0,0.11535113196300119,0.3803669723422849,0.6725382459813659,0.27429188517743175,0.0,0.0,0.0,0.0,0.6111111111111112,0.48863636363636365,0.6914285714285714,0.0,0.2111187176080899,0.27027027027027023,,0.0,0.0,0.1490675235660581,0.1490675235660581,0.25641025641025644,0.25641025641025644,0.0,1.0,0.0,0.6976744186046512,0.5365853658536585,0.41025641025641024,0.27027027027027023,0.18157374168582124,0.6111111111111112,0.5555555555555555,0.43478260869565216,0.7692307692307693,0.0
db25_INFAI_db25:33-es,0.0,0.0,1.0,0.08653627112724428,0.35995309110061485,0.6099942813304188,0.25,0.0,0.0,0.0,0.0,0.55,0.3924731182795699,0.6102793100429034,0.0,0.17001078098404226,0.15384615384615385,,0.0,0.0,0.14611422877454994,0.14611422877454994,0.15,0.15,0.0,1.0,0.0,0.6666666666666667,0.46511627906976744,0.2926829268292683,0.15384615384615385,0.1472821272412462,0.5405405405405406,0.48648648648648646,0.375,0.6923076923076923,0.0
db25_INFAI_db25:34-en,1.0,1.0,1.0,0.10592018098182913,0.431490026432522,0.7832670416745062,0.20521309615767264,1.0,1.0,1.0,1.0,0.4230769230769231,0.5360824742268041,0.4590818363273452,1.0,0.5761979573579521,0.5573770491803278,,1.0,1.0,0.07236130645541398,0.07236130645541398,0.44,0.44,0.0,1.0,1.0,0.5671641791044777,0.4923076923076923,0.4126984126984127,0.36065573770491804,0.5761979573579521,0.8387096774193549,0.5806451612903226,0.6428571428571429,0.5294117647058824,0.0
db25_INFAI_db25:34-es,0.0,0.0,0.0,0.04600113877249916,0.43401276912530384,0.7291530786306692,0.2,0.0,0.0,0.0,0.0,0.36,0.3608247422680413,0.3511956930011268,0.0,0.2686935029542958,0.18867924528301885,,0.0,0.0,0.24385000379404742,0.24385000379404742,0.19047619047619047,0.19047619047619047,0.0,1.0,0.0,0.4067796610169491,0.28070175438596495,0.14545454545454545,0.07547169811320754,0.2686935029542958,0.6666666666666667,0.5185185185185185,0.7,0.4117647058823529,0.0
db25_INFAI_db25:35-en,1.0,1.0,1.0,0.025272689248815153,0.2923870586304833,0.397179432374716,0.2612038749637414,1.0,1.0,1.0,1.0,0.5789473684210527,0.26878612716763006,0.2733262108262108,1.0,0.22008168476647091,0.5135135135135135,,1.0,1.0,0.07175086135173955,0.07175086135173955,0.4054054054054054,0.4054054054054054,0.0,1.0,1.0,0.4411764705882353,0.24242424242424246,0.125,0.06451612903225808,0.10814410080481558,0.34615384615384615,0.23076923076923075,0.15384615384615385,0.46153846153846156,0.2
db25_INFAI_db25:35-es,0.0,0.0,0.0,0.05700459721383297,0.35392805193888266,0.652186493437439,0.27429188517743175,0.0,0.0,0.0,0.0,0.5882352941176471,0.3091787439613527,0.3842940685045948,0.0,0.4008436038029661,0.5263157894736842,,0.0,0.0,0.356190970227623,0.356190970227623,0.5263157894736842,0.5263157894736842,0.0,1.0,0.0,0.5599999999999999,0.2916666666666667,0.13043478260869565,0.04545454545454545,0.2722589423069702,0.5517241379310345,0.41379310344827586,0.375,0.46153846153846156,0.0
db25_INFAI_db25:36-en,1.0,1.0,1.0,0.050911842888763874,0.37483559720890924,0.689596605459213,0.1907435698305462,1.0,1.0,1.0,1.0,0.3333333333333333,0.26086956521739135,0.3078982597054887,1.0,0.2686935029542958,0.3137254901960784,,1.0,1.0,0.05405084550171427,0.05405084550171427,0.15,0.15,0.0,1.0,1.0,0.39999999999999997,0.2758620689655173,0.17857142857142858,0.11111111111111109,0.2528100987001951,0.5333333333333333,0.4000000000000001,0.46153846153846156,0.35294117647058826,0.0
db25_INFAI_db25:36-es,0.0,0.0,0.0,0.05355086326309536,0.3533113949453804,0.6167939547439611,0.18660549686337075,0.0,0.0,0.0,0.0,0.32142857142857145,0.2681159420289855,0.3024326101249178,0.0,0.2686935029542958,0.3137254901960784,,0.0,0.0,0.05405084550171427,0.05405084550171427,0.15,0.15,0.0,1.0,0.0,0.3809523809523809,0.22950819672131145,0.13559322033898302,0.07017543859649122,0.25576360687094823,0.48484848484848486,0.3636363636363636,0.375,0.35294117647058826,0.0
db25_INFAI_db25:37-en,1.0,1.0,1.0,0.32466791547509893,0.5061669788687747,0.8427009716003847,0.5,1.0,1.0,1.0,1.0,0.9090909090909091,0.904,0.738954922628392,1.0,0.7825422900366437,1.0,,1.0,1.0,1.0,1.0,1.0,1.0,0.0,1.0,1.0,0.875,0.8000000000000002,0.7142857142857143,0.6923076923076923,0.7825422900366437,0.9473684210526316,0.7368421052631577,0.7,0.7777777777777778,0.0
db25_INFAI_db25:37-es,0.0,0.0,0.0,0.054464631530469834,0.33784954636368714,0.8053572855295772,0.27429188517743175,0.0,0.0,0.0,0.0,0.5882352941176471,0.5161290322580645,0.4597938144329897,0.0,0.42728700639623407,0.3571428571428571,,0.0,0.0,0.5133450480401704,0.5133450480401704,0.3571428571428571,0.3571428571428571,0.0,1.0,0.0,0.608695652173913,0.5,0.3333333333333333,0.2,0.24903286388467735,0.56,0.39999999999999997,0.3125,0.5555555555555556,0.0
db25_INFAI_db25:38-en,0.0007996801279488206,0.0004,1.0,0.5719139519171821,0.7076336603930886,0.898036033164083,0.3333333333333333,0.0,0.0007996801279488206,0.0007996801279488205,1.0,0.7894736842105263,0.7150837988826816,0.8339879961034473,1.0,0.6394127116288119,0.5641025641025642,,1.0,0.0004,0.5718458251358622,0.5718458251358622,0.4615384615384615,0.4615384615384615,0.0,1.0,1.0,0.8333333333333333,0.6956521739130435,0.5909090909090909,0.5238095238095238,0.6469233960701192,0.8727272727272727,0.8,0.7586206896551724,0.8461538461538461,0.0
db25_INFAI_db25:38-es,0.0007959882193743534,0.00039815257206561556,1.0,0.45011828727828707,0.7884554977454977,0.8215938655409547,0.27429188517743175,0.0,0.0007959882193743534,0.0007996801279488205,1.0,0.65,0.4121212121212121,0.6749026225576039,1.0,0.506496228518234,0.5142857142857143,,1.0,0.00039815257206561556,0.397524494342251,0.397524494342251,0.5,0.5,0.0,1.0,1.0,0.7727272727272727,0.5238095238095238,0.4,0.3157894736842105,0.4644531655360721,0.7547169811320754,0.7169811320754716,0.7037037037037037,0.7307692307692307,0.0
db25_INFAI_db25:39-en,0.0,0.0,0.0,0.01999450154055175,0.2826048224357069,0.4536323543632774,0.1566130288262323,0.0,0.0,0.0,0.0,0.21621621621621623,0.20185614849187938,0.3430777716492002,0.0,0.05528630151094998,0.08450704225352114,,0.0,0.0,0.03947572054528652,0.03947572054528652,0.14925373134328357,0.14925373134328357,0.0,1.0,0.0,0.37037037037037046,0.17721518987341772,0.0779220779220779,0.02666666666666667,0.04711478897697857,0.3013698630136986,0.1917808219178082,0.11864406779661017,0.5,0.0
db25_INFAI_db25:39-es,0.0,0.0,0.0,0.031250813440519096,0.30351910464453274,0.53738150125194,0.1907435698305462,0.0,0.0,0.0,0.0,0.3333333333333333,0.2382445141065831,0.2960443436633913,0.0,0.18879521773374403,0.1694915254237288,,0.0,1.0,0.046946192468453,0.046946192468453,0.15873015873015872,0.15873015873015872,0.0,1.0,0.0,0.39436619718309857,0.17391304347826086,0.08955223880597013,0.030769230769230767,0.11755743200908036,0.36,0.28,0.19444444444444445,0.5,0.5
db25_INFAI_db25:4-en,1.0,1.0,1.0,0.051652990486536904,0.3851201076823121,0.6831300510639731,0.3333333333333333,1.0,1.0,1.0,1.0,0.7142857142857143,0.3416149068322981,0.3075862068965517,1.0,0.7825422900366437,1.0,,1.0,1.0,1.0,1.0,1.0,1.0,0.0,1.0,1.0,0.7222222222222222,0.4117647058823529,0.25,0.13333333333333333,0.25916266987614406,0.56,0.4,0.5,0.3333333333333333,0.0
db25_INFAI_db25:4-es,1.0,1.0,1.0,0.034874771170710105,0.3038210879928397,0.6600229178603122,0.25,1.0,1.0,1.0,1.0,0.5263157894736842,0.31487889273356406,0.27701863354037265,1.0,0.2694029471787363,0.5853658536585366,,1.0,1.0,0.2245166162074563,0.2245166162074563,0.6666666666666666,0.6666666666666666,0.0,1.0,1.0,0.49056603773584906,0.2745098039215686,0.163265306122449,0.0851063829787234,0.14710052131359536,0.3414634146341463,0.2439024390243902,0.19230769230769232,0.3333333333333333,0.0
db25_INFAI_db25:40-en,1.0,1.0,1.0,0.049990386245572734,0.35621935316676506,0.7685465715038403,0.21089672205953397,1.0,1.0,1.0,1.0,0.5,0.4192546583850931,0.4356060606060606,1.0,0.49852287898736825,0.6944444444444444,,1.0,1.0,0.42393021063819475,0.42393021063819475,0.6410256410256411,0.6410256410256411,0.0,1.0,1.0,0.6419753086419753,0.4810126582278481,0.36363636363636365,0.26666666666666666,0.27748702735605824,0.6,0.45,0.391304347826087,0.5294117647058824,0.0
db25_INFAI_db25:40-es,0.0,0.0,0.0,0.04080467012111698,0.32972164511748353,0.5407204426709814,0.23166247903554,0.0,0.0,0.0,0.0,0.6206896551724138,0.27329192546583847,0.32341750259425806,0.0,0.3381307292971254,0.44776119402985076,,0.0,0.0,0.2955043237121875,0.2955043237121875,0.13043478260869568,0.13043478260869568,0.0,1.0,0.0,0.5316455696202531,0.3376623376623376,0.2666666666666667,0.2191780821917808,0.10565621508953438,0.48780487804878053,0.34146341463414637,0.2916666666666667,0.4117647058823529,0.0
db25_INFAI_db25:41-en,0.6666666666666666,0.5,1.0,0.030054461869943767,0.3059503077970472,0.6032430519215728,0.2,1.0,0.6666666666666666,1.0,1.0,0.4074074074074074,0.3260188087774295,0.3410456730769231,1.0,0.16039529420070064,0.4406779661016949,,1.0,0.5,0.1567531172019386,0.1567531172019386,0.47457627118644063,0.47457627118644063,0.0,1.0,1.0,0.5294117647058824,0.30303030303030304,0.21875,0.16129032258064516,0.07311693014679584,0.4230769230769231,0.3076923076923077,0.20512820512820512,0.6153846153846154,0.0
db25_INFAI_db25:41-es,0.0,0.0,0.0,0.06773435348612333,0.3993680684722823,0.7647191129018727,0.27429188517743175,0.0,0.0,0.0,0.0,0.5,0.36969696969696975,0.3993055555555555,0.0,0.43297387492488815,0.3333333333333333,,0.0,0.0,0.4089601472043678,0.4089601472043678,0.2580645161290323,0.2580645161290323,0.0,1.0,0.0,0.5555555555555555,0.29411764705882354,0.18749999999999997,0.13333333333333333,0.43297387492488815,0.6666666666666667,0.4999999999999999,0.5454545454545454,0.46153846153846156,0.0
db25_INFAI_db25:42-en,0.46511627906976744,0.5,0.43478260869565216,0.08288353130321378,0.3287565971115177,0.7096661947545745,0.1757340838011157,0.0,0.46511627906976744,0.6060606060606061,1.0,0.35294117647058826,0.3073684210526316,0.6013197434864773,1.0,0.06986433942827834,0.35616438356164387,,1.0,0.5,0.032456865897653,0.032456865897653,0.22680412371134023,0.22680412371134023,0.0,1.0,0.43478260869565216,0.4835164835164836,0.40449438202247184,0.3448275862068966,0.2823529411764706,0.13229269219304757,0.4225352112676056,0.3661971830985915,0.23214285714285715,0.8666666666666667,0.0
db25_INFAI_db25:42-es,0.0,0.0,0.0,0.017958436267457405,0.2765711543072296,0.3074700231340455,0.18660549686337075,0.0,0.0,0.0,0.0,0.24,0.24705882352941178,0.178319209039548,0.0,0.060504292763507835,0.0851063829787234,,0.0,0.0,0.07116982665626391,0.07116982665626391,0.0909090909090909,0.0909090909090909,0.0,1.0,0.0,0.3728813559322034,0.10526315789473685,0.03636363636363636,0.0,0.060504292763507835,0.21052631578947364,0.14035087719298245,0.09523809523809523,0.26666666666666666,0.0
db25_INFAI_db25:43-en,0.6666666666666666,0.5,1.0,0.03765783512074509,0.3221384366787502,0.6513111931319255,0.179128784747792,1.0,0.6666666666666666,1.0,1.0,0.4,0.32417582417582413,0.36805968178517195,1.0,0.12959774849426178,0.4050632911392405,,1.0,0.5,0.08738588448654624,0.08738588448654624,0.24615384615384617,0.24615384615384617,0.0,1.0,1.0,0.5227272727272726,0.3488372093023256,0.2380952380952381,0.14634146341463414,0.10714671934168005,0.5098039215686274,0.35294117647058826,0.2647058823529412,0.5294117647058824,0.0
db25_INFAI_db25:43-es,0.0,0.0,0.0,0.042509295200745076,0.3253701634221322,0.3843440707772676,0.17253779651421453,0.0,0.0,0.0,0.0,0.28125,0.23100303951367784,0.24365079365079362,0.0,0.09335867890776095,0.03278688524590165,,0.0,0.0,0.0857638596526182,0.0857638596526182,0.0784313725490196,0.0784313725490196,0.0,1.0,0.0,0.30303030303030304,0.09374999999999999,0.03225806451612904,0.0,0.08062554435318109,0.41025641025641024,0.30769230769230765,0.2727272727272727,0.35294117647058826,0.0
db25_INFAI_db25:44-en,0.4,0.25287356321839083,0.9565217391304348,0.06740820468427614,0.5748877654567833,0.6158955410403122,0.16952084719853724,0.0,0.4,0.6111111111111112,1.0,0.29411764705882354,0.19436619718309855,0.46061560175886224,0.25,0.04461912628630591,0.10810810810810811,,0.0,0.25287356321839083,0.0663001814315892,0.0663001814315892,0.29508196721311475,0.29508196721311475,0.0,1.0,0.9565217391304348,0.4819277108433735,0.24691358024691357,0.10126582278481013,0.025974025974025976,0.03580729351890818,0.3243243243243243,0.3513513513513514,0.23214285714285715,0.7222222222222222,0.0
db25_INFAI_db25:44-es,0.0,0.0,0.0,0.03172573487569802,0.5494254994072594,0.5568768277116904,0.1566130288262323,0.0,0.0,0.0,0.0,0.2926829268292683,0.2599620493358634,0.3342192357837729,0.0,0.030291539498991066,0.0196078431372549,,0.0,0.0,0.029691409814878566,0.029691409814878566,0.0,0.0,0.0,1.0,0.0,0.4271844660194175,0.1782178217821782,0.06060606060606061,0.02061855670103093,0.02792219162249732,0.28260869565217395,0.28260869565217395,0.17567567567567569,0.7222222222222222,0.0
db25_INFAI_db25:45-en,0.0,0.0,1.0,0.07797846342313226,0.3442478614898344,0.518785847899556,0.21089672205953397,0.0,0.0,0.0,0.0,0.36363636363636365,0.4148936170212766,0.5666909620991254,0.0,0.28889830842564407,0.47058823529411764,,0.0,0.0,0.28433291815307693,0.28433291815307693,0.47058823529411764,0.47058823529411764,0.0,1.0,0.0,0.5116279069767441,0.3414634146341463,0.25641025641025644,0.21621621621621623,0.24648321974767612,0.5625000000000001,0.4375,0.3181818181818182,0.7,0.0
db25_INFAI_db25:45-es,0.0,0.0,1.0,0.07797846342313226,0.3442478614898344,0.518785847899556,0.21089672205953397,0.0,0.0,0.0,0.0,0.36363636363636365,0.4064171122994652,0.5666909620991254,0.0,0.28889830842564407,0.47058823529411764,,0.0,0.0,0.28433291815307693,0.28433291815307693,0.47058823529411764,0.47058823529411764,0.0,1.0,0.0,0.5116279069767441,0.3414634146341463,0.25641025641025644,0.21621621621621623,0.24648321974767612,0.5625000000000001,0.4375,0.3181818181818182,0.7,0.0
db25_INFAI_db25:46-en,0.0016856300042140749,0.016129032258064516,0.0008892841262783459,0.1336266418028785,0.5102585123025715,0.6372659274182274,0.17253779651421453,0.0,0.0016856300042140749,0.0017398869073510222,0.0,0.3611111111111111,0.3102493074792244,0.5530910711391994,0.03225806451612903,0.19482023423146808,0.11940298507462685,0.0014756850580596936,0.0,0.016129032258064516,0.0848007939406595,0.0848007939406595,0.11940298507462685,0.11940298507462685,0.0,1.0,0.0008892841262783459,0.5,0.24324324324324328,0.11111111111111112,0.028571428571428574,0.1490298185658125,0.5853658536585367,0.5365853658536585,0.4074074074074074,0.7857142857142857,0.0
db25_INFAI_db25:46-es,0.0017710870046491035,0.21052631578947367,0.0008892841262783459,0.1096824253141232,0.6891853122108837,0.5879447357921311,0.2240092377397959,0.0,0.0017710870046491035,0.001774622892635315,1.0,0.4,0.18902439024390238,0.33027128329595373,0.25,0.0476015973245128,0.19999999999999998,0.002654264571908777,0.0,0.21052631578947367,0.13456320506683922,0.13456320506683922,0.15,0.15,0.0,1.0,0.0008892841262783459,0.4782608695652174,0.22727272727272727,0.14285714285714288,0.049999999999999996,0.03990077429817061,0.5333333333333333,0.4888888888888888,0.6470588235294118,0.39285714285714285,0.0
db25_INFAI_db25:47-en,0.0,0.0,0.0,0.030229280752019142,0.3017025589864161,0.6741257523963661,0.16139047779640892,0.0,0.0,0.0,0.0,0.2894736842105263,0.2467948717948718,0.2197880870561283,0.0,0.07398716106360022,0.05970149253731343,,0.0,0.0,0.06582974103197371,0.06582974103197371,0.07272727272727272,0.07272727272727272,0.0,1.0,0.0,0.46341463414634143,0.3,0.1794871794871795,0.07894736842105263,0.06033504210204408,0.44000000000000006,0.24000000000000005,0.1875,0.3333333333333333,0.0
db25_INFAI_db25:47-es,0.0,0.0,0.0,0.05656584938743446,0.3432251251569644,0.5604734023864189,0.17253779651421453,0.0,0.0,0.0,0.0,0.25806451612903225,0.2438162544169611,0.3125,0.0,0.2571766026894571,0.03703703703703704,,0.0,0.0,0.05937906481535108,0.05937906481535108,0.0,0.0,0.0,1.0,0.0,0.33333333333333337,0.15625,0.06451612903225808,0.0,0.2689054715066593,0.4444444444444444,0.3333333333333333,0.3333333333333333,0.3333333333333333,0.0
db25_INFAI_db25:48-en,0.5,0.3333333333333333,1.0,0.03496035473784023,0.3161645413106357,0.7147102985201843,0.25,0.0,0.5,0.6666666666666666,1.0,0.55,0.36858006042296076,0.3546875,0.5,0.07828519641400972,0.42105263157894735,,0.0,0.3333333333333333,0.07690934256668107,0.07690934256668107,0.42105263157894735,0.42105263157894735,0.0,1.0,1.0,0.6956521739130435,0.5074626865671642,0.4,0.3174603174603174,0.06291222867108896,0.47826086956521735,0.34782608695652173,0.24242424242424243,0.6153846153846154,0.0
db25_INFAI_db25:48-es,0.5,0.3333333333333333,1.0,0.055165880563672894,0.35947581478379537,0.7236766670584044,0.2612038749637414,0.0,0.5,0.6666666666666666,1.0,0.5555555555555556,0.3589743589743589,0.4607664233576642,0.5,0.12154467566643914,0.41666666666666663,,0.0,0.3333333333333333,0.12623090722170346,0.12623090722170346,0.41666666666666663,0.41666666666666663,0.0,1.0,1.0,0.6666666666666666,0.509090909090909,0.4150943396226415,0.35294117647058826,0.10318407206044988,0.6666666666666667,0.4848484848484849,0.4,0.6153846153846154,0.0
db25_INFAI_db25:49-en,1.0,1.0,1.0,0.7071067811865475,0.8955266952966369,0.9999999999999999,1.0,1.0,1.0,1.0,1.0,1.0,0.974025974025974,0.97441793618856,1.0,0.7071067811865475,1.0,,1.0,1.0,1.0,1.0,1.0,1.0,0.0,1.0,1.0,1.0,1.0,1.0,1.0,0.7071067811865475,0.9333333333333333,0.9333333333333333,0.875,1.0,0.0
db25_INFAI_db25:49-es,0.0,0.0,0.0,0.13826707794313167,0.6280611116215287,0.811812109790086,0.2612038749637414,0.0,0.0,0.0,0.0,0.4666666666666667,0.4276315789473685,0.5136986301369862,0.0,0.13826707794313167,0.45161290322580644,,0.0,0.0,0.15527289920984508,0.15527289920984508,0.45161290322580644,0.45161290322580644,0.0,1.0,0.0,0.5945945945945946,0.5142857142857143,0.48484848484848486,0.45161290322580644,0.13826707794313167,0.47058823529411764,0.47058823529411764,0.4,0.5714285714285714,0.0
db25_INFAI_db25:5-en,0.0,0.0,0.0,0.12807327174314076,0.39068509849510136,0.7545937746270388,0.3090169943749474,0.0,0.0,0.0,0.0,0.6875,0.5178571428571428,0.598404255319149,0.0,0.5555238068023582,0.8125,,0.0,0.0,0.6606328636027614,0.6606328636027614,0.8125,0.8125,0.0,1.0,0.0,0.7804878048780488,0.6153846153846153,0.48648648648648646,0.39999999999999997,0.4089601472043678,0.7272727272727274,0.5454545454545455,0.46153846153846156,0.6666666666666666,0.0
db25_INFAI_db25:5-es,0.0,0.0,0.0,0.06616869624437408,0.3584370225242072,0.6717514421272203,0.25,0.0,0.0,0.0,0.0,0.47058823529411764,0.29655172413793107,0.474468085106383,0.0,0.42728700639623407,0.35714285714285715,,0.0,0.0,0.5133450480401704,0.5133450480401704,0.35714285714285715,0.35714285714285715,0.0,1.0,0.0,0.6486486486486486,0.39999999999999997,0.24242424242424243,0.12903225806451615,0.31455601883230705,0.6363636363636364,0.4545454545454546,0.38461538461538464,0.5555555555555556,0.0
db25_INFAI_db25:50-en,0.0,0.0,0.0,0.051915898568629604,0.5481220338343793,0.4559607525875532,0.16666666666666666,0.0,0.0,0.0,0.0,0.21875,0.24291497975708498,0.4213483146067416,0.0,0.0712441966571245,0.22727272727272727,,0.0,1.0,0.08392140960218324,0.08392140960218324,0.22727272727272727,0.22727272727272727,0.0,0.0,0.0,0.42857142857142855,0.2222222222222222,0.07692307692307693,0.039999999999999994,0.051915898568629604,0.24242424242424246,0.24242424242424246,0.15384615384615385,0.5714285714285714,0.0
db25_INFAI_db25:50-es,0.0,0.0,0.0,0.04030833724870907,0.5540719695452528,0.5528230328172892,0.20521309615767264,0.0,0.0,0.0,0.0,0.25,0.36046511627906974,0.3234880450070323,0.0,0.06302647598688789,0.0,,0.0,0.0,0.0699543285114998,0.0699543285114998,0.0,0.0,0.0,1.0,0.0,0.4186046511627907,0.14634146341463414,0.05128205128205128,0.0,0.04030833724870907,0.26086956521739124,0.26086956521739124,0.1875,0.42857142857142855,0.0
db25_INFAI_db25:51-en,1.0,1.0,1.0,0.06599727920303423,0.3940098634324112,0.7653827871142719,0.3333333333333333,1.0,1.0,1.0,1.0,0.7333333333333333,0.32380952380952377,0.5361305361305361,1.0,0.3636227046500071,0.48,,1.0,1.0,0.3552267518610884,0.3552267518610884,0.6122448979591836,0.6122448979591836,0.0,1.0,1.0,0.75,0.5185185185185185,0.38461538461538464,0.28,0.28175950490399515,0.7741935483870968,0.5806451612903226,0.5294117647058824,0.6428571428571429,0.0
db25_INFAI_db25:51-es,0.0,0.0,0.0,0.07146998812241401,0.3702225276931252,0.26101844883193726,0.1827439976315568,0.0,0.0,0.0,0.0,0.2,0.20673076923076927,0.4017857142857143,0.0,0.3176344254228398,0.05128205128205128,,0.0,0.0,0.31654199979887593,0.31654199979887593,0.05128205128205128,0.05128205128205128,0.0,1.0,0.0,0.20833333333333331,0.043478260869565216,0.0,0.0,0.3161487584488943,0.5714285714285714,0.42857142857142855,0.42857142857142855,0.42857142857142855,0.0
db25_INFAI_db25:52-en,0.0,0.0,0.0,0.22229849552064015,0.4389079572134934,0.8316554899054914,0.36602540378443865,0.0,0.0,0.0,0.0,0.7692307692307693,0.4814814814814815,0.6332571138211383,0.0,1.0,1.0,,0.0,1.0,1.0,1.0,1.0,1.0,0.0,0.0,0.0,0.7692307692307693,0.6,0.5,0.391304347826087,0.3040559696901293,0.7407407407407408,0.5925925925925926,0.5333333333333333,0.6666666666666666,0.0
db25_INFAI_db25:52-es,0.0,0.0,0.0,0.11044506896905561,0.3715239592759601,0.8060599359358184,0.3333333333333333,0.0,0.0,0.0,0.0,0.7142857142857143,0.4526315789473684,0.45731707317073167,0.0,0.3918189150070214,0.7083333333333334,,0.0,1.0,0.2646397094876826,0.2646397094876826,0.7083333333333334,0.7083333333333334,0.0,0.0,0.0,0.7407407407407408,0.5,0.35999999999999993,0.20833333333333331,0.16036171832656276,0.5925925925925926,0.4444444444444445,0.4,0.5,0.0
db25_INFAI_db25:53-en,0.43383947939262474,0.5,0.3831417624521073,0.05496195860386726,0.32248676391470177,0.6744532734334622,0.179128784747792,0.0,0.43383947939262474,0.554016620498615,1.0,0.4,0.34782608695652173,0.44985072218187694,1.0,0.1406196748524385,0.3943661971830986,,1.0,0.5,0.25266327969722224,0.25266327969722224,0.5901639344262295,0.5901639344262295,0.0,1.0,0.3831417624521073,0.625,0.4871794871794872,0.39473684210526316,0.32432432432432434,0.12837839907779716,0.489795918367347,0.3673469387755102,0.25,0.6923076923076923,0.0
db25_INFAI_db25:53-es,0.0,0.0,0.0,0.024700603514483735,0.29132347135122033,0.5518756605710013,0.1639607805437114,0.0,0.0,0.0,0.0,0.3157894736842105,0.2538860103626943,0.32554847841472045,0.0,0.08480036020158131,0.1111111111111111,,0.0,0.0,0.101546546735322,0.101546546735322,0.09836065573770492,0.09836065573770492,0.0,1.0,0.0,0.48275862068965514,0.23529411764705882,0.12048192771084337,0.04938271604938271,0.06237445492795074,0.339622641509434,0.22641509433962265,0.15,0.46153846153846156,0.0
db25_INFAI_db25:54-en,0.6666666666666666,0.5,1.0,0.027872514788228633,0.2972518769240997,0.5879747322073335,0.179128784747792,1.0,0.6666666666666666,1.0,1.0,0.4,0.26415094339622647,0.3362573099415205,1.0,0.27698762715990977,0.5230769230769231,,1.0,0.5,0.09761754436877398,0.09761754436877398,0.3636363636363637,0.3636363636363637,0.0,1.0,1.0,0.5499999999999999,0.33333333333333337,0.2105263157894737,0.1081081081081081,0.07103599015757428,0.37499999999999994,0.25000000000000006,0.17142857142857143,0.46153846153846156,0.0
db25_INFAI_db25:54-es,0.0,0.0,0.0,0.05388655281980997,0.34775313128376284,0.6789347398332043,0.2,0.0,0.0,0.0,0.0,0.38461538461538464,0.3198198198198198,0.38142620232172475,0.0,0.4160751652217845,0.35714285714285715,,0.0,0.0,0.6340466277046861,0.6340466277046861,0.5909090909090909,0.5909090909090909,0.0,1.0,0.0,0.5846153846153846,0.3492063492063492,0.22950819672131145,0.1694915254237288,0.3263598326609893,0.5999999999999999,0.4000000000000001,0.35294117647058826,0.46153846153846156,0.0
db25_INFAI_db25:55-en,1.0,1.0,1.0,0.12807327174314076,0.39068509849510136,0.77407026981321,0.36602540378443865,1.0,1.0,1.0,1.0,0.7692307692307693,0.45890410958904104,0.598404255319149,1.0,0.7825422900366437,1.0,,1.0,1.0,1.0,1.0,1.0,1.0,0.0,1.0,1.0,0.7878787878787877,0.5806451612903226,0.41379310344827586,0.2962962962962963,0.4089601472043678,0.7272727272727274,0.5454545454545455,0.46153846153846156,0.6666666666666666,0.0
db25_INFAI_db25:55-es,1.0,1.0,1.0,0.12807327174314076,0.39068509849510136,0.77407026981321,0.36602540378443865,1.0,1.0,1.0,1.0,0.7692307692307693,0.45890410958904104,0.598404255319149,1.0,0.7825422900366437,1.0,,1.0,1.0,1.0,1.0,1.0,1.0,0.0,1.0,1.0,0.7878787878787877,0.5806451612903226,0.41379310344827586,0.2962962962962963,0.4089601472043678,0.7272727272727274,0.5454545454545455,0.46153846153846156,0.6666666666666666,0.0
db25_INFAI_db25:56-en,0.574468085106383,0.81,0.44505494505494503,0.09058245188276967,0.3988664970435979,0.7141845787460195,0.27429188517743175,0.0,0.574468085106383,0.574468085106383,1.0,0.65,0.40909090909090906,0.3817972350230414,1.0,0.5423782837718303,0.761904761904762,,1.0,0.81,0.07167948618228427,0.07167948618228427,0.380952380952381,0.380952380952381,0.0,1.0,0.44505494505494503,0.631578947368421,0.39999999999999997,0.22641509433962265,0.1568627450980392,0.3869010882699973,0.6829268292682926,0.4878048780487805,0.5263157894736842,0.45454545454545453,0.0
db25_INFAI_db25:56-es,0.0,0.0,0.0,0.04337006956029492,0.40079426774681337,0.3737654899566539,0.2402530733520421,0.0,0.0,0.0,0.0,0.4444444444444444,0.32272727272727275,0.2977594339622642,0.0,0.4160751652217845,0.12903225806451613,,0.0,1.0,0.06170290107295076,0.0,0.0,0.0,0.0,0.0,0.0,0.43478260869565216,0.22727272727272727,0.09523809523809522,0.05,0.3556668141465619,0.6666666666666665,0.4444444444444444,0.5714285714285714,0.36363636363636365,0.0
db25_INFAI_db25:57-en,0.18897637795275588,0.10434782608695652,1.0,0.11421344613757878,0.5808789429297435,0.7313103409735261,0.2402530733520421,0.0,0.18897637795275588,0.1889763779527559,0.0,0.5,0.2594142259414226,0.6641604010025064,0.1,0.16587560311800356,0.26865671641791045,,0.0,0.10434782608695652,0.025655409035014894,0.025655409035014894,0.16091954022988506,0.16091954022988506,0.0,1.0,1.0,0.42857142857142855,0.32352941176470584,0.2121212121212121,0.125,0.11421344613757878,0.339622641509434,0.339622641509434,0.20930232558139536,0.9,0.0
db25_INFAI_db25:57-es,0.13043478260869565,0.06976744186046512,1.0,0.036011588771284034,0.5434074372313153,0.5095246653650681,0.1757340838011157,0.0,0.13043478260869565,0.24489795918367346,0.0,0.2903225806451613,0.2137592137592138,0.4383680555555556,0.06666666666666667,0.05226304360193306,0.0967741935483871,,0.0,0.06976744186046512,0.038330275013908684,0.038330275013908684,0.06666666666666667,0.06666666666666667,0.0,1.0,1.0,0.40625,0.19354838709677416,0.1,0.034482758620689655,0.036011588771284034,0.25,0.25,0.14814814814814814,0.8,0.0
db25_INFAI_db25:58-en,0.0,0.0,0.0,0.2596535889340338,0.7012770335971448,0.9400643223910574,0.4142135623730951,0.0,0.0,0.0,0.0,0.8461538461538461,0.5722543352601156,0.7601351351351351,0.0,0.7071067811865475,1.0,,0.0,1.0,1.0,1.0,1.0,1.0,0.0,0.0,0.0,0.9333333333333333,0.8372093023255814,0.7317073170731707,0.6153846153846153,0.2596535889340338,0.6666666666666665,0.6666666666666665,0.5454545454545454,0.8571428571428571,0.0
db25_INFAI_db25:58-es,0.0,0.0,0.0,0.12475235543331888,0.6159719844877862,0.8755097699185569,0.3090169943749474,0.0,0.0,0.0,0.0,0.6666666666666666,0.5291005291005291,0.5067567567567568,0.0,0.18756826382863573,0.358974358974359,,0.0,1.0,0.21938699234088677,0.21938699234088677,0.358974358974359,0.358974358974359,0.0,0.0,0.0,0.7916666666666667,0.608695652173913,0.40909090909090906,0.2380952380952381,0.12475235543331888,0.4444444444444444,0.4444444444444444,0.36363636363636365,0.5714285714285714,0.0
db25_INFAI_db25:59-en,0.6666666666666666,0.5,1.0,0.030229280752019142,0.3017025589864161,0.549031334896802,0.1757340838011157,1.0,0.6666666666666666,1.0,1.0,0.2903225806451613,0.26027397260273977,0.2304804804804805,1.0,0.07224506600409233,0.10526315789473684,,1.0,0.5,0.06779696883478685,0.06779696883478685,0.07017543859649124,0.07017543859649124,0.0,1.0,1.0,0.40579710144927533,0.23880597014925373,0.15384615384615385,0.09523809523809523,0.05891439861133331,0.40816326530612246,0.24489795918367344,0.1875,0.35294117647058826,0.0
db25_INFAI_db25:59-es,0.0,0.0,0.0,0.044262086798731635,0.4086720455181343,0.6549735601337165,0.2612038749637414,0.0,0.0,0.0,0.0,0.5294117647058824,0.41493775933609955,0.31356509884117245,0.0,0.2193873264796764,0.17777777777777778,,0.0,0.0,0.19959163428899027,0.19959163428899027,0.13333333333333333,0.13333333333333333,0.0,1.0,0.0,0.47058823529411764,0.2857142857142857,0.1276595744680851,0.044444444444444446,0.2193873264796764,0.5925925925925927,0.4444444444444445,0.6,0.35294117647058826,0.0
db25_INFAI_db25:6-en,0.5,1.0,0.3333333333333333,0.059557432718660555,0.3787399239636668,0.7383734842874914,0.1951941016011038,0.0,0.5,0.5,1.0,0.34615384615384615,0.44217687074829937,0.32262465043312194,1.0,0.24941747177008258,0.15625,,1.0,1.0,0.24797984721910182,0.24797984721910182,0.30769230769230765,0.30769230769230765,0.0,1.0,0.3333333333333333,0.5428571428571429,0.3823529411764706,0.24242424242424243,0.125,0.24941747177008258,0.6486486486486486,0.4864864864864865,0.47368421052631576,0.5,0.0
db25_INFAI_db25:6-es,0.0,0.0,0.0,0.04862844018361942,0.3373726915827355,0.705228672209306,0.17253779651421453,0.0,0.0,0.0,0.0,0.3235294117647059,0.41156462585034015,0.2823818293431553,0.0,0.22723113592576366,0.03174603174603175,,0.0,0.0,0.05937906481535108,0.05937906481535108,0.0,0.0,0.0,1.0,0.0,0.5063291139240507,0.25974025974025977,0.10666666666666667,0.027397260273972605,0.21314568971111159,0.43243243243243246,0.3243243243243243,0.3157894736842105,0.3333333333333333,0.0
db25_INFAI_db25:60-en,0.6666666666666666,0.5,1.0,0.06743924425721999,0.34574827674868625,0.584237394672177,0.23166247903554,1.0,0.6666666666666666,1.0,1.0,0.5,0.3877551020408163,0.4121890547263682,0.5,0.04641719466629846,0.19607843137254904,,0.0,0.5,0.12219667481477892,0.12219667481477892,0.4705882352941177,0.4705882352941177,0.0,1.0,1.0,0.5614035087719298,0.3272727272727273,0.22641509433962262,0.1568627450980392,0.07756614486381688,0.5714285714285714,0.4081632653061224,0.3333333333333333,0.5263157894736842,0.0
db25_INFAI_db25:60-es,0.6666666666666666,0.5,1.0,0.06429574169982975,0.35266384643990406,0.5936657514041416,0.2240092377397959,1.0,0.6666666666666666,1.0,1.0,0.4782608695652174,0.4961832061068703,0.4641544117647059,0.5,0.04641719466629846,0.19607843137254904,,0.0,0.5,0.12219667481477892,0.12219667481477892,0.4705882352941177,0.4705882352941177,0.0,1.0,1.0,0.5666666666666667,0.3103448275862069,0.21428571428571427,0.14814814814814814,0.07305406690073853,0.6153846153846154,0.46153846153846156,0.36363636363636365,0.631578947368421,0.0
db25_INFAI_db25:61-en,0.0,0.0,1.0,0.1105835074078771,0.3748723733190907,0.6537014466829247,0.3090169943749474,0.0,0.0,0.0,0.0,0.6875,0.5271739130434783,0.6865248226950355,0.0,0.2704091953828695,0.4444444444444444,,0.0,0.0,0.5184341074271375,0.5184341074271375,0.6486486486486486,0.6486486486486486,0.0,1.0,0.0,0.7142857142857143,0.5499999999999999,0.4210526315789474,0.2777777777777778,0.17348332274729553,0.5945945945945945,0.5405405405405406,0.4166666666666667,0.7692307692307693,0.0
db25_INFAI_db25:61-es,0.0,0.0,1.0,0.20025535847715945,0.4310162205716708,0.7873359887517358,0.3333333333333333,0.0,0.0,0.0,0.0,0.7333333333333333,0.6616915422885572,0.7779374775422206,0.0,0.2704091953828695,0.4444444444444444,,0.0,0.0,0.5184341074271375,0.5184341074271375,0.6486486486486486,0.6486486486486486,0.0,1.0,0.0,0.7142857142857143,0.6,0.5263157894736841,0.4444444444444444,0.2704091953828695,0.7058823529411765,0.6470588235294118,0.5238095238095238,0.8461538461538461,0.0
db25_INFAI_db25:62-en,0.6597582037996546,0.49567474048442905,0.9862306368330465,0.017993384625119804,0.27582657149169826,0.4161733834633709,0.15438708879488486,0.0,0.6597582037996546,0.9887834339948232,1.0,0.23076923076923078,0.18290258449304175,0.2755555555555556,1.0,0.05462680303583697,0.17073170731707318,,1.0,0.49567474048442905,0.028443725338056156,0.028443725338056156,0.1276595744680851,0.1276595744680851,0.0,1.0,0.9862306368330465,0.3296703296703296,0.20224719101123595,0.11494252873563218,0.047058823529411764,0.0414192083878605,0.2222222222222222,0.15873015873015875,0.09259259259259259,0.5555555555555556,0.16666666666666666
db25_INFAI_db25:62-es,0.0,0.0,0.0,0.03260239740954051,0.2999526945244339,0.5430209893473685,0.2,0.0,0.0,0.0,0.0,0.3333333333333333,0.23758865248226946,0.4091743119266055,0.0,0.24515235346013312,0.1702127659574468,,0.0,0.0,0.0857638596526182,0.0857638596526182,0.08333333333333333,0.08333333333333333,0.0,1.0,0.0,0.3928571428571429,0.22222222222222227,0.11538461538461539,0.0,0.17098323692758396,0.3783783783783784,0.2702702702702703,0.17857142857142858,0.5555555555555556,0.0
db25_INFAI_db25:63-en,0.6666666666666666,0.5,1.0,0.07631995551609101,0.344244659138862,0.7455777916396407,0.28989794855663564,1.0,0.6666666666666666,1.0,1.0,0.6470588235294118,0.3414634146341463,0.49668874172185434,0.5,0.1549243683248917,0.2727272727272727,,0.0,0.5,0.12421758435065915,0.12421758435065915,0.27906976744186046,0.27906976744186046,0.0,1.0,1.0,0.6428571428571429,0.4444444444444444,0.30769230769230765,0.2,0.1155255206346837,0.6153846153846153,0.41025641025641024,0.32,0.5714285714285714,0.0
db25_INFAI_db25:63-es,0.0,0.0,0.0,0.04039517491075014,0.31434572902542096,0.6330419536079969,0.2240092377397959,0.0,0.0,0.0,0.0,0.42857142857142855,0.30980392156862746,0.3362573099415205,0.0,0.12549177756699156,0.046511627906976744,,0.0,0.0,0.11441728723970392,0.11441728723970392,0.09302325581395349,0.09302325581395349,0.0,1.0,0.0,0.5172413793103448,0.3214285714285714,0.18518518518518517,0.07692307692307693,0.08208624312557247,0.5,0.3,0.23076923076923078,0.42857142857142855,0.0
db25_INFAI_db25:64-en,1.0,1.0,1.0,0.11224325810283053,0.3892757606535792,0.7808219178082195,0.3333333333333333,1.0,1.0,1.0,1.0,0.75,0.5286343612334802,0.5241371268656717,1.0,0.6298129992394241,0.8461538461538461,,1.0,1.0,0.7611606003349892,0.7611606003349892,0.8461538461538461,0.8461538461538461,0.0,1.0,1.0,0.7586206896551724,0.5714285714285714,0.4444444444444444,0.34615384615384615,0.37709297891717664,0.7333333333333334,0.5333333333333333,0.47058823529411764,0.6153846153846154,0.0
db25_INFAI_db25:64-es,0.0,0.0,0.0,0.046388791210307104,0.3329681786833017,0.5862529287108078,0.25,0.0,0.0,0.0,0.0,0.5263157894736842,0.28110599078341014,0.37307380373073806,0.0,0.3498761149110956,0.4528301886792453,,0.0,0.0,0.4250281413416978,0.4250281413416978,0.4528301886792453,0.4528301886792453,0.0,1.0,0.0,0.5862068965517241,0.2857142857142857,0.14814814814814814,0.038461538461538464,0.21951524426618454,0.5454545454545455,0.3636363636363637,0.3,0.46153846153846156,0.0
db25_INFAI_db25:65-en,1.0,1.0,1.0,0.12807327174314076,0.39068509849510136,0.7372097807744857,0.3090169943749474,1.0,1.0,1.0,1.0,0.6428571428571429,0.47468354430379744,0.598404255319149,1.0,0.5555238068023582,0.7692307692307693,,1.0,1.0,0.6606328636027614,0.6606328636027614,0.7692307692307693,0.7692307692307693,0.0,1.0,1.0,0.742857142857143,0.5454545454545454,0.3870967741935484,0.27586206896551724,0.4089601472043678,0.7272727272727274,0.5454545454545455,0.46153846153846156,0.6666666666666666,0.0
db25_INFAI_db25:65-es,0.0,0.0,0.0,0.06616869624437408,0.3584370225242072,0.7259540086406279,0.28989794855663564,0.0,0.0,0.0,0.0,0.6,0.4658385093167702,0.474468085106383,0.0,0.42728700639623407,0.5185185185185186,,0.0,0.0,0.5133450480401704,0.5133450480401704,0.5185185185185186,0.5185185185185186,0.0,1.0,0.0,0.7222222222222223,0.47058823529411764,0.25,0.13333333333333333,0.31455601883230705,0.6363636363636364,0.4545454545454546,0.38461538461538464,0.5555555555555556,0.0
db25_INFAI_db25:66-en,0.0,0.0,1.0,0.03350002988190188,0.2933876109731087,0.3639816914456336,0.15438708879488486,0.0,0.0,0.0,0.0,0.25,0.18128654970760238,0.28625030259017187,0.0,0.06859090501440618,0.028985507246376812,,0.0,0.0,0.08828528448332859,0.08828528448332859,0.01941747572815534,0.01941747572815534,0.0,1.0,0.0,0.3116883116883117,0.13333333333333336,0.0821917808219178,0.028169014084507043,0.06155322223147551,0.31578947368421056,0.23684210526315785,0.15,0.5625,1.0
db25_INFAI_db25:66-es,0.0,0.0,1.0,0.08184095229301509,0.3590739374483205,0.653523202465604,0.2402530733520421,0.0,0.0,0.0,0.0,0.6428571428571429,0.19999999999999996,0.45634920634920634,0.0,0.21869766863251183,0.5,,0.0,0.0,0.3240220869485148,0.3240220869485148,0.12121212121212123,0.12121212121212123,0.0,1.0,0.0,0.625,0.45161290322580644,0.36666666666666664,0.2758620689655172,0.15083364266523736,0.5499999999999999,0.45,0.375,0.5625,0.0
db25_INFAI_db25:67-en,0.6666666666666666,0.5,1.0,0.02808814253276715,0.292344629242999,0.5915204817512774,0.2,1.0,0.6666666666666666,1.0,1.0,0.38461538461538464,0.27963525835866265,0.3912280701754386,1.0,0.20287366424876008,0.5925925925925926,,1.0,0.5,0.08536938924453762,0.08536938924453762,0.5185185185185185,0.5185185185185185,0.0,1.0,1.0,0.5797101449275361,0.41791044776119407,0.30769230769230765,0.22222222222222218,0.052290973232959004,0.3333333333333333,0.2380952380952381,0.15151515151515152,0.5555555555555556,0.0
db25_INFAI_db25:67-es,0.0,0.0,0.0,0.05148551848842733,0.3326231606824461,0.634391535129469,0.2612038749637414,0.0,0.0,0.0,0.0,0.5294117647058824,0.23857868020304573,0.45510204081632655,0.0,0.42728700639623407,0.2,,0.0,0.0,0.5133450480401704,0.5133450480401704,0.2,0.2,0.0,1.0,0.0,0.5384615384615385,0.24000000000000002,0.08333333333333333,0.0,0.23287896954139942,0.5384615384615384,0.3846153846153846,0.29411764705882354,0.5555555555555556,0.0
db25_INFAI_db25:68-en,0.6666666666666666,0.5,1.0,0.055235186313590694,0.3101682888082823,0.6260064360459998,0.20521309615767264,1.0,0.6666666666666666,1.0,1.0,0.4,0.30508474576271183,0.5067567567567568,1.0,0.20287366424876008,0.47619047619047616,,1.0,0.5,0.10734632390769645,0.10734632390769645,0.4285714285714286,0.4285714285714286,0.0,1.0,1.0,0.5185185185185185,0.3846153846153846,0.28,0.20833333333333331,0.07584774797088144,0.41025641025641024,0.30769230769230765,0.2,0.6666666666666666,0.0
db25_INFAI_db25:68-es,0.0,0.0,0.0,0.08913289712923907,0.4174633551414503,0.7881104062391004,0.3333333333333333,0.0,0.0,0.0,0.0,0.6923076923076923,0.762962962962963,0.5616605616605616,0.0,0.4671379777282001,0.3703703703703704,,0.0,0.0,0.5969491792019646,0.5969491792019646,0.3703703703703704,0.3703703703703704,0.0,1.0,0.0,0.787878787878788,0.5161290322580646,0.2758620689655172,0.14814814814814817,0.4671379777282001,0.8421052631578948,0.631578947368421,0.6,0.6666666666666666,0.0
db25_INFAI_db25:69-en,0.0,0.0,0.0,0.06126147687778762,0.31692229864803484,0.5561084983989949,0.18660549686337075,0.0,0.0,0.0,0.0,0.2962962962962963,0.42028985507246375,0.5208333333333335,0.0,0.09450179167421512,0.3333333333333333,,0.0,0.0,0.07713995116831293,0.07713995116831293,0.28571428571428575,0.28571428571428575,0.0,1.0,0.0,0.47058823529411753,0.40816326530612246,0.3404255319148936,0.3111111111111111,0.08412291817339503,0.4444444444444444,0.3333333333333333,0.2222222222222222,0.6666666666666666,0.0
db25_INFAI_db25:69-es,0.0,0.0,0.0,0.0443218362009612,0.32011313888995707,0.6889053830276984,0.179128784747792,0.0,0.0,0.0,0.0,0.25,0.28851540616246496,0.3683168316831683,0.0,0.2891784933232572,0.044444444444444446,,0.0,0.0,0.2891784933232572,0.2891784933232572,0.044444444444444446,0.044444444444444446,0.0,1.0,0.0,0.29850746268656714,0.15384615384615383,0.06349206349206349,0.0,0.19496249079519765,0.48275862068965514,0.3448275862068966,0.25,0.5555555555555556,0.0
db25_INFAI_db25:7-en,0.6666666666666666,0.5,1.0,0.07201026821955582,0.30832514770005026,0.6132690283219112,0.2240092377397959,0.0,0.6666666666666666,0.6666666666666666,1.0,0.5,0.31221719457013575,0.5694117647058824,0.5,0.03404782645793667,0.28571428571428575,,0.0,0.5,0.015035184899584572,0.015035184899584572,0.12345679012345678,0.12345679012345678,0.0,1.0,1.0,0.47222222222222215,0.42857142857142855,0.38235294117647056,0.3333333333333333,0.09315023103611546,0.3243243243243243,0.27027027027027023,0.16129032258064516,0.8333333333333334,0.0
db25_INFAI_db25:7-es,0.5,0.5,0.5,0.034122814757251256,0.30912889095944457,0.4091585441924858,0.1827439976315568,0.0,0.5,0.6666666666666666,1.0,0.2857142857142857,0.4292237442922374,0.3135212418300654,1.0,0.06869188555157976,0.05405405405405406,,1.0,0.5,0.0710096523354717,0.0710096523354717,0.05405405405405406,0.05405405405405406,0.0,1.0,0.5,0.4081632653061224,0.1702127659574468,0.08888888888888889,0.046511627906976744,0.06351509241973079,0.4,0.3,0.21428571428571427,0.5,0.0
db25_INFAI_db25:70-en,0.0,0.0,1.0,0.03296999569029951,0.29267387017253016,0.4508348173337161,0.16139047779640892,0.0,0.0,0.0,0.0,0.2702702702702703,0.18013856812933027,0.32806214454154536,0.0,0.0671364822492719,0.0606060606060606,,0.0,0.0,0.19476681308252697,0.19476681308252697,0.12307692307692308,0.12307692307692308,0.0,1.0,0.0,0.39999999999999997,0.2191780821917808,0.11267605633802816,0.028985507246376812,0.056977476431461005,0.29729729729729726,0.24324324324324326,0.14754098360655737,0.6923076923076923,0.0
db25_INFAI_db25:70-es,0.0,0.0,1.0,0.025390355222519076,0.28251222625712336,0.2958401046534555,0.1907435698305462,0.0,0.0,0.0,0.0,0.3333333333333333,0.18571428571428572,0.2284263959390863,0.0,0.04489977427301925,0.06451612903225806,,0.0,0.0,0.08930983713298185,0.08930983713298185,0.028985507246376815,0.028985507246376815,0.0,1.0,0.0,0.3384615384615385,0.15873015873015875,0.06557377049180328,0.0,0.04318350422599894,0.23655913978494622,0.1935483870967742,0.1125,0.6923076923076923,0.0
db25_INFAI_db25:71-en,0.5454545454545454,0.5,0.6,0.055235186313590694,0.3101682888082823,0.5271458979557453,0.1827439976315568,0.0,0.5454545454545454,0.75,1.0,0.2857142857142857,0.3192982456140351,0.5067567567567568,1.0,0.09450179167421512,0.3333333333333333,,1.0,0.5,0.07713995116831293,0.07713995116831293,0.28571428571428575,0.28571428571428575,0.0,1.0,0.6,0.44444444444444436,0.34615384615384615,0.24,0.16666666666666666,0.07584774797088144,0.41025641025641024,0.30769230769230765,0.2,0.6666666666666666,0.0
db25_INFAI_db25:71-es,0.5454545454545454,0.5,0.6,0.02414660878240123,0.2858018920023533,0.6456192349964129,0.16666666666666666,0.0,0.5454545454545454,0.75,1.0,0.21875,0.24943310657596374,0.31000000000000005,1.0,0.0480331865751875,0.029850746268656716,,1.0,0.5,0.03025065531255305,0.03025065531255305,0.017543859649122806,0.017543859649122806,0.0,1.0,0.6,0.2631578947368421,0.16216216216216214,0.08333333333333331,0.02857142857142857,0.04443166546199454,0.29166666666666663,0.20833333333333334,0.1282051282051282,0.5555555555555556,0.0
db25_INFAI_db25:72-en,1.0,1.0,1.0,0.12807327174314076,0.39068509849510136,0.7487048859271455,0.3333333333333333,1.0,1.0,1.0,1.0,0.7142857142857143,0.44252873563218387,0.598404255319149,1.0,0.7825422900366437,1.0,,1.0,1.0,1.0,1.0,1.0,1.0,0.0,1.0,1.0,0.7999999999999999,0.606060606060606,0.45161290322580644,0.3448275862068966,0.4089601472043678,0.7272727272727274,0.5454545454545455,0.46153846153846156,0.6666666666666666,0.0
db25_INFAI_db25:72-es,0.0,0.0,0.0,0.08516138411042476,0.3916852367976037,0.682186500819359,0.27429188517743175,0.0,0.0,0.0,0.0,0.5333333333333333,0.6928104575163399,0.49010989010989015,0.0,0.42728700639623407,0.3448275862068966,,0.0,0.0,0.5133450480401704,0.5133450480401704,0.3448275862068966,0.3448275862068966,0.0,1.0,0.0,0.6857142857142857,0.4848484848484848,0.2580645161290323,0.20689655172413793,0.42728700639623407,0.7368421052631577,0.5263157894736842,0.5,0.5555555555555556,0.0
db25_INFAI_db25:73-en,1.0,1.0,1.0,0.12807327174314076,0.39068509849510136,0.77407026981321,0.36602540378443865,1.0,1.0,1.0,1.0,0.7692307692307693,0.4305555555555556,0.598404255319149,1.0,0.7825422900366437,1.0,,1.0,1.0,1.0,1.0,1.0,1.0,0.0,1.0,1.0,0.7878787878787877,0.5806451612903226,0.41379310344827586,0.2962962962962963,0.4089601472043678,0.7272727272727274,0.5454545454545455,0.46153846153846156,0.6666666666666666,0.0
db25_INFAI_db25:73-es,0.0,0.0,0.0,0.040615199701239564,0.3136862344659165,0.4514469490716347,0.2,0.0,0.0,0.0,0.0,0.3333333333333333,0.3807106598984772,0.4330097087378642,0.0,0.2061477352156375,0.11764705882352942,,0.0,0.0,0.21869766863251183,0.21869766863251183,0.11764705882352942,0.11764705882352942,0.0,1.0,0.0,0.46511627906976744,0.1951219512195122,0.05128205128205129,0.0,0.17588181044237433,0.45161290322580644,0.3225806451612903,0.22727272727272727,0.5555555555555556,0.0
db25_INFAI_db25:74-en,0.0,0.0,0.0,0.1698754758382859,0.6167931932838958,0.5613413993878118,0.21089672205953397,0.0,0.0,0.0,0.0,0.391304347826087,0.2204081632653061,0.6586219135020027,0.0,0.2955261230535602,0.28,,0.0,0.0,0.12740810460323607,0.12740810460323607,0.1702127659574468,0.1702127659574468,0.0,1.0,0.0,0.4745762711864407,0.3157894736842105,0.18181818181818182,0.11320754716981132,0.1698754758382859,0.43137254901960786,0.43137254901960786,0.2972972972972973,0.7857142857142857,0.0
db25_INFAI_db25:74-es,0.0,0.0,0.0,0.13025609193398527,0.6389725437363681,0.827832723165652,0.3333333333333333,0.0,0.0,0.0,0.0,0.7647058823529411,0.3643724696356275,0.715702479338843,0.0,0.5773502691896257,0.6511627906976744,,0.0,1.0,0.16014137272520165,0.16014137272520165,0.4390243902439024,0.4390243902439024,0.0,1.0,0.0,0.8275862068965517,0.5714285714285715,0.3333333333333333,0.15384615384615383,0.13025609193398527,0.5789473684210527,0.5789473684210527,0.4583333333333333,0.7857142857142857,0.3333333333333333
db25_INFAI_db25:75-en,0.0,0.0,0.0,0.31551109791813603,0.47018212230562095,0.8118441408859888,0.27429188517743175,0.0,0.0,0.0,0.0,0.6111111111111112,0.5132275132275133,0.7176237224314147,0.0,0.3903594390682207,0.2424242424242424,,0.0,1.0,0.3411488281065382,0.3411488281065382,0.2424242424242424,0.2424242424242424,0.0,0.0,0.0,0.6666666666666667,0.41860465116279066,0.2926829268292683,0.2051282051282051,0.33573064840973227,0.75,0.65,0.5652173913043478,0.7647058823529411,0.0
db25_INFAI_db25:75-es,0.0,0.0,0.0,0.03574591394926847,0.3242264719260044,0.48000783692661914,0.1951941016011038,0.0,0.0,0.0,0.0,0.2608695652173913,0.3348623853211009,0.24365079365079362,0.0,0.05470833554198989,0.1142857142857143,,0.0,0.0,0.04329398793439738,0.04329398793439738,0.08888888888888888,0.08888888888888888,0.0,1.0,0.0,0.39999999999999997,0.25,0.1739130434782609,0.045454545454545456,0.045679210445731463,0.41025641025641024,0.30769230769230765,0.2727272727272727,0.35294117647058826,0.0
db25_INFAI_db25:76-en,0.0,0.0,0.0,0.008697532814428099,0.3969112253088702,0.5595873700915093,0.13367660240019172,0.0,0.0,0.0,0.0,0.20754716981132076,0.2975679542203148,0.12322187962082048,0.0,0.002236323975494552,0.03508771929824561,,0.0,1.0,0.00035103164585491606,0.00035103164585491606,0.041237113402061855,0.041237113402061855,0.0,1.0,0.0,0.3565891472868217,0.2047244094488189,0.144,0.09756097560975609,0.011588465330186976,0.26804123711340205,0.22680412371134023,0.5789473684210527,0.14102564102564102,1.0
db25_INFAI_db25:76-es,0.05982905982905983,0.04216867469879518,0.10294117647058823,0.13145408114064058,0.42061862232597647,0.5199981807675647,0.15022110482233483,0.0,0.05982905982905983,0.0,0.0,0.4074074074074074,0.3919885550786838,0.2484022218203803,0.0625,0.305978376020165,0.19736842105263158,,0.0,0.04216867469879518,0.06905356027389993,0.06905356027389993,0.15789473684210525,0.15789473684210525,0.0,1.0,0.10294117647058823,0.3974358974358974,0.27272727272727265,0.19736842105263158,0.14666666666666667,0.2672231408027229,0.5511811023622047,0.42519685039370075,0.5510204081632653,0.34615384615384615,0.0
db25_INFAI_db25:77-en,0.6666666666666666,0.5,1.0,0.08867522604030831,0.3668506463233657,0.7205561941158012,0.3090169943749474,1.0,0.6666666666666666,1.0,1.0,0.6875,0.33854166666666663,0.38490853658536583,0.5,0.04869199709560803,0.3225806451612903,,0.0,0.5,0.1003877455791301,0.1003877455791301,0.30303030303030304,0.30303030303030304,0.0,1.0,1.0,0.6956521739130435,0.45454545454545453,0.2857142857142857,0.20000000000000004,0.09376263579411838,0.5555555555555556,0.4444444444444445,0.4,0.5,0.0
db25_INFAI_db25:77-es,1.0,1.0,1.0,0.10926256327079781,0.42543063903198874,0.8255008255012384,0.36602540378443865,1.0,1.0,1.0,1.0,0.7857142857142857,0.5612903225806452,0.4020700636942675,1.0,0.5555238068023582,0.8148148148148148,,1.0,1.0,0.537845493675679,0.537845493675679,0.7586206896551724,0.7586206896551724,0.0,1.0,1.0,0.761904761904762,0.55,0.42105263157894735,0.2777777777777778,0.1561056328712504,0.6896551724137931,0.5517241379310345,0.6153846153846154,0.5,0.0
db25_INFAI_db25:78-en,0.041666666666666664,0.029411764705882353,0.07142857142857142,0.24679225994832937,0.6968332001222175,0.7763596444963738,0.20521309615767264,0.0,0.041666666666666664,0.06451612903225806,0.0,0.4827586206896552,0.3520249221183801,0.7735671936758893,0.029411764705882353,0.20823762637717375,0.14705882352941174,,0.0,0.029411764705882353,0.33794681259634946,0.33794681259634946,0.25925925925925924,0.25925925925925924,0.0,1.0,0.07142857142857142,0.6500000000000001,0.4358974358974359,0.2105263157894737,0.05405405405405405,0.1479757676110522,0.6229508196721311,0.6557377049180328,0.5405405405405406,0.8333333333333334,0.0
db25_INFAI_db25:78-es,0.3,0.5,0.21428571428571427,0.10583909649415629,0.6071049354138617,0.6832124068546763,0.16952084719853724,0.0,0.3,0.35294117647058826,1.0,0.38461538461538464,0.296875,0.5960431654676259,1.0,0.1377448219106278,0.20454545454545453,,1.0,0.5,0.07493636112980531,0.07493636112980531,0.18666666666666668,0.18666666666666668,0.0,1.0,0.21428571428571427,0.5360824742268041,0.29473684210526313,0.15053763440860213,0.04395604395604395,0.08563512331995012,0.4651162790697674,0.4651162790697674,0.3225806451612903,0.8333333333333334,0.0
db25_INFAI_db25:79-en,0.6666666666666666,1.0,0.5,0.08688004023091507,0.3455283173803179,0.7872416702069597,0.3090169943749474,0.0,0.6666666666666666,0.6666666666666666,1.0,0.6666666666666666,0.406392694063927,0.5625,1.0,0.456083954535194,0.787878787878788,,1.0,1.0,0.49009410393069486,0.49009410393069486,0.787878787878788,0.787878787878788,0.0,1.0,0.5,0.6666666666666667,0.5,0.3684210526315789,0.27777777777777773,0.2680165156355778,0.5714285714285714,0.42857142857142855,0.3157894736842105,0.6666666666666666,0.0
db25_INFAI_db25:79-es,0.0,0.0,0.0,0.04646169266958037,0.32383938797103295,0.761840059364464,0.28989794855663564,0.0,0.0,0.0,0.0,0.625,0.39910313901345296,0.446,0.0,0.2722589423069702,0.5714285714285714,,0.0,0.0,0.2925612730731506,0.2925612730731506,0.5714285714285714,0.5714285714285714,0.0,1.0,0.0,0.6363636363636364,0.42857142857142855,0.25,0.15789473684210525,0.2061477352156375,0.5,0.35714285714285715,0.2631578947368421,0.5555555555555556,0.0
db25_INFAI_db25:8-en,0.0,0.0,0.0,0.2596535889340338,0.7012770335971448,0.9385906354489058,0.4142135623730951,0.0,0.0,0.0,0.0,0.8333333333333334,0.609271523178808,0.7601351351351351,0.0,0.7071067811865475,1.0,,0.0,1.0,1.0,1.0,1.0,1.0,0.0,0.0,0.0,0.923076923076923,0.8108108108108107,0.6857142857142857,0.5454545454545454,0.2596535889340338,0.6666666666666665,0.6666666666666665,0.5454545454545454,0.8571428571428571,0.0
db25_INFAI_db25:8-es,0.0,0.0,0.0,0.09017802119356079,0.5842409058235156,0.6486486486486487,0.2612038749637414,0.0,0.0,0.0,0.0,0.5,0.3918918918918919,0.48076923076923084,0.0,0.18756826382863573,0.1818181818181818,,0.0,1.0,0.21938699234088677,0.21938699234088677,0.1818181818181818,0.1818181818181818,0.0,0.0,0.0,0.5853658536585366,0.30769230769230765,0.16216216216216214,0.05714285714285715,0.09017802119356079,0.36363636363636365,0.36363636363636365,0.26666666666666666,0.5714285714285714,0.0
db25_INFAI_db25:80-en,0.04662004662004662,0.02386634844868735,1.0,0.3158181436985783,0.7087622282323369,0.763342428977192,0.1951941016011038,0.0,0.04662004662004662,0.10309278350515463,1.0,0.46875,0.4061624649859944,0.6924102616534179,1.0,0.19784038259398884,0.18181818181818182,,1.0,0.02386634844868735,0.11367400334007008,0.11367400334007008,0.15384615384615383,0.15384615384615383,0.0,1.0,1.0,0.64,0.4657534246575342,0.36619718309859156,0.26086956521739135,0.1905614125685684,0.6829268292682926,0.6585365853658537,0.5192307692307693,0.9,0.0
db25_INFAI_db25:80-es,0.08097165991902834,0.04219409282700422,1.0,0.44283242025968617,0.7881274599036312,0.8000302474620598,0.27429188517743175,0.0,0.08097165991902834,0.10204081632653061,1.0,0.65,0.41346153846153844,0.655494083083935,1.0,0.4772249098454896,0.4897959183673469,,1.0,0.04219409282700422,0.2833037888891371,0.2833037888891371,0.2916666666666667,0.2916666666666667,0.0,1.0,1.0,0.7272727272727273,0.49056603773584906,0.35294117647058826,0.24489795918367346,0.4110573751509462,0.7213114754098361,0.7213114754098361,0.7096774193548387,0.7333333333333333,0.0
db25_INFAI_db25:81-en,0.0,0.0,0.0,0.056685337416793706,0.3548965723312119,0.5136695068008398,0.28989794855663564,0.0,0.0,0.0,0.0,0.625,0.3908629441624365,0.510204081632653,0.0,0.5282820326015716,0.6808510638297872,,0.0,0.0,0.579558149889942,0.579558149889942,0.7727272727272727,0.7727272727272727,0.0,1.0,0.0,0.5599999999999999,0.41666666666666663,0.30434782608695654,0.22727272727272727,0.3410791845736444,0.6857142857142857,0.4571428571428571,0.38095238095238093,0.5714285714285714,0.0
db25_INFAI_db25:81-es,0.0,0.0,0.0,0.04515779066237611,0.330447613282136,0.5201564866102995,0.2402530733520421,0.0,0.0,0.0,0.0,0.47368421052631576,0.31400966183574874,0.3197278911564626,0.0,0.12396328368146875,0.23809523809523808,,0.0,1.0,0.21305413619585087,0.21305413619585087,0.3902439024390244,0.3902439024390244,0.0,1.0,0.0,0.5098039215686274,0.32653061224489793,0.1702127659574468,0.08888888888888889,0.08605145501605324,0.5789473684210527,0.3684210526315789,0.2916666666666667,0.5,0.3333333333333333
db25_INFAI_db25:82-en,0.0,0.0,1.0,0.0431559589623373,0.3085601553153597,0.579750904364203,0.179128784747792,0.0,0.0,0.0,0.0,0.34375,0.2363112391930836,0.3858745558350301,0.0,0.08570827906588853,0.1587301587301587,,0.0,0.0,0.13853411725680145,0.13853411725680145,0.16129032258064516,0.16129032258064516,0.0,1.0,0.0,0.4533333333333333,0.27397260273972607,0.19718309859154928,0.11594202898550725,0.07590831443532543,0.39436619718309857,0.30985915492957744,0.2037037037037037,0.6470588235294118,0.0
db25_INFAI_db25:82-es,0.0,0.0,1.0,0.023847379782816844,0.28096767788613286,0.4570452650794567,0.1757340838011157,0.0,0.0,0.0,0.0,0.37142857142857144,0.226027397260274,0.20325203252032523,0.0,0.05438131353269565,0.17475728155339804,,0.0,0.0,0.07879442537516873,0.07879442537516873,0.13114754098360656,0.13114754098360656,0.0,1.0,0.0,0.37623762376237624,0.1616161616161616,0.08247422680412372,0.02105263157894737,0.04014478881185501,0.23636363636363633,0.1818181818181818,0.10752688172043011,0.5882352941176471,0.0
db25_INFAI_db25:83-en,0.0,0.0,0.0,0.020560844580406957,0.2837108202964983,0.5892742099296295,0.16952084719853724,0.0,0.0,0.0,0.0,0.25,0.32405063291139236,0.24365079365079362,0.0,0.04446858405976137,0.0821917808219178,,0.0,0.0,0.03947572054528652,0.03947572054528652,0.05479452054794521,0.05479452054794521,0.0,1.0,0.0,0.43902439024390244,0.3,0.1794871794871795,0.07894736842105263,0.04182923680975022,0.31746031746031744,0.19047619047619047,0.12244897959183673,0.42857142857142855,0.0
db25_INFAI_db25:83-es,0.4,0.25,1.0,0.030765684205951868,0.28931091959073213,0.5807056923464722,0.16666666666666666,0.0,0.4,0.5,1.0,0.3055555555555556,0.23029045643153523,0.28758445945945943,0.25,0.05999012237423688,0.29729729729729726,,0.0,0.25,0.05531956211813083,0.05531956211813083,0.25490196078431376,0.25490196078431376,0.0,1.0,1.0,0.43478260869565216,0.3333333333333333,0.25000000000000006,0.18604651162790697,0.04815089794613954,0.32876712328767127,0.2191780821917808,0.13559322033898305,0.5714285714285714,0.0
db25_INFAI_db25:84-en,0.22222222222222224,0.2,0.25,0.09600584732407934,0.3352259516269382,0.493049331302298,0.14459058185587106,0.0,0.22222222222222224,0.2222222222222222,0.0,0.2553191489361702,0.34285714285714286,0.4720099466278505,0.14285714285714285,0.1514844366920973,0.3116883116883117,,0.0,0.2,0.027335711315165375,0.027335711315165375,0.07894736842105263,0.07894736842105263,0.0,1.0,0.25,0.4044943820224719,0.2528735632183908,0.18823529411764708,0.12048192771084336,0.19398130305791902,0.43478260869565216,0.34782608695652173,0.24489795918367346,0.6,0.0
db25_INFAI_db25:84-es,0.7777777777777777,0.7,0.875,0.2194409743742214,0.42986024359355535,0.5358677475370629,0.2612038749637414,0.0,0.7777777777777777,0.7777777777777778,1.0,0.6,0.7327586206896552,0.6131154133394612,0.3333333333333333,0.3595818888322724,0.4727272727272727,,0.0,0.7,0.2966090320349725,0.2966090320349725,0.5185185185185185,0.5185185185185185,0.0,1.0,0.875,0.6551724137931033,0.46428571428571425,0.33333333333333326,0.19230769230769232,0.4122974402951816,0.6956521739130435,0.5652173913043479,0.5,0.65,0.0
db25_INFAI_db25:85-en,0.6666666666666666,0.5,1.0,0.055235186313590694,0.3101682888082823,0.6260064360459998,0.20521309615767264,1.0,0.6666666666666666,1.0,1.0,0.4,0.2964285714285714,0.5067567567567568,1.0,0.20287366424876008,0.47619047619047616,,1.0,0.5,0.10734632390769645,0.10734632390769645,0.4285714285714286,0.4285714285714286,0.0,1.0,1.0,0.5185185185185185,0.3846153846153846,0.28,0.20833333333333331,0.07584774797088144,0.41025641025641024,0.30769230769230765,0.2,0.6666666666666666,0.0
db25_INFAI_db25:85-es,0.0,0.0,0.0,0.054464631530469834,0.33784954636368714,0.6923494970655765,0.3090169943749474,0.0,0.0,0.0,0.0,0.6666666666666666,0.30409356725146197,0.4597938144329897,0.0,0.4671379777282001,0.7407407407407408,,0.0,0.0,0.5969491792019646,0.5969491792019646,0.7407407407407408,0.7407407407407408,0.0,1.0,0.0,0.717948717948718,0.3783783783783784,0.17142857142857143,0.060606060606060615,0.24903286388467735,0.56,0.39999999999999997,0.3125,0.5555555555555556,0.0
db25_INFAI_db25:86-en,0.0,0.0,0.0,0.039519321241386816,0.2968563636991162,0.5048267902790237,0.1827439976315568,0.0,0.0,0.0,0.0,0.3103448275862069,0.2772020725388601,0.3942197997211307,0.0,0.06893861071436284,0.19047619047619047,,0.0,0.0,0.05482485918299936,0.05482485918299936,0.1639344262295082,0.1639344262295082,0.0,1.0,0.0,0.411764705882353,0.24242424242424243,0.15625,0.09677419354838708,0.059786457953425326,0.38596491228070173,0.2456140350877193,0.1590909090909091,0.5384615384615384,0.0
db25_INFAI_db25:86-es,0.0,0.0,0.0,0.04435867375363758,0.32898673821128543,0.7407437469876466,0.25,0.0,0.0,0.0,0.0,0.5263157894736842,0.3877551020408163,0.3089774557165862,0.0,0.11868279563287523,0.0,,0.0,0.0,0.12294937654860322,0.12294937654860322,0.0,0.0,0.0,1.0,0.0,0.5818181818181818,0.22641509433962265,0.0784313725490196,0.0,0.0959568413074586,0.588235294117647,0.35294117647058826,0.2857142857142857,0.46153846153846156,0.0
db25_INFAI_db25:87-en,0.3855421686746988,0.5,0.3137254901960784,0.08481340339552863,0.5943006486732161,0.6861496659066958,0.21089672205953397,0.0,0.3855421686746988,0.47761194029850745,1.0,0.48148148148148145,0.3370473537604457,0.5773628048780488,1.0,0.10423845548542789,0.34920634920634924,,1.0,0.5,0.18529727514179387,0.18529727514179387,0.43333333333333335,0.43333333333333335,0.0,1.0,0.3137254901960784,0.608695652173913,0.417910447761194,0.27692307692307694,0.1904761904761905,0.05924506337004793,0.46153846153846156,0.46153846153846156,0.3157894736842105,0.8571428571428571,0.0
db25_INFAI_db25:87-es,0.0,0.0,0.0,0.5333505353503044,0.8476233481232904,0.7544335361543176,0.4142135623730951,0.0,0.0,0.0,0.0,0.8571428571428571,0.7208121827411167,0.8504464285714286,0.0,0.5333505353503044,0.4117647058823529,,0.0,1.0,0.06458042446538513,0.0,0.24242424242424243,0.0,0.0,0.0,0.0,0.75,0.631578947368421,0.5,0.4117647058823529,0.5333505353503044,0.8571428571428571,0.8571428571428571,0.8571428571428571,0.8571428571428571,0.0
db25_INFAI_db25:88-en,1.0,1.0,1.0,0.1448589850726776,0.4793989300271293,0.7994276121339904,0.2402530733520421,1.0,1.0,1.0,1.0,0.5454545454545454,0.5211267605633803,0.5905511811023622,1.0,0.6694048285186804,0.6222222222222222,,1.0,1.0,0.6370964381207871,0.6370964381207871,0.8235294117647058,0.8235294117647058,0.0,1.0,1.0,0.627450980392157,0.48979591836734687,0.425531914893617,0.4,0.6694048285186804,0.8695652173913044,0.6956521739130435,0.8,0.6153846153846154,0.0
db25_INFAI_db25:88-es,0.0,0.0,0.0,0.06925448261712436,0.37824061939718606,0.7150297935287752,0.21712927295533244,0.0,0.0,0.0,0.0,0.48,0.2723004694835681,0.3931623931623932,0.0,0.5040341474964314,0.47826086956521735,,0.0,0.0,0.537845493675679,0.537845493675679,0.6285714285714286,0.6285714285714286,0.0,1.0,0.0,0.5818181818181817,0.37735849056603776,0.23529411764705882,0.16326530612244897,0.4089601472043678,0.6153846153846154,0.46153846153846156,0.46153846153846156,0.46153846153846156,0.0
db25_INFAI_db25:89-en,0.0,0.0,1.0,0.07908822657058072,0.3572669948251894,0.753495358482888,0.3333333333333333,0.0,0.0,0.0,0.0,0.8461538461538461,0.2148760330578512,0.5216374269005848,0.0,0.21992062963866632,0.676923076923077,,0.0,0.0,0.744373319312051,0.744373319312051,0.8444444444444444,0.8444444444444444,0.0,1.0,0.0,0.7567567567567569,0.5833333333333334,0.48571428571428577,0.38235294117647056,0.13305199541830684,0.5116279069767441,0.4651162790697674,0.37037037037037035,0.625,0.0
db25_INFAI_db25:89-es,0.0,0.0,1.0,0.06166187980277491,0.33161066473272166,0.5676876810372995,0.20521309615767264,0.0,0.0,0.0,0.0,0.4642857142857143,0.24090909090909096,0.4356060606060607,0.0,0.28753380961256264,0.42105263157894735,,0.0,0.0,0.5426113542926237,0.5426113542926237,0.6382978723404256,0.6382978723404256,0.0,1.0,0.0,0.5151515151515151,0.3125,0.1935483870967742,0.06666666666666667,0.11811895313352072,0.5,0.375,0.28125,0.5625,0.0
db25_INFAI_db25:9-en,0.0,0.0,0.0,0.03899828881387777,0.31089554544545256,0.49029033784546006,0.1907435698305462,0.0,0.0,0.0,0.0,0.3076923076923077,0.3393665158371041,0.4288461538461538,0.0,0.08252159623508792,0.1081081081081081,,0.0,0.0,0.21869766863251183,0.21869766863251183,0.2777777777777778,0.2777777777777778,0.0,1.0,0.0,0.4347826086956522,0.22727272727272727,0.14285714285714285,0.1,0.07178681338813069,0.37500000000000006,0.3125,0.21739130434782608,0.5555555555555556,0.0
db25_INFAI_db25:9-es,0.0,0.0,0.0,0.06616869624437408,0.3584370225242072,0.7106690545187018,0.27429188517743175,0.0,0.0,0.0,0.0,0.5625,0.3013698630136986,0.474468085106383,0.0,0.4671379777282001,0.4444444444444445,,0.0,0.0,0.5969491792019646,0.5969491792019646,0.4444444444444445,0.4444444444444445,0.0,1.0,0.0,0.7222222222222222,0.47058823529411764,0.25,0.13333333333333333,0.31455601883230705,0.6363636363636364,0.4545454545454546,0.38461538461538464,0.5555555555555556,0.0
db25_INFAI_db25:90-en,0.6666666666666666,0.5,1.0,0.05101971933757373,0.3420264595097898,0.5976143046671967,0.28989794855663564,0.0,0.6666666666666666,0.8,1.0,0.625,0.35775862068965514,0.4317645425517146,0.5,0.19304365196792037,0.3414634146341463,,0.0,0.5,0.31314224813827346,0.31314224813827346,0.5365853658536585,0.5365853658536585,0.0,1.0,1.0,0.5599999999999999,0.2916666666666667,0.13043478260869565,0.04545454545454545,0.10875442324351374,0.6285714285714286,0.4,0.3333333333333333,0.5,0.0
db25_INFAI_db25:90-es,0.0,0.0,0.0,0.10245773882426808,0.3668669651263226,0.6719368409052928,0.20521309615767264,0.0,0.0,0.0,0.0,0.375,0.31221719457013575,0.46697845804988664,0.0,0.4495431954509448,0.5714285714285715,,0.0,0.0,0.08235792347411655,0.08235792347411655,0.3243243243243243,0.3243243243243243,0.0,1.0,0.0,0.5555555555555556,0.34615384615384615,0.24000000000000002,0.16666666666666666,0.33680209563129027,0.5625000000000001,0.43750000000000006,0.3888888888888889,0.5,0.0
db25_INFAI_db25:91-en,0.0,0.0,1.0,0.07029100440901102,0.34336353505916184,0.5631578609999469,0.1951941016011038,0.0,0.0,0.0,0.0,0.37037037037037035,0.22556390977443608,0.44573643410852715,0.0,0.11250716919622708,0.18518518518518517,,0.0,0.0,0.3014335251508215,0.3014335251508215,0.22222222222222224,0.22222222222222224,0.0,1.0,0.0,0.4761904761904762,0.2622950819672131,0.1694915254237288,0.07017543859649122,0.08359056256388352,0.5454545454545454,0.40909090909090917,0.32142857142857145,0.5625,0.0
db25_INFAI_db25:91-es,0.0,0.0,1.0,0.054982702905194476,0.37559128825919375,0.7197274920657463,0.2612038749637414,0.0,0.0,0.0,0.0,0.5294117647058824,0.32432432432432434,0.32554847841472045,0.0,0.05991105443174937,0.1764705882352941,,0.0,0.0,0.11235571815872337,0.11235571815872337,0.2222222222222222,0.2222222222222222,0.0,1.0,0.0,0.5581395348837209,0.2926829268292683,0.15384615384615383,0.05405405405405405,0.05908275931230889,0.5517241379310345,0.41379310344827586,0.46153846153846156,0.375,0.0
db25_INFAI_db25:92-en,1.0,1.0,1.0,0.05565487012743754,0.36931206098271263,0.8260121711261501,0.28989794855663564,1.0,1.0,1.0,1.0,0.625,0.527027027027027,0.2837821519140201,1.0,0.27695832399954284,0.25531914893617025,,1.0,1.0,0.06019860831666814,0.06019860831666814,0.1702127659574468,0.1702127659574468,0.0,1.0,1.0,0.6037735849056605,0.39215686274509803,0.24489795918367344,0.12765957446808512,0.27695832399954284,0.6666666666666667,0.42424242424242425,0.4375,0.4117647058823529,0.0
db25_INFAI_db25:92-es,0.6666666666666666,0.5,1.0,0.040816979448766555,0.3220704644678277,0.7573453885187765,0.20521309615767264,1.0,0.6666666666666666,1.0,1.0,0.4,0.30740740740740746,0.24226641414141412,0.5,0.12154467566643914,0.125,,0.0,0.5,0.06084552793058189,0.06084552793058189,0.16666666666666666,0.16666666666666666,0.0,1.0,1.0,0.5373134328358209,0.27692307692307694,0.15873015873015875,0.06557377049180327,0.08764790644579436,0.5,0.3,0.2608695652173913,0.35294117647058826,0.0
db25_INFAI_db25:93-en,0.0,0.0,0.0,0.008990274984214496,0.26427190186294625,0.3203494836501013,0.15022110482233483,0.0,0.0,0.0,0.0,0.2,0.19674796747967482,0.10822510822510824,0.0,0.028347227816844647,0.1523809523809524,,0.0,1.0,0.011562362937349708,0.011562362937349708,0.08383233532934133,0.08383233532934133,0.0,1.0,0.0,0.25925925925925924,0.11320754716981132,0.05769230769230769,0.0196078431372549,0.017396956491806007,0.14414414414414412,0.0900900900900901,0.052083333333333336,0.3333333333333333,0.0
db25_INFAI_db25:93-es,0.0,0.0,0.0,0.029326070060243712,0.3029071707633435,0.4517769079674937,0.1827439976315568,0.0,0.0,0.0,0.0,0.3103448275862069,0.29929577464788737,0.231055900621118,0.0,0.1357978757893754,0.3888888888888889,,0.0,1.0,0.27854685173648897,0.27854685173648897,0.6,0.6,0.0,1.0,0.0,0.3466666666666667,0.19178082191780824,0.11267605633802817,0.057971014492753624,0.07342016785854194,0.3902439024390244,0.2439024390243902,0.19230769230769232,0.3333333333333333,0.0
db25_INFAI_db25:94-en,0.0,0.0,0.0,0.12173115521158184,0.35334945546956215,0.825274045500753,0.2612038749637414,0.0,0.0,0.0,0.0,0.5555555555555556,0.41979522184300344,0.5160112825618053,0.0,0.28433291815307693,0.7450980392156864,,0.0,1.0,0.4378826865860794,0.4378826865860794,0.823529411764706,0.823529411764706,0.0,0.0,0.0,0.761904761904762,0.5901639344262295,0.4745762711864407,0.3508771929824562,0.1516834432881332,0.5142857142857142,0.4,0.2916666666666667,0.6363636363636364,0.0
db25_INFAI_db25:94-es,0.0,0.0,0.0,0.04238217510965805,0.31674520549863205,0.7949778820635357,0.2402530733520421,0.0,0.0,0.0,0.0,0.4444444444444444,0.5432525951557093,0.31,0.0,0.05101971933757373,0.39999999999999997,,0.0,0.0,0.04862844018361942,0.04862844018361942,0.39999999999999997,0.39999999999999997,0.0,1.0,0.0,0.7213114754098361,0.576271186440678,0.4912280701754386,0.39999999999999997,0.05101971933757373,0.43749999999999994,0.31249999999999994,0.23809523809523808,0.45454545454545453,0.25
db25_INFAI_db25:95-en,0.0,0.0,0.0,0.023634631284864246,0.2893487958456934,0.45983500597298294,0.16139047779640892,0.0,0.0,0.0,0.0,0.25,0.22627737226277367,0.34665763324299914,0.0,0.0690902707749301,0.2424242424242424,,0.0,0.0,0.052511975404874324,0.052511975404874324,0.21052631578947364,0.21052631578947364,0.0,1.0,0.0,0.3846153846153846,0.2894736842105263,0.2162162162162162,0.16666666666666666,0.05462680303583697,0.3137254901960784,0.23529411764705882,0.14285714285714285,0.6666666666666666,0.0
db25_INFAI_db25:95-es,0.33333333333333337,0.2,1.0,0.05148551848842733,0.3326231606824461,0.5991712703227051,0.25,0.0,0.33333333333333337,0.3333333333333333,1.0,0.47058823529411764,0.348314606741573,0.45510204081632655,0.25,0.5555238068023582,0.6666666666666666,,0.0,0.2,0.6606328636027614,0.6606328636027614,0.6666666666666666,0.6666666666666666,0.0,1.0,1.0,0.6666666666666666,0.45,0.2631578947368421,0.1111111111111111,0.2928298013714697,0.5384615384615384,0.3846153846153846,0.29411764705882354,0.5555555555555556,0.0
db25_INFAI_db25:96-en,0.7650050864699898,0.8120950323974082,0.7230769230769231,0.4631415628618106,0.7868380222944,0.8397063826593032,0.21712927295533244,0.0,0.7650050864699898,0.8392857142857143,1.0,0.5185185185185185,0.5316455696202531,0.8104723525811058,1.0,0.33055500045119623,0.25396825396825395,0.6753191357179631,1.0,0.8120950323974082,0.26765226160005684,0.26765226160005684,0.2745098039215686,0.2745098039215686,0.0,1.0,0.7230769230769231,0.6666666666666666,0.5373134328358209,0.4615384615384615,0.3809523809523809,0.3032214997083036,0.7878787878787878,0.7878787878787878,0.6842105263157895,0.9285714285714286,0.0
db25_INFAI_db25:96-es,0.3594470046082949,0.4482758620689655,0.3,0.2634015274711266,0.6819218104392102,0.7445266493319366,0.179128784747792,0.0,0.3594470046082949,0.46153846153846156,1.0,0.4,0.3612903225806452,0.6520402674248829,1.0,0.1446093057497194,0.17142857142857143,0.3123215462677722,1.0,0.4482758620689655,0.18775767039189525,0.18775767039189525,0.208955223880597,0.208955223880597,0.0,1.0,0.3,0.5227272727272727,0.37209302325581395,0.2857142857142857,0.21951219512195122,0.13391621912488938,0.6428571428571429,0.6190476190476191,0.4642857142857143,0.9285714285714286,0.0
db25_INFAI_db25:97-en,0.0,0.0,0.0,0.03291050512608776,0.3066809598605967,0.5669467095138405,0.1827439976315568,0.0,0.0,0.0,0.0,0.3939393939393939,0.2277227722772277,0.37910528449790515,0.0,0.10764414721092863,0.3636363636363636,,0.0,0.0,0.17846877279661646,0.17846877279661646,0.45283018867924524,0.45283018867924524,0.0,1.0,0.0,0.5066666666666667,0.32876712328767116,0.22535211267605634,0.14492753623188406,0.08690077944437839,0.4255319148936171,0.2978723404255319,0.20588235294117646,0.5384615384615384,0.0
db25_INFAI_db25:97-es,0.33333333333333326,0.3,0.375,0.016621909795099952,0.27662605552624575,0.4120963904136679,0.15438708879488486,0.0,0.33333333333333326,0.46153846153846156,1.0,0.2857142857142857,0.18609022556390975,0.2382060831781502,1.0,0.05525502088976432,0.16091954022988506,,1.0,0.3,0.035327680509769484,0.035327680509769484,0.11666666666666667,0.11666666666666667,0.0,1.0,0.375,0.39583333333333337,0.2127659574468085,0.10869565217391304,0.04444444444444444,0.03859793585617813,0.24000000000000002,0.15999999999999998,0.0967741935483871,0.46153846153846156,0.0
db25_INFAI_db25:98-en,1.0,1.0,1.0,0.32466791547509893,0.5061669788687747,0.8427009716003846,0.5,1.0,1.0,1.0,1.0,0.9090909090909091,0.8244274809160306,0.738954922628392,1.0,0.7825422900366437,1.0,,1.0,1.0,1.0,1.0,1.0,1.0,0.0,1.0,1.0,0.8666666666666667,0.7857142857142857,0.6923076923076923,0.6666666666666666,0.7825422900366437,0.9473684210526316,0.7368421052631577,0.7,0.7777777777777778,0.0
db25_INFAI_db25:98-es,0.0,0.0,0.0,0.08516138411042476,0.3916852367976037,0.7864561805867951,0.4142135623730951,0.0,0.0,0.0,0.0,0.8333333333333334,0.7883211678832117,0.49010989010989015,0.0,0.42728700639623407,0.4615384615384615,,0.0,0.0,0.5133450480401704,0.5133450480401704,0.4615384615384615,0.4615384615384615,0.0,1.0,0.0,0.8125,0.6000000000000001,0.3571428571428571,0.23076923076923075,0.42728700639623407,0.7368421052631577,0.5263157894736842,0.5,0.5555555555555556,0.0
db25_INFAI_db25:99-en,1.0,1.0,1.0,0.056685337416793706,0.3548965723312119,0.7984925556608421,0.2612038749637414,0.0,1.0,0.6666666666666666,1.0,0.5789473684210527,0.4473684210526315,0.2907274590163934,1.0,0.13004450004800794,0.5416666666666666,,1.0,1.0,0.11196619810189844,0.11196619810189844,0.372093023255814,0.372093023255814,0.0,1.0,1.0,0.7333333333333333,0.5172413793103449,0.3571428571428571,0.22222222222222224,0.10619370134651737,0.5128205128205129,0.41025641025641024,0.38095238095238093,0.4444444444444444,0.0
db25_INFAI_db25:99-es,0.0,0.0,0.0,0.05656584938743446,0.3432251251569644,0.5166666666666666,0.2240092377397959,0.0,0.0,0.0,0.0,0.4,0.3695652173913043,0.2368827160493827,0.0,0.11370313431625323,0.17777777777777778,,0.0,0.0,0.09947010967747237,0.09947010967747237,0.17777777777777778,0.17777777777777778,0.0,1.0,0.0,0.4313725490196078,0.28571428571428575,0.1276595744680851,0.044444444444444446,0.1153608341442268,0.5,0.3333333333333333,0.3333333333333333,0.3333333333333333,0.0
db25_LABIC_db25:1-en,0.0,0.0,1.0,0.07290770984926694,0.46315194092131157,0.6664970490360239,0.23166247903554,0.0,0.0,0.0,0.0,0.45,0.3052631578947368,0.5600532527345998,0.0,0.1617059616044645,0.13793103448275862,,0.0,0.0,0.09961473942795526,0.09961473942795526,0.09090909090909091,0.09090909090909091,0.0,1.0,0.0,0.5625000000000001,0.3225806451612903,0.16666666666666666,0.06896551724137931,0.07438133744573368,0.456140350877193,0.42105263157894735,0.3,0.7058823529411765,0.0
db25_LABIC_db25:1-es,0.0,0.0,1.0,0.24180681260144146,0.29656281426147146,0.7341710238075196,0.2240092377397959,1.0,0.0,0.0,0.0,0.42857142857142855,0.29864253393665163,0.6543209876543211,0.0,0.42461633178803443,0.25,,0.0,0.0,0.04641719466629846,0.0,0.08333333333333334,0.0,0.0,0.0,0.0,0.6037735849056604,0.39215686274509803,0.24489795918367346,0.12765957446808512,0.24669426816409512,0.5909090909090909,0.5454545454545455,0.4444444444444444,0.7058823529411765,0.0
db25_LABIC_db25:10-en,0.0,0.0,0.0,0.03699856697638853,0.32045198117730217,0.5312161852311214,0.16952084719853724,0.0,0.0,0.0,0.0,0.2727272727272727,0.2086330935251799,0.36390867875647664,0.0,0.21233470585998823,0.12307692307692308,,0.0,1.0,0.03111196233996958,0.0,0.07017543859649122,0.0,0.0,0.0,0.0,0.42666666666666664,0.2191780821917808,0.11267605633802817,0.057971014492753624,0.15465401249808575,0.4897959183673469,0.32653061224489793,0.25806451612903225,0.4444444444444444,0.3333333333333333
db25_LABIC_db25:10-es,0.0,0.0,0.0,0.05700734440586649,0.3769657829755851,0.14457873299156007,0.1757340838011157,0.0,0.0,0.0,0.0,0.15384615384615385,0.21942446043165464,0.358584111610746,0.0,0.11306611690504097,0.0,,0.0,1.0,0.06053829631834109,0.0,0.0,0.0,0.0,0.0,0.0,0.15384615384615383,0.04,0.0,0.0,0.11306611690504097,0.6666666666666666,0.42424242424242425,0.4666666666666667,0.3888888888888889,0.0
db25_LABIC_db25:100-en,0.0,0.0,0.0,0.054322042069770475,0.35009497815357127,0.8583950752789521,0.28989794855663564,0.0,0.0,0.0,0.0,0.6470588235294118,0.37662337662337664,0.5067567567567568,0.0,0.3200286101270288,0.5294117647058824,,0.0,1.0,0.044179480207124866,0.0,0.2173913043478261,0.0,0.0,0.0,0.0,0.7200000000000001,0.5,0.34782608695652173,0.2272727272727273,0.12347053564371155,0.6111111111111112,0.4444444444444444,0.36363636363636365,0.5714285714285714,0.0
db25_LABIC_db25:100-es,0.0,0.0,0.0,0.05335468596522441,0.3466647068240031,0.6748819059987713,0.36602540378443865,0.0,0.0,0.0,0.0,0.7857142857142857,0.3571428571428571,0.43472183393905506,0.0,0.31314224813827346,0.5945945945945946,,0.0,1.0,0.17632001865415414,0.17632001865415414,0.5789473684210527,0.5789473684210527,0.0,1.0,0.0,0.6086956521739131,0.31818181818181823,0.1904761904761905,0.09999999999999999,0.09813526938414832,0.5294117647058824,0.4117647058823529,0.35,0.5,0.3333333333333333
db25_LABIC_db25:11-en,0.0,0.0,1.0,0.15032259824137634,0.3025806495603441,0.7178569686580889,0.1827439976315568,1.0,0.0,0.0,0.0,0.3548387096774194,0.4516129032258065,0.40031397174254313,0.0,0.19162135075007078,0.17857142857142858,,0.0,0.0,0.18920249849054196,0.18920249849054196,0.24999999999999994,0.24999999999999994,0.0,0.0,0.0,0.5555555555555556,0.3142857142857143,0.23529411764705882,0.15151515151515152,0.20535838026906578,0.5925925925925927,0.5185185185185185,0.56,0.4827586206896552,0.6666666666666666
db25_LABIC_db25:11-es,0.0,0.0,1.0,0.030535796070597317,0.04503331840315654,0.48563870082108546,0.1566130288262323,1.0,0.0,0.0,0.0,0.21621621621621623,0.2222222222222222,0.21196816651362108,0.0,0.07795700567715667,0.029850746268656716,,0.0,0.0,0.024284224794545974,0.0,0.03225806451612903,0.0,0.0,0.0,0.0,0.3076923076923077,0.09929078014184398,0.05755395683453238,0.014598540145985401,0.09689230892721723,0.26086956521739135,0.21739130434782608,0.15873015873015872,0.3448275862068966,0.0
db25_LABIC_db25:12-en,0.6666666666666666,0.5,1.0,0.053488208231243145,0.30821019282216733,0.7095103410409197,0.2612038749637414,1.0,0.6666666666666666,1.0,1.0,0.5555555555555556,0.3269961977186312,0.5022321428571428,0.5,0.11114605941137586,0.33333333333333337,,0.0,0.5,0.1167031605843379,0.1167031605843379,0.33333333333333337,0.33333333333333337,0.0,1.0,1.0,0.56,0.41666666666666663,0.30434782608695654,0.22727272727272727,0.07344883593411791,0.39999999999999997,0.30000000000000004,0.1935483870967742,0.6666666666666666,0.0
db25_LABIC_db25:12-es,0.6666666666666666,0.5,1.0,0.04750462972227835,0.3015059341088723,0.6880975663883468,0.25,1.0,0.6666666666666666,1.0,1.0,0.5263157894736842,0.3120567375886525,0.4849137931034482,0.5,0.1015218850930409,0.2926829268292683,,0.0,0.5,0.1423071532720465,0.1423071532720465,0.3414634146341463,0.3414634146341463,0.0,1.0,1.0,0.5283018867924528,0.39215686274509803,0.28571428571428575,0.21276595744680854,0.06523231699028162,0.3636363636363636,0.27272727272727276,0.17142857142857143,0.6666666666666666,0.0
db25_LABIC_db25:13-en,0.0,0.0,0.0,0.03926206826371507,0.319047719358496,0.6323529411764703,0.179128784747792,0.0,0.0,0.0,0.0,0.3,0.21991701244813278,0.19999999999999998,0.0,0.11441728723970392,0.2916666666666667,,0.0,1.0,0.03154426142961358,0.0,0.2127659574468085,0.0,0.0,0.0,0.0,0.5,0.3548387096774193,0.26666666666666666,0.17241379310344826,0.07616158787742296,0.4736842105263159,0.3157894736842105,0.25,0.42857142857142855,0.0
db25_LABIC_db25:13-es,0.98,0.9607843137254902,1.0,0.03314619289918007,0.31236910616382707,0.6002965159558316,0.2,0.0,0.98,0.98,1.0,0.4074074074074074,0.31999999999999995,0.39208074534161486,1.0,0.20331710659744473,0.28571428571428564,,1.0,0.9607843137254902,0.06819851521871377,0.06819851521871377,0.16470588235294117,0.16470588235294117,0.0,1.0,1.0,0.4999999999999999,0.3142857142857143,0.2058823529411765,0.1212121212121212,0.1332358437599213,0.44897959183673464,0.32653061224489793,0.22857142857142856,0.5714285714285714,0.3333333333333333
db25_LABIC_db25:14-es,0.0,0.0,0.0,0.03230007946542409,0.5509165066889199,0.7082005278281702,0.2240092377397959,0.0,0.0,0.0,0.0,0.4,0.4035087719298246,0.3713235294117647,0.0,0.049070511103326775,0.2631578947368421,,0.0,1.0,0.05262202728382899,0.05262202728382899,0.21052631578947367,0.21052631578947367,0.0,1.0,0.0,0.5882352941176471,0.44897959183673464,0.3404255319148936,0.22222222222222224,0.03230007946542409,0.27586206896551724,0.27586206896551724,0.18181818181818182,0.5714285714285714,0.3333333333333333
db25_LABIC_db25:15-en,0.0,0.0,0.0,0.040615199701239564,0.3136862344659165,0.7387486130633681,0.25,0.0,0.0,0.0,0.0,0.5,0.33739837398373984,0.4330097087378642,0.0,0.29899503549981366,0.5517241379310345,,0.0,1.0,0.040615199701239564,0.0,0.20512820512820512,0.0,0.0,0.0,0.0,0.5777777777777778,0.4186046511627907,0.2926829268292683,0.20512820512820512,0.17588181044237433,0.45161290322580644,0.3225806451612903,0.22727272727272727,0.5555555555555556,0.0
db25_LABIC_db25:15-es,0.0,0.0,0.0,0.02808814253276715,0.292344629242999,0.6936290661906628,0.21712927295533244,0.0,0.0,0.0,0.0,0.4090909090909091,0.3003412969283277,0.3912280701754386,0.0,0.15858053013682752,0.4571428571428571,,0.0,1.0,0.02808814253276715,0.0,0.17777777777777776,0.0,0.0,0.0,0.0,0.5098039215686274,0.36734693877551017,0.25531914893617025,0.17777777777777776,0.11436433361427001,0.3333333333333333,0.2380952380952381,0.15151515151515152,0.5555555555555556,0.0
db25_LABIC_db25:16-en,1.0,1.0,1.0,0.027335711315165375,0.0417313666148877,0.7103355960663253,0.23166247903554,1.0,1.0,1.0,1.0,0.45,0.30965909090909094,0.42240587695133147,1.0,0.13821098063724324,0.27906976744186046,,1.0,1.0,0.1397456755595723,0.1397456755595723,0.2727272727272727,0.2727272727272727,0.0,1.0,1.0,0.4210526315789473,0.2545454545454546,0.15094339622641512,0.07843137254901959,0.1022763758993479,0.326530612244898,0.24489795918367346,0.15,0.6666666666666666,0.0
db25_LABIC_db25:16-es,0.6666666666666666,0.5,1.0,0.04499971193339738,0.2987015773818194,0.6821865008193588,0.25,1.0,0.6666666666666666,1.0,1.0,0.5263157894736842,0.3026315789473685,0.47669491525423735,0.5,0.0907602341164266,0.13636363636363635,,0.0,0.5,0.12586347848916266,0.12586347848916266,0.18181818181818182,0.18181818181818182,0.0,1.0,1.0,0.4905660377358491,0.3137254901960784,0.20408163265306123,0.1276595744680851,0.06179261875046464,0.34782608695652173,0.26086956521739135,0.16216216216216217,0.6666666666666666,0.3333333333333333
db25_LABIC_db25:17-en,0.0,0.0,0.0,0.04539833407463399,0.10889466466714301,0.46409548089225716,0.18660549686337075,0.0,0.0,0.0,0.0,0.24,0.2850467289719626,0.2320772058823529,0.0,0.050241515504912466,0.05263157894736842,,0.0,1.0,0.055449650454634784,0.0,0.07407407407407407,0.0,0.0,0.0,0.0,0.2727272727272727,0.14285714285714285,0.1,0.05263157894736842,0.050241515504912466,0.5,0.3333333333333333,0.4,0.2857142857142857,0.0
db25_LABIC_db25:17-es,0.0,0.0,0.0,0.0409577085858771,0.32326930092933426,0.6187939745230093,0.1827439976315568,0.0,0.0,0.0,0.0,0.375,0.2898089171974523,0.48076923076923084,0.0,0.1644390208244241,0.33333333333333337,,0.0,1.0,0.158726962599775,0.158726962599775,0.3404255319148936,0.3404255319148936,0.0,1.0,0.0,0.5526315789473685,0.3783783783783784,0.25,0.14285714285714285,0.10454438013979518,0.5,0.36363636363636365,0.26666666666666666,0.5714285714285714,0.5
db25_LABIC_db25:18-en,0.0,0.0,0.0,0.05403062932350752,0.3233179827839173,0.6624062584864753,0.1757340838011157,0.0,0.0,0.0,0.0,0.35294117647058826,0.208974358974359,0.3394056246260222,0.0,0.055736360268049526,0.042105263157894736,,0.0,0.0,0.04960457822699895,0.04960457822699895,0.041237113402061855,0.041237113402061855,0.0,1.0,0.0,0.3185840707964602,0.19819819819819823,0.14678899082568808,0.11214953271028034,0.08783602619713961,0.4533333333333333,0.3466666666666666,0.2549019607843137,0.5416666666666666,0.0
db25_LABIC_db25:2-en,0.0,0.0,0.0,0.07198169585307328,0.334662090629935,0.3997044698525257,0.13957875683699938,0.0,0.0,0.0,0.0,0.19148936170212766,0.2189189189189189,0.19047619047619052,0.0,0.033816151462890603,0.05940594059405941,,0.0,0.0,0.03161638218548145,0.03161638218548145,0.08695652173913043,0.08695652173913043,0.0,1.0,0.0,0.23437499999999997,0.1111111111111111,0.08064516129032258,0.06557377049180328,0.08303601454191131,0.4533333333333333,0.32,0.26666666666666666,0.4,0.0
db25_LABIC_db25:2-es,0.0,0.0,0.0,0.06325187934030123,0.32463649924684,0.4173993557999607,0.14118784806383944,0.0,0.0,0.0,0.0,0.2127659574468085,0.21923076923076923,0.18691588785046728,0.0,0.03066192964667232,0.05405405405405406,,0.0,0.0,0.02874206209315494,0.02874206209315494,0.07843137254901959,0.07843137254901959,0.0,1.0,0.0,0.2706766917293233,0.10687022900763359,0.07751937984496124,0.06299212598425197,0.07296554923386446,0.4197530864197531,0.29629629629629634,0.23529411764705882,0.4,0.0
db25_LABIC_db25:20-es,0.0,0.0,0.0,0.04041066854535508,0.2979521234513668,0.631945816971305,0.18660549686337075,0.0,0.0,0.0,0.0,0.36666666666666664,0.29639889196675895,0.3238234069137859,0.0,0.09175766308969771,0.24390243902439024,,0.0,0.0,0.06877848557289346,0.06877848557289346,0.3380281690140845,0.3380281690140845,0.0,1.0,0.0,0.48837209302325585,0.3333333333333333,0.24390243902439024,0.175,0.06113492489153629,0.3666666666666667,0.23333333333333336,0.16279069767441862,0.4117647058823529,0.0
db25_LABIC_db25:21-en,0.4,0.25,1.0,0.046767745108439354,0.3057789802773665,0.6658800390574073,0.25,0.0,0.4,0.5,1.0,0.55,0.2986577181208053,0.3893827469638162,0.25,0.0982813881701904,0.30188679245283023,,0.0,0.25,0.07819434797550272,0.07819434797550272,0.37735849056603776,0.37735849056603776,0.0,1.0,1.0,0.6129032258064516,0.43333333333333335,0.3103448275862069,0.21428571428571427,0.06533773935947988,0.39215686274509803,0.2745098039215686,0.1891891891891892,0.5,0.3333333333333333
db25_LABIC_db25:21-es,0.0,0.0,0.0,0.05747682027241037,0.3250717326828254,0.7097505755774449,0.2240092377397959,0.0,0.0,0.0,0.0,0.45454545454545453,0.3142857142857143,0.4473527070063694,0.0,0.24707644478326132,0.5365853658536585,,0.0,1.0,0.032334347532993406,0.0,0.19607843137254902,0.0,0.0,0.0,0.0,0.631578947368421,0.4727272727272727,0.3396226415094339,0.23529411764705882,0.17995816286711677,0.48888888888888893,0.35555555555555557,0.25806451612903225,0.5714285714285714,0.5
db25_LABIC_db25:22-en,0.5,0.3333333333333333,1.0,0.054322042069770475,0.35009497815357127,0.7300101921123262,0.2,0.0,0.5,0.5,1.0,0.4074074074074074,0.26217228464419473,0.38170855978260865,1.0,0.5494128986804837,0.5964912280701754,,1.0,0.3333333333333333,0.06612676979375633,0.06612676979375633,0.40909090909090906,0.40909090909090906,0.0,1.0,1.0,0.5714285714285715,0.38235294117647056,0.2727272727272727,0.1875,0.309936240366613,0.6,0.39999999999999997,0.36363636363636365,0.4444444444444444,0.0
db25_LABIC_db25:22-es,0.5,0.3333333333333333,1.0,0.054322042069770475,0.35009497815357127,0.7547563003195237,0.21089672205953397,0.0,0.5,0.5,1.0,0.46153846153846156,0.26217228464419473,0.38170855978260865,1.0,0.5494128986804837,0.5964912280701754,,1.0,0.3333333333333333,0.06612676979375633,0.06612676979375633,0.40909090909090906,0.40909090909090906,0.0,1.0,1.0,0.6,0.38235294117647056,0.2727272727272727,0.1875,0.309936240366613,0.6,0.39999999999999997,0.36363636363636365,0.4444444444444444,0.0
db25_LABIC_db25:23-en,0.0,0.0,1.0,0.10279024052338043,0.3928850601308451,0.4394511049462611,0.1827439976315568,1.0,0.0,0.0,0.0,0.3548387096774194,0.46376811594202894,0.30575342465753425,0.0,0.09803249690227855,0.10526315789473685,,0.0,0.0,0.07451777845687262,0.07451777845687262,0.11764705882352941,0.11764705882352941,0.0,1.0,0.0,0.4571428571428572,0.20588235294117646,0.15151515151515152,0.125,0.15107881770751583,0.6086956521739131,0.43478260869565216,0.46875,0.40540540540540543,0.5
db25_LABIC_db25:24-en,0.0,0.0,0.0,0.021304244396149228,0.2849821777521536,0.7830623906465083,0.179128784747792,0.0,0.0,0.0,0.0,0.34375,0.2980456026058632,0.27883246321784527,0.0,0.06110123165113152,0.3877551020408163,,0.0,0.0,0.02941419552068829,0.02941419552068829,0.4081632653061224,0.4081632653061224,0.0,1.0,0.0,0.5,0.3773584905660377,0.2884615384615385,0.21568627450980393,0.03740846994984485,0.29411764705882354,0.20588235294117643,0.12727272727272726,0.5384615384615384,0.5
db25_LABIC_db25:24-es,0.5714285714285715,0.4,1.0,0.029374133444285275,0.30454689933488027,0.7634007930469418,0.25,0.0,0.5714285714285715,0.6666666666666666,1.0,0.5909090909090909,0.37016574585635365,0.3388734076433121,0.5,0.07201094876223522,0.4262295081967213,,0.0,0.4,0.07553259981559925,0.07553259981559925,0.45901639344262296,0.45901639344262296,0.0,1.0,1.0,0.7200000000000001,0.547945205479452,0.4225352112676056,0.3188405797101449,0.05215660390421928,0.41509433962264153,0.30188679245283023,0.2,0.6153846153846154,0.0
db25_LABIC_db25:25-en,0.0,0.0,1.0,0.038771002965571864,0.09560021067939278,0.7263000324171835,0.20521309615767264,1.0,0.0,0.0,0.0,0.4444444444444444,0.272,0.3694767441860465,0.0,0.06862815734590223,0.34615384615384615,,0.0,0.0,0.044908149750810186,0.0,0.19607843137254902,0.0,0.0,0.0,0.0,0.6060606060606061,0.34375,0.2580645161290323,0.16666666666666669,0.044908149750810186,0.5454545454545454,0.45454545454545453,0.35714285714285715,0.625,0.0
db25_LABIC_db25:25-es,0.0,0.0,1.0,0.018667554605199106,0.2896225173175729,0.47121248119984216,0.16952084719853724,1.0,0.0,0.0,0.0,0.29411764705882354,0.2804347826086957,0.33574224631135197,0.0,0.032432585234510376,0.1923076923076923,,0.0,0.0,0.03378505075321322,0.03378505075321322,0.18947368421052632,0.18947368421052632,0.0,1.0,0.0,0.38709677419354843,0.26373626373626374,0.1797752808988764,0.1149425287356322,0.022199588756204588,0.3116883116883117,0.23376623376623376,0.14754098360655737,0.5625,0.42857142857142855
db25_LABIC_db25:26-en,1.0,1.0,1.0,0.06358373051561506,0.31952394985529675,0.7431804948795561,0.28989794855663564,1.0,1.0,1.0,1.0,0.625,0.3707865168539326,0.5257009345794392,1.0,0.3334477432809602,0.7777777777777778,,1.0,1.0,0.5512003357447272,0.5512003357447272,0.8750000000000001,0.8750000000000001,0.0,1.0,1.0,0.6,0.4583333333333333,0.34782608695652173,0.27272727272727276,0.1912481314888403,0.4571428571428572,0.3428571428571429,0.23076923076923078,0.6666666666666666,0.0
db25_LABIC_db25:26-es,0.8571428571428571,0.75,1.0,0.053488208231243145,0.30821019282216733,0.7095103410409197,0.2612038749637414,1.0,0.8571428571428571,1.0,1.0,0.5555555555555556,0.3490909090909091,0.5022321428571428,0.5,0.11114605941137586,0.3684210526315789,,0.0,0.75,0.1577454598068419,0.1577454598068419,0.4210526315789474,0.4210526315789474,0.0,1.0,1.0,0.5769230769230769,0.44000000000000006,0.3333333333333333,0.26086956521739124,0.07344883593411791,0.39999999999999997,0.30000000000000004,0.1935483870967742,0.6666666666666666,0.0
db25_LABIC_db25:27-en,0.0,0.0,0.0,0.02472066668996292,0.036748198501122396,0.7065835796489939,0.1827439976315568,0.0,0.0,0.0,0.0,0.2857142857142857,0.2488151658767772,0.37478991596638656,0.0,0.15337404749451009,0.23076923076923075,,0.0,1.0,0.02472066668996292,0.0,0.09523809523809523,0.0,0.0,0.0,0.0,0.3478260869565218,0.23880597014925373,0.15384615384615385,0.09523809523809523,0.09868209342887882,0.2978723404255319,0.2127659574468085,0.13157894736842105,0.5555555555555556,0.0
db25_LABIC_db25:27-es,0.0,0.0,0.0,0.040615199701239564,0.3136862344659165,0.6733188018726521,0.2240092377397959,0.0,0.0,0.0,0.0,0.4,0.34854771784232363,0.4330097087378642,0.0,0.2891784933232572,0.41379310344827586,,0.0,1.0,0.040615199701239564,0.0,0.15384615384615388,0.0,0.0,0.0,0.0,0.5333333333333333,0.37209302325581395,0.24390243902439024,0.15384615384615388,0.17588181044237433,0.45161290322580644,0.3225806451612903,0.22727272727272727,0.5555555555555556,0.0
db25_LABIC_db25:28-en,0.0,0.0,0.0,0.09696525317792502,0.15424131329448126,0.62710225600316,0.1907435698305462,0.0,0.0,0.0,0.0,0.4,0.4337748344370861,0.22600498465607563,0.0,0.19652264941293143,0.3013698630136986,,0.0,1.0,0.04152679583937844,0.0,0.1388888888888889,0.0,0.0,0.0,0.0,0.525,0.28205128205128205,0.18421052631578946,0.13513513513513511,0.18990248973096935,0.5573770491803278,0.42622950819672134,0.52,0.3611111111111111,0.5
db25_LABIC_db25:28-es,0.0,0.0,0.0,0.07951898109769263,0.3889273643220422,0.5919430203097583,0.18660549686337075,0.0,0.0,0.0,0.0,0.3448275862068966,0.4470198675496688,0.14492753623188406,0.0,0.10415778702581378,0.15151515151515152,,0.0,1.0,0.05152260442278182,0.05152260442278182,0.29508196721311475,0.29508196721311475,0.0,1.0,0.0,0.4736842105263159,0.24324324324324323,0.19444444444444445,0.14285714285714285,0.1306181870312874,0.45614035087719296,0.3508771929824561,0.47619047619047616,0.2777777777777778,0.6666666666666666
db25_LABIC_db25:29-en,0.0,0.0,0.0,0.03438549981236169,0.5454312873518403,0.7677858787011463,0.23166247903554,0.0,0.0,0.0,0.0,0.3888888888888889,0.5169491525423728,0.38490853658536583,0.0,0.04030833724870907,0.45,,0.0,1.0,0.04280703984817958,0.04280703984817958,0.45,0.45,0.0,1.0,0.0,0.7346938775510204,0.6382978723404255,0.5333333333333333,0.41860465116279066,0.03438549981236169,0.23076923076923078,0.23076923076923078,0.15789473684210525,0.42857142857142855,0.6666666666666666
db25_LABIC_db25:29-es,0.0,0.0,0.0,0.031014197565680503,0.5486854704155585,0.7927480697760877,0.2402530733520421,0.0,0.0,0.0,0.0,0.4117647058823529,0.43309859154929575,0.3670058139534883,0.0,0.04599915789122599,0.46153846153846156,,0.0,1.0,0.049070511103326775,0.049070511103326775,0.46153846153846156,0.46153846153846156,0.0,1.0,0.0,0.6545454545454545,0.5660377358490566,0.4705882352941177,0.3673469387755102,0.031014197565680503,0.26666666666666666,0.26666666666666666,0.17391304347826086,0.5714285714285714,0.6666666666666666
db25_LABIC_db25:3-en,1.0,1.0,1.0,0.08392140960218324,0.339700638225187,0.7268155677785234,0.27429188517743175,1.0,1.0,1.0,1.0,0.5333333333333333,0.3350253807106599,0.45510204081632655,1.0,0.34329452398451965,0.64,,1.0,1.0,0.6606328636027614,0.6606328636027614,0.7692307692307693,0.7692307692307693,0.0,1.0,1.0,0.5853658536585366,0.4102564102564102,0.3243243243243243,0.2285714285714286,0.16467029855845897,0.5384615384615384,0.3846153846153846,0.29411764705882354,0.5555555555555556,0.0
db25_LABIC_db25:3-es,0.0,0.0,0.0,0.050314136949389285,0.30465313876644884,0.6774857942013904,0.23166247903554,0.0,0.0,0.0,0.0,0.45,0.32278481012658233,0.3740253411306043,0.0,0.0985760797217755,0.3589743589743589,,0.0,1.0,0.050314136949389285,0.0,0.1702127659574468,0.0,0.0,0.0,0.0,0.49056603773584906,0.35294117647058826,0.24489795918367346,0.1702127659574468,0.0690902707749301,0.38095238095238093,0.28571428571428575,0.18181818181818182,0.6666666666666666,0.0
db25_LABIC_db25:30-en,0.0,0.0,1.0,0.08821755394657535,0.3531354695677249,0.6960882013560393,0.2402530733520421,0.0,0.0,0.0,0.0,0.5454545454545454,0.42168674698795183,0.42853154662199894,0.0,0.07690934256668107,0.21276595744680854,,0.0,0.0,0.07685719968786266,0.07685719968786266,0.20408163265306123,0.20408163265306123,0.0,1.0,0.0,0.5483870967741935,0.3333333333333333,0.24137931034482757,0.17857142857142858,0.09694361543655163,0.5090909090909091,0.4363636363636364,0.32432432432432434,0.6666666666666666,0.3333333333333333
db25_LABIC_db25:30-es,0.0,0.0,1.0,0.16704542549473705,0.13551135637368428,0.7202771009357687,0.1951941016011038,1.0,0.0,0.0,0.0,0.41379310344827586,0.48765432098765427,0.5589275910449583,0.0,0.29945160623183903,0.4,,0.0,0.0,0.0796051445239969,0.0,0.14545454545454545,0.0,0.0,0.0,0.0,0.523076923076923,0.38095238095238093,0.26229508196721313,0.1694915254237288,0.24329753873713073,0.56,0.4800000000000001,0.375,0.6666666666666666,0.3333333333333333
db25_LABIC_db25:31-en,0.001438733914155543,0.00072,0.8181818181818182,0.03402769526671444,0.3142107739166079,0.790940100661744,0.28989794855663564,0.0,0.001438733914155543,0.0014387339141555431,0.0,0.6470588235294118,0.39350180505415167,0.3523385761589405,0.0002492522432701894,0.4050410641519422,0.6938775510204082,,0.0,0.00072,0.367110852009989,0.367110852009989,0.6511627906976745,0.6511627906976745,0.0,1.0,0.8181818181818182,0.6666666666666666,0.4482758620689656,0.3214285714285714,0.22222222222222224,0.1928652781509051,0.46808510638297873,0.3404255319148936,0.23529411764705882,0.6153846153846154,0.0
db25_LABIC_db25:31-es,0.0,0.0,0.0,0.03444119032687034,0.32221879814937515,0.6632115982551501,0.2612038749637414,0.0,0.0,0.0,0.0,0.5789473684210527,0.3345070422535211,0.3619260204081633,0.0,0.23114663823833642,0.5490196078431372,,0.0,1.0,0.038115442627705026,0.0,0.18867924528301885,0.0,0.0,0.0,0.0,0.6333333333333333,0.41379310344827586,0.2857142857142857,0.18518518518518517,0.12585217457073275,0.5116279069767441,0.37209302325581395,0.26666666666666666,0.6153846153846154,0.0
db25_LABIC_db25:32-en,0.0,0.0,0.0,0.08211829500845846,0.34572616560582625,0.8266397845091493,0.2402530733520421,0.0,0.0,0.0,0.0,0.5238095238095238,0.44318181818181823,0.4734285714285714,0.0,0.08353241436637439,0.20833333333333331,,0.0,0.0,0.08303492360915424,0.08303492360915424,0.2127659574468085,0.2127659574468085,0.0,1.0,0.0,0.5862068965517241,0.42857142857142855,0.37037037037037035,0.3076923076923077,0.13515757490489508,0.5957446808510638,0.425531914893617,0.3225806451612903,0.625,0.25
db25_LABIC_db25:32-es,0.28571428571428575,0.5,0.2,0.08211829500845846,0.34572616560582625,0.7615245752533921,0.2612038749637414,0.0,0.28571428571428575,0.3333333333333333,1.0,0.5789473684210527,0.4075471698113208,0.4734285714285714,0.5,0.09145120464845595,0.17777777777777778,,0.0,0.5,0.09132515853818196,0.09132515853818196,0.1818181818181818,0.1818181818181818,0.0,1.0,0.2,0.5084745762711865,0.38596491228070173,0.29090909090909084,0.22641509433962265,0.13515757490489508,0.5957446808510638,0.425531914893617,0.3225806451612903,0.625,0.0
db25_LABIC_db25:33-en,0.0,0.0,1.0,0.07703222897787831,0.34762625608443437,0.6883333617524349,0.23166247903554,0.0,0.0,0.0,0.0,0.45,0.3598130841121495,0.5975651577503429,0.0,0.25217727372554016,0.3125,,0.0,0.0,0.7505336182671021,0.7505336182671021,0.47058823529411764,0.47058823529411764,0.0,1.0,0.0,0.5714285714285714,0.42553191489361697,0.3111111111111111,0.18604651162790697,0.15303152436989836,0.5499999999999999,0.45,0.3333333333333333,0.6923076923076923,0.0
db25_LABIC_db25:33-es,0.0,0.0,1.0,0.06825140853123608,0.3340575642159284,0.6260064360459999,0.23166247903554,0.0,0.0,0.0,0.0,0.45,0.3619909502262444,0.517241379310345,0.0,0.16679551613797314,0.27027027027027023,,0.0,0.0,0.11471452953385922,0.11471452953385922,0.2631578947368421,0.2631578947368421,0.0,1.0,0.0,0.56,0.375,0.3043478260869565,0.22727272727272724,0.11633270842295028,0.4390243902439025,0.3902439024390244,0.2857142857142857,0.6153846153846154,0.0
db25_LABIC_db25:34-en,0.0,0.0,0.0,0.046101520617043576,0.0911884595640126,0.5250502257834629,0.1827439976315568,0.0,0.0,0.0,0.0,0.3103448275862069,0.3127147766323024,0.32899366643209005,0.0,0.510071485381458,0.45161290322580644,,0.0,1.0,0.04435867375363758,0.0,0.07407407407407408,0.0,0.0,0.0,0.0,0.4225352112676057,0.2608695652173913,0.14925373134328357,0.06153846153846155,0.25590356077469273,0.5789473684210527,0.36842105263157887,0.3333333333333333,0.4117647058823529,0.3333333333333333
db25_LABIC_db25:34-es,0.0,0.0,0.0,0.026505367117414535,0.2946874306184906,0.6448314199366041,0.17253779651421453,0.0,0.0,0.0,0.0,0.28125,0.2765273311897106,0.2690058479532164,0.0,0.08264446699847193,0.16666666666666669,,0.0,1.0,0.07819434797550272,0.07819434797550272,0.16393442622950818,0.16393442622950818,0.0,1.0,0.0,0.4197530864197531,0.27848101265822783,0.18181818181818182,0.10666666666666666,0.05494227080816818,0.37037037037037035,0.22222222222222227,0.16216216216216217,0.35294117647058826,0.3333333333333333
db25_LABIC_db25:35-en,0.0,0.0,0.0,0.038115442627705026,0.32281111019437914,0.7371149688930861,0.2240092377397959,0.0,0.0,0.0,0.0,0.45454545454545453,0.3306451612903226,0.42942176870748305,0.0,0.09919973723847643,0.4912280701754386,,0.0,1.0,0.10910387264150008,0.10910387264150008,0.45614035087719296,0.45614035087719296,0.0,1.0,0.0,0.6567164179104479,0.523076923076923,0.38095238095238093,0.26229508196721313,0.07302782553696083,0.5116279069767441,0.37209302325581395,0.26666666666666666,0.6153846153846154,0.4
db25_LABIC_db25:4-en,0.0,0.0,0.0,0.04793496145009402,0.3523086873896726,0.6324555320336755,0.23166247903554,0.0,0.0,0.0,0.0,0.42105263157894735,0.5736040609137056,0.2823767476085357,0.0,0.37707945965932077,0.6086956521739131,,0.0,1.0,0.6606328636027614,0.6606328636027614,0.75,0.75,0.0,1.0,0.0,0.5333333333333333,0.23255813953488372,0.14634146341463414,0.05128205128205128,0.11109730299189916,0.5161290322580646,0.38709677419354843,0.375,0.4,0.0
db25_LABIC_db25:4-es,0.0,0.0,0.0,0.032334347532993406,0.3116391626341331,0.6308205731624145,0.23166247903554,0.0,0.0,0.0,0.0,0.47619047619047616,0.48897058823529416,0.34484878288664866,0.0,0.10792099460383257,0.1764705882352941,,0.0,1.0,0.113316848391869,0.113316848391869,0.1764705882352941,0.1764705882352941,0.0,1.0,0.0,0.5185185185185185,0.23076923076923075,0.12000000000000001,0.04166666666666667,0.059194432966682725,0.3913043478260869,0.3043478260869565,0.22580645161290322,0.4666666666666667,0.0
db25_LABIC_db25:40-en,0.0,0.0,0.0,0.019905857061151024,0.28598894123508034,0.580552828124367,0.179128784747792,0.0,0.0,0.0,0.0,0.36363636363636365,0.308641975308642,0.27788785417079453,0.0,0.0552772330598901,0.23762376237623764,,0.0,0.0,0.0540812208003094,0.0540812208003094,0.24719101123595508,0.24719101123595508,0.0,1.0,0.0,0.46938775510204084,0.27083333333333337,0.1914893617021277,0.13043478260869565,0.03608120847826367,0.28571428571428575,0.2,0.1320754716981132,0.4117647058823529,0.4
db25_LABIC_db25:40-es,0.0,0.0,0.0,0.03314619289918007,0.31236910616382707,0.6570569622855239,0.1827439976315568,0.0,0.0,0.0,0.0,0.375,0.2982954545454546,0.2829953457446808,0.0,0.2677353447271197,0.3733333333333333,,0.0,1.0,0.02896762248337062,0.0,0.17647058823529413,0.0,0.0,0.0,0.0,0.5348837209302325,0.30952380952380953,0.21951219512195125,0.15,0.16829158981319012,0.46153846153846156,0.3076923076923077,0.22857142857142856,0.47058823529411764,0.0
db25_LABIC_db25:41-en,0.0,0.0,0.0,0.03435119588138342,0.31591025768269154,0.7948993575027928,0.28989794855663564,0.0,0.0,0.0,0.0,0.6470588235294118,0.32155477031802115,0.39208834218618943,0.0,0.13217568465652332,0.35555555555555557,,0.0,1.0,0.03305256466066008,0.0,0.23529411764705882,0.0,0.0,0.0,0.0,0.6551724137931034,0.46428571428571425,0.33333333333333326,0.23076923076923075,0.08766919782856834,0.47619047619047616,0.3333333333333333,0.2413793103448276,0.5384615384615384,0.0
db25_LABIC_db25:41-es,0.0,0.0,0.0,0.015682352576773088,0.2776281514989553,0.5446565135049329,0.20521309615767264,0.0,0.0,0.0,0.0,0.4,0.242299794661191,0.3077682685977617,0.0,0.041506643013719334,0.18518518518518517,,0.0,1.0,0.04030688575003631,0.04030688575003631,0.16822429906542058,0.16822429906542058,0.0,1.0,0.0,0.40449438202247184,0.27586206896551724,0.18823529411764706,0.12048192771084337,0.027972196651128503,0.24390243902439027,0.17073170731707318,0.10144927536231885,0.5384615384615384,0.3333333333333333
db25_LABIC_db25:42-en,0.0,0.0,0.0,0.10593580077460382,0.38142272050673215,0.772328445721233,0.27429188517743175,0.0,0.0,0.0,0.0,0.5882352941176471,0.6303317535545023,0.41258169934640526,0.0,0.1590297209845352,0.45161290322580644,,0.0,1.0,0.5019724248795793,0.5019724248795793,0.5,0.5,0.0,1.0,0.0,0.7169811320754716,0.5098039215686274,0.40816326530612246,0.2978723404255319,0.14084948364978933,0.606060606060606,0.4848484848484848,0.4444444444444444,0.5333333333333333,0.5
db25_LABIC_db25:42-es,0.0,0.0,0.0,0.07342016785854194,0.34058508049859104,0.7177070005460098,0.23166247903554,0.0,0.0,0.0,0.0,0.47619047619047616,0.5222222222222221,0.39208074534161486,0.0,0.08615634529232835,0.33333333333333337,,0.0,1.0,0.03650116098552395,0.0,0.28,0.0,0.0,0.0,0.0,0.6229508196721311,0.44067796610169496,0.3508771929824561,0.2545454545454545,0.09761754436877398,0.4878048780487804,0.3902439024390244,0.3076923076923077,0.5333333333333333,0.6666666666666666
db25_LABIC_db25:43-en,0.2857142857142857,0.16666666666666666,1.0,0.018125888317442634,0.28544473074463245,0.6490074127499526,0.179128784747792,0.0,0.2857142857142857,0.3076923076923077,0.0,0.34375,0.292156862745098,0.2949766355140187,0.1,0.04241942233503372,0.12765957446808512,,0.0,0.16666666666666666,0.014243710376192511,0.014243710376192511,0.08620689655172413,0.08620689655172413,0.0,1.0,1.0,0.4693877551020408,0.2916666666666667,0.19148936170212766,0.10869565217391305,0.03296999569029951,0.30769230769230765,0.20512820512820512,0.13114754098360656,0.47058823529411764,0.4
db25_LABIC_db25:43-es,0.0,0.0,0.0,0.01711443132361365,0.28325959925492966,0.52789285792764,0.16666666666666666,0.0,0.0,0.0,0.0,0.2647058823529412,0.2670157068062827,0.24405103211009177,0.0,0.09977790531676639,0.1836734693877551,,0.0,1.0,0.06010004445047513,0.06010004445047513,0.16513761467889906,0.16513761467889906,0.0,1.0,0.0,0.3883495145631068,0.25742574257425743,0.16161616161616163,0.08247422680412371,0.07462790357451034,0.2926829268292683,0.1951219512195122,0.12307692307692308,0.47058823529411764,0.3333333333333333
db25_LABIC_db25:44-en,1.0,1.0,1.0,0.28949230658291597,0.7069884612611136,0.815845490723764,0.2240092377397959,1.0,1.0,1.0,1.0,0.5,0.37133550488599354,0.7277192792010421,1.0,0.7598356856515925,0.6875,,1.0,1.0,1.0,1.0,1.0,1.0,0.0,1.0,1.0,0.7027027027027027,0.5277777777777778,0.3714285714285715,0.2647058823529412,0.28949230658291597,0.6363636363636364,0.6363636363636364,0.5384615384615384,0.7777777777777778,0.0
db25_LABIC_db25:44-es,0.0,0.0,0.0,0.071232495465191,0.6058258784776476,0.6186226209443648,0.1757340838011157,0.0,0.0,0.0,0.0,0.2903225806451613,0.2658959537572254,0.5504160033640705,0.0,0.08838793484426871,0.11111111111111112,,0.0,1.0,0.027872514788228633,0.0,0.06557377049180328,0.0,0.0,0.0,0.0,0.45569620253164556,0.2597402597402597,0.10666666666666667,0.0547945205479452,0.06418826303479334,0.4528301886792453,0.490566037735849,0.37142857142857144,0.7222222222222222,0.75
db25_LABIC_db25:45-en,0.0,0.0,1.0,0.09720551292058478,0.35696629935334917,0.77005354108682,0.28989794855663564,1.0,0.0,0.0,0.0,0.5714285714285714,0.3350253807106599,0.5257009345794392,0.0,0.3993879176377878,0.7199999999999999,,0.0,0.0,0.6606328636027614,0.6606328636027614,0.8461538461538461,0.8461538461538461,0.0,1.0,0.0,0.5853658536585366,0.4615384615384615,0.3783783783783784,0.2857142857142857,0.2140909265975804,0.5925925925925927,0.4444444444444445,0.35294117647058826,0.6,0.0
db25_LABIC_db25:45-es,0.0,0.0,1.0,0.055589753387051244,0.31666065719282716,0.7302677994905244,0.25,1.0,0.0,0.0,0.0,0.5,0.2961538461538461,0.5245403946702647,0.0,0.11114605941137586,0.27777777777777773,,0.0,0.0,0.113316848391869,0.113316848391869,0.27777777777777773,0.27777777777777773,0.0,1.0,0.0,0.52,0.41666666666666663,0.30434782608695654,0.22727272727272727,0.07564374950766029,0.4390243902439024,0.3414634146341463,0.22580645161290322,0.7,0.0
db25_LABIC_db25:46-en,0.0,0.0,0.0,0.0675141566879479,0.20785076139420922,0.4104212603719452,0.16139047779640892,0.0,0.0,0.0,0.0,0.3076923076923077,0.17815344603381011,0.5114197530864198,0.0,0.06190867264354498,0.055555555555555546,0.0,0.0,1.0,0.042426577851335176,0.0,0.03508771929824561,0.0,0.0,0.0,0.0,0.2809917355371901,0.15126050420168066,0.10256410256410255,0.06956521739130433,0.06931611601673243,0.38,0.38,0.2638888888888889,0.6785714285714286,0.08333333333333333
db25_LABIC_db25:46-es,0.0,0.0,0.0,0.11362008167043573,0.35370622523688605,0.7119912306469124,0.21089672205953397,0.0,0.0,0.0,0.0,0.5,0.2564102564102564,0.5251104477611941,0.0,0.09810720545304888,0.1219512195121951,0.0,0.0,1.0,0.03758408056452255,0.0,0.05,0.0,0.0,0.0,0.0,0.5057471264367815,0.2823529411764706,0.1927710843373494,0.12345679012345677,0.09878604194846592,0.45045045045045046,0.45045045045045046,0.30120481927710846,0.8928571428571429,0.75
db25_LABIC_db25:47-en,0.0,0.0,0.0,0.03246231244140472,0.06588969316600485,0.6680537153480917,0.1827439976315568,0.0,0.0,0.0,0.0,0.3333333333333333,0.3474801061007957,0.3458651281096842,0.0,0.233078149078302,0.18181818181818182,,0.0,1.0,0.026505367117414535,0.0,0.11764705882352942,0.0,0.0,0.0,0.0,0.46511627906976744,0.3095238095238095,0.1951219512195122,0.1,0.15419283939507827,0.5090909090909091,0.3272727272727273,0.24324324324324326,0.5,0.0
db25_LABIC_db25:47-es,0.0,0.0,0.0,0.046690730928932465,0.34111992778149786,0.6846786387423343,0.1907435698305462,0.0,0.0,0.0,0.0,0.35714285714285715,0.3074204946996466,0.3776041666666667,0.0,0.3073242643968087,0.2105263157894737,,0.0,0.0,0.36112252918350196,0.36112252918350196,0.4444444444444445,0.4444444444444445,0.0,1.0,0.0,0.5070422535211268,0.31884057971014496,0.208955223880597,0.12307692307692308,0.22656720908801994,0.5714285714285715,0.380952380952381,0.3333333333333333,0.4444444444444444,0.0
db25_LABIC_db25:48-en,0.0,0.0,0.0,0.024451102665485093,0.2945011744409273,0.7484157972014318,0.20521309615767264,0.0,0.0,0.0,0.0,0.4,0.313588850174216,0.3802710843373494,0.0,0.11901061223213412,0.25974025974025977,,0.0,1.0,0.024451102665485093,0.0,0.21176470588235294,0.0,0.0,0.0,0.0,0.48351648351648346,0.3595505617977528,0.27586206896551724,0.21176470588235294,0.09393999759443057,0.3548387096774194,0.25806451612903225,0.16326530612244897,0.6153846153846154,0.3333333333333333
db25_LABIC_db25:49-en,0.0,0.0,0.0,0.05706247623192221,0.5606503668411045,0.8154919089821471,0.2612038749637414,0.0,0.0,0.0,0.0,0.5294117647058824,0.4105960264900662,0.5068181818181818,0.0,0.09535164820400535,0.65,,0.0,1.0,0.10237664105496519,0.10237664105496519,0.65,0.65,0.0,1.0,0.0,0.6666666666666666,0.5818181818181818,0.49056603773584906,0.3921568627450981,0.05706247623192221,0.3125,0.3125,0.2,0.7142857142857143,0.0
db25_LABIC_db25:49-es,0.0,0.0,0.0,0.03279352126461887,0.5598537798236032,0.7953559537197223,0.1907435698305462,0.0,0.0,0.0,0.0,0.35714285714285715,0.3383685800604229,0.43255813953488365,0.0,0.04863818769664761,0.3846153846153846,,0.0,1.0,0.06003934299439418,0.06003934299439418,0.39999999999999997,0.39999999999999997,0.0,1.0,0.0,0.5882352941176471,0.48484848484848486,0.40625,0.3225806451612903,0.03279352126461887,0.3333333333333333,0.3333333333333333,0.21739130434782608,0.7142857142857143,0.3333333333333333
db25_LABIC_db25:5-en,0.0,0.0,0.0,0.053488208231243145,0.30821019282216733,0.7375635565834309,0.2612038749637414,0.0,0.0,0.0,0.0,0.6,0.40569395017793597,0.5022321428571428,0.0,0.10792099460383257,0.33333333333333337,,0.0,0.0,0.1531682455208201,0.1531682455208201,0.380952380952381,0.380952380952381,0.0,1.0,0.0,0.6071428571428572,0.4444444444444444,0.34615384615384615,0.28,0.07344883593411791,0.39999999999999997,0.30000000000000004,0.1935483870967742,0.6666666666666666,0.0
db25_LABIC_db25:5-es,0.0,0.0,0.0,0.02972570016905764,0.2950916129491433,0.6805384119360801,0.2240092377397959,0.0,0.0,0.0,0.0,0.42857142857142855,0.2801556420233463,0.3982142857142857,0.0,0.08168000757280332,0.10526315789473685,,0.0,0.0,0.0857638596526182,0.0857638596526182,0.10526315789473685,0.10526315789473685,0.0,1.0,0.0,0.5,0.28,0.16666666666666666,0.08695652173913045,0.055589753387051244,0.35000000000000003,0.25,0.16129032258064516,0.5555555555555556,0.0
db25_LABIC_db25:50-en,0.0,0.0,0.0,0.022393570488317964,0.539245139957383,0.8665062174073697,0.23166247903554,0.0,0.0,0.0,0.0,0.42105263157894735,0.3399503722084367,0.379591836734694,0.0,0.03279352126461887,0.26666666666666666,,0.0,1.0,0.03415317583358608,0.03415317583358608,0.23333333333333334,0.23333333333333334,0.0,1.0,0.0,0.47222222222222215,0.39999999999999997,0.3235294117647059,0.24242424242424243,0.022393570488317964,0.23809523809523808,0.23809523809523808,0.14285714285714285,0.7142857142857143,0.3333333333333333
db25_LABIC_db25:50-es,0.0,0.0,0.0,0.02233767758174652,0.5338545832193045,0.6170320531719549,0.2,0.0,0.0,0.0,0.0,0.30434782608695654,0.3410596026490066,0.3287760416666667,0.0,0.028743137251195983,0.20408163265306123,,0.0,0.0,0.02983272055925956,0.02983272055925956,0.20408163265306123,0.20408163265306123,0.0,1.0,0.0,0.5,0.40740740740740744,0.3076923076923077,0.2,0.02233767758174652,0.2,0.2,0.12121212121212122,0.5714285714285714,0.2
db25_LABIC_db25:51-en,0.0,0.0,0.0,0.019506233488972603,0.2874537908841688,0.8126579985614898,0.21712927295533244,0.0,0.0,0.0,0.0,0.4583333333333333,0.2530949105914718,0.30573330747850824,0.0,0.09563998142625135,0.3063063063063063,,0.0,1.0,0.022140223884143634,0.022140223884143634,0.2522522522522523,0.2522522522522523,0.0,1.0,0.0,0.43859649122807026,0.3035714285714286,0.21818181818181817,0.14814814814814814,0.07462790357451034,0.3037974683544304,0.2278481012658228,0.13846153846153847,0.6428571428571429,0.2
db25_LABIC_db25:52-en,0.0,0.0,0.0,0.04345062107749325,0.31974624262931933,0.8742145396006876,0.25,0.0,0.0,0.0,0.0,0.5,0.4505119453924915,0.3872053872053872,0.0,0.11938182130178442,0.4444444444444445,,0.0,1.0,0.06291683857233964,0.06291683857233964,0.4444444444444445,0.4444444444444445,0.0,1.0,0.0,0.7540983606557377,0.576271186440678,0.4912280701754386,0.4,0.07946621785390086,0.4444444444444444,0.3333333333333333,0.25,0.5,0.3333333333333333
db25_LABIC_db25:52-es,0.0,0.0,0.0,0.02313719114614459,0.28843058807743055,0.7822165589515726,0.21089672205953397,0.0,0.0,0.0,0.0,0.391304347826087,0.3260340632603407,0.28237674760853565,0.0,0.03535001413948093,0.39999999999999997,,0.0,0.0,0.03345419845380452,0.03345419845380452,0.39999999999999997,0.39999999999999997,0.0,1.0,0.0,0.6216216216216216,0.4722222222222222,0.4,0.32352941176470584,0.024862529912500854,0.2909090909090909,0.21818181818181817,0.13953488372093023,0.5,0.25
db25_LABIC_db25:53-en,0.0,0.0,0.0,0.05101971933757373,0.3420264595097898,0.6570918678651403,0.1951941016011038,0.0,0.0,0.0,0.0,0.34615384615384615,0.3089430894308943,0.4599230996746524,0.0,0.44082318755867267,0.3137254901960784,,0.0,1.0,0.5452469119630863,0.5452469119630863,0.75,0.75,0.0,1.0,0.0,0.5625,0.41935483870967744,0.30000000000000004,0.20689655172413793,0.2591641360720012,0.5294117647058824,0.41176470588235287,0.3333333333333333,0.5384615384615384,0.6666666666666666
db25_LABIC_db25:53-es,0.0,0.0,0.0,0.019485870895668216,0.28176056230780266,0.7148693418036272,0.1463924816619788,0.0,0.0,0.0,0.0,0.19047619047619047,0.20023557126030622,0.25230111768573316,0.0,0.04616226153175545,0.048,,0.0,1.0,0.025104260063696995,0.025104260063696995,0.07017543859649122,0.07017543859649122,0.0,1.0,0.0,0.28358208955223885,0.16666666666666666,0.0923076923076923,0.046875,0.035796411724638065,0.2769230769230769,0.18461538461538463,0.11538461538461539,0.46153846153846156,0.23076923076923078
db25_LABIC_db25:54-en,0.0,0.0,0.0,0.03926206826371507,0.319047719358496,0.713067744653766,0.1951941016011038,0.0,0.0,0.0,0.0,0.34615384615384615,0.3695652173913043,0.36249014972419236,0.0,0.3079300751569292,0.1694915254237288,,0.0,1.0,0.35655062085592504,0.35655062085592504,0.24390243902439024,0.24390243902439024,0.0,1.0,0.0,0.5753424657534247,0.3380281690140845,0.20289855072463767,0.08955223880597014,0.170595737016168,0.48648648648648646,0.32432432432432434,0.25,0.46153846153846156,0.5
db25_LABIC_db25:54-es,0.0,0.0,0.0,0.0511130148423785,0.34227157624445786,0.4040610178208843,0.1951941016011038,0.0,0.0,0.0,0.0,0.34615384615384615,0.4414414414414415,0.37860082304526754,0.0,0.22612164703205964,0.11764705882352941,,0.0,1.0,0.0511130148423785,0.0,0.1,0.0,0.0,0.0,0.0,0.42105263157894735,0.2545454545454545,0.15094339622641512,0.0784313725490196,0.22612164703205964,0.5161290322580646,0.3870967741935484,0.3333333333333333,0.46153846153846156,0.0
db25_LABIC_db25:55-en,0.6666666666666666,0.5,1.0,0.038882961736994966,0.2918639188412689,0.6190086618867081,0.2402530733520421,1.0,0.6666666666666666,1.0,1.0,0.5,0.26648351648351654,0.4536290322580645,0.5,0.0807569962259769,0.18518518518518517,,0.0,0.5,0.08359056256388352,0.08359056256388352,0.18518518518518517,0.18518518518518517,0.0,1.0,1.0,0.44827586206896547,0.32142857142857145,0.2222222222222222,0.15384615384615383,0.05339323136243991,0.3076923076923077,0.23076923076923078,0.13953488372093023,0.6666666666666666,0.5
db25_LABIC_db25:55-es,0.6666666666666666,0.5,1.0,0.053488208231243145,0.30821019282216733,0.7095103410409197,0.2612038749637414,1.0,0.6666666666666666,1.0,1.0,0.5555555555555556,0.32558139534883723,0.5022321428571428,0.5,0.11114605941137586,0.29411764705882354,,0.0,0.5,0.1167031605843379,0.1167031605843379,0.29411764705882354,0.29411764705882354,0.0,1.0,1.0,0.5416666666666666,0.391304347826087,0.2727272727272727,0.19047619047619044,0.07344883593411791,0.39999999999999997,0.30000000000000004,0.1935483870967742,0.6666666666666666,0.0
db25_LABIC_db25:56-en,0.0,0.0,0.0,0.11104262965417018,0.36109399074687587,0.7870169091244971,0.2612038749637414,0.0,0.0,0.0,0.0,0.6190476190476191,0.4206642066420664,0.27872807017543855,0.0,0.2510638810897908,0.34782608695652173,,0.0,1.0,0.30934588294313714,0.30934588294313714,0.358974358974359,0.358974358974359,0.0,1.0,0.0,0.6666666666666667,0.40625,0.2580645161290323,0.16666666666666669,0.23152888964854848,0.5384615384615385,0.3846153846153846,0.3333333333333333,0.45454545454545453,0.3333333333333333
db25_LABIC_db25:56-es,0.0,0.0,0.0,0.15381792487520596,0.4273433701076904,0.8479449518438636,0.3090169943749474,0.0,0.0,0.0,0.0,0.7222222222222222,0.5272727272727273,0.3444444444444445,0.0,0.35640596364430716,0.3636363636363637,,0.0,0.0,0.38031419580869896,0.38031419580869896,0.4375,0.4375,0.0,1.0,0.0,0.7586206896551724,0.46428571428571425,0.2962962962962963,0.19230769230769232,0.28980080290248006,0.6,0.5,0.5555555555555556,0.45454545454545453,0.0
db25_LABIC_db25:57-es,0.9600000000000001,0.9230769230769231,1.0,0.0356057195384089,0.2920518383685006,0.5947653245153008,0.2402530733520421,1.0,0.9600000000000001,1.0,1.0,0.5,0.2788203753351206,0.4566143003964176,0.5,0.07305406690073853,0.15625,,0.0,0.9230769230769231,0.07332874618590252,0.07332874618590252,0.15625,0.15625,0.0,1.0,1.0,0.4444444444444445,0.29508196721311475,0.20338983050847456,0.14035087719298245,0.04845047811330608,0.30508474576271183,0.23728813559322035,0.14285714285714285,0.7,0.4
db25_LABIC_db25:58-es,0.0,0.0,0.0,0.03298252220060495,0.5438940342314971,0.7579607133126991,0.23166247903554,0.0,0.0,0.0,0.0,0.42105263157894735,0.3780487804878049,0.22471910112359553,0.0,0.054464631530469834,0.41025641025641024,,0.0,0.0,0.033697933126700795,0.033697933126700795,0.24000000000000005,0.24000000000000005,0.0,1.0,0.0,0.6037735849056604,0.39215686274509803,0.2857142857142857,0.1702127659574468,0.03298252220060495,0.24242424242424246,0.24242424242424246,0.15384615384615385,0.5714285714285714,0.0
db25_LABIC_db25:59-en,0.0,0.0,0.0,0.0547632387531082,0.3962985403457576,0.7428604182630333,0.21712927295533244,0.0,0.0,0.0,0.0,0.48,0.30805687203791465,0.31775,0.0,0.3325026294099889,0.676923076923077,,0.0,1.0,0.022941983674701634,0.0,0.16901408450704225,0.0,0.0,0.0,0.0,0.6233766233766235,0.42666666666666675,0.3013698630136986,0.1971830985915493,0.140749577692888,0.4375,0.3125,0.2127659574468085,0.5882352941176471,0.0
db25_LABIC_db25:59-es,0.0,0.0,0.0,0.04041066854535508,0.2979521234513668,0.7152847353602947,0.2612038749637414,0.0,0.0,0.0,0.0,0.6190476190476191,0.3066298342541437,0.3238234069137859,0.0,0.09361229032728105,0.25000000000000006,,0.0,0.0,0.070291004409011,0.070291004409011,0.2222222222222222,0.2222222222222222,0.0,1.0,0.0,0.631578947368421,0.3783783783783784,0.2777777777777778,0.2,0.06113492489153629,0.3666666666666667,0.23333333333333336,0.16279069767441862,0.4117647058823529,0.0
db25_LABIC_db25:6-en,0.0,0.0,0.0,0.02313719114614459,0.28843058807743055,0.6057690073783683,0.17253779651421453,0.0,0.0,0.0,0.0,0.28125,0.25688073394495414,0.24932249322493225,0.0,0.06644702140380611,0.2891566265060241,,0.0,0.0,0.06541315025419275,0.06541315025419275,0.3380281690140845,0.3380281690140845,0.0,1.0,0.0,0.4367816091954023,0.2352941176470588,0.14457831325301207,0.07407407407407407,0.04303107073873173,0.29508196721311475,0.19672131147540986,0.13953488372093023,0.3333333333333333,0.0
db25_LABIC_db25:6-es,0.0,0.0,0.0,0.016868039743754098,0.27706356787028774,0.5123538165667245,0.1639607805437114,0.0,0.0,0.0,0.0,0.2571428571428571,0.26327944572748263,0.229197807673144,0.0,0.04738636945406541,0.21238938053097345,,0.0,0.0,0.04616226153175545,0.04616226153175545,0.2376237623762376,0.2376237623762376,0.0,1.0,0.0,0.37254901960784315,0.19999999999999998,0.12244897959183672,0.0625,0.030682038193967996,0.2278481012658228,0.15189873417721517,0.09836065573770492,0.3333333333333333,0.14285714285714285
db25_LABIC_db25:60-en,0.0,0.0,0.0,0.0842868260641553,0.3386392740836064,0.6846531968814576,0.2402530733520421,0.0,0.0,0.0,0.0,0.5238095238095238,0.42249240121580545,0.3576923076923077,0.0,0.07690934256668107,0.24000000000000005,,0.0,0.0,0.07065656950162967,0.07065656950162967,0.19999999999999998,0.19999999999999998,0.0,1.0,0.0,0.5483870967741936,0.3333333333333333,0.2413793103448276,0.17857142857142855,0.09694361543655163,0.5,0.35714285714285715,0.2702702702702703,0.5263157894736842,0.3333333333333333
db25_LABIC_db25:60-es,1.0,1.0,1.0,0.17001078098404226,0.43535983810315343,0.7979614177655611,0.3090169943749474,1.0,1.0,1.0,1.0,0.7058823529411765,0.6681034482758621,0.4931640625,1.0,1.0,1.0,,1.0,1.0,1.0,1.0,1.0,1.0,0.0,1.0,1.0,0.6923076923076924,0.48,0.33333333333333337,0.21739130434782608,0.5642499050012735,0.8,0.6,0.5714285714285714,0.631578947368421,0.0
db25_LABIC_db25:61-en,0.0,0.0,1.0,0.1143433820088083,0.1119191788355354,0.7164877534575878,0.25,1.0,0.0,0.0,0.0,0.5263157894736842,0.32421875,0.5324074074074074,0.0,0.34315019159021515,0.2777777777777778,,0.0,0.0,0.0498785217080044,0.0,0.1739130434782609,0.0,0.0,0.0,0.0,0.5599999999999999,0.4166666666666667,0.3043478260869565,0.18181818181818182,0.20823762637717375,0.5499999999999999,0.45,0.3333333333333333,0.6923076923076923,0.6666666666666666
db25_LABIC_db25:61-es,0.0,0.0,1.0,0.06972074684754827,0.3490740275113333,0.6831300510639734,0.23166247903554,0.0,0.0,0.0,0.0,0.47619047619047616,0.31768953068592054,0.6109589041095891,0.0,0.10619370134651737,0.2162162162162162,,0.0,0.0,0.14423704428041864,0.14423704428041864,0.20512820512820512,0.20512820512820512,0.0,1.0,0.0,0.5599999999999999,0.3333333333333333,0.26086956521739135,0.18181818181818182,0.07715868996418489,0.5714285714285715,0.47619047619047616,0.3448275862068966,0.7692307692307693,0.6666666666666666
db25_LABIC_db25:62-en,0.0,0.0,0.0,0.016621909795099952,0.27662605552624575,0.5612753201482283,0.16952084719853724,0.0,0.0,,0.0,0.25,0.2368896925858951,0.2981740481740482,0.0,0.0500130449790093,0.15584415584415584,,0.0,0.0,0.05402102942554216,0.05402102942554216,0.15584415584415584,0.15584415584415584,0.0,1.0,0.0,0.3146067415730337,0.22988505747126434,0.16470588235294117,0.12048192771084337,0.03747796052612309,0.22535211267605634,0.16901408450704225,0.0967741935483871,0.6666666666666666,0.25
db25_LABIC_db25:62-es,0.6387959866220736,0.47238252267106345,0.9862306368330465,0.0511130148423785,0.34227157624445786,0.6904602208326343,0.25,0.0,0.6387959866220736,0.6387959866220736,0.0,0.47058823529411764,0.46411483253588515,0.5162738496071829,0.047619047619047616,0.5555238068023582,0.6666666666666666,,0.0,0.47238252267106345,0.6606328636027614,0.6606328636027614,0.6666666666666666,0.6666666666666666,0.0,1.0,0.9862306368330465,0.6086956521739131,0.45454545454545453,0.33333333333333337,0.25,0.28433291815307693,0.5925925925925926,0.4444444444444444,0.3333333333333333,0.6666666666666666,0.0
db25_LABIC_db25:63-en,0.0,0.0,0.0,0.06825140853123608,0.3340575642159284,0.724568837309472,0.23166247903554,0.0,0.0,0.0,0.0,0.47619047619047616,0.3237410071942446,0.48701298701298706,0.0,0.4033582072599889,0.5454545454545454,,0.0,1.0,0.03546349597329826,0.0,0.11538461538461538,0.0,0.0,0.0,0.0,0.5862068965517241,0.3928571428571429,0.25925925925925924,0.15384615384615385,0.25079292295301137,0.5714285714285714,0.38095238095238093,0.2857142857142857,0.5714285714285714,0.5
db25_LABIC_db25:63-es,0.0,0.0,0.0,0.036814402257371405,0.2973690156986505,0.7507334965078253,0.1951941016011038,0.0,0.0,0.0,0.0,0.34615384615384615,0.2887931034482759,0.3040178571428571,0.0,0.14152826682728378,0.20289855072463767,,0.0,0.0,0.15552757086208568,0.15552757086208568,0.2608695652173913,0.2608695652173913,0.0,1.0,0.0,0.3855421686746988,0.271604938271605,0.17721518987341772,0.10389610389610389,0.11171411352263534,0.3492063492063492,0.25396825396825395,0.16326530612244897,0.5714285714285714,0.0
db25_LABIC_db25:64-en,0.0,0.0,0.0,0.02136867764784625,0.2889346037610465,0.8093563233063669,0.2,0.0,0.0,0.0,0.0,0.4074074074074074,0.3292181069958847,0.2889107450209,0.0,0.04974692647297876,0.24324324324324323,,0.0,1.0,0.02685412578518139,0.02685412578518139,0.2465753424657534,0.2465753424657534,0.0,1.0,0.0,0.5882352941176471,0.40963855421686746,0.2962962962962963,0.20253164556962025,0.03892649102768595,0.3225806451612903,0.2258064516129032,0.14285714285714285,0.5384615384615384,0.2
db25_LABIC_db25:64-es,0.0,0.0,0.0,0.07797846342313226,0.3442478614898344,0.8071566281056204,0.2612038749637414,0.0,0.0,0.0,0.0,0.5555555555555556,0.42105263157894735,0.45661430039641754,0.0,0.4428500142691474,0.7058823529411765,,0.0,1.0,0.5266403878479265,0.5266403878479265,0.7058823529411765,0.7058823529411765,0.0,1.0,0.0,0.75,0.5483870967741935,0.39999999999999997,0.27586206896551724,0.25306188056493334,0.5714285714285714,0.39999999999999997,0.3181818181818182,0.5384615384615384,0.0
db25_LABIC_db25:65-en,0.8571428571428571,0.75,1.0,0.053488208231243145,0.30821019282216733,0.7323977713970784,0.2612038749637414,1.0,0.8571428571428571,1.0,1.0,0.5555555555555556,0.3560606060606061,0.5022321428571428,0.5,0.10792099460383257,0.2222222222222222,,0.0,0.75,0.113316848391869,0.113316848391869,0.2222222222222222,0.2222222222222222,0.0,1.0,1.0,0.56,0.37499999999999994,0.26086956521739124,0.18181818181818182,0.07344883593411791,0.39999999999999997,0.30000000000000004,0.1935483870967742,0.6666666666666666,0.0
db25_LABIC_db25:65-es,0.8571428571428571,0.75,1.0,0.04499971193339738,0.2987015773818194,0.6821865008193588,0.25,1.0,0.8571428571428571,1.0,1.0,0.5263157894736842,0.3205128205128205,0.47669491525423735,0.5,0.0907602341164266,0.17391304347826086,,0.0,0.75,0.12586347848916266,0.12586347848916266,0.21739130434782608,0.21739130434782608,0.0,1.0,1.0,0.509090909090909,0.339622641509434,0.23529411764705885,0.163265306122449,0.06179261875046464,0.34782608695652173,0.26086956521739135,0.16216216216216217,0.6666666666666666,0.3333333333333333
db25_LABIC_db25:66-en,0.0,0.0,1.0,0.032483476156771926,0.06768754973090732,0.6436234984285988,0.1757340838011157,1.0,0.0,0.0,0.0,0.2903225806451613,0.2901960784313725,0.30229048295454547,0.0,0.17894177180728454,0.15384615384615383,,0.0,0.0,0.037023156566891924,0.0,0.0784313725490196,0.0,0.0,0.0,0.0,0.45454545454545453,0.25,0.16129032258064516,0.06666666666666667,0.11758806799906993,0.4583333333333333,0.3333333333333333,0.25,0.5,0.0
db25_LABIC_db25:66-es,0.0,0.0,1.0,0.04218983801739153,0.09036931567799208,0.6146028502887877,0.179128784747792,1.0,0.0,0.0,0.0,0.27586206896551724,0.24651162790697678,0.3757440476190476,0.0,0.2436797363594402,0.05,,0.0,0.0,0.048086016746211484,0.0,0.047619047619047616,0.0,0.0,0.0,0.0,0.4210526315789474,0.18181818181818182,0.11320754716981131,0.0392156862745098,0.15573188896329046,0.5,0.4,0.3333333333333333,0.5,0.0
db25_LABIC_db25:67-en,0.0,0.0,0.0,0.030638893275628982,0.2826864900197334,0.5636039340537304,0.2240092377397959,0.0,0.0,0.0,0.0,0.45454545454545453,0.30841121495327106,0.4136029411764706,0.0,0.06179261875046464,0.2272727272727273,,0.0,1.0,0.06346460319026366,0.06346460319026366,0.2272727272727273,0.2272727272727273,0.0,1.0,0.0,0.4878048780487804,0.375,0.3076923076923077,0.2631578947368421,0.04207265712987822,0.25,0.1875,0.10909090909090909,0.6666666666666666,0.3333333333333333
db25_LABIC_db25:67-es,0.0,0.0,0.0,0.053488208231243145,0.30821019282216733,0.7323977713970784,0.2612038749637414,0.0,0.0,0.0,0.0,0.5555555555555556,0.4148936170212766,0.5022321428571428,0.0,0.10792099460383257,0.4166666666666667,,0.0,1.0,0.1531682455208201,0.1531682455208201,0.45833333333333337,0.45833333333333337,0.0,1.0,0.0,0.6451612903225806,0.5,0.41379310344827586,0.35714285714285715,0.07344883593411791,0.39999999999999997,0.30000000000000004,0.1935483870967742,0.6666666666666666,0.0
db25_LABIC_db25:68-en,0.8571428571428571,0.75,1.0,0.030638893275628982,0.2826864900197334,0.5495138357023871,0.2240092377397959,1.0,0.8571428571428571,1.0,1.0,0.45454545454545453,0.19267822736030826,0.4136029411764706,0.5,0.06363920291909299,0.15789473684210528,,0.0,0.75,0.06536115222620396,0.06536115222620396,0.15789473684210528,0.15789473684210528,0.0,1.0,1.0,0.39999999999999997,0.29411764705882354,0.21212121212121213,0.15625000000000003,0.04207265712987822,0.25,0.1875,0.10909090909090909,0.6666666666666666,0.6666666666666666
db25_LABIC_db25:68-es,0.0,0.0,0.0,0.08252159623508792,0.34068129334753505,0.6878004328521014,0.27429188517743175,0.0,0.0,0.0,0.0,0.5625,0.32568807339449546,0.5569306930693069,0.0,0.44833867003844585,0.7096774193548387,,0.0,0.0,0.22308576866161578,0.22308576866161578,0.4102564102564103,0.4102564102564103,0.0,1.0,0.0,0.5909090909090908,0.47619047619047616,0.35000000000000003,0.2631578947368421,0.2534743707366162,0.5517241379310346,0.41379310344827586,0.3,0.6666666666666666,0.6666666666666666
db25_LABIC_db25:69-en,0.0,0.0,0.0,0.031755495059409146,0.2839259900613334,0.4927569020810312,0.2,0.0,0.0,0.0,0.0,0.3333333333333333,0.2505910165484634,0.4197761194029851,0.0,0.06179261875046464,0.1095890410958904,,0.0,1.0,0.11117895489854909,0.11117895489854909,0.1111111111111111,0.1111111111111111,0.0,1.0,0.0,0.3478260869565218,0.26865671641791045,0.18461538461538463,0.126984126984127,0.04360595024125051,0.25806451612903225,0.1935483870967742,0.11320754716981132,0.6666666666666666,0.5
db25_LABIC_db25:69-es,0.0,0.0,0.0,0.02135065868863472,0.272439202832522,0.4548017122914431,0.16666666666666666,0.0,0.0,0.0,0.0,0.2647058823529412,0.18106312292358806,0.26483781918564525,0.0,0.03428468689847925,0.15555555555555556,,0.0,1.0,0.02135065868863472,0.0,0.09876543209876543,0.0,0.0,0.0,0.0,0.2988505747126437,0.21176470588235294,0.14457831325301204,0.09876543209876543,0.029318256845083213,0.17977528089887643,0.1348314606741573,0.075,0.6666666666666666,0.42857142857142855
db25_LABIC_db25:7-en,0.0,0.0,0.0,0.05814358944368679,0.31276341183429995,0.7052876200012514,0.2402530733520421,0.0,0.0,0.0,0.0,0.5238095238095238,0.36734693877551017,0.5077262693156733,0.0,0.061362047598528216,0.14285714285714285,,0.0,0.0,0.06351509241973079,0.06351509241973079,0.17857142857142855,0.17857142857142855,0.0,1.0,0.0,0.5079365079365079,0.3934426229508197,0.30508474576271183,0.2456140350877193,0.09042237275053627,0.4,0.32727272727272727,0.20930232558139536,0.75,0.0
db25_LABIC_db25:7-es,0.0,0.0,0.0,0.08423108446494953,0.32661332667179294,0.7126966450997985,0.20521309615767264,0.0,0.0,0.0,0.0,0.4444444444444444,0.3094170403587444,0.48627450980392156,0.0,0.2102369368326755,0.4137931034482759,,0.0,1.0,0.07561422472758506,0.07561422472758506,0.3157894736842105,0.3157894736842105,0.0,1.0,0.0,0.45945945945945943,0.3888888888888889,0.3142857142857143,0.2647058823529412,0.1558934055240406,0.3859649122807018,0.3508771929824561,0.2222222222222222,0.8333333333333334,0.0
db25_LABIC_db25:70-en,0.0,0.0,1.0,0.0679082686330817,0.34011884065695597,0.5850457084815325,0.21712927295533244,0.0,0.0,0.0,0.0,0.38095238095238093,0.2901960784313725,0.5635887028581092,0.0,0.17411036809769517,0.1,,0.0,0.0,0.4666173628195052,0.4666173628195052,0.2926829268292683,0.2926829268292683,0.0,1.0,0.0,0.5283018867924528,0.23529411764705885,0.12244897959183672,0.0425531914893617,0.12335881744794525,0.5238095238095238,0.4285714285714286,0.3103448275862069,0.6923076923076923,0.3333333333333333
db25_LABIC_db25:70-es,0.0,0.0,1.0,0.03600509501417042,0.07390640614448091,0.6852689223472488,0.23166247903554,1.0,0.0,0.0,0.0,0.5,0.2776203966005666,0.5111111111111111,0.0,0.09491114693086254,0.12000000000000001,,0.0,0.0,0.03600509501417042,0.0,0.07017543859649122,0.0,0.0,0.0,0.0,0.4918032786885246,0.23728813559322035,0.14035087719298248,0.07272727272727272,0.06652158271581103,0.47826086956521735,0.391304347826087,0.2727272727272727,0.6923076923076923,0.25
db25_LABIC_db25:71-en,0.0,0.0,0.0,0.03425966162564913,0.2867102092779213,0.48862845186824244,0.1951941016011038,0.0,0.0,0.0,0.0,0.32,0.2684210526315789,0.4326923076923077,0.0,0.06523231699028162,0.11267605633802817,,0.0,1.0,0.06710432915058864,0.06710432915058864,0.11267605633802817,0.11267605633802817,0.0,1.0,0.0,0.36363636363636365,0.28125,0.19354838709677416,0.13333333333333333,0.04704461691859172,0.27586206896551724,0.20689655172413793,0.12244897959183673,0.6666666666666666,0.14285714285714285
db25_LABIC_db25:71-es,0.0,0.0,0.0,0.018223619594063684,0.27948612755714797,0.7022508096669872,0.179128784747792,0.0,0.0,0.0,0.0,0.3,0.16522988505747127,0.31123276561232766,0.0,0.09672702430606295,0.14,,0.0,0.0,0.09427624888579822,0.09427624888579822,0.14,0.14,0.0,1.0,0.0,0.26262626262626265,0.18556701030927836,0.1473684210526316,0.12903225806451615,0.06831565249181562,0.24615384615384617,0.18461538461538463,0.10714285714285714,0.6666666666666666,0.3
db25_LABIC_db25:72-en,0.8,0.6666666666666666,1.0,0.053488208231243145,0.30821019282216733,0.7095103410409197,0.2612038749637414,1.0,0.8,1.0,1.0,0.5555555555555556,0.34306569343065696,0.5022321428571428,0.5,0.11114605941137586,0.33333333333333337,,0.0,0.6666666666666666,0.1167031605843379,0.1167031605843379,0.33333333333333337,0.33333333333333337,0.0,1.0,1.0,0.56,0.41666666666666663,0.30434782608695654,0.22727272727272727,0.07344883593411791,0.39999999999999997,0.30000000000000004,0.1935483870967742,0.6666666666666666,0.0
db25_LABIC_db25:72-es,0.8,0.6666666666666666,1.0,0.038882961736994966,0.2918639188412689,0.6190086618867081,0.2402530733520421,1.0,0.8,1.0,1.0,0.5,0.2900552486187845,0.4536290322580645,0.5,0.0807569962259769,0.21428571428571427,,0.0,0.6666666666666666,0.11002068284361832,0.11002068284361832,0.25000000000000006,0.25000000000000006,0.0,1.0,1.0,0.4666666666666667,0.3448275862068966,0.25,0.18518518518518517,0.05339323136243991,0.3076923076923077,0.23076923076923078,0.13953488372093023,0.6666666666666666,0.25
db25_LABIC_db25:73-en,1.0,1.0,1.0,0.08392140960218324,0.339700638225187,0.7806537579843399,0.3090169943749474,1.0,1.0,1.0,1.0,0.6428571428571429,0.3602150537634409,0.45510204081632655,1.0,0.631196907822589,0.8695652173913043,,1.0,1.0,1.0,1.0,1.0,1.0,0.0,1.0,1.0,0.6153846153846154,0.4324324324324324,0.3428571428571428,0.24242424242424246,0.16467029855845897,0.5384615384615384,0.3846153846153846,0.29411764705882354,0.5555555555555556,0.0
db25_LABIC_db25:73-es,1.0,1.0,1.0,0.04517141317272956,0.3228015634687545,0.7918754626303195,0.3090169943749474,1.0,1.0,1.0,1.0,0.6666666666666666,0.3438914027149321,0.4914529914529915,1.0,0.48442732379638637,0.7199999999999999,,1.0,1.0,0.6175637907926896,0.6175637907926896,0.7199999999999999,0.7199999999999999,0.0,1.0,1.0,0.6190476190476191,0.4,0.2631578947368421,0.16666666666666666,0.18331704949485053,0.5,0.37500000000000006,0.2608695652173913,0.6666666666666666,0.0
db25_LABIC_db25:74-en,0.0,0.0,0.0,0.023078148431493348,0.29240551570526174,0.697651060514593,0.25,0.0,0.0,0.0,0.0,0.5714285714285714,0.35243553008595985,0.33476548514142496,0.0,0.06360855779734147,0.1714285714285714,,0.0,1.0,0.0627592883999423,0.0627592883999423,0.17391304347826086,0.17391304347826086,0.0,1.0,0.0,0.619718309859155,0.3478260869565218,0.2388059701492537,0.15384615384615383,0.04329311590144932,0.3728813559322034,0.23728813559322035,0.15555555555555556,0.5,0.2
db25_LABIC_db25:74-es,0.0,0.0,0.0,0.2252497515880266,0.6530866314453938,0.8433269270042298,0.3333333333333333,0.0,0.0,0.0,0.0,0.75,0.4595588235294118,0.7501769285208776,0.0,0.3479731564184223,0.5555555555555556,,0.0,1.0,0.24671763489589052,0.24671763489589052,0.4444444444444444,0.4444444444444444,0.0,1.0,0.0,0.7419354838709677,0.6000000000000001,0.4482758620689656,0.3214285714285714,0.2252497515880266,0.5333333333333333,0.5333333333333333,0.3870967741935484,0.8571428571428571,0.25
db25_LABIC_db25:75-en,0.0,0.0,0.0,0.04218167121745606,0.581799944558739,0.6436503043467892,0.1951941016011038,0.0,0.0,0.0,0.0,0.2916666666666667,0.35507246376811596,0.41894353369763204,0.0,0.09434588829787044,0.17142857142857143,,0.0,1.0,0.03205113907144577,0.0,0.13333333333333333,0.0,0.0,0.0,0.0,0.4705882352941177,0.32653061224489793,0.2127659574468085,0.13333333333333333,0.06945456976547426,0.3829787234042553,0.3829787234042553,0.3,0.5294117647058824,0.5
db25_LABIC_db25:75-es,0.0,0.0,0.0,0.046946192468453,0.3339691098823754,0.5906101308636399,0.2240092377397959,0.0,0.0,0.0,0.0,0.3684210526315789,0.34765625,0.360621521335807,0.0,0.12154172671667476,0.17647058823529413,,0.0,1.0,0.06657578949083409,0.06657578949083409,0.17647058823529413,0.17647058823529413,0.0,1.0,0.0,0.44000000000000006,0.29166666666666663,0.21739130434782608,0.13636363636363635,0.09026713896464605,0.45,0.35,0.30434782608695654,0.4117647058823529,0.3333333333333333
db25_LABIC_db25:76-en,0.04424202992843201,0.02314499659632403,0.5,0.0011660194126476944,0.44253803587629703,0.46132419373540384,0.14285714285714285,0.0,0.04424202992843201,0.02288021534320323,0.0,0.21739130434782608,0.16022889842632337,0.11587412587412586,0.006802721088435374,0.0012607556468927556,0.038834951456310676,,0.0,0.02314499659632403,0.0004016678501628221,0.0004016678501628221,0.06976744186046513,0.06976744186046513,0.0,1.0,0.5,0.25225225225225223,0.14678899082568805,0.07476635514018691,0.05714285714285715,0.0017259018340095057,0.2637362637362637,0.21978021978021975,0.7692307692307693,0.1282051282051282,0.0
db25_LABIC_db25:76-es,0.0,0.0,0.0,0.058416792019976044,0.35894382064650343,0.4243759888633799,0.1365270594958143,0.0,0.0,0.0,0.0,0.24528301886792453,0.27896995708154504,0.16834437086092713,0.0,0.133077418046729,0.06578947368421052,,0.0,0.0,0.038412926330367116,0.038412926330367116,0.08955223880597014,0.08955223880597014,0.0,1.0,0.0,0.3310344827586207,0.1678321678321678,0.09929078014184398,0.05755395683453238,0.12939726648586058,0.38167938931297707,0.3053435114503817,0.37735849056603776,0.2564102564102564,0.6
db25_LABIC_db25:77-en,0.6666666666666666,0.5,1.0,0.09881511482966875,0.3472844238687075,0.7491412365533637,0.2612038749637414,1.0,0.6666666666666666,1.0,1.0,0.5789473684210527,0.47777777777777775,0.3932980599647268,0.5,0.07631166711676685,0.3243243243243243,,0.0,0.5,0.14253911354181859,0.14253911354181859,0.358974358974359,0.358974358974359,0.0,1.0,1.0,0.5964912280701754,0.4,0.2641509433962264,0.19607843137254902,0.10389889377420038,0.4680851063829787,0.3829787234042554,0.2903225806451613,0.5625,0.0
db25_LABIC_db25:77-es,0.6666666666666666,0.5,1.0,0.08209568436078464,0.331334731901007,0.7258661863112978,0.25,1.0,0.6666666666666666,1.0,1.0,0.55,0.4253246753246753,0.38026055521451474,0.5,0.06417717700580389,0.2553191489361702,,0.0,0.5,0.1171291646655074,0.1171291646655074,0.2857142857142857,0.2857142857142857,0.0,1.0,1.0,0.5483870967741935,0.3666666666666667,0.24137931034482757,0.17857142857142858,0.08631929238178107,0.41509433962264153,0.339622641509434,0.24324324324324326,0.5625,0.3333333333333333
db25_LABIC_db25:78-en,0.6363636363636364,0.4666666666666667,1.0,0.07502781807832772,0.46127876753320735,0.6693161223797403,0.21089672205953397,0.0,0.6363636363636364,0.8484848484848485,1.0,0.46153846153846156,0.19791666666666663,0.5807239790836654,1.0,0.15381868513336217,0.19672131147540986,,1.0,0.4666666666666667,0.20125270618003493,0.20125270618003493,0.2553191489361702,0.2553191489361702,0.0,1.0,1.0,0.5555555555555555,0.20000000000000004,0.11764705882352941,0.060606060606060615,0.09434248660785897,0.6779661016949152,0.5423728813559322,0.45714285714285713,0.6666666666666666,0.0
db25_LABIC_db25:78-es,1.0,1.0,1.0,0.4150039784725853,0.7600009946181463,0.7856742013183862,0.2240092377397959,1.0,1.0,1.0,1.0,0.5,0.3090277777777778,0.7955645161290325,1.0,0.7884044396805874,0.5,,1.0,1.0,1.0,1.0,1.0,1.0,0.0,1.0,1.0,0.6857142857142857,0.4411764705882353,0.2424242424242424,0.125,0.4150039784725853,0.7142857142857143,0.7142857142857143,0.625,0.8333333333333334,0.0
db25_LABIC_db25:79-en,0.8,0.6666666666666666,1.0,0.038882961736994966,0.2918639188412689,0.6190086618867081,0.2402530733520421,1.0,0.8,1.0,1.0,0.5,0.27953890489913547,0.4536290322580645,0.5,0.0807569962259769,0.21428571428571427,,0.0,0.6666666666666666,0.08359056256388352,0.08359056256388352,0.21428571428571427,0.21428571428571427,0.0,1.0,1.0,0.4666666666666667,0.3448275862068966,0.25,0.18518518518518517,0.05339323136243991,0.3076923076923077,0.23076923076923078,0.13953488372093023,0.6666666666666666,0.5
db25_LABIC_db25:79-es,0.8,0.6666666666666666,1.0,0.04499971193339738,0.2987015773818194,0.6621221919717307,0.25,1.0,0.8,1.0,1.0,0.5263157894736842,0.29836065573770487,0.47669491525423735,0.5,0.09347247410316664,0.26086956521739135,,0.0,0.6666666666666666,0.09732584276545177,0.09732584276545177,0.26086956521739135,0.26086956521739135,0.0,1.0,1.0,0.509090909090909,0.3773584905660377,0.2745098039215686,0.20408163265306123,0.06179261875046464,0.34782608695652173,0.26086956521739135,0.16216216216216217,0.6666666666666666,0.3333333333333333
db25_LABIC_db25:8-en,0.0,0.0,0.0,0.02655536976738,0.5474058328169124,0.8169308645502248,0.2402530733520421,0.0,0.0,0.0,0.0,0.47368421052631576,0.31677018633540377,0.27173913043478265,0.0,0.045313009096558145,0.4,,0.0,1.0,0.05700459721383297,0.05700459721383297,0.40816326530612246,0.40816326530612246,0.0,1.0,0.0,0.576271186440678,0.42105263157894735,0.32727272727272727,0.22641509433962267,0.02655536976738,0.2777777777777778,0.2777777777777778,0.1724137931034483,0.7142857142857143,0.25
db25_LABIC_db25:8-es,0.0,0.0,0.0,0.04367293914076029,0.5402785888534243,0.7398504605697087,0.23166247903554,0.0,0.0,0.0,0.0,0.42105263157894735,0.3618677042801557,0.398936170212766,0.0,0.06785173318974538,0.47368421052631576,,0.0,0.0,0.0712441966571245,0.0712441966571245,0.47368421052631576,0.47368421052631576,0.0,1.0,0.0,0.576923076923077,0.44,0.3333333333333333,0.21739130434782605,0.04367293914076029,0.2105263157894737,0.2105263157894737,0.12903225806451613,0.5714285714285714,0.0
db25_LABIC_db25:80-en,0.0,0.0,0.0,0.025737912846358662,0.4264908544218762,0.4892698352578645,0.15894454156034005,0.0,0.0,0.0,0.0,0.24324324324324326,0.21416526138279934,0.2650198063380282,0.0,0.015955191438706162,0.037037037037037035,,0.0,1.0,0.022509611415099794,0.022509611415099794,0.05607476635514018,0.05607476635514018,0.0,1.0,0.0,0.29213483146067415,0.11494252873563218,0.09411764705882351,0.07228915662650602,0.02650705361683725,0.31304347826086953,0.2782608695652174,0.18823529411764706,0.5333333333333333,1.0
db25_LABIC_db25:80-es,0.0,0.0,0.0,0.359616686518733,0.744666076391588,0.7977489061908373,0.3090169943749474,0.0,0.0,0.0,0.0,0.7727272727272727,0.49825783972125437,0.7753420562062537,0.0,0.43307958367323107,0.27450980392156865,,0.0,1.0,0.26765226160005684,0.26765226160005684,0.22641509433962265,0.22641509433962265,0.0,1.0,0.0,0.7384615384615385,0.47619047619047616,0.29508196721311475,0.23728813559322035,0.359616686518733,0.7222222222222222,0.7222222222222222,0.6190476190476191,0.8666666666666667,0.0
db25_LABIC_db25:81-en,0.0,0.0,0.0,0.05055235630647707,0.34945752221396836,0.7141851035782237,0.25,0.0,0.0,0.0,0.0,0.5,0.3744493392070485,0.4745565878378379,0.0,0.40896014720436774,0.35,,0.0,1.0,0.08481907240620101,0.08481907240620101,0.46153846153846156,0.46153846153846156,0.0,1.0,0.0,0.6415094339622641,0.47058823529411764,0.32653061224489793,0.2127659574468085,0.24873444170233966,0.6666666666666665,0.4444444444444444,0.36363636363636365,0.5714285714285714,0.3333333333333333
db25_LABIC_db25:81-es,0.0,0.0,0.0,0.023670029895993257,0.2898789864955308,0.7004147683506573,0.179128784747792,0.0,0.0,0.0,0.0,0.3,0.2789783889980354,0.2939399171270718,0.0,0.073740313353453,0.12987012987012986,,0.0,1.0,0.03504783186405067,0.03504783186405067,0.13333333333333333,0.13333333333333333,0.0,1.0,0.0,0.37777777777777777,0.2727272727272727,0.18604651162790697,0.11904761904761904,0.0515282710456351,0.34782608695652173,0.23188405797101444,0.14545454545454545,0.5714285714285714,0.25
db25_LABIC_db25:82-en,0.0,0.0,1.0,0.05966512342648321,0.3344144228142255,0.7543873113442732,0.20521309615767264,0.0,0.0,0.0,0.0,0.375,0.3932926829268293,0.39786096256684494,0.0,0.21690365808279138,0.2903225806451613,,0.0,0.0,0.12925788740792526,0.12925788740792526,0.22580645161290322,0.22580645161290322,0.0,1.0,0.0,0.6388888888888888,0.4285714285714286,0.3235294117647059,0.21212121212121213,0.16535019038703602,0.5098039215686274,0.3921568627450981,0.29411764705882354,0.5882352941176471,0.4
db25_LABIC_db25:82-es,0.0,0.0,1.0,0.06693968066598285,0.34039020407323073,0.7809727769012628,0.2402530733520421,0.0,0.0,0.0,0.0,0.5238095238095238,0.3557692307692307,0.4821621621621622,0.0,0.3489214645008508,0.5666666666666667,,0.0,0.0,0.713027926413322,0.713027926413322,0.8135593220338984,0.8135593220338984,0.0,1.0,0.0,0.6857142857142857,0.5,0.393939393939394,0.28125,0.1814726708191192,0.5306122448979592,0.40816326530612246,0.3125,0.5882352941176471,0.0
db25_LABIC_db25:83-en,0.0,0.0,0.0,0.04345062107749325,0.31974624262931933,0.7168342565414627,0.21712927295533244,0.0,0.0,0.0,0.0,0.38095238095238093,0.34728033472803344,0.37499999999999994,0.0,0.35556702356686953,0.28571428571428564,,0.0,1.0,0.03926206826371507,0.0,0.08,0.0,0.0,0.0,0.0,0.5,0.3703703703703704,0.23076923076923075,0.11999999999999998,0.1969869893777744,0.4210526315789474,0.3157894736842105,0.25,0.42857142857142855,0.5
db25_LABIC_db25:83-es,0.0,0.0,0.0,0.055589753387051244,0.31666065719282716,0.7158910531638177,0.2402530733520421,0.0,0.0,0.0,0.0,0.5238095238095238,0.3284132841328413,0.40426361627453533,0.0,0.11535113196300119,0.30769230769230765,,0.0,0.0,0.08730685303040375,0.08730685303040375,0.2692307692307693,0.2692307692307693,0.0,1.0,0.0,0.6451612903225806,0.4666666666666666,0.3448275862068965,0.25,0.08409847004243719,0.48888888888888893,0.3111111111111111,0.22580645161290322,0.5,0.0
db25_LABIC_db25:84-en,0.0,0.0,0.0,0.03435119588138342,0.31591025768269154,0.3865006029094685,0.25,0.0,0.0,0.0,0.0,0.5,0.3284671532846716,0.16746411483253587,0.0,0.07036696494872877,0.0,,0.0,0.0,0.042509295200745076,0.042509295200745076,0.08163265306122448,0.08163265306122448,0.0,1.0,0.0,0.38461538461538464,0.08,0.041666666666666664,0.0,0.06488246579655582,0.40816326530612246,0.2857142857142857,0.2413793103448276,0.35,0.0
db25_LABIC_db25:84-es,0.0,0.0,0.0,0.010264160234214854,0.2684264313286754,0.45441862929979726,0.15894454156034005,0.0,0.0,0.0,0.0,0.2631578947368421,0.1195248700816629,0.18716365938588164,0.0,0.01919304490940261,0.04232804232804233,,0.0,0.0,0.015524780808190483,0.015524780808190483,0.04255319148936171,0.04255319148936171,0.0,1.0,0.0,0.17341040462427745,0.07017543859649122,0.03550295857988166,0.011976047904191616,0.016860987782584397,0.15789473684210525,0.11842105263157894,0.06818181818181818,0.45,0.17647058823529413
db25_LABIC_db25:85-en,0.6666666666666666,0.5,1.0,0.038882961736994966,0.2918639188412689,0.6190086618867081,0.2402530733520421,1.0,0.6666666666666666,1.0,1.0,0.5,0.2787878787878788,0.4536290322580645,0.5,0.0807569962259769,0.21428571428571427,,0.0,0.5,0.11002068284361832,0.11002068284361832,0.25000000000000006,0.25000000000000006,0.0,1.0,1.0,0.4666666666666667,0.3448275862068966,0.25,0.18518518518518517,0.05339323136243991,0.3076923076923077,0.23076923076923078,0.13953488372093023,0.6666666666666666,0.5
db25_LABIC_db25:85-es,0.6666666666666666,0.5,1.0,0.03720561479974553,0.28999238525071497,0.5978758235935793,0.23166247903554,1.0,0.6666666666666666,1.0,1.0,0.47619047619047616,0.27034883720930236,0.4464285714285714,0.5,0.07564374950766029,0.19672131147540983,,0.0,0.5,0.07811434960488468,0.07811434960488468,0.19672131147540983,0.19672131147540983,0.0,1.0,1.0,0.4516129032258065,0.3333333333333333,0.2413793103448276,0.17857142857142855,0.05108993528892016,0.2962962962962963,0.2222222222222222,0.13333333333333333,0.6666666666666666,0.6
db25_LABIC_db25:86-en,0.0,0.0,0.0,0.026505367117414535,0.2946874306184906,0.7423923386456233,0.2402530733520421,0.0,0.0,0.0,0.0,0.5,0.29729729729729726,0.3318903318903319,0.0,0.08069852778977678,0.07692307692307693,,0.0,0.0,0.07616158787742296,0.07616158787742296,0.038461538461538464,0.038461538461538464,0.0,1.0,0.0,0.5573770491803278,0.30508474576271183,0.1754385964912281,0.07272727272727272,0.05494227080816818,0.4,0.24,0.16216216216216217,0.46153846153846156,0.0
db25_LABIC_db25:86-es,0.0,0.0,0.0,0.042509295200745076,0.3253701634221322,0.6185895741317419,0.2612038749637414,0.0,0.0,0.0,0.0,0.5,0.3163265306122449,0.3677058353317346,0.0,0.33428661215627314,0.11764705882352941,,0.0,1.0,0.07388090708161628,0.07388090708161628,0.06060606060606061,0.06060606060606061,0.0,1.0,0.0,0.5106382978723404,0.22222222222222224,0.09302325581395349,0.0,0.20331710659744473,0.5714285714285714,0.3428571428571428,0.2727272727272727,0.46153846153846156,0.5
db25_LABIC_db25:87-en,0.0,0.0,0.0,0.13819585494830136,0.5986515278396394,0.6730142520352191,0.1951941016011038,0.0,0.0,0.0,0.0,0.37037037037037035,0.2524590163934426,0.38515151515151513,0.0,0.2299660544335437,0.375,,0.0,1.0,0.02414660878240123,0.0,0.07407407407407407,0.0,0.0,0.0,0.0,0.5573770491803278,0.3728813559322034,0.24561403508771928,0.14545454545454545,0.13819585494830136,0.3773584905660377,0.3773584905660377,0.2564102564102564,0.7142857142857143,0.5
db25_LABIC_db25:87-es,0.0,0.0,0.0,0.13583266175611608,0.610881242362106,0.837138528161145,0.2612038749637414,0.0,0.0,0.0,0.0,0.5789473684210527,0.3834586466165414,0.5738636363636364,0.0,0.1998573974138024,0.26666666666666666,,0.0,1.0,0.04632976655461858,0.04632976655461858,0.30508474576271183,0.30508474576271183,0.0,1.0,0.0,0.608695652173913,0.417910447761194,0.30769230769230765,0.1904761904761905,0.13583266175611608,0.45283018867924535,0.45283018867924535,0.3076923076923077,0.8571428571428571,0.6666666666666666
db25_LABIC_db25:88-en,0.0,0.0,0.0,0.0488926319669833,0.3378132255500449,0.7168055060673317,0.23166247903554,0.0,0.0,0.0,0.0,0.56,0.2376681614349776,0.4118337982675084,0.0,0.708339753228812,0.679245283018868,,0.0,1.0,0.042509295200745076,0.0,0.2857142857142857,0.0,0.0,0.0,0.0,0.6666666666666667,0.4375,0.3225806451612903,0.23333333333333334,0.278093559995945,0.5714285714285714,0.39999999999999997,0.3181818181818182,0.5384615384615384,0.0
db25_LABIC_db25:88-es,0.0,0.0,0.0,0.02717076173570544,0.2959338811233655,0.6920837667851673,0.18660549686337075,0.0,0.0,0.0,0.0,0.36666666666666664,0.3202416918429003,0.2786855482933915,0.0,0.16081986819293687,0.24242424242424246,,0.0,1.0,0.14611783090145075,0.14611783090145075,0.2857142857142857,0.2857142857142857,0.0,1.0,0.0,0.55,0.3333333333333333,0.23684210526315788,0.16216216216216217,0.11117895489854909,0.3673469387755102,0.2448979591836735,0.16666666666666666,0.46153846153846156,0.0
db25_LABIC_db25:89-en,0.0,0.0,1.0,0.03776310214113328,0.08650748600137474,0.7212386464861581,0.2,1.0,0.0,0.0,0.0,0.42857142857142855,0.2584745762711864,0.33950617283950624,0.0,0.11723723536622936,0.4444444444444444,,0.0,0.0,0.04394181809906642,0.0,0.26415094339622636,0.0,0.0,0.0,0.0,0.6176470588235293,0.393939393939394,0.3125,0.22580645161290322,0.07390729255299058,0.5,0.40909090909090917,0.32142857142857145,0.5625,0.0
db25_LABIC_db25:89-es,0.0,0.0,1.0,0.236446188568357,0.23218847021901232,0.6085806194501847,0.21712927295533244,1.0,0.0,0.0,0.0,0.4583333333333333,0.4136363636363637,0.5480852402296139,0.0,0.540856266901231,0.36363636363636365,,0.0,0.0,0.09321466977472194,0.0,0.2857142857142857,0.0,0.0,0.0,0.0,0.52,0.37499999999999994,0.30434782608695654,0.22727272727272727,0.540856266901231,0.7586206896551724,0.6206896551724138,0.6923076923076923,0.5625,0.0
db25_LABIC_db25:9-en,0.0,0.0,0.0,0.034874771170710105,0.3038210879928397,0.6875000000000002,0.1951941016011038,0.0,0.0,0.0,0.0,0.34615384615384615,0.26315789473684215,0.41682242990654206,0.0,0.11478444221317999,0.2105263157894737,,0.0,1.0,0.1232411380452624,0.1232411380452624,0.15789473684210525,0.15789473684210525,0.0,1.0,0.0,0.456140350877193,0.32727272727272727,0.22641509433962267,0.1568627450980392,0.06608192750654071,0.39999999999999997,0.28571428571428575,0.19230769230769232,0.5555555555555556,0.3333333333333333
db25_LABIC_db25:9-es,0.0,0.0,0.0,0.048835561618985356,0.32798442420885016,0.7570332986102254,0.2612038749637414,0.0,0.0,0.0,0.0,0.5294117647058824,0.33673469387755106,0.45050505050505063,0.0,0.42728700639623407,0.5384615384615384,,0.0,1.0,0.5133450480401704,0.5133450480401704,0.5384615384615384,0.5384615384615384,0.0,1.0,0.0,0.6190476190476191,0.45,0.31578947368421056,0.2222222222222222,0.21869766863251183,0.5185185185185185,0.3703703703703704,0.2777777777777778,0.5555555555555556,0.5
db25_LABIC_db25:90-en,0.0,0.0,0.0,0.03111196233996958,0.3033785335644372,0.7621646860133656,0.23166247903554,0.0,0.0,0.0,0.0,0.45,0.30418250950570347,0.32554847841472045,0.0,0.0959568413074586,0.09302325581395349,,0.0,1.0,0.09132515853818196,0.09132515853818196,0.046511627906976744,0.046511627906976744,0.0,1.0,0.0,0.5614035087719297,0.32727272727272727,0.18867924528301888,0.0784313725490196,0.06530627631648443,0.4444444444444444,0.26666666666666666,0.1935483870967742,0.42857142857142855,0.5
db25_LABIC_db25:90-es,0.0,0.0,0.0,0.046767745108439354,0.3057789802773665,0.7572401854185358,0.2612038749637414,0.0,0.0,0.0,0.0,0.5789473684210527,0.33440514469453375,0.3893827469638162,0.0,0.1039199155822067,0.15094339622641512,,0.0,0.0,0.07819434797550272,0.07819434797550272,0.11320754716981132,0.11320754716981132,0.0,1.0,0.0,0.6129032258064516,0.3666666666666667,0.24137931034482757,0.14285714285714285,0.07075217232157353,0.43137254901960786,0.2745098039215686,0.1891891891891892,0.5,0.0
db25_LABIC_db25:91-en,0.0,0.0,1.0,0.06267582280857278,0.16132320046811766,0.512989176042577,0.25,1.0,0.0,0.0,0.0,0.47058823529411764,0.37297297297297294,0.43287522323161726,0.0,0.07453453442260458,0.12121212121212123,,0.0,0.0,0.054544425227539634,0.0,0.05714285714285715,0.0,0.0,0.0,0.0,0.41025641025641024,0.21621621621621623,0.17142857142857143,0.12121212121212123,0.07453453442260458,0.7741935483870969,0.5806451612903225,0.6,0.5625,1.0
db25_LABIC_db25:91-es,0.0,0.0,1.0,0.04980036758841368,0.31984248272906235,0.6454972243679028,0.2240092377397959,0.0,0.0,0.0,0.0,0.42857142857142855,0.29605263157894735,0.42357274401473305,0.0,0.09111270767706389,0.19230769230769232,,0.0,0.0,0.05370196595350109,0.05370196595350109,0.14814814814814814,0.14814814814814814,0.0,1.0,0.0,0.5245901639344263,0.4067796610169491,0.2807017543859649,0.18181818181818182,0.06203259460072677,0.49056603773584906,0.339622641509434,0.24324324324324326,0.5625,0.3333333333333333
db25_LABIC_db25:92-en,0.0,0.0,0.0,0.06351509241973079,0.33318117348205123,0.7495067739530902,0.28989794855663564,0.0,0.0,0.0,0.0,0.6470588235294118,0.3707865168539326,0.3880352209944752,0.0,0.4160190882715712,0.631578947368421,,0.0,1.0,0.05594579316216666,0.05594579316216666,0.26168224299065423,0.26168224299065423,0.0,0.0,0.0,0.606060606060606,0.40625,0.2903225806451613,0.19999999999999998,0.2250265947708922,0.5333333333333333,0.35555555555555557,0.2857142857142857,0.47058823529411764,0.0
db25_LABIC_db25:92-es,0.0,0.0,0.0,0.08062554435318109,0.3561105902866866,0.8000816451499806,0.28989794855663564,0.0,0.0,0.0,0.0,0.6470588235294118,0.36752136752136755,0.4013392857142857,0.0,0.40743348295364507,0.6808510638297872,,0.0,1.0,0.1272181626731136,0.1272181626731136,0.46808510638297873,0.46808510638297873,0.0,1.0,0.0,0.6666666666666666,0.4482758620689655,0.32142857142857145,0.2222222222222222,0.2910624919304027,0.6153846153846153,0.41025641025641024,0.36363636363636365,0.47058823529411764,0.3333333333333333
db25_LABIC_db25:93-en,0.0,0.0,0.0,0.017580463498582725,0.2759508501841947,0.5899891330337306,0.1639607805437114,0.0,0.0,0.0,0.0,0.21212121212121213,0.3285714285714286,0.1773174157303371,0.0,0.029866363651816392,0.24096385542168672,,0.0,0.0,0.027415239110359608,0.027415239110359608,0.2816901408450704,0.2816901408450704,0.0,1.0,0.0,0.4367816091954023,0.25882352941176473,0.19277108433734938,0.12345679012345678,0.020220404210091993,0.24137931034482765,0.13793103448275862,0.09302325581395349,0.26666666666666666,0.0
db25_LABIC_db25:93-es,0.0,0.0,0.0,0.02428706324042873,0.29294109808381835,0.7784835859720707,0.1827439976315568,0.0,0.0,0.0,0.0,0.3103448275862069,0.33653846153846156,0.22275449101796405,0.0,0.06881976340414667,0.2608695652173913,,0.0,0.0,0.07944516844954524,0.07944516844954524,0.3508771929824561,0.3508771929824561,0.0,1.0,0.0,0.5853658536585366,0.37499999999999994,0.28205128205128205,0.1842105263157895,0.04869374129697377,0.2978723404255319,0.2127659574468085,0.15625,0.3333333333333333,0.0
db25_LABIC_db25:94-en,0.0,0.0,0.0,0.08783509623696305,0.35516066797825396,0.6885282909440544,0.25,0.0,0.0,0.0,0.0,0.47058823529411764,0.47685185185185186,0.25862068965517243,0.0,0.10445412139194518,0.34782608695652173,,0.0,1.0,0.05388655281980997,0.0,0.34782608695652173,0.0,0.0,0.0,0.0,0.6153846153846153,0.48000000000000004,0.41666666666666663,0.34782608695652173,0.10445412139194518,0.5714285714285714,0.42857142857142855,0.35294117647058826,0.5454545454545454,0.0
db25_LABIC_db25:94-es,0.0,0.0,0.0,0.02313719114614459,0.28843058807743055,0.7967255938066916,0.21712927295533244,0.0,0.0,0.0,0.0,0.4090909090909091,0.33246753246753247,0.30027386541471046,0.0,0.03343197925055772,0.29850746268656714,,0.0,0.0,0.034768609817110746,0.034768609817110746,0.29850746268656714,0.29850746268656714,0.0,1.0,0.0,0.631578947368421,0.43243243243243246,0.36111111111111105,0.2857142857142857,0.024862529912500854,0.2962962962962963,0.22222222222222218,0.13953488372093023,0.5454545454545454,0.25
db25_LABIC_db25:95-en,0.0,0.0,0.0,0.027415239110359608,0.2991078803626052,0.5254069374927337,0.179128784747792,0.0,0.0,0.0,0.0,0.25,0.28623188405797106,0.3412844036697248,0.0,0.07046149578755932,0.22727272727272724,,0.0,1.0,0.0738062184976524,0.0738062184976524,0.22727272727272724,0.22727272727272724,0.0,1.0,0.0,0.46428571428571425,0.33333333333333337,0.2692307692307693,0.2,0.05550807070988445,0.3783783783783784,0.2702702702702703,0.17857142857142858,0.5555555555555556,0.3333333333333333
db25_LABIC_db25:95-es,0.0,0.0,0.0,0.03926206826371507,0.319047719358496,0.5389933524563126,0.18660549686337075,0.0,0.0,0.0,0.0,0.2962962962962963,0.29323308270676696,0.48677248677248686,0.0,0.22612164703205964,0.25000000000000006,,0.0,1.0,0.24078435074822624,0.24078435074822624,0.25000000000000006,0.25000000000000006,0.0,1.0,0.0,0.49122807017543857,0.3636363636363636,0.2641509433962264,0.19607843137254902,0.16564565321939204,0.48484848484848486,0.36363636363636365,0.25,0.6666666666666666,0.5
db25_LABIC_db25:96-es,0.0,0.0,0.0,0.032362342874538784,0.516836126374798,0.4293148314346895,0.18660549686337075,0.0,0.0,0.0,0.0,0.17391304347826086,0.3089005235602095,0.2878676629378482,0.0,0.20548024369089107,0.05714285714285715,0.0,0.0,1.0,0.03574591394926847,0.0,0.0,0.0,0.0,0.0,0.0,0.2926829268292683,0.10256410256410255,0.05405405405405405,0.0,0.17928670980527533,0.6,0.4799999999999999,0.5454545454545454,0.42857142857142855,0.0
db25_LABIC_db25:97-en,0.0,0.0,0.0,0.03665517295355458,0.07081756026112919,0.5733412928572632,0.1907435698305462,0.0,0.0,0.0,0.0,0.35714285714285715,0.3508771929824561,0.39753401360544216,0.0,0.09614856970639024,0.16393442622950818,,0.0,1.0,0.03151508265743712,0.03151508265743712,0.14,0.14,0.0,0.0,0.0,0.5294117647058822,0.3636363636363636,0.25,0.16129032258064516,0.06779696883478685,0.45,0.35000000000000003,0.25925925925925924,0.5384615384615384,0.6
db25_LABIC_db25:97-es,0.0,0.0,0.0,0.02689008579964746,0.050244262651692434,0.5704192767259048,0.179128784747792,0.0,0.0,0.0,0.0,0.38235294117647056,0.26875000000000004,0.3094140882159316,0.0,0.13224925997033976,0.23880597014925373,,0.0,1.0,0.02689008579964746,0.0,0.13559322033898305,0.0,0.0,0.0,0.0,0.5,0.3243243243243243,0.2222222222222222,0.14285714285714288,0.10788569011528462,0.392156862745098,0.2745098039215686,0.18421052631578946,0.5384615384615384,0.25
db25_LABIC_db25:98-en,0.0,0.0,0.0,0.06126147687778762,0.31692229864803484,0.6139715009950101,0.2402530733520421,0.0,0.0,0.0,0.0,0.4444444444444444,0.33712121212121215,0.5208333333333335,0.0,0.34791594751284466,0.46153846153846156,,0.0,1.0,0.26647168751984257,0.26647168751984257,0.5,0.5,0.0,1.0,0.0,0.45833333333333326,0.34782608695652173,0.22727272727272727,0.14285714285714288,0.18373344524824242,0.4444444444444444,0.3333333333333333,0.2222222222222222,0.6666666666666666,0.6666666666666666
db25_LABIC_db25:98-es,0.0,0.0,0.0,0.06126147687778762,0.31692229864803484,0.5828155051501963,0.2240092377397959,0.0,0.0,0.0,0.0,0.4,0.30859375,0.39480452674897126,0.0,0.2680165156355778,0.48648648648648657,,0.0,0.0,0.12913533075470382,0.12913533075470382,0.23076923076923075,0.23076923076923075,0.0,1.0,0.0,0.4680851063829787,0.35555555555555557,0.2325581395348837,0.14634146341463414,0.18373344524824242,0.4444444444444444,0.3333333333333333,0.2222222222222222,0.6666666666666666,0.6666666666666666
db25_LABIC_db25:99-en,0.0,0.0,0.0,0.04359059247802241,0.32195332240912206,0.5658135095031154,0.21712927295533244,0.0,0.0,0.0,0.0,0.38095238095238093,0.3574007220216606,0.3028830579850988,0.0,0.11434056319217437,0.23529411764705882,,0.0,1.0,0.06408227201628795,0.06408227201628795,0.2,0.2,0.0,1.0,0.0,0.49180327868852464,0.3389830508474576,0.21052631578947367,0.10909090909090909,0.08062463771394628,0.4,0.3111111111111111,0.25925925925925924,0.3888888888888889,0.25
db25_LABIC_db25:99-es,0.0,0.0,0.0,0.03621166108903908,0.07531858894011323,0.688972818261938,0.17253779651421453,0.0,0.0,0.0,0.0,0.25806451612903225,0.3130252100840336,0.5272696476964769,0.0,0.10374321474414845,0.2857142857142857,,0.0,1.0,0.033853688621745044,0.0,0.10666666666666666,0.0,0.0,0.0,0.0,0.46913580246913583,0.32911392405063294,0.2077922077922078,0.10666666666666666,0.07303032212959235,0.459016393442623,0.3934426229508197,0.27906976744186046,0.6666666666666666,0.6666666666666666
db25_LACODAM_db25:1-en,0.0,0.0,1.0,0.039246809803014336,0.31889198937372304,0.6082990646724737,0.2,0.0,0.0,0.0,0.0,0.36,0.2836363636363637,0.35065960085691733,0.0,0.07235793473114478,0.18604651162790697,,0.0,0.0,0.052300095364571586,0.052300095364571586,0.22222222222222224,0.22222222222222224,0.0,1.0,0.0,0.4705882352941177,0.30303030303030304,0.15624999999999997,0.06451612903225808,0.04179174237138872,0.39999999999999997,0.3111111111111111,0.25,0.4117647058823529,0.0
db25_LACODAM_db25:1-es,0.0,0.0,1.0,0.04909046594103951,0.3156173970325408,0.602556894621583,0.1907435698305462,0.0,0.0,0.0,0.0,0.3793103448275862,0.26502732240437155,0.4527918781725889,0.0,0.2906614574259767,0.41379310344827586,,0.0,0.0,0.26786860724107664,0.26786860724107664,0.3050847457627119,0.3050847457627119,0.0,1.0,0.0,0.47619047619047616,0.26829268292682923,0.12500000000000003,0.05128205128205128,0.10077347844199301,0.45901639344262296,0.32786885245901637,0.22727272727272727,0.5882352941176471,0.0
db25_LACODAM_db25:10-en,0.10674157303370785,0.11515151515151516,0.09947643979057591,0.041982296389650606,0.3242225257507739,0.5864467895355225,0.16666666666666666,0.0,0.10674157303370785,0.09718670076726342,1.0,0.2647058823529412,0.24584717607973416,0.33760312635692574,1.0,0.12682708759676325,0.1090909090909091,,1.0,0.11515151515151516,0.12974432869545718,0.12974432869545718,0.17777777777777778,0.17777777777777778,0.0,1.0,0.09947643979057591,0.3544303797468355,0.2077922077922078,0.10666666666666667,0.0547945205479452,0.08798605835568567,0.5,0.3181818181818182,0.2692307692307692,0.3888888888888889,0.0
db25_LACODAM_db25:11-en,0.0,0.0,1.0,0.1665799739628703,0.4134398652855894,0.6510592946331425,0.16952084719853724,0.0,0.0,0.0,0.0,0.3684210526315789,0.5452322738386308,0.5718836565096952,0.0,0.05441648586664729,0.17391304347826086,,0.0,0.0,0.368275540257269,0.368275540257269,0.5423728813559322,0.5423728813559322,0.0,1.0,0.0,0.5510204081632654,0.39583333333333337,0.25531914893617025,0.17391304347826086,0.17659857710927052,0.7058823529411765,0.5588235294117647,0.48717948717948717,0.6551724137931034,0.0
db25_LACODAM_db25:11-es,0.0,0.0,1.0,0.21449936273785555,0.43755341211303533,0.6810052246069989,0.179128784747792,0.0,0.0,0.0,0.0,0.38235294117647056,0.45483870967741935,0.4629757785467128,0.0,0.05998683482351592,0.14035087719298245,,0.0,0.0,0.21061661601439868,0.21061661601439868,0.37500000000000006,0.37500000000000006,0.0,1.0,0.0,0.5882352941176471,0.4096385542168674,0.271604938271605,0.20253164556962025,0.2213173298242056,0.5964912280701754,0.5263157894736843,0.5357142857142857,0.5172413793103449,0.0
db25_LACODAM_db25:12-en,1.0,1.0,1.0,0.048835561618985356,0.32798442420885016,0.6513116116815078,0.27429188517743175,1.0,1.0,1.0,1.0,0.5882352941176471,0.3315508021390374,0.45050505050505063,1.0,0.6315552371794037,0.9285714285714286,,1.0,1.0,0.6479121525090147,0.6479121525090147,0.8666666666666666,0.8666666666666666,0.0,1.0,1.0,0.6666666666666667,0.4,0.2105263157894737,0.1111111111111111,0.21869766863251183,0.5185185185185185,0.3703703703703704,0.2777777777777778,0.5555555555555556,0.0
db25_LACODAM_db25:12-es,1.0,1.0,1.0,0.048835561618985356,0.32798442420885016,0.6513116116815078,0.27429188517743175,1.0,1.0,1.0,1.0,0.5882352941176471,0.3315508021390374,0.45050505050505063,1.0,0.6315552371794037,0.9285714285714286,,1.0,1.0,0.6479121525090147,0.6479121525090147,0.8666666666666666,0.8666666666666666,0.0,1.0,1.0,0.6666666666666667,0.4,0.2105263157894737,0.1111111111111111,0.21869766863251183,0.5185185185185185,0.3703703703703704,0.2777777777777778,0.5555555555555556,0.0
db25_LACODAM_db25:13-es,0.0,0.0,0.0,0.03686404442469633,0.3142760437822994,0.4414972096132167,0.16139047779640892,0.0,0.0,0.0,0.0,0.22857142857142856,0.1865079365079365,0.40685504971219255,0.0,0.23956565612760206,0.2413793103448276,,0.0,0.0,0.22866722231574907,0.22866722231574907,0.30434782608695654,0.30434782608695654,0.0,1.0,0.0,0.3055555555555555,0.19999999999999998,0.11764705882352941,0.0606060606060606,0.1890425467840326,0.4545454545454545,0.3181818181818182,0.23333333333333334,0.5,0.0
db25_LACODAM_db25:14-en,1.0,1.0,1.0,0.21900936655537867,0.8004590225606043,0.22941573387056174,0.25,1.0,1.0,1.0,1.0,0.18181818181818182,0.08571428571428574,0.5597014925373134,1.0,0.21900936655537867,0.0,,1.0,1.0,0.21900936655537867,0.21900936655537867,0.0,0.0,0.0,1.0,1.0,0.18181818181818182,0.1,0.0,0.0,0.21900936655537867,0.7272727272727273,0.7272727272727273,1.0,0.5714285714285714,0.0
db25_LACODAM_db25:14-es,1.0,1.0,1.0,0.21900936655537867,0.8004590225606043,0.22941573387056174,0.25,1.0,1.0,1.0,1.0,0.18181818181818182,0.08571428571428574,0.5597014925373134,1.0,0.21900936655537867,0.0,,1.0,1.0,0.21900936655537867,0.21900936655537867,0.0,0.0,0.0,1.0,1.0,0.18181818181818182,0.1,0.0,0.0,0.21900936655537867,0.7272727272727273,0.7272727272727273,1.0,0.5714285714285714,0.0
db25_LACODAM_db25:15-en,0.0,0.0,0.0,0.014049318639343842,0.2696287061348811,0.2417728402451219,0.21089672205953397,0.0,0.0,0.0,0.0,0.36363636363636365,0.17288135593220344,0.29342105263157897,0.0,0.054146085977139435,0.09302325581395349,,0.0,1.0,0.05497298293410384,0.05497298293410384,0.08888888888888888,0.08888888888888888,0.0,1.0,0.0,0.27586206896551724,0.14285714285714285,0.07407407407407408,0.03846153846153846,0.051808226096911256,0.175,0.125,0.07042253521126761,0.5555555555555556,0.0
db25_LACODAM_db25:15-es,0.0,0.0,0.0,0.048835561618985356,0.32798442420885016,0.560473402386419,0.23166247903554,0.0,0.0,0.0,0.0,0.42105263157894735,0.2762430939226519,0.45050505050505063,0.0,0.3448444257953326,0.13333333333333333,,0.0,0.0,0.33260249505555045,0.33260249505555045,0.125,0.125,0.0,1.0,0.0,0.5454545454545454,0.19047619047619047,0.05,0.0,0.21869766863251183,0.5185185185185185,0.3703703703703704,0.2777777777777778,0.5555555555555556,0.0
db25_LACODAM_db25:16-en,0.0,0.0,0.0,0.048835561618985356,0.32798442420885016,0.6088590823425645,0.2402530733520421,0.0,0.0,0.0,0.0,0.47368421052631576,0.3028571428571428,0.45050505050505063,0.0,0.3448444257953326,0.4444444444444445,,0.0,0.0,0.33260249505555045,0.33260249505555045,0.41379310344827586,0.41379310344827586,0.0,1.0,0.0,0.5853658536585367,0.25641025641025644,0.10810810810810811,0.0,0.21869766863251183,0.5185185185185185,0.3703703703703704,0.2777777777777778,0.5555555555555556,0.0
db25_LACODAM_db25:16-es,0.0,0.0,0.0,0.048835561618985356,0.32798442420885016,0.6088590823425645,0.2402530733520421,0.0,0.0,0.0,0.0,0.47368421052631576,0.3028571428571428,0.45050505050505063,0.0,0.3448444257953326,0.4444444444444445,,0.0,0.0,0.33260249505555045,0.33260249505555045,0.41379310344827586,0.41379310344827586,0.0,1.0,0.0,0.5853658536585367,0.25641025641025644,0.10810810810810811,0.0,0.21869766863251183,0.5185185185185185,0.3703703703703704,0.2777777777777778,0.5555555555555556,0.0
db25_LACODAM_db25:17-en,0.0,0.0,0.0,0.0488926319669833,0.3378132255500449,0.5806824590312685,0.17253779651421453,0.0,0.0,0.0,0.0,0.28125,0.26696832579185525,0.42884721456150027,0.0,0.37239098949398236,0.19230769230769232,,0.0,0.0,0.3489981252688509,0.3489981252688509,0.380952380952381,0.380952380952381,0.0,1.0,0.0,0.411764705882353,0.21212121212121215,0.09375000000000001,0.03225806451612904,0.2630046508839862,0.5555555555555556,0.3888888888888889,0.3181818181818182,0.5,0.0
db25_LACODAM_db25:17-es,0.0,0.0,0.0,0.06699663798496865,0.3621038117825865,0.46614722254101937,0.1907435698305462,0.0,0.0,0.0,0.0,0.3076923076923077,0.2149532710280374,0.3989361702127659,0.0,0.4495431954509448,0.20512820512820515,,0.0,0.0,0.48442732379638637,0.48442732379638637,0.33333333333333337,0.33333333333333337,0.0,1.0,0.0,0.32,0.16666666666666666,0.08695652173913045,0.045454545454545456,0.3641410562218426,0.5517241379310344,0.4137931034482759,0.4,0.42857142857142855,0.0
db25_LACODAM_db25:18-en,0.0,0.0,0.0,0.40489936706391494,0.5212248417659787,0.6672006408545298,0.3090169943749474,0.0,0.0,0.0,0.0,0.75,0.5346534653465347,0.6964206234116787,0.0,0.7635414465786532,0.6857142857142857,,0.0,0.0,0.7739321540474097,0.7739321540474097,0.6842105263157896,0.6842105263157896,0.0,1.0,0.0,0.6545454545454545,0.49056603773584906,0.3137254901960785,0.24489795918367346,0.794483720649497,0.8571428571428572,0.6938775510204083,0.68,0.7083333333333334,0.0
db25_LACODAM_db25:18-es,0.0,0.0,0.0,0.4168495980395741,0.544688589986084,0.6405126152203485,0.2612038749637414,0.0,0.0,0.0,0.0,0.6190476190476191,0.5472636815920398,0.669831223628692,0.0,0.8394327083733336,0.7142857142857143,,0.0,0.0,0.8492326635760689,0.8492326635760689,0.75,0.75,0.0,1.0,0.0,0.6,0.41666666666666663,0.30434782608695654,0.22727272727272724,0.7503721585560761,0.888888888888889,0.7111111111111111,0.7619047619047619,0.6666666666666666,0.0
db25_LACODAM_db25:19-en,0.4,0.25,1.0,0.12129584702820659,0.42603444689372566,0.7225010186897469,0.2612038749637414,0.0,0.4,0.4,1.0,0.5789473684210527,0.6896551724137931,0.5915212733394553,0.25,0.53107253497887,0.7857142857142856,,0.0,0.25,0.42803206067505944,0.42803206067505944,0.7333333333333334,0.7333333333333334,0.0,1.0,1.0,0.7083333333333333,0.4782608695652174,0.31818181818181823,0.1904761904761905,0.3449651062777743,0.7647058823529411,0.6470588235294118,0.6111111111111112,0.6875,0.0
db25_LACODAM_db25:19-es,0.4,0.25,1.0,0.12129584702820659,0.42603444689372566,0.7225010186897469,0.2612038749637414,0.0,0.4,0.4,1.0,0.5789473684210527,0.6896551724137931,0.5915212733394553,0.25,0.53107253497887,0.7857142857142856,,0.0,0.25,0.42803206067505944,0.42803206067505944,0.7333333333333334,0.7333333333333334,0.0,1.0,1.0,0.7083333333333333,0.4782608695652174,0.31818181818181823,0.1904761904761905,0.3449651062777743,0.7647058823529411,0.6470588235294118,0.6111111111111112,0.6875,0.0
db25_LACODAM_db25:2-en,1.0,1.0,1.0,0.26949461130835856,0.4973736528270896,0.5260767593771435,0.1951941016011038,1.0,1.0,1.0,1.0,0.46875,0.4915254237288136,0.5833856455325382,1.0,0.7839204411491599,0.588235294117647,,1.0,1.0,0.9132027013286009,0.9132027013286009,0.9302325581395349,0.9302325581395349,0.0,1.0,1.0,0.5333333333333333,0.3287671232876712,0.16901408450704225,0.08695652173913045,0.6056222952305443,0.8363636363636363,0.6545454545454547,0.72,0.6,0.0
db25_LACODAM_db25:2-es,1.0,1.0,1.0,0.26949461130835856,0.4973736528270896,0.5260767593771435,0.1951941016011038,1.0,1.0,1.0,1.0,0.46875,0.4915254237288136,0.5833856455325382,1.0,0.7839204411491599,0.588235294117647,,1.0,1.0,0.9132027013286009,0.9132027013286009,0.9302325581395349,0.9302325581395349,0.0,1.0,1.0,0.5333333333333333,0.3287671232876712,0.16901408450704225,0.08695652173913045,0.6056222952305443,0.8363636363636363,0.6545454545454547,0.72,0.6,0.0
db25_LACODAM_db25:20-en,0.0,0.0,0.0,0.0,0.0,0.0,0.1757340838011157,0.0,0.0,0.0,0.0,0.0,0.0,0.0,0.0,0.0,0.0,,0.0,1.0,0.0,0.0,0.0,0.0,0.0,0.0,0.0,0.0,0.0,0.0,0.0,0.0,0.0,0.0,0.0,0.0,0.0
db25_LACODAM_db25:20-es,0.0,0.0,0.0,0.0,0.0,0.0,0.1757340838011157,0.0,0.0,0.0,0.0,0.0,0.0,0.0,0.0,0.0,0.0,,0.0,1.0,0.0,0.0,0.0,0.0,0.0,0.0,0.0,0.0,0.0,0.0,0.0,0.0,0.0,0.0,0.0,0.0,0.0
db25_LACODAM_db25:21-en,0.0,0.0,0.0,0.0,0.0,0.0,0.2240092377397959,0.0,0.0,0.0,0.0,0.0,0.0,0.0,0.0,0.0,0.0,,0.0,1.0,0.0,0.0,0.0,0.0,0.0,0.0,0.0,0.0,0.0,0.0,0.0,0.0,0.0,0.0,0.0,0.0,0.0
db25_LACODAM_db25:22-en,0.6875000000000001,0.5238095238095238,1.0,0.03496035473784023,0.3161645413106357,0.6391058772203295,0.18660549686337075,0.0,0.6875000000000001,0.9565217391304348,1.0,0.42424242424242425,0.2668711656441718,0.360176282051282,0.5,0.14761243699530477,0.3582089552238806,,0.0,0.5238095238095238,0.4085639059221913,0.4085639059221913,0.6545454545454547,0.6545454545454547,0.0,1.0,1.0,0.5,0.26666666666666666,0.13636363636363635,0.0697674418604651,0.06429574169982975,0.4705882352941177,0.3137254901960784,0.24242424242424243,0.4444444444444444,0.0
db25_LACODAM_db25:22-es,0.6875000000000001,0.5238095238095238,1.0,0.03496035473784023,0.3161645413106357,0.6391058772203295,0.18660549686337075,0.0,0.6875000000000001,0.9565217391304348,1.0,0.42424242424242425,0.2668711656441718,0.360176282051282,0.5,0.14761243699530477,0.3582089552238806,,0.0,0.5238095238095238,0.4085639059221913,0.4085639059221913,0.6545454545454547,0.6545454545454547,0.0,1.0,1.0,0.5,0.26666666666666666,0.13636363636363635,0.0697674418604651,0.06429574169982975,0.4705882352941177,0.3137254901960784,0.24242424242424243,0.4444444444444444,0.0
db25_LACODAM_db25:23-en,0.0,0.0,1.0,0.09283036111135301,0.37142187599212395,0.460531299058504,0.1566130288262323,0.0,0.0,0.0,0.0,0.2564102564102564,0.2652329749103942,0.2461024243950459,0.0,0.14031735509902218,0.13559322033898308,,0.0,0.0,0.029103675484492598,0.029103675484492598,0.07272727272727272,0.07272727272727272,0.0,1.0,0.0,0.3333333333333333,0.1951219512195122,0.125,0.10256410256410257,0.20309161996727,0.4307692307692308,0.3384615384615385,0.39285714285714285,0.2972972972972973,0.0
db25_LACODAM_db25:23-es,0.0,0.0,1.0,0.0,0.0,0.0,0.16139047779640892,1.0,0.0,0.0,0.0,0.0,0.0,0.0,0.0,0.0,0.0,,0.0,0.0,0.0,0.0,0.0,0.0,0.0,0.0,0.0,0.0,0.0,0.0,0.0,0.0,0.0,0.0,0.0,0.0,0.0
db25_LACODAM_db25:25-en,0.0,0.0,1.0,0.034122814757251256,0.30912889095944457,0.6310257592835362,0.1827439976315568,0.0,0.0,0.0,0.0,0.375,0.2857142857142857,0.2971576227390181,0.0,0.1366914586824116,0.2641509433962264,,0.0,0.0,0.24978982998684537,0.24978982998684537,0.4444444444444445,0.4444444444444445,0.0,1.0,0.0,0.5384615384615384,0.2894736842105263,0.13513513513513511,0.05555555555555555,0.07029100440901102,0.40909090909090917,0.2727272727272727,0.21428571428571427,0.375,0.0
db25_LACODAM_db25:25-es,0.0,0.0,1.0,0.034122814757251256,0.30912889095944457,0.6344834605599985,0.18660549686337075,0.0,0.0,0.0,0.0,0.3870967741935484,0.28776978417266186,0.2971576227390181,0.0,0.1366914586824116,0.2641509433962264,,0.0,0.0,0.24978982998684537,0.24978982998684537,0.4444444444444445,0.4444444444444445,0.0,1.0,0.0,0.5384615384615384,0.2894736842105263,0.13513513513513511,0.05555555555555555,0.07029100440901102,0.40909090909090917,0.2727272727272727,0.21428571428571427,0.375,0.0
db25_LACODAM_db25:26-en,0.0,0.0,0.0,0.02972570016905764,0.2950916129491433,0.5133270023393454,0.18660549686337075,0.0,0.0,0.0,0.0,0.2692307692307692,0.19083969465648853,0.3982142857142857,0.0,0.17588181044237433,0.11428571428571427,,0.0,0.0,0.044179480207124866,0.044179480207124866,0.05555555555555555,0.05555555555555555,0.0,1.0,0.0,0.33898305084745767,0.21052631578947364,0.10909090909090907,0.03773584905660377,0.12212865548711085,0.35000000000000003,0.25,0.16129032258064516,0.5555555555555556,0.0
db25_LACODAM_db25:26-es,0.0,0.0,0.0,0.02472066668996292,0.2867481985011224,0.4926537932910175,0.179128784747792,0.0,0.0,0.0,0.0,0.25,0.17465753424657537,0.3126050420168067,0.0,0.13102495978815187,0.1,,0.0,0.0,0.03782809598702578,0.03782809598702578,0.05128205128205128,0.05128205128205128,0.0,1.0,0.0,0.3076923076923077,0.1904761904761905,0.09836065573770492,0.03389830508474576,0.09868209342887882,0.2978723404255319,0.2127659574468085,0.13157894736842105,0.5555555555555556,0.0
db25_LACODAM_db25:27-en,1.0,1.0,1.0,0.09174309464105414,0.35092370306168785,0.6848150343017257,0.23166247903554,1.0,1.0,1.0,1.0,0.47619047619047616,0.35748792270531404,0.5681818181818182,1.0,0.44833867003844585,0.7142857142857142,,1.0,1.0,0.42803206067505944,0.42803206067505944,0.6666666666666667,0.6666666666666667,0.0,1.0,1.0,0.5652173913043479,0.4090909090909091,0.2857142857142857,0.2,0.28433291815307693,0.5925925925925926,0.4444444444444444,0.3333333333333333,0.6666666666666666,0.0
db25_LACODAM_db25:27-es,0.0,0.0,0.0,0.02596010845908197,0.2887993015176654,0.4481107149482209,0.1757340838011157,0.0,0.0,0.0,0.0,0.2413793103448276,0.1711711711711712,0.38119658119658123,0.0,0.06366843280746787,0.04761904761904762,,0.0,0.0,0.06608192750654071,0.06608192750654071,0.04761904761904762,0.04761904761904762,0.0,1.0,0.0,0.30303030303030304,0.1875,0.09677419354838708,0.03333333333333333,0.0480331865751875,0.3111111111111111,0.22222222222222227,0.1388888888888889,0.5555555555555556,0.0
db25_LACODAM_db25:28-en,0.0,0.0,0.0,0.0,0.0,0.0,0.1639607805437114,0.0,0.0,0.0,0.0,0.0,0.0,0.0,0.0,0.0,0.0,,0.0,1.0,0.0,0.0,0.0,0.0,0.0,0.0,0.0,0.0,0.0,0.0,0.0,0.0,0.0,0.0,0.0,0.0,0.0
db25_LACODAM_db25:28-es,0.08727272727272728,0.045627376425855515,1.0,0.05243811025456631,0.40996463261749905,0.5300563671176692,0.18660549686337075,0.0,0.08727272727272728,0.11320754716981132,0.0,0.36666666666666664,0.3410596026490066,0.2479005167958656,0.009174311926605505,0.17019360681062162,0.2727272727272727,,0.0,0.045627376425855515,0.2790043367950452,0.2790043367950452,0.3870967741935483,0.3870967741935483,0.0,1.0,1.0,0.3783783783783784,0.22222222222222224,0.11428571428571427,0.08823529411764705,0.1345522800313904,0.6071428571428571,0.42857142857142855,0.6,0.3333333333333333,0.0
db25_LACODAM_db25:29-en,1.0,1.0,1.0,0.21900936655537867,0.8004590225606043,0.23249527748763854,0.2612038749637414,1.0,1.0,1.0,1.0,0.2,0.06896551724137934,0.5597014925373134,1.0,0.21900936655537867,0.0,,1.0,1.0,0.21900936655537867,0.21900936655537867,0.0,0.0,0.0,1.0,1.0,0.18181818181818182,0.1,0.0,0.0,0.21900936655537867,0.7272727272727273,0.7272727272727273,1.0,0.5714285714285714,0.0
db25_LACODAM_db25:29-es,1.0,1.0,1.0,0.21900936655537867,0.8004590225606043,0.23249527748763854,0.2612038749637414,1.0,1.0,1.0,1.0,0.2,0.06896551724137934,0.5597014925373134,1.0,0.21900936655537867,0.0,,1.0,1.0,0.21900936655537867,0.21900936655537867,0.0,0.0,0.0,1.0,1.0,0.18181818181818182,0.1,0.0,0.0,0.21900936655537867,0.7272727272727273,0.7272727272727273,1.0,0.5714285714285714,0.0
db25_LACODAM_db25:3-en,1.0,1.0,1.0,0.048835561618985356,0.32798442420885016,0.6170320531719548,0.25,1.0,1.0,1.0,1.0,0.5,0.2896174863387978,0.45050505050505063,1.0,0.44833867003844585,0.7142857142857142,,1.0,1.0,0.42803206067505944,0.42803206067505944,0.6666666666666667,0.6666666666666667,0.0,1.0,1.0,0.6190476190476191,0.35000000000000003,0.15789473684210525,0.05555555555555555,0.21869766863251183,0.5185185185185185,0.3703703703703704,0.2777777777777778,0.5555555555555556,0.0
db25_LACODAM_db25:3-es,0.0,0.0,0.0,0.048835561618985356,0.32798442420885016,0.638714017906097,0.21089672205953397,0.0,0.0,0.0,0.0,0.36363636363636365,0.3160377358490566,0.45050505050505063,0.0,0.3448444257953326,0.41379310344827586,,0.0,0.0,0.33260249505555045,0.33260249505555045,0.3870967741935484,0.3870967741935484,0.0,1.0,0.0,0.5106382978723403,0.31111111111111117,0.18604651162790697,0.0975609756097561,0.21869766863251183,0.5185185185185185,0.3703703703703704,0.2777777777777778,0.5555555555555556,0.0
db25_LACODAM_db25:30-en,0.0,0.0,1.0,0.10675389859382067,0.42324624522544396,0.7397954428741076,0.27429188517743175,0.0,0.0,0.0,0.0,0.631578947368421,0.61,0.44375573921028466,0.0,0.38827267775222324,0.8148148148148148,,0.0,0.0,0.3499795166943626,0.3499795166943626,0.5806451612903225,0.5806451612903225,0.0,1.0,0.0,0.7234042553191491,0.4444444444444445,0.3255813953488372,0.1951219512195122,0.12646885841642225,0.7222222222222222,0.6111111111111112,0.6111111111111112,0.6111111111111112,0.0
db25_LACODAM_db25:30-es,0.0,0.0,1.0,0.07731760127708197,0.34075797174784195,0.6317418901453997,0.1757340838011157,0.0,0.0,0.0,0.0,0.3125,0.3162162162162162,0.41802832244008714,0.0,0.035470416116169586,0.0851063829787234,,0.0,0.0,0.04349962141132665,0.04349962141132665,0.0816326530612245,0.0816326530612245,0.0,1.0,0.0,0.3797468354430379,0.2337662337662338,0.18666666666666665,0.136986301369863,0.08496549121302228,0.4666666666666666,0.4,0.2857142857142857,0.6666666666666666,0.0
db25_LACODAM_db25:31-en,1.0,1.0,1.0,0.03546349597329826,0.31827581440514896,0.7103355960663256,0.23166247903554,1.0,1.0,1.0,1.0,0.5,0.3261648745519713,0.39479239971850805,1.0,0.6100034457014365,0.761904761904762,,1.0,1.0,0.5307074109851435,0.5307074109851435,0.7142857142857143,0.7142857142857143,0.0,1.0,1.0,0.5671641791044776,0.30769230769230765,0.15873015873015875,0.06557377049180328,0.2310325762059593,0.48780487804878053,0.3414634146341463,0.25,0.5384615384615384,0.0
db25_LACODAM_db25:31-es,1.0,1.0,1.0,0.03546349597329826,0.31827581440514896,0.7103355960663256,0.23166247903554,1.0,1.0,1.0,1.0,0.5,0.3261648745519713,0.39479239971850805,1.0,0.6100034457014365,0.761904761904762,,1.0,1.0,0.5307074109851435,0.5307074109851435,0.7142857142857143,0.7142857142857143,0.0,1.0,1.0,0.5671641791044776,0.30769230769230765,0.15873015873015875,0.06557377049180328,0.2310325762059593,0.48780487804878053,0.3414634146341463,0.25,0.5384615384615384,0.0
db25_LACODAM_db25:32-en,0.0,0.0,0.0,0.03708774367549266,0.2982274371735236,0.5676462121975466,0.1827439976315568,0.0,0.0,0.0,0.0,0.3103448275862069,0.2518891687657431,0.3872053872053872,0.0,0.04227374007680069,0.04081632653061224,,0.0,1.0,0.04303107073873173,0.04303107073873173,0.04081632653061225,0.04081632653061225,0.0,1.0,0.0,0.39999999999999997,0.21917808219178084,0.1408450704225352,0.08695652173913043,0.051125859905117185,0.3714285714285714,0.2571428571428572,0.16666666666666666,0.5625,0.0
db25_LACODAM_db25:32-es,0.0,0.0,0.0,0.28187204239031843,0.4704680105975796,0.7120516440958822,0.2612038749637414,0.0,0.0,0.0,0.0,0.5294117647058824,0.40506329113924056,0.5411910862644614,0.0,0.32804240725111133,0.13333333333333333,,0.0,0.0,0.31455601883230705,0.31455601883230705,0.12903225806451615,0.12903225806451615,0.0,1.0,0.0,0.4878048780487805,0.358974358974359,0.3243243243243243,0.28571428571428575,0.4820743854015329,0.7096774193548386,0.5806451612903225,0.6,0.5625,0.0
db25_LACODAM_db25:33-en,0.0,0.0,1.0,0.05658414211115597,0.3210727713559089,0.543492976389406,0.1907435698305462,0.0,0.0,0.0,0.0,0.3333333333333333,0.22064056939501775,0.5343113676447011,0.0,0.07986600049797067,0.1,,0.0,0.0,0.3404295069871576,0.3404295069871576,0.186046511627907,0.186046511627907,0.0,1.0,0.0,0.36923076923076914,0.1904761904761905,0.09836065573770493,0.03389830508474576,0.05949524807662426,0.44000000000000006,0.36000000000000004,0.24324324324324326,0.6923076923076923,0.0
db25_LACODAM_db25:33-es,0.0,0.0,1.0,0.05658414211115597,0.3210727713559089,0.5400421924444916,0.18660549686337075,0.0,0.0,0.0,0.0,0.32142857142857145,0.21908127208480566,0.5343113676447011,0.0,0.07986600049797067,0.1,,0.0,0.0,0.35630548449868954,0.35630548449868954,0.3255813953488372,0.3255813953488372,0.0,1.0,0.0,0.36923076923076914,0.1904761904761905,0.09836065573770493,0.03389830508474576,0.05949524807662426,0.44000000000000006,0.36000000000000004,0.24324324324324326,0.6923076923076923,0.0
db25_LACODAM_db25:34-en,0.0,0.0,0.0,0.012985183233565536,0.27241980933021703,0.47184115816220484,0.15022110482233483,0.0,0.0,0.0,0.0,0.2558139534883721,0.19666048237476808,0.2405247813411079,0.0,0.030400018632594852,0.06666666666666667,,0.0,1.0,0.059060682740775555,0.059060682740775555,0.17721518987341772,0.17721518987341772,0.0,1.0,0.0,0.3697478991596639,0.17094017094017094,0.08695652173913045,0.035398230088495575,0.025737912846358662,0.2352941176470588,0.13725490196078433,0.08235294117647059,0.4117647058823529,0.0
db25_LACODAM_db25:34-es,0.0,0.0,0.0,0.025233697717225587,0.27939402092550264,0.4299628776811084,0.15894454156034005,0.0,0.0,0.0,0.0,0.2631578947368421,0.22911051212938005,0.28461608858790155,0.0,0.08073897645767675,0.3116883116883117,,0.0,0.0,0.05683911273975475,0.05683911273975475,0.2647058823529412,0.2647058823529412,0.0,1.0,0.0,0.3434343434343434,0.24742268041237114,0.16842105263157894,0.12903225806451615,0.073664974004176,0.20689655172413793,0.16091954022988506,0.1,0.4117647058823529,0.0
db25_LACODAM_db25:35-en,0.0,0.0,0.0,0.0,0.0,0.0,0.21712927295533244,0.0,0.0,0.0,0.0,0.0,0.0,0.0,0.0,0.0,0.0,,0.0,1.0,0.0,0.0,0.0,0.0,0.0,0.0,0.0,0.0,0.0,0.0,0.0,0.0,0.0,0.0,0.0,0.0,0.0
db25_LACODAM_db25:35-es,0.0,0.0,0.0,0.06053829631834109,0.36093702857806165,0.45962735987049386,0.2240092377397959,0.0,0.0,0.0,0.0,0.3684210526315789,0.2125603864734299,0.3872053872053872,0.0,0.32804240725111133,0.11764705882352941,,0.0,0.0,0.31455601883230705,0.31455601883230705,0.1111111111111111,0.1111111111111111,0.0,1.0,0.0,0.3111111111111111,0.186046511627907,0.09756097560975609,0.05128205128205127,0.27668736912821895,0.5714285714285715,0.42857142857142855,0.4,0.46153846153846156,0.0
db25_LACODAM_db25:36-en,0.888888888888889,0.8,1.0,0.042420673576347545,0.3332092860911701,0.5349413120687723,0.18660549686337075,1.0,0.888888888888889,1.0,1.0,0.36666666666666664,0.28260869565217395,0.3252551020408163,0.5,0.16678382111158258,0.3548387096774194,,0.0,0.8,0.3197842999788807,0.3197842999788807,0.49056603773584906,0.49056603773584906,0.0,1.0,1.0,0.4473684210526316,0.24324324324324323,0.1388888888888889,0.05714285714285714,0.09491114693086254,0.55,0.35,0.30434782608695654,0.4117647058823529,0.0
db25_LACODAM_db25:36-es,0.0,0.0,0.0,0.039605680366120055,0.3286767781894399,0.5907908398283785,0.1827439976315568,0.0,0.0,0.0,0.0,0.2857142857142857,0.3152173913043478,0.18899700598802396,0.0,0.060894499650088495,0.3272727272727273,,0.0,1.0,0.026938316390391782,0.026938316390391782,0.3636363636363636,0.3636363636363636,0.0,0.0,0.0,0.40625,0.25806451612903225,0.16666666666666666,0.06896551724137931,0.039605680366120055,0.2580645161290323,0.2580645161290323,0.2857142857142857,0.23529411764705882,0.0
db25_LACODAM_db25:37-es,0.0,0.0,0.0,0.03260239740954051,0.2999526945244339,0.5869565217391305,0.1951941016011038,0.0,0.0,0.0,0.0,0.32,0.24731182795698925,0.4091743119266055,0.0,0.24903286388467735,0.1714285714285714,,0.0,0.0,0.24903286388467735,0.24903286388467735,0.16666666666666669,0.16666666666666669,0.0,1.0,0.0,0.36666666666666664,0.24137931034482765,0.14285714285714285,0.07407407407407408,0.13597796343834895,0.3783783783783784,0.2702702702702703,0.17857142857142858,0.5555555555555556,0.0
db25_LACODAM_db25:38-en,0.0,0.0,0.0,0.43748114312246444,0.5379417143520446,0.5751797717724088,0.3333333333333333,0.0,0.0,0.0,0.0,0.8,0.611764705882353,0.757395038167939,0.0,0.6960917409740967,0.5,,0.0,0.0,0.36334899523165304,0.36334899523165304,0.10810810810810811,0.10810810810810811,0.0,1.0,0.0,0.7169811320754716,0.4313725490196078,0.28571428571428575,0.2127659574468085,0.69707435607959,0.9259259259259259,0.7407407407407408,0.7142857142857143,0.7692307692307693,0.0
db25_LACODAM_db25:38-es,0.3,0.3,0.3,0.29040471938315554,0.4541801272142099,0.5936657514041416,0.2612038749637414,0.0,0.3,0.3,1.0,0.68,0.5051194539249146,0.7195312500000001,1.0,0.5946598779905076,0.372093023255814,,1.0,0.3,0.31685087793658356,0.31685087793658356,0.09302325581395349,0.09302325581395349,0.0,1.0,0.3,0.647887323943662,0.37681159420289856,0.20895522388059704,0.12307692307692307,0.4824794737945071,0.78125,0.625,0.5263157894736842,0.7692307692307693,0.0
db25_LACODAM_db25:39-en,0.0,0.0,0.0,0.041982296389650606,0.3242225257507739,0.5786375623578446,0.2,0.0,0.0,0.0,0.0,0.3333333333333333,0.2529182879377432,0.417561761546724,0.0,0.12154467566643914,0.15789473684210525,,0.0,0.0,0.10757558364440717,0.10757558364440717,0.10526315789473684,0.10526315789473684,0.0,1.0,0.0,0.4193548387096774,0.19999999999999998,0.10344827586206896,0.03571428571428571,0.07950437861993032,0.55,0.35000000000000003,0.2692307692307692,0.5,0.0
db25_LACODAM_db25:39-es,0.0,0.0,0.0,0.02567108720384162,0.297723695072714,0.5417952328730775,0.1827439976315568,0.0,0.0,0.0,0.0,0.2857142857142857,0.22115384615384615,0.3448487828866486,0.0,0.062239831562517355,0.13636363636363635,,0.0,1.0,0.06319576476315654,0.06319576476315654,0.0909090909090909,0.0909090909090909,0.0,1.0,0.0,0.3768115942028985,0.17910447761194032,0.0923076923076923,0.031746031746031744,0.04853718902753001,0.40740740740740744,0.25925925925925924,0.175,0.5,0.0
db25_LACODAM_db25:4-en,0.0,0.0,0.0,0.06053829631834109,0.36093702857806165,0.43825049008927763,0.2240092377397959,0.0,0.0,0.0,0.0,0.3684210526315789,0.40372670807453415,0.3407407407407408,0.0,0.3448444257953326,0.0909090909090909,,0.0,0.0,0.31455601883230705,0.31455601883230705,0.08333333333333333,0.08333333333333333,0.0,1.0,0.0,0.358974358974359,0.16216216216216214,0.05714285714285714,0.0,0.27668736912821895,0.5333333333333333,0.4000000000000001,0.4,0.4,0.0
db25_LACODAM_db25:4-es,0.0,0.0,0.0,0.0,0.0,0.0,0.21089672205953397,0.0,0.0,0.0,0.0,0.0,0.0,0.0,0.0,0.0,0.0,,0.0,1.0,0.0,0.0,0.0,0.0,0.0,0.0,0.0,0.0,0.0,0.0,0.0,0.0,0.0,0.0,0.0,0.0,0.0
db25_LACODAM_db25:40-en,0.0,0.0,0.0,0.052981501718128016,0.35957179560112973,0.44755213725585874,0.179128784747792,0.0,0.0,0.0,0.0,0.27586206896551724,0.2080745341614907,0.3042328042328043,0.0,0.3185910763614934,0.15384615384615385,,0.0,0.0,0.4153498859714258,0.4153498859714258,0.23809523809523808,0.23809523809523808,0.0,1.0,0.0,0.28571428571428575,0.13114754098360656,0.06779661016949153,0.03508771929824561,0.3044867545327882,0.5,0.37500000000000006,0.4,0.35294117647058826,0.0
db25_LACODAM_db25:40-es,0.0,0.0,0.0,0.01632560083965578,0.27888640271520265,0.45495388494139966,0.16139047779640892,0.0,0.0,0.0,0.0,0.2894736842105263,0.24060150375939848,0.2613922281241263,0.0,0.05390620724992996,0.18421052631578944,,0.0,1.0,0.04544357390707329,0.04544357390707329,0.12307692307692307,0.12307692307692307,0.0,1.0,0.0,0.34951456310679613,0.15841584158415842,0.0808080808080808,0.041237113402061855,0.039450281359879893,0.24096385542168675,0.1686746987951807,0.10606060606060606,0.4117647058823529,0.0
db25_LACODAM_db25:41-en,0.0,0.0,0.0,0.03793528713383065,0.3235559496614892,0.6286080068817048,0.21712927295533244,0.0,0.0,0.0,0.0,0.4090909090909091,0.2648221343873518,0.40031397174254313,0.0,0.1839821818787446,0.2631578947368421,,0.0,0.0,0.23693055763743093,0.23693055763743093,0.15789473684210525,0.15789473684210525,0.0,1.0,0.0,0.4838709677419355,0.19999999999999998,0.10344827586206896,0.03571428571428571,0.1021699521575268,0.5128205128205128,0.3589743589743589,0.2692307692307692,0.5384615384615384,0.0
db25_LACODAM_db25:41-es,0.0,0.0,0.0,0.026265650116666164,0.29895154824779363,0.5848976518656018,0.1757340838011157,0.0,0.0,0.0,0.0,0.26666666666666666,0.23835616438356166,0.36695447409733123,0.0,0.09843842302027045,0.22222222222222224,,0.0,0.0,0.12584834793909203,0.12584834793909203,0.2641509433962264,0.2641509433962264,0.0,1.0,0.0,0.37500000000000006,0.23076923076923078,0.13157894736842107,0.05405405405405406,0.06869625790019358,0.38461538461538464,0.2692307692307692,0.1794871794871795,0.5384615384615384,0.0
db25_LACODAM_db25:42-en,0.0,0.0,0.0,0.20333448190047881,0.4175002871417864,0.5901671065234753,0.2402530733520421,0.0,0.0,0.0,0.0,0.4444444444444444,0.3375,0.44829931972789117,0.0,0.23462350320528,0.08,,0.0,0.0,0.3955332535877179,0.3955332535877179,0.21428571428571427,0.21428571428571427,0.0,1.0,0.0,0.4761904761904762,0.3,0.2631578947368421,0.2222222222222222,0.3388714363186176,0.6,0.4666666666666667,0.4666666666666667,0.4666666666666667,0.0
db25_LACODAM_db25:42-es,0.0,0.0,0.0,0.20333448190047881,0.4175002871417864,0.5901671065234753,0.2402530733520421,0.0,0.0,0.0,0.0,0.4444444444444444,0.36250000000000004,0.44829931972789117,0.0,0.23462350320528,0.08,,0.0,0.0,0.3955332535877179,0.3955332535877179,0.21428571428571427,0.21428571428571427,0.0,1.0,0.0,0.4761904761904762,0.3,0.2631578947368421,0.2222222222222222,0.3388714363186176,0.6,0.4666666666666667,0.4666666666666667,0.4666666666666667,0.0
db25_LACODAM_db25:43-en,0.0,0.0,0.0,0.052981501718128016,0.35957179560112973,0.40572609210415556,0.1757340838011157,0.0,0.0,0.0,0.0,0.2413793103448276,0.18541033434650456,0.3042328042328043,0.0,0.2955630673793738,0.12,,0.0,0.0,0.350644032993456,0.350644032993456,0.2,0.2,0.0,1.0,0.0,0.2295081967213115,0.13559322033898302,0.07017543859649124,0.03636363636363636,0.3044867545327882,0.5,0.37500000000000006,0.4,0.35294117647058826,0.0
db25_LACODAM_db25:43-es,0.0,0.0,0.0,0.03793528713383065,0.3235559496614892,0.5684525467199002,0.17253779651421453,0.0,0.0,0.0,0.0,0.30303030303030304,0.25835866261398177,0.3198038992133166,0.0,0.1528343383829506,0.13793103448275865,,0.0,0.0,0.2646015952359329,0.2646015952359329,0.2553191489361702,0.2553191489361702,0.0,1.0,0.0,0.3658536585365854,0.2,0.10256410256410257,0.052631578947368425,0.09761754436877398,0.46511627906976744,0.3255813953488372,0.2692307692307692,0.4117647058823529,0.0
db25_LACODAM_db25:44-en,0.0,0.0,0.0,0.05485220787112631,0.3599097629358712,0.5134350598086698,0.1907435698305462,0.0,0.0,0.0,0.0,0.3076923076923077,0.2280130293159609,0.3177966101694915,0.0,0.24648182529286797,0.12765957446808512,,0.0,0.0,0.159440386654896,0.159440386654896,0.16216216216216217,0.16216216216216217,0.0,1.0,0.0,0.3448275862068966,0.17857142857142858,0.07407407407407407,0.038461538461538464,0.2395289114246337,0.4848484848484848,0.3636363636363636,0.4,0.3333333333333333,0.0
db25_LACODAM_db25:44-es,0.0,0.0,0.0,0.05485220787112631,0.3599097629358712,0.5134350598086698,0.1907435698305462,0.0,0.0,0.0,0.0,0.3076923076923077,0.2280130293159609,0.3177966101694915,0.0,0.24648182529286797,0.12765957446808512,,0.0,0.0,0.159440386654896,0.159440386654896,0.16216216216216217,0.16216216216216217,0.0,1.0,0.0,0.3448275862068966,0.17857142857142858,0.07407407407407407,0.038461538461538464,0.2395289114246337,0.4848484848484848,0.3636363636363636,0.4,0.3333333333333333,0.0
db25_LACODAM_db25:45-es,0.0,0.0,1.0,0.02796882825386844,0.2928058406579287,0.5726562866781997,0.179128784747792,0.0,0.0,0.0,0.0,0.27586206896551724,0.1871508379888268,0.436046511627907,0.0,0.07073866033268943,0.0851063829787234,,0.0,0.0,0.06608192750654071,0.06608192750654071,0.0851063829787234,0.0851063829787234,0.0,1.0,0.0,0.30136986301369867,0.19718309859154928,0.11594202898550722,0.05970149253731343,0.049365695880032125,0.326530612244898,0.2448979591836735,0.15384615384615385,0.6,0.0
db25_LACODAM_db25:46-en,0.015325670498084292,0.18,0.008003557136505114,0.15199261342176523,0.45466482002210795,0.5619514869490163,0.23166247903554,0.0,0.015325670498084292,0.01532567049808429,0.0,0.45,0.4512195121951219,0.36947565543071165,0.16666666666666666,0.14780228145346733,0.25000000000000006,0.013347842353347744,0.0,0.18,0.22101555779723056,0.22101555779723056,0.36363636363636365,0.36363636363636365,0.0,1.0,0.008003557136505114,0.6046511627906976,0.39024390243902435,0.30769230769230765,0.21621621621621623,0.2074672454751471,0.5581395348837209,0.46511627906976744,0.6666666666666666,0.35714285714285715,0.0
db25_LACODAM_db25:46-es,0.0008873114463176574,0.2,0.00044464206313917296,0.2653122267431863,0.49489948525722516,0.5761610809668165,0.2612038749637414,0.0,0.0008873114463176574,0.0008873114463176575,1.0,0.6,0.5121951219512195,0.5318681318681318,0.5,0.28908536289959297,0.2222222222222222,0.0026108992707233785,0.0,0.2,0.3711020512950448,0.3711020512950448,0.3243243243243243,0.3243243243243243,0.0,1.0,0.00044464206313917296,0.7083333333333334,0.4782608695652174,0.3636363636363636,0.23809523809523808,0.3355963710398022,0.7346938775510204,0.6122448979591837,0.7142857142857143,0.5357142857142857,0.0
db25_LACODAM_db25:47-en,0.0,0.0,0.0,0.0,0.0,0.0,0.17253779651421453,0.0,0.0,0.0,0.0,0.0,0.0,0.0,0.0,0.0,0.0,,0.0,1.0,0.0,0.0,0.0,0.0,0.0,0.0,0.0,0.0,0.0,0.0,0.0,0.0,0.0,0.0,0.0,0.0,0.0
db25_LACODAM_db25:47-es,0.0,0.0,0.0,0.046946192468453,0.3339691098823754,0.5060255654704602,0.179128784747792,0.0,0.0,0.0,0.0,0.3225806451612903,0.24734982332155475,0.3430777716492002,0.0,0.12384082836559517,0.13333333333333333,,0.0,0.0,0.12974432869545718,0.12974432869545718,0.28,0.28,0.0,1.0,0.0,0.37837837837837834,0.2222222222222222,0.11428571428571428,0.058823529411764705,0.09491114693086254,0.5365853658536586,0.34146341463414637,0.30434782608695654,0.3888888888888889,0.0
db25_LACODAM_db25:49-en,1.0,1.0,1.0,0.21900936655537867,0.8004590225606043,0.22941573387056174,0.25,1.0,1.0,1.0,1.0,0.18181818181818182,0.07894736842105265,0.5597014925373134,1.0,0.21900936655537867,0.0,,1.0,1.0,0.21900936655537867,0.21900936655537867,0.0,0.0,0.0,1.0,1.0,0.17391304347826084,0.09523809523809523,0.0,0.0,0.21900936655537867,0.7272727272727273,0.7272727272727273,1.0,0.5714285714285714,0.0
db25_LACODAM_db25:49-es,1.0,1.0,1.0,0.21900936655537867,0.8004590225606043,0.22941573387056174,0.25,1.0,1.0,1.0,1.0,0.18181818181818182,0.07894736842105265,0.5597014925373134,1.0,0.21900936655537867,0.0,,1.0,1.0,0.21900936655537867,0.21900936655537867,0.0,0.0,0.0,1.0,1.0,0.17391304347826084,0.09523809523809523,0.0,0.0,0.21900936655537867,0.7272727272727273,0.7272727272727273,1.0,0.5714285714285714,0.0
db25_LACODAM_db25:50-en,0.0,0.0,0.0,0.09682184923566334,0.5904197175627097,0.1342312110428049,0.2240092377397959,0.0,0.0,0.0,0.0,0.14285714285714285,0.13548387096774195,0.48701298701298706,0.0,0.09682184923566334,0.0,,0.0,0.0,0.09682184923566334,0.09682184923566334,0.0,0.0,0.0,1.0,0.0,0.14814814814814814,0.08,0.0,0.0,0.09682184923566334,0.38095238095238093,0.38095238095238093,0.2857142857142857,0.5714285714285714,0.0
db25_LACODAM_db25:50-es,1.0,1.0,1.0,0.21900936655537867,0.8004590225606043,0.23249527748763854,0.2612038749637414,1.0,1.0,1.0,1.0,0.2,0.07741935483870965,0.5597014925373134,1.0,0.21900936655537867,0.0,,1.0,1.0,0.21900936655537867,0.21900936655537867,0.0,0.0,0.0,1.0,1.0,0.1904761904761905,0.10526315789473684,0.0,0.0,0.21900936655537867,0.7272727272727273,0.7272727272727273,1.0,0.5714285714285714,0.0
db25_LACODAM_db25:51-en,0.0,0.0,0.0,0.041982296389650606,0.3242225257507739,0.566707238876119,0.2,0.0,0.0,0.0,0.0,0.3333333333333333,0.2716049382716049,0.417561761546724,0.0,0.11868279563287523,0.09302325581395349,,0.0,0.0,0.10102470562774991,0.10102470562774991,0.04545454545454545,0.04545454545454545,0.0,1.0,0.0,0.417910447761194,0.18461538461538463,0.09523809523809523,0.03278688524590164,0.07763237565060477,0.5,0.35000000000000003,0.2692307692307692,0.5,0.0
db25_LACODAM_db25:51-es,0.0,0.0,0.0,0.019572435584513537,0.28532088196774696,0.4860591475059229,0.179128784747792,0.0,0.0,0.0,0.0,0.27586206896551724,0.23423423423423428,0.3180272108843537,0.0,0.04227374007680069,0.07407407407407408,,0.0,1.0,0.04178246154282008,0.04178246154282008,0.03636363636363636,0.03636363636363636,0.0,1.0,0.0,0.4,0.15384615384615383,0.07894736842105263,0.02702702702702702,0.03543521737387257,0.2941176470588235,0.20588235294117646,0.12962962962962962,0.5,0.0
db25_LACODAM_db25:52-en,1.0,1.0,1.0,0.06274723407542769,0.5144567520084897,0.17149858514250882,0.25,1.0,1.0,1.0,1.0,0.18181818181818182,0.06349206349206349,0.33482142857142855,1.0,0.06274723407542769,0.0,,1.0,1.0,0.08056904337970429,0.08056904337970429,0.0,0.0,0.0,1.0,1.0,0.14285714285714288,0.07692307692307693,0.0,0.0,0.06274723407542769,0.5,0.5,1.0,0.3333333333333333,0.0
db25_LACODAM_db25:52-es,1.0,1.0,1.0,0.06274723407542769,0.5144567520084897,0.17149858514250882,0.25,1.0,1.0,1.0,1.0,0.18181818181818182,0.06349206349206349,0.33482142857142855,1.0,0.06274723407542769,0.0,,1.0,1.0,0.08056904337970429,0.08056904337970429,0.0,0.0,0.0,1.0,1.0,0.14285714285714288,0.07692307692307693,0.0,0.0,0.06274723407542769,0.5,0.5,1.0,0.3333333333333333,0.0
db25_LACODAM_db25:53-en,0.0,0.0,0.0,0.03111196233996958,0.3033785335644372,0.5296408977028496,0.16139047779640892,0.0,0.0,0.0,0.0,0.22857142857142856,0.22614840989399299,0.34534534534534533,0.0,0.24648321974767612,0.15384615384615383,,0.0,0.0,0.05206304128358363,0.05206304128358363,0.09523809523809525,0.09523809523809525,0.0,1.0,0.0,0.34210526315789475,0.18918918918918917,0.08333333333333331,0.028571428571428574,0.17115279944073908,0.4090909090909091,0.2727272727272727,0.1935483870967742,0.46153846153846156,0.0
db25_LACODAM_db25:54-en,1.0,1.0,1.0,0.042509295200745076,0.3253701634221322,0.5348008084903246,0.2,1.0,1.0,1.0,1.0,0.4074074074074074,0.23873873873873874,0.3677058353317346,1.0,0.4935578819979932,0.5357142857142857,,1.0,1.0,0.722160038719837,0.722160038719837,0.9130434782608696,0.9130434782608696,0.0,1.0,1.0,0.5,0.30303030303030304,0.18750000000000003,0.09677419354838711,0.24648321974767612,0.5142857142857142,0.3428571428571428,0.2727272727272727,0.46153846153846156,0.0
db25_LACODAM_db25:54-es,1.0,1.0,1.0,0.042509295200745076,0.3253701634221322,0.5348008084903246,0.2,1.0,1.0,1.0,1.0,0.4074074074074074,0.23873873873873874,0.3677058353317346,1.0,0.4935578819979932,0.5357142857142857,,1.0,1.0,0.722160038719837,0.722160038719837,0.9130434782608696,0.9130434782608696,0.0,1.0,1.0,0.5,0.30303030303030304,0.18750000000000003,0.09677419354838711,0.24648321974767612,0.5142857142857142,0.3428571428571428,0.2727272727272727,0.46153846153846156,0.0
db25_LACODAM_db25:55-en,0.0,0.0,0.0,0.048835561618985356,0.32798442420885016,0.6426845869171514,0.2612038749637414,0.0,0.0,0.0,0.0,0.5555555555555556,0.29714285714285715,0.45050505050505063,0.0,0.37700638045494705,0.6666666666666665,,0.0,0.0,0.3867706276352344,0.3867706276352344,0.6206896551724139,0.6206896551724139,0.0,1.0,0.0,0.6341463414634146,0.30769230769230765,0.16216216216216217,0.057142857142857134,0.21869766863251183,0.5185185185185185,0.3703703703703704,0.2777777777777778,0.5555555555555556,0.0
db25_LACODAM_db25:55-es,0.0,0.0,0.0,0.048835561618985356,0.32798442420885016,0.6426845869171514,0.2612038749637414,0.0,0.0,0.0,0.0,0.5555555555555556,0.29714285714285715,0.45050505050505063,0.0,0.37700638045494705,0.6666666666666665,,0.0,0.0,0.3867706276352344,0.3867706276352344,0.6206896551724139,0.6206896551724139,0.0,1.0,0.0,0.6341463414634146,0.30769230769230765,0.16216216216216217,0.057142857142857134,0.21869766863251183,0.5185185185185185,0.3703703703703704,0.2777777777777778,0.5555555555555556,0.0
db25_LACODAM_db25:56-en,0.8451443569553806,0.8090452261306532,0.8846153846153846,0.1655633798359044,0.3879817540498852,0.7933655359365228,0.21712927295533244,0.0,0.8451443569553806,0.8609625668449198,0.0,0.5517241379310345,0.5123287671232877,0.6309874460236209,0.01639344262295082,0.1826249361348376,0.4912280701754387,,0.0,0.8090452261306532,0.06530627631648443,0.06530627631648443,0.35714285714285715,0.35714285714285715,0.0,1.0,0.8846153846153846,0.608695652173913,0.4888888888888889,0.3863636363636363,0.3023255813953488,0.2534318812367893,0.6363636363636365,0.515151515151515,0.38636363636363635,0.7727272727272727,0.0
db25_LACODAM_db25:56-es,0.0,0.0,0.0,0.1378894112588712,0.38931106249213715,0.7249715207589706,0.1951941016011038,0.0,0.0,0.0,0.0,0.39285714285714285,0.5640000000000001,0.5233714891088087,0.0,0.19228544753133758,0.14634146341463414,,0.0,0.0,0.0892268322016619,0.0892268322016619,0.1951219512195122,0.1951219512195122,0.0,1.0,0.0,0.5405405405405405,0.3333333333333333,0.2571428571428572,0.20588235294117646,0.24574304738844396,0.6415094339622641,0.4905660377358491,0.41935483870967744,0.5909090909090909,0.0
db25_LACODAM_db25:57-en,0.0,0.0,0.0,0.06699663798496865,0.3621038117825865,0.44151078568834784,0.25,0.0,0.0,0.0,0.0,0.4375,0.13076923076923075,0.5357142857142857,0.0,0.37700638045494705,0.1818181818181818,,0.0,0.0,0.31455601883230705,0.31455601883230705,0.16666666666666666,0.16666666666666666,0.0,1.0,0.0,0.42424242424242425,0.2580645161290323,0.13793103448275862,0.07407407407407407,0.2925612730731506,0.64,0.48,0.4,0.6,0.0
db25_LACODAM_db25:57-es,0.0,0.0,0.0,0.04909094222503592,0.32979305795308056,0.5449492609130661,0.21712927295533244,0.0,0.0,0.0,0.0,0.38095238095238093,0.2850467289719626,0.5067567567567567,0.0,0.53107253497887,0.6923076923076924,,0.0,0.0,0.42803206067505944,0.42803206067505944,0.6428571428571429,0.6428571428571429,0.0,1.0,0.0,0.4680851063829787,0.26666666666666666,0.13953488372093023,0.04878048780487805,0.22738612304909625,0.5161290322580645,0.3870967741935483,0.2857142857142857,0.6,0.0
db25_LACODAM_db25:58-en,1.0,1.0,1.0,0.21900936655537867,0.8004590225606043,0.22941573387056174,0.25,1.0,1.0,1.0,1.0,0.18181818181818182,0.07792207792207795,0.5597014925373134,1.0,0.21900936655537867,0.0,,1.0,1.0,0.21900936655537867,0.21900936655537867,0.0,0.0,0.0,1.0,1.0,0.17391304347826084,0.09523809523809523,0.0,0.0,0.21900936655537867,0.7272727272727273,0.7272727272727273,1.0,0.5714285714285714,0.0
db25_LACODAM_db25:58-es,1.0,1.0,1.0,0.21900936655537867,0.8004590225606043,0.22941573387056174,0.25,1.0,1.0,1.0,1.0,0.18181818181818182,0.07792207792207795,0.5597014925373134,1.0,0.21900936655537867,0.0,,1.0,1.0,0.21900936655537867,0.21900936655537867,0.0,0.0,0.0,1.0,1.0,0.17391304347826084,0.09523809523809523,0.0,0.0,0.21900936655537867,0.7272727272727273,0.7272727272727273,1.0,0.5714285714285714,0.0
db25_LACODAM_db25:59-es,0.0,0.0,0.0,0.03665517295355458,0.3208175602611292,0.5012100109655353,0.2402530733520421,0.0,0.0,0.0,0.0,0.5454545454545454,0.3111111111111111,0.3180272108843537,0.0,0.10834011314848876,0.3728813559322034,,0.0,0.0,0.1262863052097525,0.1262863052097525,0.39999999999999997,0.39999999999999997,0.0,1.0,0.0,0.47887323943661964,0.2608695652173913,0.1492537313432836,0.06153846153846154,0.07660065889514946,0.5,0.3181818181818182,0.25925925925925924,0.4117647058823529,0.0
db25_LACODAM_db25:6-en,0.0,0.0,0.0,0.005621691975853773,0.4389195046687636,0.058722021951470346,0.1757340838011157,0.0,0.0,0.0,0.0,0.043478260869565216,0.03401360544217691,0.1539491298527443,0.0,0.005621691975853773,0.0,,0.0,0.0,0.011901122006273775,0.011901122006273775,0.0,0.0,0.0,1.0,0.0,0.04444444444444444,0.0,0.0,0.0,0.005621691975853773,0.27272727272727276,0.27272727272727276,0.75,0.16666666666666666,0.0
db25_LACODAM_db25:6-es,0.0,0.0,0.0,0.03305256466066008,0.30707916949277797,0.37665889234460664,0.17253779651421453,0.0,0.0,0.0,0.0,0.25806451612903225,0.1802721088435374,0.2675974403723095,0.0,0.19696330878717075,0.10714285714285712,,0.0,1.0,0.19940445989088912,0.19940445989088912,0.17391304347826086,0.17391304347826086,0.0,1.0,0.0,0.23529411764705885,0.12121212121212123,0.06250000000000001,0.03225806451612903,0.17543860064617767,0.3829787234042554,0.2553191489361702,0.20689655172413793,0.3333333333333333,0.0
db25_LACODAM_db25:60-en,0.0,0.0,0.0,0.04178246154282008,0.30401233870035393,0.43915503282683993,0.21089672205953397,0.0,0.0,0.0,0.0,0.391304347826087,0.3112244897959183,0.2949766355140187,0.0,0.03917221640106868,0.05128205128205128,,0.0,1.0,0.03863074470321286,0.03863074470321286,0.04878048780487805,0.04878048780487805,0.0,1.0,0.0,0.3636363636363636,0.18867924528301885,0.1568627450980392,0.12244897959183672,0.056456468504877455,0.3225806451612903,0.25806451612903225,0.18604651162790697,0.42105263157894735,0.0
db25_LACODAM_db25:60-es,0.0,0.0,0.0,0.0,0.0,0.0,0.21089672205953397,0.0,0.0,0.0,0.0,0.0,0.0,0.0,0.0,0.0,0.0,,0.0,1.0,0.0,0.0,0.0,0.0,0.0,0.0,0.0,0.0,0.0,0.0,0.0,0.0,0.0,0.0,0.0,0.0,0.0
db25_LACODAM_db25:61-en,0.0,0.0,1.0,0.03776310214113328,0.30972177171566045,0.6171609848000927,0.21089672205953397,0.0,0.0,0.0,0.0,0.4166666666666667,0.2801418439716312,0.3879310344827586,0.0,0.15460065623088884,0.33333333333333326,,0.0,0.0,0.05924430086245036,0.05924430086245036,0.2564102564102564,0.2564102564102564,0.0,1.0,0.0,0.45901639344262296,0.2711864406779661,0.14035087719298245,0.07272727272727274,0.06825140853123608,0.3902439024390244,0.2926829268292683,0.21428571428571427,0.46153846153846156,0.0
db25_LACODAM_db25:61-es,0.0,0.0,1.0,0.03776310214113328,0.30972177171566045,0.6171609848000927,0.21089672205953397,0.0,0.0,0.0,0.0,0.4166666666666667,0.2801418439716312,0.3879310344827586,0.0,0.15460065623088884,0.33333333333333326,,0.0,0.0,0.05924430086245036,0.05924430086245036,0.2564102564102564,0.2564102564102564,0.0,1.0,0.0,0.45901639344262296,0.2711864406779661,0.14035087719298245,0.07272727272727274,0.06825140853123608,0.3902439024390244,0.2926829268292683,0.21428571428571427,0.46153846153846156,0.0
db25_LACODAM_db25:62-en,0.0,0.0,0.0,0.034874771170710105,0.3038210879928397,0.4486003076513041,0.1827439976315568,0.0,0.0,0.0,0.0,0.25925925925925924,0.19387755102040816,0.41682242990654206,0.0,0.12909807803872084,0.10810810810810811,,0.0,0.0,0.12909807803872084,0.12909807803872084,0.15789473684210528,0.15789473684210528,0.0,1.0,0.0,0.29508196721311475,0.13559322033898302,0.07017543859649124,0.03636363636363636,0.08444518379121253,0.39999999999999997,0.28571428571428575,0.19230769230769232,0.5555555555555556,0.0
db25_LACODAM_db25:8-en,1.0,1.0,1.0,0.21900936655537867,0.8004590225606043,0.23249527748763854,0.2612038749637414,1.0,1.0,1.0,1.0,0.2,0.09160305343511455,0.5597014925373134,1.0,0.21900936655537867,0.0,,1.0,1.0,0.21900936655537867,0.21900936655537867,0.0,0.0,0.0,1.0,1.0,0.19999999999999998,0.1111111111111111,0.0,0.0,0.21900936655537867,0.7272727272727273,0.7272727272727273,1.0,0.5714285714285714,0.0
db25_LACODAM_db25:8-es,1.0,1.0,1.0,0.21900936655537867,0.8004590225606043,0.23249527748763854,0.2612038749637414,1.0,1.0,1.0,1.0,0.2,0.09160305343511455,0.5597014925373134,1.0,0.21900936655537867,0.0,,1.0,1.0,0.21900936655537867,0.21900936655537867,0.0,0.0,0.0,1.0,1.0,0.19999999999999998,0.1111111111111111,0.0,0.0,0.21900936655537867,0.7272727272727273,0.7272727272727273,1.0,0.5714285714285714,0.0
db25_LACODAM_db25:9-en,0.0,0.0,0.0,0.048835561618985356,0.32798442420885016,0.5629262517526438,0.21712927295533244,0.0,0.0,0.0,0.0,0.38095238095238093,0.2571428571428571,0.45050505050505063,0.0,0.3448444257953326,0.2758620689655172,,0.0,0.0,0.33260249505555045,0.33260249505555045,0.2580645161290323,0.2580645161290323,0.0,1.0,0.0,0.558139534883721,0.2926829268292683,0.15384615384615385,0.05405405405405405,0.21869766863251183,0.5185185185185185,0.3703703703703704,0.2777777777777778,0.5555555555555556,0.0
db25_LACODAM_db25:9-es,0.0,0.0,0.0,0.034874771170710105,0.3038210879928397,0.5103103630798288,0.1907435698305462,0.0,0.0,0.0,0.0,0.28,0.22149837133550487,0.41682242990654206,0.0,0.10102470562774991,0.0625,,0.0,0.0,0.10102470562774991,0.10102470562774991,0.06060606060606061,0.06060606060606061,0.0,1.0,0.0,0.35714285714285715,0.22222222222222218,0.11538461538461539,0.04,0.06608192750654071,0.39999999999999997,0.28571428571428575,0.19230769230769232,0.5555555555555556,0.0
db25_MIPT_db25:1-es,0.0,0.0,1.0,0.12414025083229127,0.5381700286846471,0.8658528578275182,0.3090169943749474,0.0,0.0,0.0,0.0,0.6875,0.483739837398374,0.6820396698005043,0.0,0.12630002147839528,0.27450980392156865,,0.0,0.0,0.17845366440332378,0.17845366440332378,0.4,0.4,0.0,1.0,0.0,0.7368421052631579,0.4727272727272727,0.3773584905660377,0.27450980392156865,0.12630002147839528,0.7142857142857143,0.6666666666666666,0.56,0.8235294117647058,0.0
db25_MIPT_db25:10-en,1.0,1.0,1.0,0.12974432869545713,0.4415432061036627,0.8381410922535472,0.23166247903554,1.0,1.0,1.0,1.0,0.5416666666666666,0.44964028776978415,0.5679012345679012,1.0,0.7259795291154771,0.625,,1.0,1.0,1.0,1.0,1.0,1.0,0.0,1.0,1.0,0.6857142857142857,0.5588235294117647,0.45454545454545453,0.375,0.7259795291154771,0.9444444444444444,0.6666666666666666,0.6666666666666666,0.6666666666666666,0.0
db25_MIPT_db25:100-en,0.10609037328094303,0.23893805309734514,0.06818181818181818,0.14910905054165927,0.4399613181879872,0.946497048560602,0.5,0.0,0.10609037328094303,0.06545454545454546,1.0,0.9166666666666666,0.6,0.5877425044091712,0.5,0.31314224813827346,0.4864864864864865,,0.0,0.23893805309734514,0.17632001865415414,0.17632001865415414,0.5263157894736842,0.5263157894736842,0.0,1.0,0.06818181818181818,0.8372093023255814,0.6341463414634146,0.5128205128205129,0.43243243243243246,0.31314224813827346,0.7857142857142857,0.6428571428571429,0.6428571428571429,0.6428571428571429,0.0
db25_MIPT_db25:100-es,0.10609037328094303,0.23893805309734514,0.06818181818181818,0.14910905054165927,0.4399613181879872,0.946497048560602,0.5,0.0,0.10609037328094303,0.06545454545454546,1.0,0.9166666666666666,0.6,0.5877425044091712,0.5,0.31314224813827346,0.4864864864864865,,0.0,0.23893805309734514,0.17632001865415414,0.17632001865415414,0.5263157894736842,0.5263157894736842,0.0,1.0,0.06818181818181818,0.8372093023255814,0.6341463414634146,0.5128205128205129,0.43243243243243246,0.31314224813827346,0.7857142857142857,0.6428571428571429,0.6428571428571429,0.6428571428571429,0.0
db25_MIPT_db25:11-en,0.0,0.0,1.0,0.1327072246155741,0.5435934728205603,0.627321270757007,0.1907435698305462,0.0,0.0,0.0,0.0,0.3793103448275862,0.25161290322580643,0.43371742966884663,0.0,0.28143929378635024,0.25,,0.0,0.0,0.4194435452325488,0.4194435452325488,0.38461538461538464,0.38461538461538464,0.0,1.0,0.0,0.5205479452054794,0.28169014084507044,0.11594202898550725,0.05970149253731343,0.15781637572510496,0.49056603773584906,0.49056603773584906,0.5416666666666666,0.4482758620689655,0.0
db25_MIPT_db25:12-en,1.0,1.0,1.0,0.32466791547509893,0.5061669788687747,0.8427009716003847,0.5,1.0,1.0,1.0,1.0,0.9090909090909091,0.8273381294964028,0.738954922628392,1.0,0.7825422900366437,1.0,,1.0,1.0,1.0,1.0,1.0,1.0,0.0,1.0,1.0,0.875,0.8000000000000002,0.7142857142857143,0.6923076923076923,0.7825422900366437,0.9473684210526316,0.7368421052631577,0.7,0.7777777777777778,0.0
db25_MIPT_db25:12-es,1.0,1.0,1.0,0.32466791547509893,0.5061669788687747,0.8427009716003847,0.5,1.0,1.0,1.0,1.0,0.9090909090909091,0.8273381294964028,0.738954922628392,1.0,0.7825422900366437,1.0,,1.0,1.0,1.0,1.0,1.0,1.0,0.0,1.0,1.0,0.875,0.8000000000000002,0.7142857142857143,0.6923076923076923,0.7825422900366437,0.9473684210526316,0.7368421052631577,0.7,0.7777777777777778,0.0
db25_MIPT_db25:13-en,0.98,0.9607843137254902,1.0,0.08986875228416573,0.42716110071343216,0.7429265945610861,0.2240092377397959,0.0,0.98,0.98,1.0,0.4782608695652174,0.4511627906976744,0.5476190476190477,1.0,0.4819366123689184,0.36000000000000004,,1.0,0.9607843137254902,0.7348889200874658,0.7348889200874658,0.7894736842105263,0.7894736842105263,0.0,1.0,1.0,0.6428571428571429,0.4814814814814815,0.34615384615384615,0.24,0.4819366123689184,0.8571428571428571,0.6428571428571429,0.6428571428571429,0.6428571428571429,0.0
db25_MIPT_db25:13-es,0.98,0.9607843137254902,1.0,0.08986875228416573,0.42716110071343216,0.7429265945610861,0.2240092377397959,0.0,0.98,0.98,1.0,0.4782608695652174,0.4511627906976744,0.5476190476190477,1.0,0.4819366123689184,0.36000000000000004,,1.0,0.9607843137254902,0.7348889200874658,0.7348889200874658,0.7894736842105263,0.7894736842105263,0.0,1.0,1.0,0.6428571428571429,0.4814814814814815,0.34615384615384615,0.24,0.4819366123689184,0.8571428571428571,0.6428571428571429,0.6428571428571429,0.6428571428571429,0.0
db25_MIPT_db25:14-en,0.0,0.0,0.0,0.38260294162784475,0.7831507354069611,0.9736842105263159,0.4142135623730951,0.0,0.0,0.0,0.0,0.8333333333333334,0.9214285714285715,0.7922535211267605,0.0,0.38260294162784475,0.7647058823529412,,0.0,0.0,0.488923022434901,0.488923022434901,0.7647058823529412,0.7647058823529412,0.0,1.0,0.0,0.9500000000000001,0.8947368421052632,0.8333333333333334,0.7647058823529412,0.38260294162784475,0.7999999999999999,0.7999999999999999,0.75,0.8571428571428571,0.0
db25_MIPT_db25:14-es,0.0,0.0,0.0,0.38260294162784475,0.7831507354069611,0.9736842105263159,0.4142135623730951,0.0,0.0,0.0,0.0,0.8333333333333334,0.9214285714285715,0.7922535211267605,0.0,0.38260294162784475,0.7647058823529412,,0.0,0.0,0.488923022434901,0.488923022434901,0.7647058823529412,0.7647058823529412,0.0,1.0,0.0,0.9500000000000001,0.8947368421052632,0.8333333333333334,0.7647058823529412,0.38260294162784475,0.7999999999999999,0.7999999999999999,0.75,0.8571428571428571,0.0
db25_MIPT_db25:15-en,1.0,1.0,1.0,0.32466791547509893,0.5061669788687747,0.8427009716003847,0.5,1.0,1.0,1.0,1.0,0.9090909090909091,0.8536585365853658,0.738954922628392,1.0,0.7825422900366437,1.0,,1.0,1.0,1.0,1.0,1.0,1.0,0.0,1.0,1.0,0.8666666666666667,0.7857142857142857,0.6923076923076923,0.6666666666666666,0.7825422900366437,0.9473684210526316,0.7368421052631577,0.7,0.7777777777777778,0.0
db25_MIPT_db25:15-es,1.0,1.0,1.0,0.3303164318013807,0.4992457746170118,0.8178608201095309,0.4142135623730951,1.0,1.0,1.0,1.0,0.8181818181818182,0.7982456140350878,0.625,1.0,0.631196907822589,0.8695652173913043,,1.0,1.0,1.0,1.0,1.0,1.0,0.0,1.0,1.0,0.8275862068965518,0.7407407407407408,0.7199999999999999,0.6956521739130435,0.631196907822589,0.8888888888888888,0.6666666666666666,0.6666666666666666,0.6666666666666666,0.0
db25_MIPT_db25:16-en,1.0,1.0,1.0,0.16934189459315158,0.43436770254401413,0.8025723539051283,0.36602540378443865,1.0,1.0,1.0,1.0,0.75,0.8015873015873016,0.618131868131868,1.0,0.5555238068023582,0.75,,1.0,1.0,0.6606328636027614,0.6606328636027614,0.75,0.75,0.0,1.0,1.0,0.8000000000000002,0.6428571428571429,0.5384615384615384,0.5,0.5555238068023582,0.8421052631578948,0.631578947368421,0.6,0.6666666666666666,0.0
db25_MIPT_db25:16-es,1.0,1.0,1.0,0.16934189459315158,0.43436770254401413,0.8025723539051283,0.36602540378443865,1.0,1.0,1.0,1.0,0.75,0.8015873015873016,0.618131868131868,1.0,0.5555238068023582,0.75,,1.0,1.0,0.6606328636027614,0.6606328636027614,0.75,0.75,0.0,1.0,1.0,0.8000000000000002,0.6428571428571429,0.5384615384615384,0.5,0.5555238068023582,0.8421052631578948,0.631578947368421,0.6,0.6666666666666666,0.0
db25_MIPT_db25:17-en,0.0,0.0,0.0,0.018793594472332965,0.031375854588701645,0.6029256283362991,0.1261319836228832,0.0,0.0,0.0,0.0,0.1724137931034483,0.27638190954773867,0.22058823529411767,0.0,0.03324622932864857,0.08547008547008547,,0.0,1.0,0.01606051744301593,0.0,0.11320754716981131,0.0,0.0,0.0,0.0,0.3089430894308943,0.19834710743801653,0.13445378151260504,0.08547008547008547,0.03324622932864857,0.2608695652173913,0.1956521739130435,0.11538461538461539,0.6428571428571429,0.0
db25_MIPT_db25:17-es,0.0,0.0,0.0,0.005783931791426253,0.008525012582622664,0.07669649888473705,0.11881849050177154,0.0,0.0,0.0,0.0,0.03508771929824561,0.15598885793871864,0.052356020942408384,0.0,0.005783931791426253,0.0,,0.0,1.0,0.004863687509482329,0.0,0.0,0.0,0.0,0.0,0.0,0.06593406593406594,0.0,0.0,0.0,0.005783931791426253,0.05063291139240506,0.05063291139240506,0.03076923076923077,0.14285714285714285,0.0
db25_MIPT_db25:18-en,0.0,0.0,0.0,0.28035290116063705,0.6849530901550241,0.7105849466949239,0.23166247903554,0.0,0.0,0.0,0.0,0.56,0.4464285714285714,0.6484812013622004,0.0,0.23746239164015026,0.1395348837209302,,0.0,1.0,0.1362339547923588,0.0,0.08888888888888889,0.0,0.0,0.0,0.0,0.6896551724137931,0.46428571428571425,0.2592592592592593,0.15384615384615385,0.23409327721042972,0.5573770491803279,0.5573770491803279,0.4594594594594595,0.7083333333333334,0.0
db25_MIPT_db25:18-es,0.0,0.0,0.0,0.5334131456721967,0.8238294768942396,0.8058373793340823,0.3090169943749474,0.0,0.0,0.0,0.0,0.7222222222222222,0.527363184079602,0.6648041930379747,0.0,0.7098232254187811,0.588235294117647,,0.0,0.0,0.7200391346486708,0.7200391346486708,0.5945945945945946,0.5945945945945946,0.0,1.0,0.0,0.7755102040816326,0.5957446808510639,0.4444444444444445,0.27906976744186046,0.5334131456721967,0.7111111111111111,0.7111111111111111,0.7619047619047619,0.6666666666666666,0.0
db25_MIPT_db25:19-en,0.4,0.25,1.0,0.2883357434061017,0.7720839358515255,0.7753981145352654,0.3090169943749474,0.0,0.4,0.4,1.0,0.6666666666666666,0.34782608695652173,0.515422077922078,0.25,0.6580370064762462,0.8461538461538461,,0.0,0.25,0.6606328636027614,0.6606328636027614,0.8461538461538461,0.8461538461538461,0.0,1.0,1.0,0.7894736842105263,0.5555555555555556,0.3529411764705882,0.18749999999999997,0.2883357434061017,0.6153846153846154,0.6153846153846154,0.8,0.5,0.0
db25_MIPT_db25:19-es,1.0,1.0,1.0,0.04342598534406393,0.39759872463418033,0.6486749731408024,0.28989794855663564,1.0,1.0,1.0,1.0,0.6,0.36645962732919257,0.29150326797385623,1.0,0.795637166192145,0.8799999999999999,,1.0,1.0,1.0,1.0,1.0,1.0,0.0,1.0,1.0,0.7027027027027029,0.4,0.24242424242424246,0.12903225806451615,0.11603408316748332,0.56,0.39999999999999997,0.5555555555555556,0.3125,0.0
db25_MIPT_db25:2-en,1.0,1.0,1.0,0.44894299230614426,0.8265214623622503,0.6633249580710798,0.20521309615767264,1.0,1.0,1.0,1.0,0.4827586206896552,0.4,0.6171248568155785,1.0,0.8656030552541708,0.64,,1.0,1.0,1.0,1.0,1.0,1.0,0.0,1.0,1.0,0.5797101449275363,0.417910447761194,0.30769230769230765,0.22222222222222227,0.44894299230614426,0.7058823529411764,0.7058823529411764,0.8571428571428571,0.6,0.0
db25_MIPT_db25:2-es,1.0,1.0,1.0,0.42680281449029517,0.8112461581680284,0.6559132733999383,0.2,1.0,1.0,1.0,1.0,0.4666666666666667,0.4,0.613055978352782,1.0,0.7839204411491599,0.588235294117647,,1.0,1.0,0.9132027013286009,0.9132027013286009,0.9302325581395349,0.9302325581395349,0.0,1.0,1.0,0.5714285714285714,0.38235294117647056,0.27272727272727276,0.18749999999999997,0.42680281449029517,0.6923076923076923,0.6923076923076923,0.8181818181818182,0.6,0.0
db25_MIPT_db25:20-en,0.0,0.0,0.0,0.1816725573641283,0.43430702822992096,0.8558164961018221,0.23166247903554,0.0,0.0,0.0,0.0,0.5217391304347826,0.6476868327402135,0.5216374269005848,0.0,0.769429739906649,0.6567164179104478,,0.0,1.0,0.14771208266586786,0.14771208266586786,0.43636363636363634,0.43636363636363634,0.0,1.0,0.0,0.6575342465753423,0.5352112676056339,0.4347826086956522,0.3582089552238805,0.769429739906649,0.8571428571428571,0.5714285714285715,0.5555555555555556,0.5882352941176471,0.0
db25_MIPT_db25:20-es,0.0,0.0,0.0,0.1816725573641283,0.43430702822992096,0.8558164961018221,0.23166247903554,0.0,0.0,0.0,0.0,0.5217391304347826,0.6476868327402135,0.5216374269005848,0.0,0.769429739906649,0.6567164179104478,,0.0,1.0,0.14771208266586786,0.14771208266586786,0.43636363636363634,0.43636363636363634,0.0,1.0,0.0,0.6575342465753423,0.5352112676056339,0.4347826086956522,0.3582089552238805,0.769429739906649,0.8571428571428571,0.5714285714285715,0.5555555555555556,0.5882352941176471,0.0
db25_MIPT_db25:21-en,0.0,0.0,0.0,0.10911050842153262,0.4390713069789951,0.7723749163823411,0.36602540378443865,0.0,0.0,0.0,0.0,0.75,0.6081871345029239,0.4701436130007558,0.0,0.2313941301531079,0.625,,0.0,1.0,0.3403200951522627,0.3403200951522627,0.5454545454545455,0.5454545454545455,0.0,1.0,0.0,0.6842105263157895,0.6111111111111112,0.588235294117647,0.5625000000000001,0.2313941301531079,0.6956521739130435,0.5217391304347826,0.6666666666666666,0.42857142857142855,0.0
db25_MIPT_db25:21-es,0.0,0.0,0.0,0.10911050842153262,0.4390713069789951,0.7723749163823411,0.36602540378443865,0.0,0.0,0.0,0.0,0.75,0.6081871345029239,0.4701436130007558,0.0,0.2313941301531079,0.625,,0.0,1.0,0.3403200951522627,0.3403200951522627,0.5454545454545455,0.5454545454545455,0.0,1.0,0.0,0.6842105263157895,0.6111111111111112,0.588235294117647,0.5625000000000001,0.2313941301531079,0.6956521739130435,0.5217391304347826,0.6666666666666666,0.42857142857142855,0.0
db25_MIPT_db25:22-en,0.846153846153846,0.7333333333333333,1.0,0.0747871285698761,0.4158559639079534,0.8289563383053069,0.2240092377397959,0.0,0.846153846153846,0.8461538461538461,1.0,0.5,0.43071161048689144,0.4935720844811754,1.0,0.6072156776384989,0.5,,1.0,0.7333333333333333,0.8003203203844999,0.8003203203844999,0.8399999999999999,0.8399999999999999,0.0,1.0,1.0,0.6571428571428571,0.5,0.36363636363636365,0.25,0.6072156776384989,0.8888888888888888,0.6111111111111112,0.6111111111111112,0.6111111111111112,0.0
db25_MIPT_db25:22-es,0.846153846153846,0.7333333333333333,1.0,0.0747871285698761,0.4158559639079534,0.8335391708894755,0.23166247903554,0.0,0.846153846153846,0.8461538461538461,1.0,0.5217391304347826,0.43445692883895126,0.4935720844811754,1.0,0.6072156776384989,0.5,,1.0,0.7333333333333333,0.8003203203844999,0.8003203203844999,0.8399999999999999,0.8399999999999999,0.0,1.0,1.0,0.6571428571428571,0.5,0.36363636363636365,0.25,0.6072156776384989,0.8888888888888888,0.6111111111111112,0.6111111111111112,0.6111111111111112,0.0
db25_MIPT_db25:23-en,0.0,0.0,1.0,0.014367348146987776,0.37762935793583363,0.39722300578227043,0.1907435698305462,1.0,0.0,0.0,0.0,0.35714285714285715,0.23913043478260865,0.16497088749044286,0.0,0.138945410057936,0.35714285714285715,,0.0,0.0,0.06921533708211948,0.06921533708211948,0.19999999999999998,0.19999999999999998,0.0,1.0,0.0,0.3870967741935483,0.13333333333333333,0.06896551724137931,0.03571428571428572,0.08048000646739711,0.39215686274509803,0.2745098039215686,0.5,0.1891891891891892,0.0
db25_MIPT_db25:24-en,0.5,0.3333333333333333,1.0,0.06360855779734147,0.33426234087289586,0.7947939902645494,0.25,0.0,0.5,0.5,1.0,0.5714285714285714,0.6332288401253918,0.4650483817150485,0.5,0.06835184361568306,0.5671641791044776,,0.0,0.3333333333333333,0.07140197125976537,0.07140197125976537,0.5671641791044776,0.5671641791044776,0.0,1.0,1.0,0.7123287671232877,0.647887323943662,0.6086956521739131,0.5671641791044776,0.06835184361568306,0.5454545454545454,0.4090909090909091,0.2903225806451613,0.6923076923076923,0.0
db25_MIPT_db25:24-es,0.5,0.3333333333333333,1.0,0.06360855779734147,0.33426234087289586,0.7947939902645494,0.25,0.0,0.5,0.5,1.0,0.5714285714285714,0.6332288401253918,0.4650483817150485,0.5,0.06835184361568306,0.5671641791044776,,0.0,0.3333333333333333,0.07140197125976537,0.07140197125976537,0.5671641791044776,0.5671641791044776,0.0,1.0,1.0,0.7123287671232877,0.647887323943662,0.6086956521739131,0.5671641791044776,0.06835184361568306,0.5454545454545454,0.4090909090909091,0.2903225806451613,0.6923076923076923,0.0
db25_MIPT_db25:25-en,0.0,0.0,1.0,0.1262863052097525,0.41675816482594596,0.7570542214781283,0.2240092377397959,0.0,0.0,0.0,0.0,0.5,0.3982300884955752,0.6550925925925927,0.0,0.294467310498826,0.40740740740740744,,0.0,0.0,0.4521502877262322,0.4521502877262322,0.6363636363636364,0.6363636363636364,0.0,1.0,0.0,0.6666666666666667,0.4827586206896552,0.42857142857142855,0.37037037037037035,0.294467310498826,0.8108108108108109,0.6486486486486486,0.5714285714285714,0.75,0.0
db25_MIPT_db25:25-es,0.0,0.0,1.0,0.059786457953425326,0.07321641713623703,0.5696551959330497,0.15894454156034005,1.0,0.0,0.0,0.0,0.3170731707317073,0.2359882005899705,0.5376296817302622,0.0,0.15519469839594,0.28205128205128205,,0.0,0.0,0.050274218173752286,0.0,0.31884057971014496,0.0,0.0,0.0,0.0,0.5,0.34146341463414637,0.3,0.2564102564102564,0.15519469839594,0.4666666666666667,0.36666666666666664,0.25,0.6875,0.0
db25_MIPT_db25:26-en,0.0,0.0,0.0,0.18879521773374403,0.6450248913899578,0.8267519009735615,0.3090169943749474,0.0,0.0,0.0,0.0,0.6875,0.6142131979695431,0.7911918328584996,0.0,0.26699675743024226,0.7222222222222223,,0.0,1.0,0.12740810460323607,0.0,0.5555555555555556,0.0,0.0,0.0,0.0,0.8095238095238095,0.7000000000000001,0.6315789473684211,0.6111111111111112,0.26699675743024226,0.5625,0.5625,0.391304347826087,1.0,0.0
db25_MIPT_db25:26-es,0.0,0.0,0.0,0.1090009697802911,0.08975024244507278,0.6838540894771279,0.20521309615767264,0.0,0.0,0.0,0.0,0.4,0.54337899543379,0.5357142857142858,0.0,0.24769802565621082,0.6666666666666666,,0.0,1.0,0.1090009697802911,0.0,0.4761904761904762,0.0,0.0,0.0,0.0,0.625,0.5652173913043479,0.5,0.4761904761904762,0.24769802565621082,0.48484848484848486,0.36363636363636365,0.25,0.6666666666666666,0.0
db25_MIPT_db25:27-en,1.0,1.0,1.0,0.16934189459315158,0.43436770254401413,0.8100925873009825,0.36602540378443865,1.0,1.0,1.0,1.0,0.7692307692307693,0.8134328358208955,0.618131868131868,1.0,0.5555238068023582,0.7692307692307693,,1.0,1.0,0.6606328636027614,0.6606328636027614,0.7692307692307693,0.7692307692307693,0.0,1.0,1.0,0.8125,0.6666666666666666,0.5714285714285714,0.5384615384615384,0.5555238068023582,0.8421052631578948,0.631578947368421,0.6,0.6666666666666666,0.0
db25_MIPT_db25:27-es,1.0,1.0,1.0,0.16934189459315158,0.43436770254401413,0.8100925873009825,0.36602540378443865,1.0,1.0,1.0,1.0,0.7692307692307693,0.8134328358208955,0.618131868131868,1.0,0.5555238068023582,0.7692307692307693,,1.0,1.0,0.6606328636027614,0.6606328636027614,0.7692307692307693,0.7692307692307693,0.0,1.0,1.0,0.8125,0.6666666666666666,0.5714285714285714,0.5384615384615384,0.5555238068023582,0.8421052631578948,0.631578947368421,0.6,0.6666666666666666,0.0
db25_MIPT_db25:28-en,0.0,0.0,0.0,0.015431127159389869,0.377824039359268,0.43740984790168713,0.1951941016011038,0.0,0.0,0.0,0.0,0.37037037037037035,0.23178807947019864,0.14189107595701003,0.0,0.24885030231405383,0.3283582089552239,,0.0,1.0,0.09301891517021459,0.09301891517021459,0.4262295081967213,0.4262295081967213,0.0,1.0,0.0,0.42857142857142855,0.20588235294117646,0.12121212121212122,0.0625,0.08643886129029991,0.4,0.28,0.5,0.19444444444444445,0.3333333333333333
db25_MIPT_db25:28-es,0.0,0.0,0.0,0.02236116957536142,0.3650214569605544,0.4360407996361905,0.18660549686337075,0.0,0.0,0.0,0.0,0.3448275862068966,0.21192052980132448,0.15556469298245615,0.0,0.2358831465718657,0.35897435897435903,,0.0,1.0,0.12024188103682623,0.12024188103682623,0.3380281690140845,0.3380281690140845,0.0,1.0,0.0,0.3703703703703703,0.1772151898734177,0.1038961038961039,0.053333333333333344,0.12115763482244092,0.4444444444444444,0.2962962962962963,0.4444444444444444,0.2222222222222222,0.2
db25_MIPT_db25:29-en,0.0,0.0,0.0,0.09720551292058478,0.6069662993533491,0.8591814349674568,0.21089672205953397,0.0,0.0,0.0,0.0,0.391304347826087,0.4868035190615836,0.7031249999999999,0.0,0.09720551292058478,0.3859649122807018,,0.0,0.0,0.11858206329002834,0.11858206329002834,0.32142857142857145,0.32142857142857145,0.0,1.0,0.0,0.6031746031746031,0.5245901639344263,0.44067796610169496,0.3859649122807018,0.09720551292058478,0.5,0.5,0.35294117647058826,0.8571428571428571,0.0
db25_MIPT_db25:29-es,1.0,1.0,1.0,0.7071067811865475,0.8955266952966369,0.9999999999999998,1.0,1.0,1.0,1.0,1.0,1.0,0.9770114942528736,0.97441793618856,1.0,0.7071067811865475,1.0,,1.0,1.0,1.0,1.0,1.0,1.0,0.0,1.0,1.0,1.0,1.0,1.0,1.0,0.7071067811865475,0.9333333333333333,0.9333333333333333,0.875,1.0,0.0
db25_MIPT_db25:3-en,1.0,1.0,1.0,0.5555238068023582,0.8388809517005895,0.9565217391304348,0.4142135623730951,1.0,1.0,1.0,1.0,0.8333333333333334,0.9098360655737705,0.855940934065934,1.0,0.5555238068023582,0.7692307692307693,,1.0,1.0,0.6606328636027614,0.6606328636027614,0.7692307692307693,0.7692307692307693,0.0,1.0,1.0,0.9375,0.8666666666666667,0.7857142857142857,0.7692307692307693,0.5555238068023582,0.8421052631578948,0.8421052631578948,0.8,0.8888888888888888,0.0
db25_MIPT_db25:30-en,0.0,0.0,1.0,0.0710373791868145,0.06949760980279696,0.5400617248673217,0.1827439976315568,1.0,0.0,0.0,0.0,0.3548387096774194,0.32478632478632474,0.3484191604102781,0.0,0.26026517765412527,0.47619047619047616,,0.0,0.0,0.2089685256289425,0.0,0.36363636363636365,0.0,0.0,0.0,0.0,0.5185185185185185,0.30769230769230765,0.2,0.08333333333333333,0.15465401249808575,0.3673469387755102,0.2857142857142857,0.22580645161290322,0.3888888888888889,0.0
db25_MIPT_db25:30-es,0.0,0.0,1.0,0.09482409775573745,0.37774619321090064,0.6415002990995842,0.27429188517743175,0.0,0.0,0.0,0.0,0.5882352941176471,0.3214285714285714,0.3565695941297868,0.0,0.3813707100324891,0.6666666666666666,,0.0,0.0,0.47072350515352074,0.47072350515352074,0.5517241379310344,0.5517241379310344,0.0,1.0,0.0,0.6666666666666667,0.37837837837837834,0.2285714285714286,0.12121212121212122,0.10850244397884944,0.5294117647058824,0.411764705882353,0.4375,0.3888888888888889,0.0
db25_MIPT_db25:31-en,1.0,1.0,1.0,0.14101863337620468,0.4383744212645323,0.8859061583272967,0.5,1.0,1.0,1.0,1.0,0.9166666666666666,0.8596491228070176,0.5852417302798982,1.0,0.708339753228812,0.8000000000000002,,1.0,1.0,0.7348889200874658,0.7348889200874658,0.7894736842105263,0.7894736842105263,0.0,1.0,1.0,0.8260869565217391,0.6363636363636364,0.47619047619047616,0.35,0.708339753228812,0.888888888888889,0.6666666666666666,0.6428571428571429,0.6923076923076923,0.0
db25_MIPT_db25:31-es,1.0,1.0,1.0,0.15308878542706456,0.458599067151918,0.9135958615342523,1.0,1.0,1.0,1.0,1.0,1.0,0.9005847953216375,0.6809160305343512,1.0,0.855526185871245,1.0,,1.0,1.0,1.0,1.0,1.0,1.0,0.0,1.0,1.0,0.8695652173913043,0.7272727272727273,0.6190476190476191,0.55,0.855526185871245,0.962962962962963,0.7407407407407408,0.7142857142857143,0.7692307692307693,0.0
db25_MIPT_db25:32-en,0.0,0.0,0.0,0.040816979448766555,0.3220704644678277,0.570265948512201,0.23166247903554,0.0,0.0,0.0,0.0,0.45,0.2264150943396226,0.3060545575515635,0.0,0.19850823739068116,0.18604651162790697,,0.0,1.0,0.040816979448766555,0.0,0.14285714285714288,0.0,0.0,0.0,0.0,0.4897959183673469,0.29787234042553196,0.17777777777777778,0.09302325581395349,0.19383418023456653,0.5128205128205128,0.30769230769230765,0.2608695652173913,0.375,0.0
db25_MIPT_db25:33-en,0.0,0.0,1.0,0.12065934006677881,0.39188367821403025,0.7030201192964491,0.3090169943749474,0.0,0.0,0.0,0.0,0.6875,0.5891891891891892,0.6793478260869565,0.0,0.2046592065585361,0.3076923076923077,,0.0,0.0,0.15782140483928378,0.15782140483928378,0.25,0.25,0.0,1.0,0.0,0.6666666666666667,0.41860465116279066,0.34146341463414637,0.25641025641025644,0.2046592065585361,0.7058823529411765,0.588235294117647,0.47619047619047616,0.7692307692307693,0.0
db25_MIPT_db25:33-es,0.0,0.0,1.0,0.12065934006677881,0.39188367821403025,0.7030201192964491,0.3090169943749474,0.0,0.0,0.0,0.0,0.6875,0.5891891891891892,0.6793478260869565,0.0,0.2046592065585361,0.3076923076923077,,0.0,0.0,0.15782140483928378,0.15782140483928378,0.25,0.25,0.0,1.0,0.0,0.6666666666666667,0.41860465116279066,0.34146341463414637,0.25641025641025644,0.2046592065585361,0.7058823529411765,0.588235294117647,0.47619047619047616,0.7692307692307693,0.0
db25_MIPT_db25:34-en,0.0,0.0,0.0,0.048299884461970484,0.37180390071126296,0.8263711488627739,0.2,0.0,0.0,0.0,0.0,0.42857142857142855,0.4410112359550562,0.4251428571428572,0.0,0.36857838224116973,0.3,,0.0,1.0,0.11960686164754199,0.11960686164754199,0.4242424242424242,0.4242424242424242,0.0,1.0,0.0,0.6046511627906977,0.45238095238095233,0.3414634146341463,0.25,0.36857838224116973,0.7692307692307693,0.5128205128205129,0.45454545454545453,0.5882352941176471,0.0
db25_MIPT_db25:34-es,0.0,0.0,0.0,0.05807559734245119,0.3990446935866994,0.8247205313245363,0.20521309615767264,0.0,0.0,0.0,0.0,0.4230769230769231,0.4914089347079038,0.4350877192982456,0.0,0.4583034067124109,0.2898550724637681,,0.0,1.0,0.6180266584418234,0.6180266584418234,0.5,0.5,0.0,1.0,0.0,0.6666666666666667,0.5205479452054794,0.36619718309859156,0.2318840579710145,0.4583034067124109,0.8571428571428571,0.5714285714285715,0.5555555555555556,0.5882352941176471,0.0
db25_MIPT_db25:35-en,0.0,0.0,0.0,0.07909454365627235,0.42518932062790415,0.8673608331108887,0.36602540378443865,0.0,0.0,0.0,0.0,0.7857142857142857,0.7735849056603774,0.5852417302798982,0.0,0.4785543921093737,0.8333333333333334,,0.0,1.0,0.7910665071754358,0.7910665071754358,0.9166666666666666,0.9166666666666666,0.0,1.0,0.0,0.8518518518518519,0.7692307692307693,0.68,0.625,0.4785543921093737,0.888888888888889,0.6666666666666666,0.6428571428571429,0.6923076923076923,0.0
db25_MIPT_db25:35-es,0.0,0.0,0.0,0.07909454365627235,0.42518932062790415,0.8673608331108887,0.36602540378443865,0.0,0.0,0.0,0.0,0.7857142857142857,0.7735849056603774,0.5852417302798982,0.0,0.4785543921093737,0.8333333333333334,,0.0,1.0,0.7910665071754358,0.7910665071754358,0.9166666666666666,0.9166666666666666,0.0,1.0,0.0,0.8518518518518519,0.7692307692307693,0.68,0.625,0.4785543921093737,0.888888888888889,0.6666666666666666,0.6428571428571429,0.6923076923076923,0.0
db25_MIPT_db25:36-en,1.0,1.0,1.0,0.547523566534089,0.8452142249668556,0.9287808678267891,0.2402530733520421,1.0,1.0,1.0,1.0,0.5652173913043478,0.6485507246376812,0.8106562703053932,1.0,0.547523566534089,0.5151515151515151,,1.0,1.0,0.3334477432809602,0.3334477432809602,0.5555555555555556,0.5555555555555556,0.0,1.0,1.0,0.8055555555555556,0.7142857142857143,0.6176470588235294,0.5151515151515151,0.547523566534089,0.8571428571428571,0.8571428571428571,0.8333333333333334,0.8823529411764706,0.0
db25_MIPT_db25:36-es,0.0,0.0,0.0,0.05807559734245119,0.3990446935866994,0.8263362881373,0.21712927295533244,0.0,0.0,0.0,0.0,0.48,0.5978260869565217,0.4350877192982456,0.0,0.5036366032150028,0.36363636363636365,,0.0,1.0,0.6180266584418234,0.6180266584418234,0.5660377358490566,0.5660377358490566,0.0,1.0,0.0,0.6666666666666666,0.48571428571428565,0.35294117647058826,0.24242424242424243,0.5036366032150028,0.8571428571428571,0.5714285714285715,0.5555555555555556,0.5882352941176471,0.0
db25_MIPT_db25:37-en,0.0,0.0,0.0,0.06582974103197371,0.5862884344240152,0.8010600624655545,0.23166247903554,0.0,0.0,0.0,0.0,0.45,0.4046692607003891,0.5844907407407407,0.0,0.18373344524824242,0.43478260869565216,,0.0,1.0,0.06126147687778762,0.0,0.30434782608695654,0.0,0.0,0.0,0.0,0.5384615384615385,0.4,0.3333333333333333,0.30434782608695654,0.18373344524824242,0.4444444444444444,0.4444444444444444,0.2962962962962963,0.8888888888888888,0.0
db25_MIPT_db25:37-es,0.0,0.0,0.0,0.5555238068023582,0.8388809517005895,0.9130434782608695,0.3333333333333333,0.0,0.0,0.0,0.0,0.6923076923076923,0.8174603174603174,0.855940934065934,0.0,0.5555238068023582,0.7692307692307693,,0.0,1.0,0.6606328636027614,0.6606328636027614,0.7692307692307693,0.7692307692307693,0.0,1.0,0.0,0.875,0.8000000000000002,0.7857142857142857,0.7692307692307693,0.5555238068023582,0.8421052631578948,0.8421052631578948,0.8,0.8888888888888888,0.5
db25_MIPT_db25:38-en,0.0,0.0,0.0,0.2941518656856273,0.47353796642140683,0.8066458372638313,0.28989794855663564,0.0,0.0,0.0,0.0,0.7,0.4076923076923077,0.6880695276871591,0.0,0.360056585428503,0.24000000000000002,,0.0,1.0,0.08150776049137663,0.0,0.0784313725490196,0.0,0.0,0.0,0.0,0.6440677966101694,0.38596491228070173,0.18181818181818185,0.07547169811320756,0.2941518656856273,0.6885245901639345,0.6885245901639345,0.6,0.8076923076923077,0.3333333333333333
db25_MIPT_db25:38-es,0.0,0.0,0.0,0.45812487506402666,0.7864062187660067,0.8776644387963866,0.3333333333333333,0.0,0.0,0.0,0.0,0.7894736842105263,0.44907407407407407,0.7599577456036786,0.0,0.5445687462238886,0.3636363636363636,,0.0,1.0,0.4446784563660075,0.4446784563660075,0.46808510638297873,0.46808510638297873,0.0,1.0,0.0,0.7547169811320754,0.5490196078431373,0.28571428571428575,0.2127659574468085,0.45812487506402666,0.7586206896551724,0.7586206896551724,0.6875,0.8461538461538461,0.5
db25_MIPT_db25:39-en,0.0,0.0,0.0,0.07995230833428534,0.35141596392225005,0.8758557459257962,0.3090169943749474,0.0,0.0,0.0,0.0,0.6875,0.40364583333333337,0.5868421052631579,0.0,0.30536941697562214,0.45454545454545453,,0.0,1.0,0.11796903333039654,0.11796903333039654,0.5161290322580645,0.5161290322580645,0.0,1.0,0.0,0.5277777777777779,0.42857142857142855,0.35294117647058826,0.30303030303030304,0.30536941697562214,0.65,0.45,0.34615384615384615,0.6428571428571429,0.0
db25_MIPT_db25:39-es,0.0,0.0,0.0,0.09434588829787044,0.3700611214317331,0.8729815428710669,0.3333333333333333,0.0,0.0,0.0,0.0,0.7333333333333333,0.4604810996563574,0.6027027027027028,0.0,0.31620074377638474,0.48148148148148157,,0.0,1.0,0.13659979839028408,0.13659979839028408,0.5098039215686275,0.5098039215686275,0.0,1.0,0.0,0.6333333333333333,0.5172413793103449,0.42857142857142855,0.37037037037037035,0.31620074377638474,0.7222222222222223,0.5000000000000001,0.4090909090909091,0.6428571428571429,0.0
db25_MIPT_db25:4-es,0.0,0.0,0.0,0.038593984822825105,0.3688518052116545,0.61263747463298,0.2612038749637414,0.0,0.0,0.0,0.0,0.5,0.44099378881987583,0.2191840277777778,0.0,0.34329452398451965,0.6956521739130435,,0.0,1.0,0.6606328636027614,0.6606328636027614,0.8333333333333334,0.8333333333333334,0.0,1.0,0.0,0.6285714285714286,0.3636363636363637,0.2580645161290323,0.13793103448275862,0.0882244220991988,0.5,0.33333333333333337,0.4444444444444444,0.26666666666666666,0.0
db25_MIPT_db25:40-en,1.0,1.0,1.0,0.12974432869545713,0.4415432061036627,0.8347750697152556,0.2402530733520421,1.0,1.0,1.0,1.0,0.5833333333333334,0.5652173913043479,0.6321068875893437,1.0,0.6420524082455379,0.7297297297297298,,1.0,1.0,1.0,1.0,1.0,1.0,0.0,1.0,1.0,0.75,0.641025641025641,0.5526315789473685,0.4864864864864864,0.6420524082455379,0.9142857142857143,0.6857142857142857,0.6666666666666666,0.7058823529411765,0.0
db25_MIPT_db25:40-es,1.0,1.0,1.0,0.12974432869545713,0.4415432061036627,0.8347750697152556,0.2402530733520421,1.0,1.0,1.0,1.0,0.5833333333333334,0.5652173913043479,0.6321068875893437,1.0,0.6420524082455379,0.7297297297297298,,1.0,1.0,1.0,1.0,1.0,1.0,0.0,1.0,1.0,0.75,0.641025641025641,0.5526315789473685,0.4864864864864864,0.6420524082455379,0.9142857142857143,0.6857142857142857,0.6666666666666666,0.7058823529411765,0.0
db25_MIPT_db25:41-en,0.5,1.0,0.3333333333333333,0.08499261838433471,0.4262687229945561,0.8859061583272967,0.5,0.0,0.5,0.5,1.0,0.9166666666666666,0.5524861878453038,0.6281217604372821,1.0,0.5095859247187886,0.55,,1.0,1.0,0.7348889200874658,0.7348889200874658,0.7894736842105263,0.7894736842105263,0.0,1.0,0.3333333333333333,0.8260869565217391,0.6363636363636364,0.47619047619047616,0.35,0.5095859247187886,0.888888888888889,0.6666666666666666,0.6428571428571429,0.6923076923076923,0.0
db25_MIPT_db25:41-es,0.5,1.0,0.3333333333333333,0.08499261838433471,0.4262687229945561,0.8859061583272967,0.5,0.0,0.5,0.5,1.0,0.9166666666666666,0.5524861878453038,0.6281217604372821,1.0,0.5095859247187886,0.55,,1.0,1.0,0.7348889200874658,0.7348889200874658,0.7894736842105263,0.7894736842105263,0.0,1.0,0.3333333333333333,0.8260869565217391,0.6363636363636364,0.47619047619047616,0.35,0.5095859247187886,0.888888888888889,0.6666666666666666,0.6428571428571429,0.6923076923076923,0.0
db25_MIPT_db25:42-en,0.6060606060606061,1.0,0.43478260869565216,0.04568772646936054,0.32978984902367137,0.6253909915928249,0.27429188517743175,0.0,0.6060606060606061,0.6060606060606061,1.0,0.5625,0.44680851063829785,0.2118288590604027,1.0,0.2658483576665877,0.6315789473684211,,1.0,1.0,0.6315552371794037,0.6315552371794037,0.8421052631578948,0.8421052631578948,0.0,1.0,0.43478260869565216,0.64,0.41666666666666663,0.30434782608695654,0.1818181818181818,0.18318641393595095,0.4137931034482759,0.2758620689655172,0.2857142857142857,0.26666666666666666,0.0
db25_MIPT_db25:42-es,0.0,0.0,0.0,0.04568772646936054,0.32978984902367137,0.6253909915928249,0.27429188517743175,0.0,0.0,0.0,0.0,0.5625,0.297979797979798,0.2118288590604027,0.0,0.3759663529467017,0.7179487179487181,,0.0,1.0,0.6315552371794037,0.6315552371794037,0.8205128205128205,0.8205128205128205,0.0,1.0,0.0,0.627450980392157,0.40816326530612246,0.29787234042553196,0.17777777777777778,0.18318641393595095,0.4137931034482759,0.2758620689655172,0.2857142857142857,0.26666666666666666,0.0
db25_MIPT_db25:43-en,1.0,1.0,1.0,0.06859905066245307,0.4232685480878742,0.8027650127579438,0.21712927295533244,1.0,1.0,1.0,1.0,0.4583333333333333,0.5987841945288754,0.4927182671693649,1.0,0.39936149547905736,0.4444444444444444,,1.0,1.0,0.38641626060171524,0.38641626060171524,0.52,0.52,0.0,1.0,1.0,0.608695652173913,0.41791044776119407,0.27692307692307694,0.15873015873015875,0.39936149547905736,0.7741935483870968,0.5806451612903226,0.6428571428571429,0.5294117647058824,0.0
db25_MIPT_db25:43-es,0.0,0.0,0.0,0.007805988703535686,0.008009687922462887,0.11579588914664633,0.13100580420257674,0.0,0.0,0.0,0.0,0.12,0.1793313069908815,0.026315789473684213,0.0,0.007805988703535686,0.0,,0.0,1.0,0.007805988703535686,0.0,0.0,0.0,0.0,0.0,0.0,0.13953488372093023,0.0,0.0,0.0,0.007805988703535686,0.03703703703703704,0.03703703703703704,0.02702702702702703,0.058823529411764705,0.0
db25_MIPT_db25:44-en,1.0,1.0,1.0,0.7598356856515925,0.9260700325240092,0.954291326985053,0.25,1.0,1.0,1.0,1.0,0.5714285714285714,0.5960912052117264,0.9324298346789696,1.0,0.7598356856515925,0.6875,,1.0,1.0,1.0,1.0,1.0,1.0,0.0,1.0,1.0,0.8285714285714285,0.7941176470588235,0.7575757575757577,0.6875,0.7598356856515925,0.9444444444444444,0.9444444444444444,0.9444444444444444,0.9444444444444444,0.0
db25_MIPT_db25:44-es,0.0,0.0,0.0,0.625361451032538,0.8785625849803567,0.9443507923289587,0.23166247903554,0.0,0.0,0.0,0.0,0.5,0.6026058631921825,0.8753255208333333,0.0,0.625361451032538,0.59375,,0.0,0.0,0.2626909894424158,0.2626909894424158,0.56,0.56,0.0,1.0,0.0,0.8,0.7352941176470588,0.6666666666666667,0.59375,0.625361451032538,0.8888888888888888,0.8888888888888888,0.8888888888888888,0.8888888888888888,0.0
db25_MIPT_db25:45-en,0.0,0.0,1.0,0.1701713127700448,0.45160947015320224,0.7648661601319408,0.36602540378443865,1.0,0.0,0.0,0.0,0.7272727272727273,0.7948717948717949,0.5681818181818182,0.0,0.3993879176377878,0.7199999999999999,,0.0,0.0,0.6606328636027614,0.6606328636027614,0.8461538461538461,0.8461538461538461,0.0,1.0,0.0,0.7741935483870969,0.689655172413793,0.6666666666666666,0.64,0.3993879176377878,0.8421052631578948,0.631578947368421,0.6666666666666666,0.6,0.0
db25_MIPT_db25:45-es,0.0,0.0,1.0,0.1701713127700448,0.45160947015320224,0.7825855808712294,0.28989794855663564,0.0,0.0,0.0,0.0,0.5384615384615384,0.7521367521367521,0.5681818181818182,0.0,0.3993879176377878,0.64,,0.0,0.0,0.6606328636027614,0.6606328636027614,0.7692307692307693,0.7692307692307693,0.0,1.0,0.0,0.7096774193548386,0.6206896551724138,0.5925925925925927,0.5599999999999999,0.3993879176377878,0.8421052631578948,0.631578947368421,0.6666666666666666,0.6,0.0
db25_MIPT_db25:46-en,0.0,0.0,0.0,0.0747247133345084,0.31413572378817256,0.48999540425707794,0.13957875683699938,0.0,0.0,0.0,0.0,0.22448979591836735,0.15161290322580645,0.4110497237569062,0.0,0.09077529064516911,0.10619469026548672,0.0,0.0,1.0,0.03040738107480909,0.0,0.07142857142857144,0.0,0.0,0.0,0.0,0.3025210084033613,0.13675213675213677,0.05217391304347826,0.017699115044247787,0.0747247133345084,0.2898550724637682,0.2898550724637682,0.18181818181818182,0.7142857142857143,0.0
db25_MIPT_db25:46-es,0.0,0.0,0.0,0.1428758285394504,0.5982189571348626,0.6288281455225325,0.2612038749637414,0.0,0.0,0.0,0.0,0.5555555555555556,0.2666666666666667,0.4697712418300653,0.0,0.2875170220121397,0.1951219512195122,0.0,0.0,1.0,0.2084372623045822,0.2084372623045822,0.25641025641025644,0.25641025641025644,0.0,1.0,0.0,0.5957446808510639,0.35555555555555557,0.13953488372093023,0.04878048780487805,0.172503732124812,0.7083333333333333,0.6250000000000001,0.75,0.5357142857142857,0.0
db25_MIPT_db25:47-en,0.0,0.0,0.0,0.4112175645551036,0.7972488355832203,0.8660254037844385,0.21089672205953397,0.0,0.0,0.0,0.0,0.44,0.6431095406360424,0.760062358276644,0.0,0.4112175645551036,0.40625,,0.0,1.0,0.45788313721339824,0.45788313721339824,0.6,0.6,0.0,1.0,0.0,0.7142857142857143,0.5882352941176471,0.5151515151515151,0.40625,0.4112175645551036,0.7777777777777778,0.7777777777777778,0.7777777777777778,0.7777777777777778,0.0
db25_MIPT_db25:47-es,0.0,0.0,0.0,0.05771308056802446,0.40341917176049036,0.768594327376682,0.2,0.0,0.0,0.0,0.0,0.38461538461538464,0.4558303886925795,0.3990589488636364,0.0,0.3073242643968087,0.2105263157894737,,0.0,0.0,0.36112252918350196,0.36112252918350196,0.4444444444444445,0.4444444444444445,0.0,1.0,0.0,0.5396825396825397,0.36065573770491804,0.23728813559322035,0.14035087719298245,0.3073242643968087,0.75,0.5,0.5714285714285714,0.4444444444444444,0.0
db25_MIPT_db25:48-en,1.0,1.0,1.0,0.057829287057844445,0.36528261214480734,0.8188103873611094,0.3090169943749474,1.0,1.0,1.0,1.0,0.6666666666666666,0.7649402390438247,0.3911994485294118,1.0,0.2554318471365747,0.6274509803921569,,1.0,1.0,0.28175950490399515,0.28175950490399515,0.6274509803921569,0.6274509803921569,0.0,1.0,1.0,0.8070175438596492,0.6545454545454545,0.5660377358490566,0.5098039215686274,0.2554318471365747,0.6875,0.5,0.42105263157894735,0.6153846153846154,0.0
db25_MIPT_db25:48-es,1.0,1.0,1.0,0.057829287057844445,0.36528261214480734,0.8188103873611094,0.3090169943749474,1.0,1.0,1.0,1.0,0.6666666666666666,0.7732793522267206,0.3911994485294118,1.0,0.2554318471365747,0.6274509803921569,,1.0,1.0,0.28175950490399515,0.28175950490399515,0.6274509803921569,0.6274509803921569,0.0,1.0,1.0,0.8070175438596492,0.6545454545454545,0.5660377358490566,0.5098039215686274,0.2554318471365747,0.6875,0.5,0.42105263157894735,0.6153846153846154,0.0
db25_MIPT_db25:49-en,1.0,1.0,1.0,0.7071067811865475,0.8955266952966369,0.9999999999999999,1.0,1.0,1.0,1.0,1.0,1.0,0.9736842105263158,0.97441793618856,1.0,0.7071067811865475,1.0,,1.0,1.0,1.0,1.0,1.0,1.0,0.0,1.0,1.0,1.0,1.0,1.0,1.0,0.7071067811865475,0.9333333333333333,0.9333333333333333,0.875,1.0,0.0
db25_MIPT_db25:49-es,1.0,1.0,1.0,0.7071067811865475,0.8955266952966369,0.9999999999999999,1.0,1.0,1.0,1.0,1.0,1.0,0.9736842105263158,0.97441793618856,1.0,0.7071067811865475,1.0,,1.0,1.0,1.0,1.0,1.0,1.0,0.0,1.0,1.0,1.0,1.0,1.0,1.0,0.7071067811865475,0.9333333333333333,0.9333333333333333,0.875,1.0,0.0
db25_MIPT_db25:5-en,0.0,0.0,0.0,0.07517081801936397,0.37618792451213057,0.6822422923379534,0.25,0.0,0.0,0.0,0.0,0.4375,0.6312056737588653,0.3506944444444444,0.0,0.17183771017498592,0.2222222222222222,,0.0,0.0,0.5133450480401704,0.5133450480401704,0.35714285714285715,0.35714285714285715,0.0,1.0,0.0,0.6666666666666667,0.3870967741935484,0.27586206896551724,0.14814814814814814,0.17183771017498592,0.6666666666666666,0.4444444444444444,0.4444444444444444,0.4444444444444444,0.0
db25_MIPT_db25:5-es,0.0,0.0,0.0,0.0,0.0,0.0,0.1566130288262323,0.0,0.0,0.0,0.0,0.0,0.14893617021276595,0.0,0.0,0.0,0.0,,0.0,1.0,0.0,0.0,0.0,0.0,0.0,0.0,0.0,0.0,0.0,0.0,0.0,0.0,0.0,0.0,0.0,0.0,0.0
db25_MIPT_db25:50-en,1.0,1.0,1.0,0.7071067811865475,0.8955266952966369,0.9999999999999998,1.0,1.0,1.0,1.0,1.0,1.0,0.9741935483870968,0.97441793618856,1.0,0.7071067811865475,1.0,,1.0,1.0,1.0,1.0,1.0,1.0,0.0,1.0,1.0,1.0,1.0,1.0,1.0,0.7071067811865475,0.9333333333333333,0.9333333333333333,0.875,1.0,0.0
db25_MIPT_db25:50-es,1.0,1.0,1.0,0.7071067811865475,0.8955266952966369,0.9999999999999998,1.0,1.0,1.0,1.0,1.0,1.0,0.9741935483870968,0.97441793618856,1.0,0.7071067811865475,1.0,,1.0,1.0,1.0,1.0,1.0,1.0,0.0,1.0,1.0,1.0,1.0,1.0,1.0,0.7071067811865475,0.9333333333333333,0.9333333333333333,0.875,1.0,0.0
db25_MIPT_db25:51-en,1.0,1.0,1.0,0.08316375084547825,0.4616483089905859,0.8783783783783783,0.4142135623730951,1.0,1.0,1.0,1.0,0.8461538461538461,0.5348837209302326,0.6345926800472255,1.0,0.3636227046500071,0.48,,1.0,1.0,0.3552267518610884,0.3552267518610884,0.6122448979591836,0.6122448979591836,0.0,1.0,1.0,0.8928571428571429,0.7037037037037037,0.5384615384615384,0.4000000000000001,0.3636227046500071,1.0,0.7857142857142857,0.7857142857142857,0.7857142857142857,0.0
db25_MIPT_db25:51-es,1.0,1.0,1.0,0.08316375084547825,0.4616483089905859,0.8783783783783783,0.4142135623730951,1.0,1.0,1.0,1.0,0.8461538461538461,0.5348837209302326,0.6345926800472255,1.0,0.3636227046500071,0.48,,1.0,1.0,0.3552267518610884,0.3552267518610884,0.6122448979591836,0.6122448979591836,0.0,1.0,1.0,0.8928571428571429,0.7037037037037037,0.5384615384615384,0.4000000000000001,0.3636227046500071,1.0,0.7857142857142857,0.7857142857142857,0.7857142857142857,0.0
db25_MIPT_db25:52-en,0.0,0.0,0.0,0.09419172665173166,0.4069487472753819,0.9083727292858552,0.3333333333333333,0.0,0.0,0.0,0.0,0.7142857142857143,0.54337899543379,0.5904761904761906,0.0,0.09858437095371828,0.44897959183673475,,0.0,0.0,0.10220648206108407,0.10220648206108407,0.44897959183673475,0.44897959183673475,0.0,1.0,0.0,0.8727272727272727,0.7169811320754718,0.5490196078431373,0.40816326530612246,0.09858437095371828,0.8,0.6666666666666667,0.5555555555555556,0.8333333333333334,0.0
db25_MIPT_db25:52-es,1.0,1.0,1.0,0.46595384151899627,0.5748217937130824,0.9459053029269171,0.5,1.0,1.0,1.0,1.0,0.9090909090909091,0.9365079365079365,0.8220833333333335,1.0,1.0,1.0,,1.0,1.0,1.0,1.0,1.0,1.0,0.0,1.0,1.0,0.9230769230769231,0.88,0.8333333333333334,0.782608695652174,1.0,1.0,0.8333333333333334,0.8333333333333334,0.8333333333333334,0.0
db25_MIPT_db25:53-en,0.0,0.0,0.0,0.4428500142691474,0.8071410749958583,0.9065784568807287,0.23166247903554,0.0,0.0,0.0,0.0,0.5,0.5176991150442478,0.8002649675099361,0.0,0.4428500142691474,0.3846153846153846,,0.0,0.0,0.7348889200874658,0.7348889200874658,0.8000000000000002,0.8000000000000002,0.0,1.0,0.0,0.7586206896551724,0.6428571428571429,0.5185185185185185,0.3846153846153846,0.4428500142691474,0.8148148148148148,0.8148148148148148,0.7857142857142857,0.8461538461538461,0.0
db25_MIPT_db25:53-es,1.0,1.0,1.0,0.14101863337620468,0.4383744212645323,0.8301992346604334,0.2402530733520421,1.0,1.0,1.0,1.0,0.5238095238095238,0.48672566371681414,0.6281217604372821,1.0,0.5731224484094262,0.5384615384615384,,1.0,1.0,1.0,1.0,1.0,1.0,0.0,1.0,1.0,0.7241379310344829,0.5714285714285715,0.4814814814814815,0.4230769230769231,0.5731224484094262,0.888888888888889,0.6666666666666666,0.6428571428571429,0.6923076923076923,0.0
db25_MIPT_db25:54-en,0.0,0.0,0.0,0.06862563494043768,0.438445471575267,0.6670633740309426,0.21712927295533244,0.0,0.0,0.0,0.0,0.4090909090909091,0.42342342342342343,0.45074722802506817,0.0,0.3370679495152944,0.2978723404255319,,0.0,1.0,0.3596789594708679,0.3596789594708679,0.3888888888888889,0.3888888888888889,0.0,1.0,0.0,0.5660377358490566,0.4313725490196078,0.326530612244898,0.25531914893617025,0.3370679495152944,0.7826086956521738,0.608695652173913,0.7,0.5384615384615384,0.5
db25_MIPT_db25:54-es,0.41025641025641024,1.0,0.25806451612903225,0.07679950026413179,0.4069121635486188,0.7531446678801509,0.23166247903554,0.0,0.41025641025641024,0.41025641025641024,1.0,0.5,0.6846846846846847,0.4818702290076337,1.0,0.4682568791024402,0.5185185185185185,,1.0,1.0,0.7348889200874658,0.7348889200874658,0.8095238095238095,0.8095238095238095,0.0,1.0,0.25806451612903225,0.6666666666666666,0.5172413793103449,0.3928571428571428,0.2962962962962963,0.4682568791024402,0.8148148148148148,0.5925925925925927,0.5714285714285714,0.6153846153846154,0.0
db25_MIPT_db25:55-en,1.0,1.0,1.0,0.32466791547509893,0.5061669788687747,0.8427009716003847,0.5,1.0,1.0,1.0,1.0,0.9090909090909091,0.8571428571428572,0.738954922628392,1.0,0.7825422900366437,1.0,,1.0,1.0,1.0,1.0,1.0,1.0,0.0,1.0,1.0,0.8666666666666667,0.7857142857142857,0.6923076923076923,0.6666666666666666,0.7825422900366437,0.9473684210526316,0.7368421052631577,0.7,0.7777777777777778,0.0
db25_MIPT_db25:55-es,1.0,1.0,1.0,0.32466791547509893,0.5061669788687747,0.8427009716003847,0.5,1.0,1.0,1.0,1.0,0.9090909090909091,0.8571428571428572,0.738954922628392,1.0,0.7825422900366437,1.0,,1.0,1.0,1.0,1.0,1.0,1.0,0.0,1.0,1.0,0.8666666666666667,0.7857142857142857,0.6923076923076923,0.6666666666666666,0.7825422900366437,0.9473684210526316,0.7368421052631577,0.7,0.7777777777777778,0.0
db25_MIPT_db25:56-en,0.8916876574307305,0.8232558139534883,0.9725274725274725,0.29668399147541685,0.4991709978688542,0.8048032452924891,0.3333333333333333,0.0,0.8916876574307305,0.8916876574307305,1.0,0.7777777777777778,0.5636363636363637,0.5568947762591275,1.0,0.5095859247187886,0.65,,1.0,0.8232558139534883,0.7691605673134586,0.7691605673134586,0.7894736842105263,0.7894736842105263,0.0,1.0,0.9725274725274725,0.7241379310344829,0.5714285714285714,0.4444444444444445,0.38461538461538464,0.5292280703549586,0.8571428571428572,0.6666666666666666,0.7,0.6363636363636364,0.0
db25_MIPT_db25:56-es,0.8860759493670886,0.8215962441314554,0.9615384615384616,0.040928102760134415,0.34049051874862674,0.6551413085191369,0.27429188517743175,0.0,0.8860759493670886,0.8860759493670886,1.0,0.6111111111111112,0.3422222222222222,0.23662551440329216,1.0,0.47631009147745074,0.5957446808510639,,1.0,0.8215962441314554,0.06878478468984725,0.06878478468984725,0.3636363636363636,0.3636363636363636,0.0,1.0,0.9615384615384616,0.5806451612903225,0.33333333333333337,0.17241379310344826,0.07142857142857142,0.2519649154562494,0.5,0.3,0.3333333333333333,0.2727272727272727,0.0
db25_MIPT_db25:57-en,0.0,0.0,0.0,0.004168514908224489,0.0037863273448431357,0.06998185081086374,0.12178632452799958,0.0,0.0,0.0,0.0,0.037037037037037035,0.1376811594202898,0.029761904761904764,0.0,0.004168514908224489,0.0,,0.0,1.0,0.0,0.0,0.0,0.0,0.0,0.0,0.0,0.047058823529411764,0.0,0.0,0.0,0.004168514908224489,0.022727272727272728,0.022727272727272728,0.01282051282051282,0.1,0.0
db25_MIPT_db25:57-es,0.0,0.0,0.0,0.0488926319669833,0.3378132255500449,0.7123956116565485,0.3090169943749474,0.0,0.0,0.0,0.0,0.6428571428571429,0.3936170212765957,0.5666909620991254,0.0,0.20726685590601443,0.17777777777777776,,0.0,1.0,0.21314568971111159,0.21314568971111159,0.18604651162790697,0.18604651162790697,0.0,1.0,0.0,0.47058823529411764,0.32653061224489793,0.21276595744680854,0.13333333333333333,0.20726685590601443,0.5625000000000001,0.4375,0.3181818181818182,0.7,0.25
db25_MIPT_db25:58-en,1.0,1.0,1.0,0.7071067811865475,0.8955266952966369,1.0000000000000002,1.0,1.0,1.0,1.0,1.0,1.0,0.974025974025974,0.97441793618856,1.0,0.7071067811865475,1.0,,1.0,1.0,1.0,1.0,1.0,1.0,0.0,1.0,1.0,1.0,1.0,1.0,1.0,0.7071067811865475,0.9333333333333333,0.9333333333333333,0.875,1.0,0.0
db25_MIPT_db25:58-es,1.0,1.0,1.0,0.7071067811865475,0.8955266952966369,1.0000000000000002,1.0,1.0,1.0,1.0,1.0,1.0,0.974025974025974,0.97441793618856,1.0,0.7071067811865475,1.0,,1.0,1.0,1.0,1.0,1.0,1.0,0.0,1.0,1.0,1.0,1.0,1.0,1.0,0.7071067811865475,0.9333333333333333,0.9333333333333333,0.875,1.0,0.0
db25_MIPT_db25:59-en,1.0,1.0,1.0,0.6233473783356551,0.7669479556950248,0.9394177609373549,0.4142135623730951,1.0,1.0,1.0,1.0,0.8666666666666667,0.8911290322580645,0.7675438596491228,1.0,0.7819448965013119,0.8928571428571429,,1.0,1.0,0.44097745641432656,0.44097745641432656,0.6071428571428571,0.6071428571428571,0.0,1.0,1.0,0.9032258064516129,0.8333333333333334,0.7931034482758621,0.7857142857142857,0.7819448965013119,0.9142857142857143,0.7999999999999999,0.7777777777777778,0.8235294117647058,0.0
db25_MIPT_db25:59-es,0.0,0.0,0.0,0.24318784513425343,0.5905588660454681,0.8864052604279185,0.36602540378443865,0.0,0.0,0.0,0.0,0.8,0.6763485477178424,0.5738110555748008,0.0,0.5832691937681824,0.7755102040816326,,0.0,0.0,0.5595607306983194,0.5595607306983194,0.7346938775510204,0.7346938775510204,0.0,1.0,0.0,0.7999999999999999,0.6792452830188679,0.5882352941176471,0.5306122448979592,0.5832691937681824,0.8387096774193549,0.7096774193548386,0.7857142857142857,0.6470588235294118,0.0
db25_MIPT_db25:6-en,1.0,1.0,1.0,0.16914964589483628,0.4629874766974324,0.8420814610899365,0.2402530733520421,1.0,1.0,1.0,1.0,0.5454545454545454,0.717687074829932,0.6023997370151216,1.0,0.7434855737622396,0.6571428571428571,,1.0,1.0,1.0,1.0,1.0,1.0,0.0,1.0,1.0,0.736842105263158,0.6216216216216217,0.5277777777777778,0.4571428571428572,0.7434855737622396,0.9444444444444444,0.7222222222222222,0.7222222222222222,0.7222222222222222,0.0
db25_MIPT_db25:6-es,1.0,1.0,1.0,0.2553027433060345,0.4943812413820642,0.8420814610899365,0.2402530733520421,1.0,1.0,1.0,1.0,0.5454545454545454,0.7448979591836735,0.7016765285996055,1.0,0.8394327083733336,0.7428571428571429,,1.0,1.0,1.0,1.0,1.0,1.0,0.0,1.0,1.0,0.736842105263158,0.6216216216216217,0.5277777777777778,0.4571428571428572,0.8394327083733336,0.9444444444444444,0.7222222222222222,0.7222222222222222,0.7222222222222222,0.0
db25_MIPT_db25:60-en,1.0,1.0,1.0,0.0436520136245068,0.373487924240679,0.6128258770283413,0.28989794855663564,1.0,1.0,1.0,1.0,0.625,0.32417582417582413,0.27777777777777773,1.0,1.0,1.0,,1.0,1.0,1.0,1.0,1.0,1.0,0.0,1.0,1.0,0.5777777777777778,0.27906976744186046,0.1951219512195122,0.10256410256410256,0.22527685781778523,0.625,0.37499999999999994,0.46153846153846156,0.3157894736842105,0.0
db25_MIPT_db25:60-es,1.0,1.0,1.0,0.0436520136245068,0.373487924240679,0.6128258770283413,0.28989794855663564,1.0,1.0,1.0,1.0,0.625,0.32417582417582413,0.27777777777777773,1.0,1.0,1.0,,1.0,1.0,1.0,1.0,1.0,1.0,0.0,1.0,1.0,0.5777777777777778,0.27906976744186046,0.1951219512195122,0.10256410256410256,0.22527685781778523,0.625,0.37499999999999994,0.46153846153846156,0.3157894736842105,0.0
db25_MIPT_db25:61-en,0.0,0.0,1.0,0.19268479640608693,0.4291235800539027,0.7504787743864566,0.36602540378443865,0.0,0.0,0.0,0.0,0.7857142857142857,0.6269430051813472,0.7596718169840699,0.0,0.33246844418058435,0.4864864864864865,,0.0,0.0,0.16601781645010644,0.16601781645010644,0.4210526315789474,0.4210526315789474,0.0,1.0,0.0,0.6976744186046512,0.48780487804878053,0.4615384615384615,0.4324324324324324,0.33246844418058435,0.7647058823529412,0.6470588235294118,0.5238095238095238,0.8461538461538461,0.0
db25_MIPT_db25:61-es,0.0,0.0,1.0,0.19268479640608693,0.4291235800539027,0.7504787743864566,0.36602540378443865,0.0,0.0,0.0,0.0,0.7857142857142857,0.6269430051813472,0.7596718169840699,0.0,0.33246844418058435,0.4864864864864865,,0.0,0.0,0.16601781645010644,0.16601781645010644,0.4210526315789474,0.4210526315789474,0.0,1.0,0.0,0.6976744186046512,0.48780487804878053,0.4615384615384615,0.4324324324324324,0.33246844418058435,0.7647058823529412,0.6470588235294118,0.5238095238095238,0.8461538461538461,0.0
db25_MIPT_db25:62-en,0.841897233201581,0.988399071925754,0.7332185886402753,0.06458042446538513,0.3689616736586361,0.6995439243733445,0.27429188517743175,0.0,0.841897233201581,0.841897233201581,1.0,0.5333333333333333,0.6391752577319587,0.5380116959064328,1.0,0.3759663529467017,0.43243243243243246,,1.0,0.988399071925754,0.44833867003844585,0.44833867003844585,0.5555555555555556,0.5555555555555556,0.0,1.0,0.7332185886402753,0.6511627906976745,0.48780487804878053,0.358974358974359,0.27027027027027023,0.3759663529467017,0.6956521739130435,0.5217391304347826,0.42857142857142855,0.6666666666666666,0.0
db25_MIPT_db25:62-es,0.0,0.0,0.0,0.08913289712923907,0.4174633551414503,0.7391304347826086,0.28989794855663564,0.0,0.0,0.0,0.0,0.5714285714285714,0.7638888888888888,0.5616605616605616,0.0,0.5555238068023582,0.6666666666666666,,0.0,1.0,0.6606328636027614,0.6606328636027614,0.6666666666666666,0.6666666666666666,0.0,1.0,0.0,0.7777777777777778,0.5882352941176471,0.4375,0.3333333333333333,0.5555238068023582,0.8421052631578948,0.631578947368421,0.6,0.6666666666666666,0.5
db25_MIPT_db25:63-en,0.0,0.0,0.0,0.0607839609197962,0.371740533176643,0.7895420339517226,0.3333333333333333,0.0,0.0,0.0,0.0,0.7142857142857143,0.4956896551724138,0.4877387152777778,0.0,0.28782231838054434,0.2127659574468085,,0.0,1.0,0.06699663798496865,0.06699663798496865,0.22222222222222224,0.22222222222222224,0.0,1.0,0.0,0.6415094339622641,0.39215686274509803,0.24489795918367344,0.12765957446808512,0.28782231838054434,0.75,0.5,0.4444444444444444,0.5714285714285714,0.0
db25_MIPT_db25:63-es,0.0,0.0,0.0,0.0607839609197962,0.371740533176643,0.7401956568297399,0.28989794855663564,0.0,0.0,0.0,0.0,0.6,0.5088495575221239,0.4877387152777778,0.0,0.28782231838054434,0.2127659574468085,,0.0,1.0,0.06699663798496865,0.06699663798496865,0.22222222222222224,0.22222222222222224,0.0,1.0,0.0,0.6037735849056605,0.39215686274509803,0.24489795918367344,0.12765957446808512,0.28782231838054434,0.75,0.5,0.4444444444444444,0.5714285714285714,0.0
db25_MIPT_db25:64-en,0.0,0.0,0.0,0.12742471966506072,0.41785089676046555,0.8582192607128007,0.3090169943749474,0.0,0.0,0.0,0.0,0.6666666666666666,0.7847533632286996,0.5361402671755726,0.0,0.4428500142691474,0.6274509803921569,,0.0,1.0,0.43527713779415106,0.43527713779415106,0.6274509803921569,0.6274509803921569,0.0,1.0,0.0,0.7719298245614034,0.6181818181818182,0.49056603773584906,0.39215686274509803,0.4428500142691474,0.8148148148148148,0.5925925925925927,0.5714285714285714,0.6153846153846154,0.0
db25_MIPT_db25:64-es,0.0,0.0,0.0,0.12742471966506072,0.41785089676046555,0.8582192607128007,0.3090169943749474,0.0,0.0,0.0,0.0,0.6666666666666666,0.7847533632286996,0.5361402671755726,0.0,0.4428500142691474,0.6274509803921569,,0.0,1.0,0.43527713779415106,0.43527713779415106,0.6274509803921569,0.6274509803921569,0.0,1.0,0.0,0.7719298245614034,0.6181818181818182,0.49056603773584906,0.39215686274509803,0.4428500142691474,0.8148148148148148,0.5925925925925927,0.5714285714285714,0.6153846153846154,0.0
db25_MIPT_db25:65-en,1.0,1.0,1.0,0.5555238068023582,0.8388809517005895,0.9565217391304348,0.4142135623730951,1.0,1.0,1.0,1.0,0.8333333333333334,0.912,0.855940934065934,1.0,0.5555238068023582,0.7692307692307693,,1.0,1.0,0.6606328636027614,0.6606328636027614,0.7692307692307693,0.7692307692307693,0.0,1.0,1.0,0.9375,0.8666666666666667,0.7857142857142857,0.7692307692307693,0.5555238068023582,0.8421052631578948,0.8421052631578948,0.8,0.8888888888888888,0.0
db25_MIPT_db25:65-es,1.0,1.0,1.0,0.5555238068023582,0.8388809517005895,0.9565217391304348,0.4142135623730951,1.0,1.0,1.0,1.0,0.8333333333333334,0.912,0.855940934065934,1.0,0.5555238068023582,0.7692307692307693,,1.0,1.0,0.6606328636027614,0.6606328636027614,0.7692307692307693,0.7692307692307693,0.0,1.0,1.0,0.9375,0.8666666666666667,0.7857142857142857,0.7692307692307693,0.5555238068023582,0.8421052631578948,0.8421052631578948,0.8,0.8888888888888888,0.0
db25_MIPT_db25:66-en,0.0,0.0,1.0,0.08402529517302224,0.369899601477812,0.7844113671670906,0.2240092377397959,0.0,0.0,0.0,0.0,0.6129032258064516,0.3931888544891641,0.530952380952381,0.0,0.2461351840762152,0.4594594594594595,,0.0,0.0,0.5569799760599949,0.5569799760599949,0.4150943396226415,0.4150943396226415,0.0,1.0,0.0,0.675,0.5384615384615383,0.4736842105263158,0.40540540540540543,0.2461351840762152,0.65,0.5,0.4166666666666667,0.625,0.3333333333333333
db25_MIPT_db25:66-es,0.0,0.0,1.0,0.6419752245682109,0.6163761590832292,0.9343314599580538,0.27429188517743175,1.0,0.0,0.0,0.0,0.7407407407407407,0.8558139534883721,0.8497591583217138,0.0,0.6419752245682109,0.6885245901639343,,0.0,0.0,0.744373319312051,0.744373319312051,0.5581395348837208,0.5581395348837208,0.0,0.0,0.0,0.8656716417910447,0.7692307692307692,0.7301587301587302,0.6885245901639343,0.6419752245682109,0.8484848484848485,0.8484848484848485,0.8235294117647058,0.875,0.25
db25_MIPT_db25:67-en,0.0,0.0,0.0,0.16934189459315158,0.43436770254401413,0.8025723539051282,0.36602540378443865,0.0,0.0,0.0,0.0,0.75,0.868421052631579,0.618131868131868,0.0,0.5555238068023582,0.8421052631578947,,0.0,1.0,0.6606328636027614,0.6606328636027614,0.8421052631578947,0.8421052631578947,0.0,1.0,0.0,0.8636363636363636,0.7619047619047619,0.7,0.6842105263157895,0.5555238068023582,0.8421052631578948,0.631578947368421,0.6,0.6666666666666666,0.0
db25_MIPT_db25:67-es,0.0,0.0,0.0,0.06170290107295076,0.3505779173381012,0.7506518906054693,0.20521309615767264,0.0,0.0,0.0,0.0,0.34782608695652173,0.42125984251968507,0.4694736842105264,0.0,0.2891784933232572,0.25925925925925924,,0.0,1.0,0.3448444257953326,0.3448444257953326,0.3684210526315789,0.3684210526315789,0.0,1.0,0.0,0.43333333333333335,0.3103448275862069,0.21428571428571427,0.14814814814814814,0.2891784933232572,0.6086956521739131,0.43478260869565216,0.35714285714285715,0.5555555555555556,0.0
db25_MIPT_db25:68-en,1.0,1.0,1.0,0.3303164318013807,0.4992457746170118,0.8178608201095307,0.4142135623730951,1.0,1.0,1.0,1.0,0.8181818181818182,0.8083333333333333,0.625,1.0,0.631196907822589,0.8799999999999999,,1.0,1.0,1.0,1.0,1.0,1.0,0.0,1.0,1.0,0.8387096774193549,0.7586206896551724,0.7407407407407408,0.7199999999999999,0.631196907822589,0.8888888888888888,0.6666666666666666,0.6666666666666666,0.6666666666666666,0.0
db25_MIPT_db25:68-es,0.0,0.0,0.0,0.11858206329002834,0.3804021659724913,0.7160414376577559,0.3333333333333333,0.0,0.0,0.0,0.0,0.6923076923076923,0.6549707602339181,0.5921052631578948,0.0,0.3759663529467017,0.6666666666666667,,0.0,1.0,0.3438931217657843,0.3438931217657843,0.4848484848484849,0.4848484848484849,0.0,1.0,0.0,0.6666666666666667,0.5945945945945945,0.5142857142857143,0.4848484848484849,0.3759663529467017,0.6956521739130435,0.5217391304347826,0.42857142857142855,0.6666666666666666,0.0
db25_MIPT_db25:69-en,0.0,0.0,0.0,0.1676784955078518,0.3680065803987021,0.7298004491997618,0.1951941016011038,0.0,0.0,0.0,0.0,0.34615384615384615,0.5621890547263682,0.646585557299843,0.0,0.1676784955078518,0.5128205128205128,,0.0,1.0,0.06197642900462529,0.0,0.3589743589743589,0.0,0.0,0.0,0.0,0.6222222222222222,0.5581395348837209,0.5365853658536585,0.5128205128205128,0.1676784955078518,0.43750000000000006,0.43750000000000006,0.30434782608695654,0.7777777777777778,0.0
db25_MIPT_db25:69-es,0.0,0.0,0.0,0.16020720994064927,0.362968469151829,0.719870728700614,0.1907435698305462,0.0,0.0,0.0,0.0,0.3333333333333333,0.5458937198067633,0.640427599611273,0.0,0.16020720994064927,0.5,,0.0,1.0,0.0594148560080453,0.0,0.35000000000000003,0.0,0.0,0.0,0.0,0.608695652173913,0.5454545454545454,0.5238095238095237,0.5,0.16020720994064927,0.42424242424242425,0.42424242424242425,0.2916666666666667,0.7777777777777778,0.0
db25_MIPT_db25:7-en,0.0,0.0,0.0,0.11858206329002834,0.3804021659724913,0.734968415259167,0.28989794855663564,0.0,0.0,0.0,0.0,0.625,0.3379629629629629,0.46106557377049184,0.0,0.5296074933406222,0.6842105263157895,,0.0,1.0,0.48442732379638637,0.48442732379638637,0.6842105263157895,0.6842105263157895,0.0,1.0,0.0,0.5957446808510638,0.4444444444444445,0.3255813953488372,0.24390243902439027,0.3759663529467017,0.6153846153846153,0.4615384615384615,0.42857142857142855,0.5,0.0
db25_MIPT_db25:7-es,0.0,0.0,0.0,0.06458042446538513,0.3689616736586361,0.734968415259167,0.28989794855663564,0.0,0.0,0.0,0.0,0.625,0.4246575342465754,0.4189435336976321,0.0,0.3661926362999429,0.6842105263157895,,0.0,1.0,0.48442732379638637,0.48442732379638637,0.6842105263157895,0.6842105263157895,0.0,1.0,0.0,0.5957446808510638,0.4444444444444445,0.3255813953488372,0.24390243902439027,0.29899503549981366,0.6153846153846153,0.4615384615384615,0.42857142857142855,0.5,0.0
db25_MIPT_db25:70-en,0.0,0.0,1.0,0.09346232292860233,0.3748315925117607,0.665640235470275,0.23166247903554,0.0,0.0,0.0,0.0,0.42105263157894735,0.4444444444444444,0.596260511719449,0.0,0.17411036809769517,0.1,,0.0,0.0,0.1549243683248917,0.1549243683248917,0.048780487804878044,0.048780487804878044,0.0,1.0,0.0,0.6086956521739131,0.27272727272727276,0.14285714285714285,0.05,0.17411036809769517,0.6470588235294118,0.5294117647058824,0.42857142857142855,0.6923076923076923,0.0
db25_MIPT_db25:70-es,0.0,0.0,1.0,0.09346232292860233,0.3748315925117607,0.718399304687588,0.23166247903554,0.0,0.0,0.0,0.0,0.42105263157894735,0.47342995169082125,0.596260511719449,0.0,0.17411036809769517,0.1,,0.0,0.0,0.1549243683248917,0.1549243683248917,0.048780487804878044,0.048780487804878044,0.0,1.0,0.0,0.5652173913043479,0.27272727272727276,0.14285714285714285,0.05,0.17411036809769517,0.6470588235294118,0.5294117647058824,0.42857142857142855,0.6923076923076923,0.0
db25_MIPT_db25:71-en,0.0,0.0,0.0,0.07713995116831293,0.6014490069977692,0.719870728700614,0.2402530733520421,0.0,0.0,0.0,0.0,0.47368421052631576,0.576271186440678,0.6753305288461539,0.0,0.21800193956058223,0.588235294117647,,0.0,1.0,0.07178681338813069,0.0,0.41176470588235287,0.0,0.0,0.0,0.0,0.7000000000000001,0.5263157894736841,0.4444444444444444,0.41176470588235287,0.21800193956058223,0.5,0.5,0.34782608695652173,0.8888888888888888,0.0
db25_MIPT_db25:72-en,0.0,0.0,0.0,0.21972813874997157,0.42993203468749286,0.7907887840742154,0.36602540378443865,0.0,0.0,0.0,0.0,0.7692307692307693,0.6310160427807487,0.7078410311493017,0.0,0.5296074933406222,0.787878787878788,,0.0,1.0,0.48442732379638637,0.48442732379638637,0.6060606060606061,0.6060606060606061,0.0,1.0,0.0,0.717948717948718,0.6486486486486486,0.5714285714285714,0.5454545454545455,0.5296074933406222,0.782608695652174,0.6086956521739131,0.5,0.7777777777777778,0.0
db25_MIPT_db25:72-es,0.0,0.0,0.0,0.0,0.0,0.05212860351426869,0.12729683913915313,0.0,0.0,0.0,0.0,0.04081632653061224,0.15142857142857147,0.0,0.0,0.0,0.0,,0.0,1.0,0.0,0.0,0.0,0.0,0.0,0.0,0.0,0.05333333333333334,0.0,0.0,0.0,0.0,0.0,0.0,0.0,0.0,0.0
db25_MIPT_db25:73-en,1.0,1.0,1.0,0.3303164318013807,0.4992457746170118,0.8178608201095309,0.4142135623730951,1.0,1.0,1.0,1.0,0.8181818181818182,0.8067226890756303,0.625,1.0,0.631196907822589,0.8695652173913043,,1.0,1.0,1.0,1.0,1.0,1.0,0.0,1.0,1.0,0.8275862068965518,0.7407407407407408,0.7199999999999999,0.6956521739130435,0.631196907822589,0.8888888888888888,0.6666666666666666,0.6666666666666666,0.6666666666666666,0.0
db25_MIPT_db25:73-es,0.0,0.0,0.0,0.07713995116831293,0.6014490069977692,0.7949537509361169,0.27429188517743175,0.0,0.0,0.0,0.0,0.5882352941176471,0.5722222222222222,0.6753305288461539,0.0,0.21800193956058223,0.5625000000000001,,0.0,1.0,0.07178681338813069,0.0,0.37499999999999994,0.0,0.0,0.0,0.0,0.7368421052631579,0.5555555555555556,0.41176470588235287,0.37499999999999994,0.21800193956058223,0.5,0.5,0.34782608695652173,0.8888888888888888,0.0
db25_MIPT_db25:74-en,0.0,0.0,0.0,0.42485683957734227,0.7539414826216083,0.9382104195877395,0.4142135623730951,0.0,0.0,0.0,0.0,0.8571428571428571,0.540625,0.8533903726211419,0.0,0.42485683957734227,0.4838709677419355,,0.0,1.0,0.05807559734245119,0.05807559734245119,0.3103448275862069,0.3103448275862069,0.0,1.0,0.0,0.6764705882352942,0.6363636363636364,0.5625,0.4838709677419355,0.42485683957734227,0.7222222222222223,0.7222222222222223,0.5909090909090909,0.9285714285714286,0.2
db25_MIPT_db25:74-es,0.0,0.0,0.0,0.5109375879171261,0.808289952534837,0.9539590550898285,0.5,0.0,0.0,0.0,0.0,0.9230769230769231,0.5652173913043479,0.8583990795529257,0.0,0.5109375879171261,0.48979591836734687,,0.0,1.0,0.579558149889942,0.579558149889942,0.6956521739130435,0.6956521739130435,0.0,1.0,0.0,0.8363636363636364,0.7547169811320754,0.6274509803921569,0.48979591836734687,0.5109375879171261,0.8125000000000001,0.8125000000000001,0.7222222222222222,0.9285714285714286,0.25
db25_MIPT_db25:75-en,0.0,0.0,0.0,0.12421298901804245,0.46855324725451064,0.8242593896780958,0.3333333333333333,0.0,0.0,0.0,0.0,0.6923076923076923,0.6413793103448275,0.3493788819875776,0.0,0.12421298901804245,0.4827586206896552,,0.0,0.0,0.12017990948265363,0.12017990948265363,0.4827586206896552,0.4827586206896552,0.0,1.0,0.0,0.6857142857142857,0.5454545454545455,0.5161290322580646,0.4827586206896552,0.12421298901804245,0.48,0.48,0.75,0.35294117647058826,0.0
db25_MIPT_db25:75-es,0.0,0.0,0.0,0.12421298901804245,0.46855324725451064,0.7326750130471962,0.28989794855663564,0.0,0.0,0.0,0.0,0.5714285714285714,0.6,0.3493788819875776,0.0,0.12421298901804245,0.4827586206896552,,0.0,0.0,0.12017990948265363,0.12017990948265363,0.4827586206896552,0.4827586206896552,0.0,1.0,0.0,0.6285714285714287,0.5454545454545455,0.5161290322580646,0.4827586206896552,0.12421298901804245,0.48,0.48,0.75,0.35294117647058826,0.0
db25_MIPT_db25:76-en,0.0,0.0,0.0,0.0002177866756132167,0.5750441995036344,0.576390417704235,0.14118784806383944,0.0,0.0,0.0,0.0,0.1956521739130435,0.15879828326180256,0.08865870786516854,0.0,0.0017784829977507803,0.14159292035398227,,0.0,1.0,0.0003900128724268404,0.0003900128724268404,0.14583333333333331,0.14583333333333331,0.0,1.0,0.0,0.31034482758620685,0.22807017543859648,0.16071428571428573,0.0909090909090909,0.0002177866756132167,0.18181818181818182,0.18181818181818182,0.8,0.10256410256410256,0.0
db25_MIPT_db25:76-es,0.0,0.0,0.0,0.00010986474718001867,0.40002152524106505,0.4779590634339101,0.13957875683699938,0.0,0.0,0.0,0.0,0.17391304347826086,0.15450643776824036,0.07178526841448189,0.0,0.0017784829977507803,0.14159292035398227,,0.0,1.0,0.0003900128724268404,0.0003900128724268404,0.14583333333333331,0.14583333333333331,0.0,1.0,0.0,0.27586206896551724,0.1929824561403509,0.125,0.07272727272727274,0.0002177866756132167,0.18181818181818182,0.13636363636363635,0.6,0.07692307692307693,0.0
db25_MIPT_db25:77-en,1.0,1.0,1.0,0.034535415012000976,0.3680377885317104,0.704469953676347,0.3333333333333333,1.0,1.0,1.0,1.0,0.6923076923076923,0.3443708609271523,0.20629084967320263,1.0,0.6716877364745231,0.923076923076923,,1.0,1.0,0.537845493675679,0.537845493675679,0.7586206896551724,0.7586206896551724,0.0,1.0,1.0,0.6842105263157895,0.3888888888888889,0.23529411764705882,0.125,0.1517558988729563,0.4800000000000001,0.32,0.4444444444444444,0.25,0.0
db25_MIPT_db25:77-es,1.0,1.0,1.0,0.034535415012000976,0.3680377885317104,0.6892556229607354,0.3090169943749474,1.0,1.0,1.0,1.0,0.6428571428571429,0.3377483443708609,0.20629084967320263,1.0,0.6716877364745231,0.923076923076923,,1.0,1.0,0.537845493675679,0.537845493675679,0.7586206896551724,0.7586206896551724,0.0,1.0,1.0,0.6842105263157895,0.3888888888888889,0.23529411764705882,0.125,0.1517558988729563,0.4800000000000001,0.32,0.4444444444444444,0.25,0.0
db25_MIPT_db25:78-en,0.0,0.0,0.0,0.6120772933255297,0.8494478947599539,0.931266147332835,0.2402530733520421,0.0,0.0,0.0,0.0,0.5454545454545454,0.6529209621993127,0.8284785259449938,0.0,0.6120772933255297,0.4477611940298507,,0.0,0.0,0.2981792160679168,0.2981792160679168,0.33962264150943394,0.33962264150943394,0.0,1.0,0.0,0.7945205479452055,0.676056338028169,0.5797101449275361,0.4776119402985075,0.6120772933255297,0.8461538461538461,0.8461538461538461,0.7857142857142857,0.9166666666666666,0.0
db25_MIPT_db25:78-es,1.0,1.0,1.0,0.8843865924896842,0.9606799814557544,0.9448031865020827,0.25,1.0,1.0,1.0,1.0,0.5714285714285714,0.8090277777777778,0.9580182734719597,1.0,0.8843865924896842,0.7000000000000001,,1.0,1.0,1.0,1.0,1.0,1.0,0.0,1.0,1.0,0.8181818181818182,0.7812500000000001,0.7419354838709676,0.7000000000000001,0.8843865924896842,0.9583333333333334,0.9583333333333334,0.9583333333333334,0.9583333333333334,0.0
db25_MIPT_db25:79-en,1.0,1.0,1.0,0.7825422900366437,0.920635572509161,1.0,1.0,1.0,1.0,1.0,1.0,1.0,0.967741935483871,0.9835843169176502,1.0,0.7825422900366437,1.0,,1.0,1.0,1.0,1.0,1.0,1.0,0.0,1.0,1.0,1.0,1.0,1.0,1.0,0.7825422900366437,0.9473684210526316,0.9473684210526316,0.9,1.0,0.0
db25_MIPT_db25:79-es,1.0,1.0,1.0,0.7825422900366437,0.920635572509161,1.0,1.0,1.0,1.0,1.0,1.0,1.0,0.967741935483871,0.9835843169176502,1.0,0.7825422900366437,1.0,,1.0,1.0,1.0,1.0,1.0,1.0,0.0,1.0,1.0,1.0,1.0,1.0,1.0,0.7825422900366437,0.9473684210526316,0.9473684210526316,0.9,1.0,0.0
db25_MIPT_db25:8-en,0.0,0.0,0.0,0.38260294162784475,0.7831507354069611,0.9729729729729728,0.4142135623730951,0.0,0.0,0.0,0.0,0.8181818181818182,0.9562043795620438,0.7922535211267605,0.0,0.38260294162784475,0.7333333333333333,,0.0,0.0,0.488923022434901,0.488923022434901,0.7333333333333333,0.7333333333333333,0.0,1.0,0.0,0.9444444444444444,0.8823529411764706,0.8125,0.7333333333333333,0.38260294162784475,0.7999999999999999,0.7999999999999999,0.75,0.8571428571428571,0.0
db25_MIPT_db25:8-es,0.0,0.0,0.0,0.38260294162784475,0.7831507354069611,0.9729729729729728,0.4142135623730951,0.0,0.0,0.0,0.0,0.8181818181818182,0.9323308270676691,0.7922535211267605,0.0,0.38260294162784475,0.7333333333333333,,0.0,0.0,0.488923022434901,0.488923022434901,0.7333333333333333,0.7333333333333333,0.0,1.0,0.0,0.9444444444444444,0.8823529411764706,0.8125,0.7333333333333333,0.38260294162784475,0.7999999999999999,0.7999999999999999,0.75,0.8571428571428571,0.0
db25_MIPT_db25:80-en,0.0,0.0,0.0,0.3288046464444611,0.5036297330396867,0.7787525237093231,0.27429188517743175,0.0,0.0,0.0,0.0,0.6666666666666666,0.3861003861003861,0.6703096539162113,0.0,0.42212444634245777,0.38596491228070173,,0.0,1.0,0.08629424410040928,0.0,0.1754385964912281,0.0,0.0,0.0,0.0,0.6984126984126984,0.42622950819672134,0.13559322033898305,0.03508771929824561,0.3288046464444611,0.7384615384615385,0.7384615384615385,0.6857142857142857,0.8,0.0
db25_MIPT_db25:80-es,0.0,0.0,0.0,0.3288046464444611,0.5036297330396867,0.7990502432696325,0.28989794855663564,0.0,0.0,0.0,0.0,0.7,0.38372093023255816,0.6703096539162113,0.0,0.5052638832308337,0.4210526315789474,,0.0,1.0,0.08779557645704832,0.0,0.1754385964912281,0.0,0.0,0.0,0.0,0.6984126984126984,0.42622950819672134,0.13559322033898305,0.03508771929824561,0.3288046464444611,0.7384615384615385,0.7384615384615385,0.6857142857142857,0.8,0.0
db25_MIPT_db25:81-en,0.0,0.0,0.0,0.05594537872262669,0.36173312163963534,0.7984646438921309,0.3090169943749474,0.0,0.0,0.0,0.0,0.6666666666666666,0.5667870036101084,0.5180180180180182,0.0,0.444670097512721,0.5185185185185185,,0.0,1.0,0.1333834317871524,0.1333834317871524,0.35294117647058826,0.35294117647058826,0.0,1.0,0.0,0.6000000000000001,0.4482758620689656,0.3214285714285714,0.22222222222222224,0.444670097512721,0.7222222222222223,0.5000000000000001,0.4090909090909091,0.6428571428571429,0.0
db25_MIPT_db25:81-es,0.0,0.0,0.0,0.06726851055770937,0.3867633892167878,0.8081220356417687,0.3090169943749474,0.0,0.0,0.0,0.0,0.6666666666666666,0.6926406926406927,0.5714163237311387,0.0,0.5918150152544451,0.5957446808510639,,0.0,1.0,0.13484759408473254,0.13484759408473254,0.40909090909090906,0.40909090909090906,0.0,1.0,0.0,0.6792452830188679,0.5098039215686274,0.3673469387755102,0.25531914893617025,0.5918150152544451,0.8125000000000001,0.5625000000000001,0.5,0.6428571428571429,0.0
db25_MIPT_db25:82-en,0.0,0.0,1.0,0.11954791985144486,0.11738697996286121,0.9266092777007612,0.3090169943749474,1.0,0.0,0.0,0.0,0.7222222222222222,0.37117117117117115,0.6577138627471713,0.0,0.28226415230660895,0.43956043956043955,,0.0,0.0,0.07709051727787745,0.0,0.3260869565217391,0.0,0.0,0.0,0.0,0.5154639175257733,0.4,0.3655913978494624,0.32967032967032966,0.28226415230660895,0.5964912280701754,0.4912280701754386,0.35,0.8235294117647058,0.0
db25_MIPT_db25:82-es,0.0,0.0,1.0,0.11363969701253604,0.3617432575864673,0.9266092777007612,0.3090169943749474,0.0,0.0,0.0,0.0,0.7222222222222222,0.3646017699115044,0.6509680795395081,0.0,0.2506795701905216,0.43956043956043955,,0.0,0.0,0.1934529902282619,0.1934529902282619,0.4090909090909091,0.4090909090909091,0.0,1.0,0.0,0.5154639175257733,0.4,0.3655913978494624,0.32967032967032966,0.2506795701905216,0.576271186440678,0.4745762711864407,0.3333333333333333,0.8235294117647058,0.0
db25_MIPT_db25:83-en,1.0,1.0,1.0,0.24739977342883948,0.4725642290714956,0.79611324338708,0.3333333333333333,1.0,1.0,1.0,1.0,0.7142857142857143,0.7777777777777778,0.6146384479717814,1.0,0.7825422900366437,0.8636363636363636,,1.0,1.0,0.16366306763707753,0.16366306763707753,0.5454545454545454,0.5454545454545454,0.0,1.0,1.0,0.76,0.6666666666666666,0.5652173913043478,0.5,0.7825422900366437,0.9285714285714286,0.6428571428571429,0.6428571428571429,0.6428571428571429,0.0
db25_MIPT_db25:83-es,0.0,0.0,0.0,0.02360789564792299,0.023445833561103552,0.44163581613454667,0.122828568570857,0.0,0.0,0.0,0.0,0.19047619047619047,0.19248826291079812,0.29386767782426776,0.0,0.07360634093677013,0.2764227642276423,,0.0,1.0,0.010030719672033242,0.0,0.17886178861788618,0.0,0.0,0.0,0.0,0.3255813953488372,0.2677165354330709,0.22400000000000006,0.19512195121951217,0.07360634093677013,0.18897637795275588,0.12598425196850394,0.07079646017699115,0.5714285714285714,0.0
db25_MIPT_db25:84-en,0.0,0.0,0.0,0.04838761325222208,0.38385538191175894,0.42236839574996027,0.25,0.0,0.0,0.0,0.0,0.47058823529411764,0.2459893048128342,0.32716179255207234,0.0,0.43242270754632145,0.10526315789473685,,0.0,1.0,0.44833867003844585,0.44833867003844585,0.1111111111111111,0.1111111111111111,0.0,1.0,0.0,0.5,0.2380952380952381,0.1,0.0,0.2816970410590029,0.588235294117647,0.4117647058823529,0.5,0.35,0.0
db25_MIPT_db25:84-es,0.0,0.0,0.0,0.04838761325222208,0.38385538191175894,0.3975231959999626,0.23166247903554,0.0,0.0,0.0,0.0,0.3888888888888889,0.2406417112299465,0.32716179255207234,0.0,0.43242270754632145,0.10526315789473685,,0.0,1.0,0.44833867003844585,0.44833867003844585,0.1111111111111111,0.1111111111111111,0.0,1.0,0.0,0.4545454545454546,0.2380952380952381,0.1,0.0,0.2816970410590029,0.588235294117647,0.4117647058823529,0.5,0.35,0.5
db25_MIPT_db25:85-en,1.0,1.0,1.0,0.32466791547509893,0.5061669788687747,0.8427009716003846,0.5,1.0,1.0,1.0,1.0,0.9090909090909091,0.8916666666666666,0.738954922628392,1.0,0.7825422900366437,1.0,,1.0,1.0,1.0,1.0,1.0,1.0,0.0,1.0,1.0,0.875,0.8000000000000002,0.7142857142857143,0.6923076923076923,0.7825422900366437,0.9473684210526316,0.7368421052631577,0.7,0.7777777777777778,0.0
db25_MIPT_db25:85-es,0.0,0.0,0.0,0.18879521773374403,0.6450248913899578,0.7884298457197199,0.28989794855663564,0.0,0.0,0.0,0.0,0.6470588235294118,0.6428571428571428,0.7911918328584996,0.0,0.26699675743024226,0.7058823529411765,,0.0,1.0,0.12740810460323607,0.0,0.5294117647058824,0.0,0.0,0.0,0.0,0.8,0.6842105263157895,0.6111111111111112,0.588235294117647,0.26699675743024226,0.5625,0.5625,0.391304347826087,1.0,0.0
db25_MIPT_db25:86-en,0.0,0.0,0.0,0.006277466950757328,0.006164674054433561,0.020261022461827694,0.1365270594958143,0.0,0.0,0.0,0.0,0.024390243902439025,0.18315018315018317,0.030303030303030307,0.0,0.006277466950757328,0.0,,0.0,1.0,0.006277466950757328,0.0,0.0,0.0,0.0,0.0,0.0,0.03076923076923077,0.0,0.0,0.0,0.006277466950757328,0.03278688524590164,0.03278688524590164,0.020833333333333332,0.07692307692307693,0.0
db25_MIPT_db25:86-es,0.0,0.0,0.0,0.007633935801913548,0.007797518940283577,0.06131393394849658,0.14118784806383944,0.0,0.0,0.0,0.0,0.02631578947368421,0.14500000000000002,0.03225806451612904,0.0,0.007633935801913548,0.0,,0.0,1.0,0.007633935801913548,0.0,0.0,0.0,0.0,0.0,0.0,0.03508771929824561,0.0,0.0,0.0,0.007633935801913548,0.0392156862745098,0.0392156862745098,0.02631578947368421,0.07692307692307693,0.0
db25_MIPT_db25:87-en,0.39999999999999997,0.9285714285714286,0.2549019607843137,0.5746426405577544,0.8242162156949941,0.9725861982587858,0.5,0.0,0.39999999999999997,0.4,1.0,0.9285714285714286,0.7469387755102042,0.8323060486522026,1.0,0.5746426405577544,0.7659574468085106,,1.0,0.9285714285714286,0.4169392927528885,0.4169392927528885,0.6222222222222222,0.6222222222222222,0.0,1.0,0.2549019607843137,0.8679245283018869,0.823529411764706,0.7755102040816326,0.7659574468085106,0.5746426405577544,0.8125000000000001,0.8125000000000001,0.7222222222222222,0.9285714285714286,0.0
db25_MIPT_db25:87-es,0.0,0.0,0.0,0.3407806467081348,0.6209094473913195,0.920774721067277,0.36602540378443865,0.0,0.0,0.0,0.0,0.7857142857142857,0.7868020304568528,0.5877425044091712,0.0,0.48415247130346006,0.5,,0.0,1.0,0.08886817068633099,0.08886817068633099,0.21621621621621623,0.21621621621621623,0.0,1.0,0.0,0.8260869565217391,0.5909090909090909,0.42857142857142855,0.25,0.48415247130346006,0.7857142857142857,0.6428571428571429,0.6428571428571429,0.6428571428571429,0.0
db25_MIPT_db25:88-en,1.0,1.0,1.0,0.14101863337620468,0.4383744212645323,0.7752025329784146,0.2402530733520421,1.0,1.0,1.0,1.0,0.5454545454545454,0.4460093896713615,0.6281217604372821,1.0,0.5731224484094262,0.5384615384615384,,1.0,1.0,1.0,1.0,1.0,1.0,0.0,1.0,1.0,0.6896551724137931,0.5714285714285715,0.4814814814814815,0.4230769230769231,0.5731224484094262,0.888888888888889,0.6666666666666666,0.6428571428571429,0.6923076923076923,0.0
db25_MIPT_db25:88-es,1.0,1.0,1.0,0.14101863337620468,0.4383744212645323,0.7752025329784146,0.2402530733520421,1.0,1.0,1.0,1.0,0.5454545454545454,0.4460093896713615,0.6281217604372821,1.0,0.5731224484094262,0.5384615384615384,,1.0,1.0,1.0,1.0,1.0,1.0,0.0,1.0,1.0,0.6896551724137931,0.5714285714285715,0.4814814814814815,0.4230769230769231,0.5731224484094262,0.888888888888889,0.6666666666666666,0.6428571428571429,0.6923076923076923,0.0
db25_MIPT_db25:89-en,0.0,0.0,1.0,0.1262863052097525,0.41675816482594596,0.7671455149152696,0.23166247903554,0.0,0.0,0.0,0.0,0.5416666666666666,0.38636363636363635,0.6550925925925927,0.0,0.294467310498826,0.42857142857142855,,0.0,0.0,0.813572896213838,0.813572896213838,0.8695652173913043,0.8695652173913043,0.0,1.0,0.0,0.6774193548387097,0.5,0.44827586206896547,0.39285714285714285,0.294467310498826,0.8108108108108109,0.6486486486486486,0.5714285714285714,0.75,0.0
db25_MIPT_db25:89-es,0.0,0.0,1.0,0.1262863052097525,0.41675816482594596,0.7671455149152696,0.23166247903554,0.0,0.0,0.0,0.0,0.5416666666666666,0.38636363636363635,0.6550925925925927,0.0,0.294467310498826,0.42857142857142855,,0.0,0.0,0.813572896213838,0.813572896213838,0.8695652173913043,0.8695652173913043,0.0,1.0,0.0,0.6774193548387097,0.5,0.44827586206896547,0.39285714285714285,0.294467310498826,0.8108108108108109,0.6486486486486486,0.5714285714285714,0.75,0.0
db25_MIPT_db25:9-en,0.0,0.0,0.0,0.5555238068023582,0.8388809517005895,0.9583333333333334,0.4142135623730951,0.0,0.0,0.0,0.0,0.8461538461538461,0.9343065693430657,0.855940934065934,0.0,0.5555238068023582,0.8571428571428571,,0.0,0.0,0.6606328636027614,0.6606328636027614,0.8571428571428571,0.8571428571428571,0.0,1.0,0.0,0.9411764705882353,0.875,0.8666666666666667,0.8571428571428571,0.5555238068023582,0.8421052631578948,0.8421052631578948,0.8,0.8888888888888888,0.0
db25_MIPT_db25:9-es,0.0,0.0,0.0,0.07713995116831293,0.6014490069977692,0.7077760731311634,0.27429188517743175,0.0,0.0,0.0,0.0,0.6111111111111112,0.641025641025641,0.6753305288461539,0.0,0.21800193956058223,0.6666666666666665,,0.0,1.0,0.07178681338813069,0.0,0.5000000000000001,0.0,0.0,0.0,0.0,0.7619047619047621,0.6,0.5263157894736841,0.5000000000000001,0.21800193956058223,0.5,0.5,0.34782608695652173,0.8888888888888888,0.0
db25_MIPT_db25:90-en,0.8,0.6666666666666666,1.0,0.13692677232311823,0.4197146792850507,0.7735267838285933,0.3090169943749474,0.0,0.8,0.8,1.0,0.6666666666666666,0.7849462365591398,0.5357142857142857,1.0,0.5333505353503044,0.65,,1.0,0.6666666666666666,0.5266403878479265,0.5266403878479265,0.65,0.65,0.0,1.0,1.0,0.7391304347826085,0.5454545454545454,0.42857142857142855,0.35,0.5333505353503044,0.8571428571428571,0.5714285714285714,0.5714285714285714,0.5714285714285714,0.0
db25_MIPT_db25:90-es,0.8,0.6666666666666666,1.0,0.13692677232311823,0.4197146792850507,0.7979249985750352,0.36602540378443865,0.0,0.8,0.8,1.0,0.7692307692307693,0.7184466019417476,0.5357142857142857,1.0,0.5333505353503044,0.65,,1.0,0.6666666666666666,0.5266403878479265,0.5266403878479265,0.65,0.65,0.0,1.0,1.0,0.7391304347826085,0.5454545454545454,0.42857142857142855,0.35,0.5333505353503044,0.8571428571428571,0.5714285714285714,0.5714285714285714,0.5714285714285714,0.0
db25_MIPT_db25:91-en,0.0,0.0,1.0,0.18556675930109115,0.41639168982527275,0.8282261079913418,0.3333333333333333,0.0,0.0,0.0,0.0,0.7333333333333333,0.6162361623616236,0.6395874424720578,0.0,0.23713320246552005,0.4489795918367347,,0.0,0.0,0.16105260722210762,0.16105260722210762,0.36000000000000004,0.36000000000000004,0.0,1.0,0.0,0.6909090909090908,0.5283018867924528,0.47058823529411764,0.40816326530612246,0.23713320246552005,0.7317073170731707,0.5853658536585366,0.48,0.75,0.0
db25_MIPT_db25:91-es,0.0,0.0,1.0,0.18556675930109115,0.41639168982527275,0.8282261079913418,0.3333333333333333,0.0,0.0,0.0,0.0,0.7333333333333333,0.6816326530612244,0.6395874424720578,0.0,0.23713320246552005,0.4489795918367347,,0.0,0.0,0.16105260722210762,0.16105260722210762,0.36000000000000004,0.36000000000000004,0.0,1.0,0.0,0.6909090909090908,0.5283018867924528,0.47058823529411764,0.40816326530612246,0.23713320246552005,0.7317073170731707,0.5853658536585366,0.48,0.75,0.0
db25_MIPT_db25:92-en,0.0,0.0,0.0,0.05656584938743446,0.3848917918236311,0.8854890790353704,0.36602540378443865,0.0,0.0,0.0,0.0,0.7857142857142857,0.6276150627615062,0.4350877192982456,0.0,0.28253893006668057,0.4074074074074074,,0.0,1.0,0.19454971214305244,0.19454971214305244,0.4230769230769231,0.4230769230769231,0.0,1.0,0.0,0.7666666666666667,0.5862068965517241,0.42857142857142855,0.2962962962962963,0.28253893006668057,0.7428571428571428,0.5142857142857143,0.5,0.5294117647058824,0.0
db25_MIPT_db25:92-es,0.0,0.0,0.0,0.05656584938743446,0.3848917918236311,0.8854890790353704,0.36602540378443865,0.0,0.0,0.0,0.0,0.7857142857142857,0.6276150627615062,0.4350877192982456,0.0,0.28253893006668057,0.4074074074074074,,0.0,1.0,0.19454971214305244,0.19454971214305244,0.4230769230769231,0.4230769230769231,0.0,1.0,0.0,0.7666666666666667,0.5862068965517241,0.42857142857142855,0.2962962962962963,0.28253893006668057,0.7428571428571428,0.5142857142857143,0.5,0.5294117647058824,0.0
db25_MIPT_db25:93-en,1.0,1.0,1.0,0.15011469300129815,0.4353331771057376,0.8760461646684614,0.21712927295533244,1.0,1.0,1.0,1.0,0.43478260869565216,0.5387323943661972,0.590728476821192,1.0,0.4477118844014734,0.5507246376811593,,1.0,1.0,0.7611606003349892,0.7611606003349892,0.8727272727272727,0.8727272727272727,0.0,1.0,1.0,0.7466666666666666,0.6575342465753423,0.5633802816901409,0.4927536231884058,0.4477118844014734,0.8387096774193549,0.6451612903225806,0.625,0.6666666666666666,0.0
db25_MIPT_db25:93-es,1.0,1.0,1.0,0.15011469300129815,0.4353331771057376,0.8754950457550009,0.21089672205953397,1.0,1.0,1.0,1.0,0.4166666666666667,0.5985915492957746,0.590728476821192,1.0,0.4477118844014734,0.5507246376811593,,1.0,1.0,0.7611606003349892,0.7611606003349892,0.8727272727272727,0.8727272727272727,0.0,1.0,1.0,0.7466666666666666,0.6575342465753423,0.5633802816901409,0.4927536231884058,0.4477118844014734,0.8387096774193549,0.6451612903225806,0.625,0.6666666666666666,0.0
db25_MIPT_db25:94-en,1.0,1.0,1.0,0.4366835442847812,0.5466708860711953,0.9459053029269172,0.5,1.0,1.0,1.0,1.0,0.9090909090909091,0.912621359223301,0.775219664108553,1.0,0.8265168183793802,1.0,,1.0,1.0,1.0,1.0,1.0,1.0,0.0,1.0,1.0,0.9259259259259259,0.8846153846153846,0.8399999999999999,0.7916666666666666,0.8265168183793802,0.9565217391304348,0.7826086956521738,0.75,0.8181818181818182,0.0
db25_MIPT_db25:94-es,1.0,1.0,1.0,0.2620251007173262,0.46133960851266487,0.8997354108424375,0.4142135623730951,1.0,1.0,1.0,1.0,0.8181818181818182,0.8349514563106796,0.5717962860820004,1.0,0.3264971028628052,0.7083333333333334,,1.0,1.0,0.37817904276524744,0.37817904276524744,0.7083333333333334,0.7083333333333334,0.0,1.0,1.0,0.8518518518518519,0.7307692307692306,0.68,0.625,0.3264971028628052,0.7826086956521738,0.6086956521739131,0.5833333333333334,0.6363636363636364,0.0
db25_MIPT_db25:95-en,0.33333333333333337,0.2,1.0,0.06458042446538513,0.3689616736586361,0.6587581226451353,0.28989794855663564,0.0,0.33333333333333337,0.3333333333333333,1.0,0.5714285714285714,0.6190476190476191,0.5380116959064328,0.25,0.3759663529467017,0.43243243243243246,,0.0,0.2,0.44833867003844585,0.44833867003844585,0.5555555555555556,0.5555555555555556,0.0,1.0,1.0,0.6511627906976745,0.48780487804878053,0.358974358974359,0.27027027027027023,0.3759663529467017,0.6956521739130435,0.5217391304347826,0.42857142857142855,0.6666666666666666,0.0
db25_MIPT_db25:95-es,0.33333333333333337,0.2,1.0,0.06458042446538513,0.3689616736586361,0.6587581226451353,0.28989794855663564,0.0,0.33333333333333337,0.3333333333333333,1.0,0.5714285714285714,0.6190476190476191,0.5380116959064328,0.25,0.3759663529467017,0.43243243243243246,,0.0,0.2,0.44833867003844585,0.44833867003844585,0.5555555555555556,0.5555555555555556,0.0,1.0,1.0,0.6511627906976745,0.48780487804878053,0.358974358974359,0.27027027027027023,0.3759663529467017,0.6956521739130435,0.5217391304347826,0.42857142857142855,0.6666666666666666,0.0
db25_MIPT_db25:96-en,0.7650050864699898,0.8120950323974082,0.7230769230769231,0.4250112553782811,0.7836721686832799,0.8176992573505848,0.3333333333333333,0.0,0.7650050864699898,0.8392857142857143,1.0,0.75,0.32183908045977017,0.6971862862482843,1.0,0.6029987316381817,0.5283018867924528,0.6753191357179631,1.0,0.8120950323974082,0.2764393753270045,0.2764393753270045,0.2745098039215686,0.2745098039215686,0.0,1.0,0.7230769230769231,0.6779661016949153,0.4912280701754386,0.2545454545454546,0.1509433962264151,0.4250112553782811,0.7457627118644068,0.7457627118644068,0.7096774193548387,0.7857142857142857,0.0
db25_MIPT_db25:96-es,0.0,0.0,0.0,0.19195641490894444,0.6203575247798677,0.6127368346781746,0.2612038749637414,0.0,0.0,0.0,0.0,0.5555555555555556,0.2774869109947644,0.49372693726937267,0.0,0.26114305433088825,0.19999999999999998,0.0,0.0,1.0,0.2869074088847111,0.2869074088847111,0.16216216216216214,0.16216216216216214,0.0,1.0,0.0,0.6086956521739131,0.3636363636363636,0.1904761904761905,0.049999999999999996,0.22300041249522742,0.7234042553191489,0.6382978723404255,0.7894736842105263,0.5357142857142857,0.5
db25_MIPT_db25:97-en,0.0,0.0,0.0,0.07679950026413179,0.4069121635486188,0.7364081197050364,0.21712927295533244,0.0,0.0,0.0,0.0,0.43478260869565216,0.4598214285714286,0.5361402671755726,0.0,0.4428500142691474,0.32,,0.0,0.0,0.7348889200874658,0.7348889200874658,0.7368421052631579,0.7368421052631579,0.0,1.0,0.0,0.6071428571428571,0.4444444444444444,0.30769230769230765,0.2,0.4428500142691474,0.8148148148148148,0.5925925925925927,0.5714285714285714,0.6153846153846154,0.0
db25_MIPT_db25:97-es,0.0,0.0,0.0,0.07679950026413179,0.4069121635486188,0.7552154687985865,0.2240092377397959,0.0,0.0,0.0,0.0,0.45454545454545453,0.4598214285714286,0.5361402671755726,0.0,0.4428500142691474,0.36000000000000004,,0.0,0.0,0.7348889200874658,0.7348889200874658,0.7894736842105263,0.7894736842105263,0.0,1.0,0.0,0.6428571428571429,0.4814814814814815,0.34615384615384615,0.24,0.4428500142691474,0.8148148148148148,0.5925925925925927,0.5714285714285714,0.6153846153846154,0.0
db25_MIPT_db25:98-en,0.0,0.0,0.0,0.5555238068023582,0.8388809517005895,0.9130434782608695,0.3333333333333333,0.0,0.0,0.0,0.0,0.6923076923076923,0.8706896551724138,0.855940934065934,0.0,0.5555238068023582,0.75,,0.0,1.0,0.6606328636027614,0.6606328636027614,0.75,0.75,0.0,1.0,0.0,0.8666666666666667,0.7857142857142857,0.7692307692307693,0.75,0.5555238068023582,0.8421052631578948,0.8421052631578948,0.8,0.8888888888888888,0.0
db25_MIPT_db25:98-es,0.0,0.0,0.0,0.5555238068023582,0.8388809517005895,0.9130434782608695,0.3333333333333333,0.0,0.0,0.0,0.0,0.6923076923076923,0.8706896551724138,0.855940934065934,0.0,0.5555238068023582,0.75,,0.0,1.0,0.6606328636027614,0.6606328636027614,0.75,0.75,0.0,1.0,0.0,0.8666666666666667,0.7857142857142857,0.7692307692307693,0.75,0.5555238068023582,0.8421052631578948,0.8421052631578948,0.8,0.8888888888888888,0.0
db25_MIPT_db25:99-en,0.0,0.0,0.0,0.06333787396008016,0.3947761419305945,0.8243996016473727,0.28989794855663564,0.0,0.0,0.0,0.0,0.625,0.7391304347826086,0.3005826271186441,0.0,0.12218196929033927,0.4583333333333333,,0.0,1.0,0.1149545866869886,0.1149545866869886,0.32558139534883723,0.32558139534883723,0.0,1.0,0.0,0.7777777777777778,0.6153846153846154,0.52,0.4583333333333333,0.12218196929033927,0.606060606060606,0.4848484848484848,0.5333333333333333,0.4444444444444444,0.0
db25_MIPT_db25:99-es,0.0,0.0,0.0,0.06333787396008016,0.3947761419305945,0.8243996016473727,0.28989794855663564,0.0,0.0,0.0,0.0,0.625,0.7391304347826086,0.3005826271186441,0.0,0.12218196929033927,0.4583333333333333,,0.0,1.0,0.1149545866869886,0.1149545866869886,0.32558139534883723,0.32558139534883723,0.0,1.0,0.0,0.7777777777777778,0.6153846153846154,0.52,0.4583333333333333,0.12218196929033927,0.606060606060606,0.4848484848484848,0.5333333333333333,0.4444444444444444,0.0
db25_WSE_db25:1-en,0.0,0.0,1.0,0.05023280342562557,0.4379950529606892,0.6083320211593787,0.1365270594958143,0.0,0.0,0.0,0.0,0.23076923076923078,0.17709720372836213,0.562685779370503,0.0,0.2516441111691874,0.5,,0.0,0.0,0.4521502877262322,0.4521502877262322,0.5454545454545454,0.5454545454545454,0.0,1.0,0.0,0.2937062937062937,0.1702127659574468,0.11510791366906477,0.07299270072992702,0.0511721409056993,0.3636363636363636,0.33766233766233766,0.21666666666666667,0.7647058823529411,0.0
db25_WSE_db25:1-es,0.0,0.0,1.0,0.04737619659888959,0.43332633928814707,0.5760080641693478,0.1365270594958143,0.0,0.0,0.0,0.0,0.23076923076923078,0.1641379310344827,0.5074660928534168,0.0,0.2516441111691874,0.5,,0.0,0.0,0.4521502877262322,0.4521502877262322,0.5454545454545454,0.5454545454545454,0.0,1.0,0.0,0.29999999999999993,0.14492753623188406,0.07352941176470587,0.029850746268656716,0.04833377530857743,0.33766233766233766,0.3116883116883117,0.2,0.7058823529411765,0.0
db25_WSE_db25:10-en,0.6666666666666667,0.97,0.5078534031413613,0.021965102454594206,0.2927213857914199,0.7934038082997676,0.1482675827043134,0.0,0.6666666666666667,0.6666666666666666,1.0,0.3888888888888889,0.20665083135391926,0.35007610350076107,1.0,0.3742031646082125,0.34375,,1.0,0.97,0.2023636001239045,0.2023636001239045,0.3703703703703704,0.3703703703703704,0.0,1.0,0.5078534031413613,0.4023668639053254,0.3233532934131737,0.2545454545454546,0.19631901840490798,0.1110160548934654,0.32,0.23999999999999996,0.15789473684210525,0.5,0.0
db25_WSE_db25:10-es,0.0,0.0,0.0,0.02005959287942105,0.28572827480470386,0.6697188811878637,0.1463924816619788,0.0,0.0,0.0,0.0,0.38181818181818183,0.2395287958115183,0.3149523542600897,0.0,0.4258744680390019,0.5581395348837208,,0.0,1.0,0.11739232380965381,0.11739232380965381,0.3548387096774193,0.3548387096774193,0.0,1.0,0.0,0.3902439024390244,0.24691358024691357,0.175,0.12658227848101267,0.08849118938243024,0.30379746835443033,0.20253164556962025,0.13114754098360656,0.4444444444444444,0.0
db25_WSE_db25:100-en,0.5652173913043478,1.0,0.3939393939393939,0.02291498848740066,0.2980384470643173,0.7314619205248593,0.1380262631157473,0.0,0.5652173913043478,0.3989769820971867,1.0,0.22,0.15744157441574413,0.45521978021978027,1.0,0.13399886170122643,0.5,,1.0,1.0,0.24446151121745052,0.24446151121745052,0.5777777777777778,0.5777777777777778,0.0,1.0,0.3939393939393939,0.24161073825503354,0.19047619047619047,0.15172413793103445,0.1258741258741259,0.04150727383849837,0.3714285714285714,0.2857142857142857,0.17857142857142858,0.7142857142857143,0.0
db25_WSE_db25:100-es,0.1276595744680851,1.0,0.06818181818181818,0.03887213301533122,0.3015036992266911,0.7233393492970543,0.1365270594958143,0.0,0.1276595744680851,0.08269525267993874,1.0,0.21568627450980393,0.1920199501246883,0.5151098901098902,1.0,0.5312583871630396,0.6511627906976745,,1.0,1.0,0.17387667580035124,0.17387667580035124,0.5333333333333332,0.5333333333333332,0.0,1.0,0.06818181818181818,0.24324324324324326,0.19178082191780818,0.15277777777777776,0.1267605633802817,0.1507293279152612,0.3714285714285714,0.2857142857142857,0.17857142857142858,0.7142857142857143,0.0
db25_WSE_db25:11-en,0.0,0.0,1.0,0.1547981586771203,0.4970328730026134,0.7077088304920244,0.13957875683699938,0.0,0.0,0.0,0.0,0.3448275862068966,0.23994452149791956,0.5375000000000001,0.0,0.10619370134651737,0.13793103448275862,,0.0,0.0,0.11023240421899361,0.11023240421899361,0.20833333333333331,0.20833333333333331,0.0,1.0,0.0,0.42038216560509556,0.32258064516129026,0.261437908496732,0.23841059602649012,0.14031100445495412,0.4719101123595506,0.449438202247191,0.3333333333333333,0.6896551724137931,0.0
db25_WSE_db25:11-es,0.0,0.0,1.0,0.12725469300101427,0.4863591277957081,0.7420046916830164,0.13957875683699938,0.0,0.0,0.0,0.0,0.3448275862068966,0.22744599745870397,0.5470608222901802,0.0,0.08444961526478574,0.17142857142857143,,0.0,0.0,0.24812562525879425,0.24812562525879425,0.4000000000000001,0.4000000000000001,0.0,1.0,0.0,0.42944785276073616,0.3229813664596274,0.25157232704402516,0.22929936305732485,0.12874330508144843,0.4631578947368421,0.4421052631578947,0.3181818181818182,0.7241379310344828,0.0
db25_WSE_db25:12-en,1.0,1.0,1.0,0.07692375026049747,0.5535446630553205,0.5681488791506196,0.13957875683699938,1.0,1.0,1.0,1.0,0.22448979591836735,0.13247863247863245,0.5241187384044527,1.0,1.0,1.0,,1.0,1.0,1.0,1.0,1.0,1.0,0.0,1.0,1.0,0.24427480916030533,0.17054263565891473,0.09448818897637794,0.047999999999999994,0.07692375026049747,0.23333333333333334,0.23333333333333334,0.13725490196078433,0.7777777777777778,0.0
db25_WSE_db25:12-es,1.0,1.0,1.0,0.15952108192798922,0.5867552704819973,0.6112266221434463,0.14118784806383944,1.0,1.0,1.0,1.0,0.22916666666666666,0.1697312588401697,0.6971959039142502,1.0,1.0,1.0,,1.0,1.0,1.0,1.0,1.0,1.0,0.0,1.0,1.0,0.24427480916030533,0.23255813953488372,0.2204724409448819,0.208,0.15952108192798922,0.3157894736842105,0.3157894736842105,0.1875,1.0,0.0
db25_WSE_db25:13-en,0.98,0.9607843137254902,1.0,0.09703328174669229,0.5627198588982115,0.6797751984934542,0.1566130288262323,0.0,0.98,0.98,1.0,0.42,0.1775147928994083,0.39457514044943826,1.0,0.43554520091572024,0.326530612244898,,1.0,0.9607843137254902,0.7348889200874658,0.7348889200874658,0.7894736842105263,0.7894736842105263,0.0,1.0,1.0,0.4275862068965517,0.32167832167832167,0.24113475177304966,0.17266187050359713,0.09703328174669229,0.24242424242424246,0.24242424242424246,0.15384615384615385,0.5714285714285714,0.0
db25_WSE_db25:13-es,0.98,0.9607843137254902,1.0,0.10663135316463938,0.5747347613680829,0.7507224182452744,0.1566130288262323,0.0,0.98,0.98,1.0,0.42,0.1875,0.4654494382022472,1.0,0.43554520091572024,0.326530612244898,,1.0,0.9607843137254902,0.7348889200874658,0.7348889200874658,0.7894736842105263,0.7894736842105263,0.0,1.0,1.0,0.40259740259740256,0.34210526315789475,0.27999999999999997,0.21621621621621623,0.10663135316463938,0.30303030303030304,0.30303030303030304,0.19230769230769232,0.7142857142857143,0.0
db25_WSE_db25:14-en,0.0,0.0,0.0,0.02691080471584901,0.5243855349391391,0.5880526515990141,0.14118784806383944,0.0,0.0,0.0,0.0,0.22916666666666666,0.17944785276073616,0.3289473684210526,0.0,0.38260294162784475,0.7647058823529412,,0.0,1.0,0.488923022434901,0.488923022434901,0.7647058823529412,0.7647058823529412,0.0,0.0,0.0,0.2923076923076923,0.1875,0.09523809523809525,0.032258064516129024,0.02691080471584901,0.13793103448275862,0.13793103448275862,0.0784313725490196,0.5714285714285714,0.0
db25_WSE_db25:14-es,0.0,0.0,0.0,0.02501655160296057,0.5226021369547025,0.5830135471153246,0.1380262631157473,0.0,0.0,0.0,0.0,0.22,0.17455621301775148,0.31779661016949146,0.0,0.12586898234382776,0.4390243902439025,,0.0,1.0,0.13806117619808217,0.13806117619808217,0.48780487804878053,0.48780487804878053,0.0,0.0,0.0,0.2835820895522388,0.18181818181818182,0.09230769230769231,0.03125,0.02501655160296057,0.1290322580645161,0.1290322580645161,0.07272727272727272,0.5714285714285714,0.0
db25_WSE_db25:15-en,1.0,1.0,1.0,0.07692375026049747,0.5535446630553205,0.5681488791506196,0.13957875683699938,1.0,1.0,1.0,1.0,0.22448979591836735,0.12861271676300579,0.5241187384044527,1.0,1.0,1.0,,1.0,1.0,1.0,1.0,1.0,1.0,0.0,1.0,1.0,0.23255813953488372,0.15748031496062992,0.09599999999999999,0.04878048780487805,0.07692375026049747,0.23333333333333334,0.23333333333333334,0.13725490196078433,0.7777777777777778,0.0
db25_WSE_db25:15-es,1.0,1.0,1.0,0.15952108192798922,0.5867552704819973,0.6112266221434463,0.14118784806383944,1.0,1.0,1.0,1.0,0.22916666666666666,0.15977175463623394,0.6971959039142502,1.0,1.0,1.0,,1.0,1.0,1.0,1.0,1.0,1.0,0.0,1.0,1.0,0.23255813953488372,0.2204724409448819,0.208,0.1951219512195122,0.15952108192798922,0.3157894736842105,0.3157894736842105,0.1875,1.0,0.0
db25_WSE_db25:16-en,1.0,1.0,1.0,0.0818893574657436,0.5569306726997693,0.5483030797216423,0.14118784806383944,1.0,1.0,1.0,1.0,0.22916666666666666,0.13169984686064318,0.5363075462743238,1.0,0.6606328636027614,0.75,,1.0,1.0,0.6606328636027614,0.6606328636027614,0.75,0.75,0.0,1.0,1.0,0.24390243902439027,0.16528925619834708,0.10084033613445378,0.05128205128205128,0.0818893574657436,0.24561403508771928,0.24561403508771928,0.14583333333333334,0.7777777777777778,0.0
db25_WSE_db25:16-es,1.0,1.0,1.0,0.0818893574657436,0.5569306726997693,0.5483030797216423,0.14118784806383944,1.0,1.0,1.0,1.0,0.22916666666666666,0.13117283950617287,0.5363075462743238,1.0,0.6606328636027614,0.75,,1.0,1.0,0.6606328636027614,0.6606328636027614,0.75,0.75,0.0,1.0,1.0,0.24390243902439027,0.16528925619834708,0.10084033613445378,0.05128205128205128,0.0818893574657436,0.24561403508771928,0.24561403508771928,0.14583333333333334,0.7777777777777778,0.0
db25_WSE_db25:17-en,1.0,1.0,1.0,0.10467398290797754,0.5751881035701316,0.7485741298361517,0.15438708879488486,1.0,1.0,1.0,1.0,0.4,0.17890520694259016,0.46807909604519776,1.0,0.41999739844885475,0.46808510638297873,,1.0,1.0,1.0,1.0,1.0,1.0,0.0,1.0,1.0,0.39473684210526316,0.3466666666666667,0.2972972972972973,0.24657534246575344,0.10467398290797754,0.3076923076923077,0.3076923076923077,0.19607843137254902,0.7142857142857143,0.0
db25_WSE_db25:17-es,1.0,1.0,1.0,0.09158971449230884,0.5592610649867136,0.6859734390887351,0.15438708879488486,1.0,1.0,1.0,1.0,0.4117647058823529,0.19586206896551728,0.38803522099447507,1.0,0.5515397895542207,0.8421052631578947,,1.0,1.0,1.0,1.0,1.0,1.0,0.0,1.0,1.0,0.39999999999999997,0.28378378378378377,0.21917808219178084,0.15277777777777776,0.09158971449230884,0.23188405797101444,0.23188405797101444,0.14545454545454545,0.5714285714285714,0.0
db25_WSE_db25:18-en,0.0,0.0,0.0,0.20400708077042878,0.6284665589250016,0.6445892096921843,0.1261319836228832,0.0,0.0,0.0,0.0,0.25,0.21395348837209305,0.7542042214991217,0.0,0.7098232254187811,0.32558139534883723,,0.0,1.0,0.6848075777090852,0.6848075777090852,0.3404255319148936,0.3404255319148936,0.0,1.0,0.0,0.2822085889570552,0.2236024844720497,0.1761006289308176,0.12738853503184713,0.20400708077042878,0.46315789473684216,0.46315789473684216,0.30985915492957744,0.9166666666666666,0.6666666666666666
db25_WSE_db25:18-es,0.0,0.0,0.0,0.20322600787847026,0.6329493591124747,0.7026202485519569,0.13100580420257674,0.0,0.0,0.0,0.0,0.2786885245901639,0.23747016706443913,0.7602086004732508,0.0,0.3909443137613962,0.2622950819672131,,0.0,0.0,0.5562871414913174,0.5562871414913174,0.49056603773584906,0.49056603773584906,0.0,1.0,0.0,0.3184713375796178,0.25806451612903225,0.19607843137254904,0.1456953642384106,0.20322600787847026,0.4893617021276595,0.4893617021276595,0.32857142857142857,0.9583333333333334,0.2
db25_WSE_db25:19-en,1.0,1.0,1.0,0.17959811450842098,0.35862501882318365,0.6711107288589643,0.14118784806383944,1.0,1.0,1.0,1.0,0.26,0.2126200274348422,0.6625701714459111,1.0,0.795637166192145,1.0,,1.0,1.0,1.0,1.0,1.0,1.0,0.0,1.0,1.0,0.29197080291970806,0.26666666666666666,0.24060150375939848,0.21374045801526717,0.25595154839297657,0.44776119402985076,0.38805970149253727,0.2549019607843137,0.8125,0.0
db25_WSE_db25:19-es,1.0,1.0,1.0,0.25595154839297657,0.63751729886295,0.697428796657355,0.14459058185587106,1.0,1.0,1.0,1.0,0.2857142857142857,0.2223796033994334,0.7683190883190885,1.0,0.795637166192145,1.0,,1.0,1.0,1.0,1.0,1.0,1.0,0.0,1.0,1.0,0.32116788321167883,0.3111111111111111,0.3007518796992481,0.2900763358778626,0.25595154839297657,0.44776119402985076,0.44776119402985076,0.29411764705882354,0.9375,0.0
db25_WSE_db25:2-en,0.6666666666666666,0.5,1.0,0.34315874765843674,0.7024563535812758,0.795421591036804,0.16952084719853724,1.0,0.6666666666666666,1.0,1.0,0.5471698113207547,0.33288227334235454,0.8150896722325295,1.0,0.7417090125042293,0.8000000000000002,,1.0,0.5,0.5743925240064298,0.5743925240064298,0.4186046511627907,0.4186046511627907,0.0,1.0,1.0,0.5521472392638037,0.5093167701863354,0.4528301886792453,0.4076433121019108,0.34315874765843674,0.6222222222222223,0.6222222222222223,0.4666666666666667,0.9333333333333333,0.0
db25_WSE_db25:2-es,0.0,0.0,0.0,0.2913127967269194,0.6831223168287887,0.8173087418193042,0.15894454156034005,0.0,0.0,0.0,0.0,0.5087719298245614,0.30934343434343436,0.8202498356344511,0.0,0.5023049672447087,0.6666666666666667,,0.0,1.0,0.5013053504161699,0.5013053504161699,0.5384615384615384,0.5384615384615384,0.0,1.0,0.0,0.5443786982248521,0.47904191616766467,0.42424242424242425,0.36809815950920244,0.2913127967269194,0.6122448979591837,0.6122448979591837,0.4411764705882353,1.0,0.0
db25_WSE_db25:20-en,1.0,1.0,1.0,0.018522799400046388,0.28002363741522057,0.6821393220789784,0.1482675827043134,1.0,1.0,1.0,1.0,0.37735849056603776,0.18870346598202825,0.2457264957264958,1.0,0.6841262339661334,0.711864406779661,,1.0,1.0,0.13256211062625048,0.13256211062625048,0.5,0.5,0.0,1.0,1.0,0.40993788819875776,0.27672955974842767,0.19108280254777066,0.1161290322580645,0.0875087325517323,0.2777777777777778,0.16666666666666669,0.10909090909090909,0.35294117647058826,0.0
db25_WSE_db25:20-es,1.0,1.0,1.0,0.018947209250944407,0.277350636463614,0.6772927927480357,0.14285714285714285,1.0,1.0,1.0,1.0,0.32075471698113206,0.20169252468265164,0.21862745098039216,1.0,0.21820657080024689,0.3137254901960784,,1.0,1.0,0.24385000379404742,0.24385000379404742,0.25,0.25,0.0,1.0,1.0,0.358974358974359,0.2597402597402597,0.18421052631578946,0.12,0.07274999134192134,0.20588235294117646,0.14705882352941177,0.09803921568627451,0.29411764705882354,0.0
db25_WSE_db25:21-en,1.0,1.0,1.0,0.07786300597778197,0.5596443229230169,0.5899435019032274,0.13957875683699938,1.0,1.0,1.0,1.0,0.24,0.1529093369418133,0.4212454212454213,1.0,0.5202556880807584,0.7,,1.0,1.0,0.4089601472043678,0.4089601472043678,0.55,0.55,0.0,1.0,1.0,0.2816901408450705,0.17142857142857146,0.10144927536231885,0.04411764705882353,0.07786300597778197,0.2571428571428572,0.2571428571428572,0.16071428571428573,0.6428571428571429,0.0
db25_WSE_db25:21-es,0.0,0.0,0.0,0.018522799400046388,0.28002363741522057,0.550613935109679,0.13367660240019172,0.0,0.0,0.0,0.0,0.19230769230769232,0.15468113975576658,0.2823818293431553,0.0,0.38999752528799086,0.65,,0.0,1.0,0.3541698766144061,0.3541698766144061,0.5,0.5,0.0,1.0,0.0,0.23943661971830987,0.14285714285714285,0.07246376811594203,0.02941176470588235,0.0695931335098971,0.23188405797101444,0.17391304347826086,0.10909090909090909,0.42857142857142855,0.0
db25_WSE_db25:22-en,0.846153846153846,0.7333333333333333,1.0,0.019538172771015244,0.27874473773821284,0.6991503494489015,0.15225881209433406,0.0,0.846153846153846,0.8461538461538461,1.0,0.40384615384615385,0.1834862385321101,0.2556818181818182,1.0,0.3760392305513499,0.3548387096774193,,1.0,0.7333333333333333,0.8003203203844999,0.8003203203844999,0.8399999999999999,0.8399999999999999,0.0,1.0,1.0,0.40993788819875776,0.27672955974842767,0.1910828025477707,0.12903225806451613,0.09282544875210458,0.2368421052631579,0.15789473684210528,0.10344827586206896,0.3333333333333333,0.0
db25_WSE_db25:22-es,0.846153846153846,0.7333333333333333,1.0,0.020498847198267296,0.28031710979014485,0.6838606049483806,0.15438708879488486,0.0,0.846153846153846,0.8461538461538461,1.0,0.4117647058823529,0.18888888888888888,0.25921658986175117,1.0,0.3760392305513499,0.3548387096774193,,1.0,0.7333333333333333,0.8003203203844999,0.8003203203844999,0.8399999999999999,0.8399999999999999,0.0,1.0,1.0,0.4129032258064516,0.26143790849673204,0.18543046357615894,0.1342281879194631,0.09803282847792723,0.24657534246575344,0.16438356164383564,0.10909090909090909,0.3333333333333333,0.0
db25_WSE_db25:23-en,0.0,0.0,1.0,0.09399351177760934,0.3501112811702088,0.5414642625317229,0.14118784806383944,0.0,0.0,0.0,0.0,0.3620689655172414,0.20838627700127066,0.43434201760230023,0.0,0.32195988846100065,0.35135135135135137,,0.0,0.0,0.30900167944749146,0.30900167944749146,0.2432432432432432,0.2432432432432432,0.0,1.0,0.0,0.35,0.2531645569620253,0.1923076923076923,0.16883116883116883,0.2141391708870322,0.46464646464646464,0.3838383838383838,0.3064516129032258,0.5135135135135135,0.0
db25_WSE_db25:23-es,0.0,0.0,1.0,0.2437718127362507,0.6691519084079433,0.619994118974881,0.1566130288262323,1.0,0.0,0.0,0.0,0.4727272727272727,0.275,0.7052170035671819,0.0,0.6031645427016851,0.7187499999999999,,0.0,0.0,1.0,1.0,1.0,1.0,0.0,1.0,0.0,0.42603550295857995,0.3592814371257485,0.2909090909090909,0.23312883435582818,0.2437718127362507,0.5576923076923076,0.5576923076923076,0.43283582089552236,0.7837837837837838,0.0
db25_WSE_db25:24-en,0.5,0.3333333333333333,1.0,0.013552262502019897,0.2724790062922892,0.5643076880039649,0.13507810593582123,0.0,0.5,0.5,1.0,0.22641509433962265,0.18282548476454297,0.1404494382022472,0.5,0.0663315643990053,0.5490196078431373,,0.0,0.3333333333333333,0.12222756094810885,0.12222756094810885,0.5490196078431373,0.5490196078431373,0.0,1.0,1.0,0.3129251700680272,0.16551724137931034,0.09790209790209792,0.028368794326241134,0.0152419945094267,0.21621621621621623,0.13513513513513514,0.08196721311475409,0.38461538461538464,0.0
db25_WSE_db25:24-es,0.5,0.3333333333333333,1.0,0.013552262502019897,0.2724790062922892,0.5643076880039649,0.13507810593582123,0.0,0.5,0.5,1.0,0.22641509433962265,0.1820689655172414,0.1404494382022472,0.5,0.0663315643990053,0.5490196078431373,,0.0,0.3333333333333333,0.12222756094810885,0.12222756094810885,0.5490196078431373,0.5490196078431373,0.0,1.0,1.0,0.3129251700680272,0.16551724137931034,0.09790209790209792,0.028368794326241134,0.0152419945094267,0.21621621621621623,0.13513513513513514,0.08196721311475409,0.38461538461538464,0.0
db25_WSE_db25:25-en,0.0,0.0,1.0,0.05353859558398922,0.5577394876056747,0.6877219497889648,0.15225881209433406,0.0,0.0,0.0,0.0,0.41509433962264153,0.1671087533156499,0.43127657867287167,0.0,0.2610490903329069,0.6984126984126984,,0.0,0.0,0.4521502877262322,0.4521502877262322,0.6363636363636364,0.6363636363636364,0.0,1.0,0.0,0.41025641025641024,0.24675324675324675,0.17105263157894737,0.11999999999999998,0.05353859558398922,0.28205128205128205,0.28205128205128205,0.1774193548387097,0.6875,0.0
db25_WSE_db25:25-es,0.0,0.0,1.0,0.03020451711558112,0.29158817374299345,0.6623490861666139,0.1482675827043134,0.0,0.0,0.0,0.0,0.37735849056603776,0.16890080428954424,0.3721682847896441,0.0,0.22423870508323301,0.3773584905660377,,0.0,0.0,0.4521502877262322,0.4521502877262322,0.6363636363636364,0.6363636363636364,0.0,1.0,0.0,0.3741935483870968,0.2352941176470588,0.17218543046357615,0.12080536912751678,0.05353859558398922,0.28205128205128205,0.2307692307692308,0.14516129032258066,0.5625,0.0
db25_WSE_db25:26-en,0.0,0.0,0.0,0.030795632252138338,0.2820919100165945,0.5557152892117793,0.1380262631157473,0.0,0.0,0.0,0.0,0.1875,0.13169319826338644,0.3484375,0.0,0.37707945965932077,0.6666666666666666,,0.0,0.0,0.6606328636027614,0.6606328636027614,0.7857142857142857,0.7857142857142857,0.0,1.0,0.0,0.21705426356589147,0.15748031496062992,0.128,0.0975609756097561,0.0601404657039283,0.25,0.17857142857142855,0.10638297872340426,0.5555555555555556,0.0
db25_WSE_db25:26-es,1.0,1.0,1.0,0.018617634897091045,0.2768230120966833,0.5502511450983383,0.1380262631157473,1.0,1.0,1.0,1.0,0.20408163265306123,0.13001383125864452,0.3353383458646617,1.0,0.7825422900366437,1.0,,1.0,1.0,1.0,1.0,1.0,1.0,0.0,1.0,1.0,0.22556390977443608,0.13740458015267176,0.07751937984496124,0.031496062992125984,0.07130868363536949,0.22950819672131148,0.1639344262295082,0.09615384615384616,0.5555555555555556,0.0
db25_WSE_db25:27-en,0.0,0.0,0.0,0.05678170484701192,0.34404238210220145,0.20412414523193154,0.2240092377397959,0.0,0.0,0.0,0.0,0.14285714285714285,0.19199999999999995,0.33938172043010756,0.0,0.0628392861239482,0.0,,0.0,0.0,0.054305447428505634,0.054305447428505634,0.0,0.0,0.0,1.0,0.0,0.15384615384615385,0.0,0.0,0.0,0.0628392861239482,0.5714285714285715,0.380952380952381,0.3333333333333333,0.4444444444444444,0.0
db25_WSE_db25:27-es,0.0,0.0,0.0,0.05678170484701192,0.34404238210220145,0.20412414523193154,0.2240092377397959,0.0,0.0,0.0,0.0,0.14285714285714285,0.19199999999999995,0.33938172043010756,0.0,0.0628392861239482,0.0,,0.0,0.0,0.054305447428505634,0.054305447428505634,0.0,0.0,0.0,1.0,0.0,0.15384615384615385,0.0,0.0,0.0,0.0628392861239482,0.5714285714285715,0.380952380952381,0.3333333333333333,0.4444444444444444,0.0
db25_WSE_db25:28-en,0.8571428571428571,1.0,0.75,0.1625886000224846,0.5049328642913354,0.6982257037691895,0.15438708879488486,0.0,0.8571428571428571,0.8571428571428571,1.0,0.4339622641509434,0.2612994350282486,0.39157894736842114,1.0,0.39348323298566595,0.4931506849315069,,1.0,1.0,0.47341139378535857,0.47341139378535857,0.6470588235294118,0.6470588235294118,0.0,1.0,0.75,0.4539877300613497,0.3354037267080745,0.25157232704402516,0.20382165605095542,0.21770139456700008,0.4782608695652174,0.43478260869565216,0.35714285714285715,0.5555555555555556,0.0
db25_WSE_db25:28-es,0.9090909090909091,1.0,0.8333333333333334,0.18059677965623683,0.5072704070352714,0.6727202428650325,0.15438708879488486,0.0,0.9090909090909091,0.9090909090909091,1.0,0.4444444444444444,0.2515723270440252,0.5232417236197955,1.0,0.47253364150329147,0.6153846153846155,,1.0,1.0,0.4571698763985791,0.4571698763985791,0.597938144329897,0.597938144329897,0.0,1.0,0.8333333333333334,0.383419689119171,0.28272251308900526,0.2222222222222222,0.17112299465240643,0.18059677965623683,0.45098039215686275,0.45098039215686275,0.3484848484848485,0.6388888888888888,0.0
db25_WSE_db25:29-en,0.0,0.0,0.0,0.02038579679765606,0.5182618045778834,0.600821998624012,0.125,0.0,0.0,0.0,0.0,0.15517241379310345,0.1502958579881657,0.28625954198473286,0.0,0.06358373051561506,0.26229508196721313,,0.0,1.0,0.07178681338813069,0.07178681338813069,0.3137254901960785,0.3137254901960785,0.0,0.0,0.0,0.272108843537415,0.1793103448275862,0.0979020979020979,0.0425531914893617,0.02038579679765606,0.10666666666666666,0.10666666666666666,0.058823529411764705,0.5714285714285714,0.0
db25_WSE_db25:29-es,0.0,0.0,0.0,0.023000753623549374,0.5207090358795055,0.5562065480607078,0.122828568570857,0.0,0.0,0.0,0.0,0.1206896551724138,0.15994962216624686,0.3048780487804878,0.0,0.07490792309814948,0.0,,0.0,1.0,0.09682184923566334,0.09682184923566334,0.0,0.0,0.0,0.0,0.0,0.24324324324324326,0.1643835616438356,0.08333333333333333,0.028169014084507046,0.023000753623549374,0.11940298507462686,0.11940298507462686,0.06666666666666667,0.5714285714285714,0.5
db25_WSE_db25:3-en,1.0,1.0,1.0,0.016222432230252586,0.2737345556059409,0.5052272475500962,0.1365270594958143,1.0,1.0,1.0,1.0,0.1836734693877551,0.13016845329249616,0.24658203125000006,1.0,0.37707945965932077,0.64,,1.0,1.0,0.6606328636027614,0.6606328636027614,0.7692307692307693,0.7692307692307693,0.0,1.0,1.0,0.2096774193548387,0.11475409836065573,0.06666666666666667,0.03389830508474577,0.03567034017866321,0.21428571428571427,0.14285714285714285,0.0851063829787234,0.4444444444444444,0.0
db25_WSE_db25:3-es,1.0,1.0,1.0,0.016222432230252586,0.2737345556059409,0.5052272475500962,0.1365270594958143,1.0,1.0,1.0,1.0,0.1836734693877551,0.13056835637480801,0.24658203125000006,1.0,0.37707945965932077,0.64,,1.0,1.0,0.6606328636027614,0.6606328636027614,0.7692307692307693,0.7692307692307693,0.0,1.0,1.0,0.2096774193548387,0.11475409836065573,0.06666666666666667,0.03389830508474577,0.03567034017866321,0.21428571428571427,0.14285714285714285,0.0851063829787234,0.4444444444444444,0.0
db25_WSE_db25:30-en,0.0,0.0,1.0,0.08601230531735271,0.33513943996570184,0.6419444090860013,0.13957875683699938,0.0,0.0,0.0,0.0,0.2549019607843137,0.22033898305084743,0.619768644785103,0.0,0.6026080978557137,0.7142857142857142,,0.0,0.0,1.0,1.0,1.0,1.0,0.0,1.0,0.0,0.27067669172932335,0.21374045801526714,0.17054263565891473,0.12598425196850394,0.14897768288578156,0.4383561643835616,0.38356164383561636,0.2545454545454545,0.7777777777777778,0.0
db25_WSE_db25:30-es,0.0,0.0,1.0,0.17863245038851694,0.36362362983850854,0.6721578364188837,0.13957875683699938,0.0,0.0,0.0,0.0,0.2692307692307692,0.22070844686648505,0.7215909090909091,0.0,0.6026080978557137,0.7142857142857142,,0.0,0.0,1.0,1.0,1.0,1.0,0.0,1.0,0.0,0.28776978417266186,0.26277372262773724,0.23703703703703705,0.21052631578947367,0.2462467847324443,0.4736842105263158,0.42105263157894735,0.27586206896551724,0.8888888888888888,0.0
db25_WSE_db25:31-en,1.0,1.0,1.0,0.017993384625119804,0.27582657149169826,0.6167775384244986,0.1380262631157473,1.0,1.0,1.0,1.0,0.22,0.16485013623978206,0.26081871345029245,1.0,0.5016513759455239,0.4897959183673469,,1.0,1.0,1.0,1.0,1.0,1.0,0.0,1.0,1.0,0.2535211267605634,0.14285714285714285,0.07246376811594203,0.02941176470588235,0.0862484969373212,0.208955223880597,0.14925373134328357,0.09259259259259259,0.38461538461538464,0.0
db25_WSE_db25:31-es,1.0,1.0,1.0,0.020014189253724536,0.27906588156451123,0.595847234011464,0.14118784806383944,1.0,1.0,1.0,1.0,0.22916666666666666,0.18305597579425115,0.2703030303030303,1.0,0.5574689950645962,0.6666666666666667,,1.0,1.0,0.6370964381207871,0.6370964381207871,0.8125000000000001,0.8125000000000001,0.0,1.0,1.0,0.2727272727272727,0.15384615384615383,0.078125,0.031746031746031744,0.0973834065412635,0.22950819672131148,0.16393442622950818,0.10416666666666667,0.38461538461538464,0.0
db25_WSE_db25:32-en,0.33333333333333337,1.0,0.2,0.03831052616334022,0.30676930780415196,0.6670137985134994,0.1380262631157473,0.0,0.33333333333333337,0.3333333333333333,1.0,0.23529411764705882,0.19489247311827962,0.4464471115910129,1.0,0.3669531650821538,0.39999999999999997,,1.0,1.0,0.13484759408473254,0.13484759408473254,0.40909090909090906,0.40909090909090906,0.0,1.0,0.2,0.25531914893617025,0.17266187050359713,0.11678832116788321,0.08888888888888888,0.11969290421896117,0.3943661971830986,0.3098591549295775,0.2,0.6875,0.0
db25_WSE_db25:32-es,0.33333333333333337,1.0,0.2,0.04035724998899943,0.29885950241429465,0.6237379188044179,0.13957875683699938,0.0,0.33333333333333337,0.3333333333333333,1.0,0.22448979591836735,0.15193370165745856,0.36580403645833337,1.0,0.3827521065936582,0.28571428571428575,,1.0,1.0,0.42773277771953144,0.42773277771953144,0.29411764705882354,0.29411764705882354,0.0,1.0,0.2,0.2,0.13043478260869568,0.08823529411764705,0.05970149253731343,0.10464528052778975,0.3125,0.25,0.16666666666666666,0.5,0.0
db25_WSE_db25:33-en,0.0,0.0,1.0,0.03127755337240358,0.28999120882305895,0.5070146973032634,0.13507810593582123,0.0,0.0,0.0,0.0,0.21153846153846154,0.14071856287425155,0.4013392857142858,0.0,0.34791594751284466,0.45161290322580644,,0.0,0.0,0.7135499262437225,0.7135499262437225,0.6666666666666667,0.6666666666666667,0.0,1.0,0.0,0.23076923076923078,0.125,0.07936507936507937,0.03225806451612904,0.08286037947656906,0.28169014084507044,0.22535211267605634,0.13793103448275862,0.6153846153846154,0.0
db25_WSE_db25:33-es,0.0,0.0,1.0,0.04352518149808584,0.2964585462013152,0.5693924764235931,0.13367660240019172,0.0,0.0,0.0,0.0,0.20754716981132076,0.14618369987063384,0.4917107583774251,0.0,0.3118687901642478,0.27027027027027023,,0.0,0.0,0.6086700968648568,0.6086700968648568,0.5641025641025642,0.5641025641025642,0.0,1.0,0.0,0.2112676056338028,0.14285714285714285,0.11594202898550726,0.08823529411764706,0.09641781305389723,0.30985915492957744,0.2535211267605634,0.15517241379310345,0.6923076923076923,0.0
db25_WSE_db25:34-en,0.0,0.0,0.0,0.03743280688719972,0.34039317339256925,0.10153461651336192,0.17253779651421453,0.0,0.0,0.0,0.0,0.08,0.1030927835051546,0.1912878787878788,0.0,0.04451536028478077,0.0,,0.0,0.0,0.09981338936974356,0.09981338936974356,0.0,0.0,0.0,1.0,0.0,0.07692307692307693,0.0,0.0,0.0,0.04451536028478077,0.5517241379310345,0.27586206896551724,0.3333333333333333,0.23529411764705882,0.0
db25_WSE_db25:34-es,0.0,0.0,0.0,0.010975096832121986,0.2700750347227749,0.6082474226804123,0.11606619483971768,0.0,0.0,0.0,0.0,0.21621621621621623,0.17560975609756102,0.18221747388414058,0.0,0.1007545091528814,0.04819277108433735,,0.0,1.0,0.05270387472280584,0.05270387472280584,0.0,0.0,0.0,1.0,0.0,0.2871287128712871,0.19,0.1414141414141414,0.09183673469387756,0.02575828439178543,0.20408163265306123,0.12244897959183673,0.07407407407407407,0.35294117647058826,0.6666666666666666
db25_WSE_db25:35-en,0.0,0.0,0.0,0.017121960029749788,0.27751569966752526,0.5850567254500564,0.13507810593582123,0.0,0.0,0.0,0.0,0.21153846153846154,0.18537859007832902,0.28876333961079725,0.0,0.5356976960859321,0.7999999999999999,,0.0,1.0,0.44815017360408727,0.44815017360408727,0.6909090909090909,0.6909090909090909,0.0,1.0,0.0,0.2913907284768212,0.174496644295302,0.09523809523809525,0.041379310344827586,0.06930497532321182,0.2465753424657534,0.16438356164383564,0.1,0.46153846153846156,0.0
db25_WSE_db25:35-es,0.0,0.0,0.0,0.01915332525573354,0.2811596778423745,0.5652767597611373,0.1365270594958143,0.0,0.0,0.0,0.0,0.21568627450980393,0.18481375358166185,0.3006535947712418,0.0,0.4785543921093737,0.7916666666666666,,0.0,1.0,0.7910665071754358,0.7910665071754358,0.875,0.875,0.0,1.0,0.0,0.28368794326241137,0.14388489208633096,0.07299270072992702,0.02962962962962963,0.07872924608228367,0.27272727272727276,0.18181818181818182,0.11320754716981132,0.46153846153846156,0.0
db25_WSE_db25:36-en,1.0,1.0,1.0,0.018939623377806514,0.28405651217840633,0.6947398990174681,0.1482675827043134,1.0,1.0,1.0,1.0,0.37735849056603776,0.196524064171123,0.27389903329752957,1.0,0.5761979573579521,0.6101694915254237,,1.0,1.0,0.07236130645541398,0.07236130645541398,0.4583333333333333,0.4583333333333333,0.0,1.0,1.0,0.40993788819875776,0.2893081761006289,0.20382165605095542,0.12903225806451615,0.0914302887974876,0.3013698630136986,0.1917808219178082,0.125,0.4117647058823529,0.0
db25_WSE_db25:36-es,1.0,1.0,1.0,0.0163855989842641,0.28129686947413945,0.6818823829647958,0.15022110482233483,1.0,1.0,1.0,1.0,0.37254901960784315,0.2064606741573034,0.20799457994579948,1.0,0.4450022700918758,0.5517241379310345,,1.0,1.0,0.06230663156564029,0.06230663156564029,0.46808510638297873,0.46808510638297873,0.0,1.0,1.0,0.40259740259740256,0.2631578947368421,0.2,0.13513513513513514,0.049659066755527094,0.2898550724637681,0.1739130434782609,0.11538461538461539,0.35294117647058826,0.0
db25_WSE_db25:37-en,0.0,0.0,0.0,0.018947209250944407,0.277350636463614,0.5502511450983384,0.1380262631157473,0.0,0.0,0.0,0.0,0.20408163265306123,0.12446351931330468,0.33787878787878795,0.0,0.6606328636027614,0.7692307692307693,,0.0,1.0,0.6606328636027614,0.6606328636027614,0.7692307692307693,0.7692307692307693,0.0,1.0,0.0,0.2137404580152672,0.12403100775193798,0.06299212598425197,0.032,0.07692375026049747,0.23333333333333334,0.16666666666666669,0.09803921568627451,0.5555555555555556,0.0
db25_WSE_db25:37-es,0.0,0.0,0.0,0.03567034017866321,0.5382810589744651,0.5400705060018269,0.13957875683699938,0.0,0.0,0.0,0.0,0.20833333333333334,0.1288819875776398,0.43945312499999994,0.0,0.37707945965932077,0.64,,0.0,1.0,0.6606328636027614,0.6606328636027614,0.7692307692307693,0.7692307692307693,0.0,1.0,0.0,0.24193548387096778,0.14754098360655737,0.06666666666666667,0.03389830508474577,0.03567034017866321,0.21428571428571427,0.21428571428571427,0.1276595744680851,0.6666666666666666,0.0
db25_WSE_db25:38-en,0.2,0.15,0.3,0.20535730058749083,0.5108463674003938,0.477449481867367,0.1365270594958143,0.0,0.2,0.3,1.0,0.2982456140350877,0.1889763779527559,0.7584244080145719,1.0,0.5445687462238886,0.37037037037037035,,1.0,0.15,0.2508989219830043,0.2508989219830043,0.13043478260869565,0.13043478260869565,0.0,1.0,0.3,0.29931972789115646,0.20689655172413793,0.15384615384615385,0.1276595744680851,0.25632949157476875,0.5360824742268041,0.49484536082474223,0.3380281690140845,0.9230769230769231,0.0
db25_WSE_db25:38-es,0.2,0.15,0.3,0.25632949157476875,0.6556316686683401,0.512660231362364,0.1380262631157473,0.0,0.2,0.3,1.0,0.30357142857142855,0.190224570673712,0.8201813948976623,1.0,0.5445687462238886,0.37037037037037035,,1.0,0.15,0.2508989219830043,0.2508989219830043,0.13043478260869565,0.13043478260869565,0.0,1.0,0.3,0.3129251700680272,0.2482758620689655,0.1678321678321678,0.14184397163120568,0.25632949157476875,0.5360824742268041,0.5360824742268041,0.36619718309859156,1.0,0.0
db25_WSE_db25:39-en,0.0,0.0,0.0,0.020627524707593006,0.28375168528163247,0.5592509176398301,0.13367660240019172,0.0,0.0,0.0,0.0,0.19230769230769232,0.15642458100558654,0.3468272554923608,0.0,0.34228034887472175,0.46808510638297873,,0.0,1.0,0.11747109562938354,0.11747109562938354,0.39999999999999997,0.39999999999999997,0.0,1.0,0.0,0.24285714285714288,0.14492753623188406,0.07352941176470588,0.029850746268656716,0.09560408787521255,0.30985915492957744,0.1971830985915493,0.12280701754385964,0.5,0.25
db25_WSE_db25:39-es,0.0,0.0,0.0,0.010882036412669218,0.26666075846619197,0.5048298334850128,0.10542649822871226,0.0,0.0,0.0,0.0,0.1,0.11595639246778988,0.2271604938271605,0.0,0.31843164596791895,0.041666666666666664,,0.0,1.0,0.144769886226851,0.144769886226851,0.0,0.0,0.0,1.0,0.0,0.14659685863874344,0.09523809523809525,0.053475935828877004,0.021621621621621623,0.038181171342087886,0.14159292035398233,0.10619469026548672,0.06060606060606061,0.42857142857142855,1.0
db25_WSE_db25:4-en,0.0,0.0,0.0,0.10934213504624032,0.5809069623329887,0.642948033189443,0.13507810593582123,0.0,0.0,0.0,0.0,0.22641509433962265,0.21636615811373094,0.5659176847004073,0.0,0.23287896954139942,0.12121212121212123,,0.0,1.0,0.06053829631834109,0.06053829631834109,0.060606060606060615,0.060606060606060615,0.0,1.0,0.0,0.26666666666666666,0.18045112781954886,0.15267175572519084,0.12403100775193798,0.10934213504624032,0.3380281690140845,0.3380281690140845,0.21428571428571427,0.8,0.0
db25_WSE_db25:4-es,0.0,0.0,0.0,0.04422163619898227,0.3416735489004777,0.1690308509457033,0.21089672205953397,0.0,0.0,0.0,0.0,0.125,0.1428571428571429,0.21471088435374147,0.0,0.0628392861239482,0.0,,0.0,0.0,0.054305447428505634,0.054305447428505634,0.0,0.0,0.0,1.0,0.0,0.12903225806451613,0.0,0.0,0.0,0.048939285240978916,0.4444444444444445,0.2962962962962963,0.3333333333333333,0.26666666666666666,0.0
db25_WSE_db25:40-en,1.0,1.0,1.0,0.019485870895668216,0.28176056230780266,0.6482096919583139,0.15022110482233483,1.0,1.0,1.0,1.0,0.39622641509433965,0.24380165289256195,0.24932249322493227,1.0,0.34073983060645,0.5151515151515152,,1.0,1.0,0.4112825297565743,0.4112825297565743,0.6666666666666665,0.6666666666666665,0.0,1.0,1.0,0.44025157232704404,0.267515923566879,0.1935483870967742,0.130718954248366,0.0927097496488127,0.23188405797101452,0.1739130434782609,0.11538461538461539,0.35294117647058826,0.0
db25_WSE_db25:40-es,0.0,0.0,0.0,0.018639072655292622,0.28345767805416167,0.6424611755386624,0.1463924816619788,0.0,0.0,0.0,0.0,0.38181818181818183,0.23443708609271519,0.27259475218658896,0.0,0.3817666460451127,0.5405405405405405,,0.0,1.0,0.30856960108358766,0.30856960108358766,0.4918032786885246,0.4918032786885246,0.0,1.0,0.0,0.426829268292683,0.25925925925925924,0.18749999999999997,0.12658227848101267,0.09335300259552465,0.27027027027027023,0.18918918918918917,0.12280701754385964,0.4117647058823529,0.0
db25_WSE_db25:41-en,0.0,0.0,0.0,0.017384054287628268,0.27798319618946205,0.6254021262746652,0.1380262631157473,0.0,0.0,0.0,0.0,0.22,0.14702154626108999,0.29040404040404044,0.0,0.34315019159021515,0.35714285714285715,,0.0,1.0,0.26518122980477765,0.26518122980477765,0.4444444444444444,0.4444444444444444,0.0,1.0,0.0,0.2465753424657534,0.13888888888888887,0.0704225352112676,0.028571428571428574,0.08141877941158628,0.2222222222222222,0.16666666666666666,0.1016949152542373,0.46153846153846156,0.0
db25_WSE_db25:41-es,1.0,1.0,1.0,0.020251468378583597,0.28668276136730364,0.601069519565399,0.14285714285714285,1.0,1.0,1.0,1.0,0.23404255319148937,0.1556195965417867,0.338727206859075,1.0,0.5801559414528517,0.717948717948718,,1.0,1.0,1.0,1.0,1.0,1.0,0.0,1.0,1.0,0.2814814814814815,0.15037593984962405,0.07633587786259542,0.031007751937984496,0.09993298280365949,0.2769230769230769,0.2153846153846154,0.1346153846153846,0.5384615384615384,0.0
db25_WSE_db25:42-en,0.6060606060606061,1.0,0.43478260869565216,0.09899678591759774,0.5955039134605316,0.697866932572459,0.14285714285714285,0.0,0.6060606060606061,0.6060606060606061,1.0,0.2653061224489796,0.22238163558106172,0.7373522458628842,1.0,0.24712442545253582,0.5945945945945945,,1.0,1.0,0.6315552371794037,0.6315552371794037,0.8421052631578948,0.8421052631578948,0.0,1.0,0.43478260869565216,0.34532374100719426,0.2773722627737226,0.22222222222222224,0.16541353383458646,0.09899678591759774,0.4411764705882353,0.4411764705882353,0.2830188679245283,1.0,0.0
db25_WSE_db25:42-es,0.6060606060606061,1.0,0.43478260869565216,0.0865148073201992,0.5804522312418146,0.7015792179940311,0.14285714285714285,0.0,0.6060606060606061,0.6060606060606061,1.0,0.2653061224489796,0.20026007802340706,0.5811305256869772,1.0,0.317023313852343,0.5945945945945945,,1.0,1.0,0.6315552371794037,0.6315552371794037,0.8421052631578948,0.8421052631578948,0.0,1.0,0.43478260869565216,0.2972972972972973,0.21917808219178084,0.16666666666666666,0.11267605633802817,0.0865148073201992,0.3636363636363636,0.3636363636363636,0.23529411764705882,0.8,0.0
db25_WSE_db25:43-en,1.0,1.0,1.0,0.019905857061151024,0.28598894123508034,0.6397861368723657,0.15022110482233483,1.0,1.0,1.0,1.0,0.38461538461538464,0.21379310344827585,0.27788785417079453,1.0,0.39936149547905736,0.4444444444444444,,1.0,1.0,0.38641626060171524,0.38641626060171524,0.52,0.52,0.0,1.0,1.0,0.41025641025641024,0.24675324675324678,0.18421052631578946,0.13333333333333333,0.100607017773566,0.28571428571428575,0.2,0.1320754716981132,0.4117647058823529,0.0
db25_WSE_db25:43-es,1.0,1.0,1.0,0.019905857061151024,0.28598894123508034,0.6397861368723657,0.15022110482233483,1.0,1.0,1.0,1.0,0.38461538461538464,0.2138888888888889,0.27788785417079453,1.0,0.39936149547905736,0.4444444444444444,,1.0,1.0,0.38641626060171524,0.38641626060171524,0.52,0.52,0.0,1.0,1.0,0.41025641025641024,0.24675324675324678,0.18421052631578946,0.13333333333333333,0.100607017773566,0.28571428571428575,0.2,0.1320754716981132,0.4117647058823529,0.0
db25_WSE_db25:44-en,0.6969696969696969,0.5348837209302325,1.0,0.05943511191482251,0.5639659208358485,0.688120682897395,0.15225881209433406,1.0,0.6969696969696969,1.0,1.0,0.38,0.21983914209115285,0.40753658351656685,0.5,0.12172311070599069,0.375,,0.0,0.5348837209302325,0.8153551038173115,0.8153551038173115,0.8627450980392156,0.8627450980392156,0.0,1.0,1.0,0.445859872611465,0.29677419354838713,0.19607843137254902,0.11920529801324505,0.01741162598902243,0.2702702702702703,0.2972972972972973,0.19642857142857142,0.6111111111111112,0.0
db25_WSE_db25:44-es,0.9787234042553191,0.9583333333333334,1.0,0.11062120789842188,0.5767624448317483,0.6716804967523295,0.15225881209433406,0.0,0.9787234042553191,0.9787234042553191,1.0,0.39215686274509803,0.21664464993394983,0.4924558344074609,1.0,0.7337830761222462,0.6666666666666667,,1.0,0.9583333333333334,0.13564786355922462,0.13564786355922462,0.5454545454545454,0.5454545454545454,0.0,1.0,1.0,0.44025157232704404,0.33121019108280253,0.232258064516129,0.14379084967320263,0.11062120789842188,0.2972972972972973,0.2972972972972973,0.19642857142857142,0.6111111111111112,0.0
db25_WSE_db25:45-en,0.0,0.0,1.0,0.020014189253724536,0.27906588156451123,0.5549032529525301,0.1380262631157473,0.0,0.0,0.0,0.0,0.1875,0.125,0.3231884057971015,0.0,0.5648198097713082,0.6363636363636364,,0.0,0.0,0.2123795387156078,0.2123795387156078,0.3636363636363637,0.3636363636363637,0.0,1.0,0.0,0.2096774193548387,0.13114754098360654,0.06666666666666667,0.03389830508474577,0.07744617268988857,0.2413793103448276,0.1724137931034483,0.10416666666666667,0.5,0.0
db25_WSE_db25:45-es,0.0,0.0,1.0,0.018947209250944407,0.277350636463614,0.5804496964248881,0.13507810593582123,1.0,0.0,0.0,0.0,0.18,0.12160228898426328,0.3163120567375886,0.0,0.5648198097713082,0.8461538461538461,,0.0,0.0,0.6606328636027614,0.6606328636027614,0.8461538461538461,0.8461538461538461,0.0,1.0,0.0,0.1984732824427481,0.12403100775193798,0.06299212598425197,0.032,0.07274999134192134,0.2295081967213115,0.1639344262295082,0.09803921568627451,0.5,0.5
db25_WSE_db25:46-en,0.409392999556934,0.2726065791414663,0.8216985326811916,0.21107555792005522,0.6469717880307384,0.48093894624156547,0.13507810593582123,0.0,0.409392999556934,,1.0,0.26785714285714285,0.16981132075471694,0.7361469003328931,1.0,0.4599643678263507,0.2456140350877193,0.7118357651711826,1.0,0.2726065791414663,0.18101500231755588,0.18101500231755588,0.17391304347826086,0.17391304347826086,0.0,1.0,0.8216985326811916,0.31292517006802717,0.20689655172413793,0.12587412587412586,0.09929078014184396,0.21107555792005522,0.5360824742268041,0.5360824742268041,0.37681159420289856,0.9285714285714286,0.0
db25_WSE_db25:46-es,0.1807205452775073,0.728414442700157,0.10315695864828812,0.22378992764266933,0.6449885778010783,0.5066828807782815,0.13507810593582123,0.0,0.1807205452775073,,1.0,0.26785714285714285,0.18831168831168832,0.7844043473673104,1.0,0.45674144174437065,0.27027027027027023,0.13258870406050044,1.0,0.728414442700157,0.15844990886367696,0.15844990886367696,0.15384615384615383,0.15384615384615383,0.0,1.0,0.10315695864828812,0.3026315789473685,0.22666666666666666,0.13513513513513514,0.1095890410958904,0.22378992764266933,0.5148514851485149,0.5148514851485149,0.3561643835616438,0.9285714285714286,0.0
db25_WSE_db25:47-en,0.0,0.0,0.0,0.020960138758152,0.2843559162852611,0.6886835132360174,0.1463924816619788,0.0,0.0,0.0,0.0,0.3584905660377358,0.2010376134889753,0.291143980527991,0.0,0.3073242643968087,0.2105263157894737,,0.0,0.0,0.36112252918350196,0.36112252918350196,0.4444444444444445,0.4444444444444445,0.0,1.0,0.0,0.389937106918239,0.2802547770700637,0.1935483870967742,0.13071895424836602,0.0914302887974876,0.2972972972972973,0.1891891891891892,0.125,0.3888888888888889,0.0
db25_WSE_db25:47-es,0.0,0.0,0.0,0.020960138758152,0.2843559162852611,0.6997947791454684,0.1482675827043134,0.0,0.0,0.0,0.0,0.37735849056603776,0.22135416666666663,0.291143980527991,0.0,0.31353597394049454,0.2807017543859649,,0.0,0.0,0.06746764340593078,0.06746764340593078,0.35555555555555557,0.35555555555555557,0.0,1.0,0.0,0.4025157232704403,0.2802547770700637,0.1935483870967742,0.13071895424836602,0.0914302887974876,0.2972972972972973,0.1891891891891892,0.125,0.3888888888888889,0.0
db25_WSE_db25:48-en,0.5,0.3333333333333333,1.0,0.018223619594063684,0.27948612755714797,0.5503715481785321,0.13507810593582123,0.0,0.5,0.6666666666666666,1.0,0.21153846153846154,0.18941504178272983,0.2464675658317277,0.5,0.12154467566643914,0.41666666666666663,,0.0,0.3333333333333333,0.12623090722170346,0.12623090722170346,0.41666666666666663,0.41666666666666663,0.0,1.0,1.0,0.2916666666666667,0.15492957746478875,0.07142857142857142,0.028985507246376812,0.03332244133999108,0.26086956521739135,0.17391304347826086,0.10714285714285714,0.46153846153846156,0.0
db25_WSE_db25:48-es,1.0,1.0,1.0,0.01741162598902243,0.2749015189675929,0.5580547118563389,0.1365270594958143,1.0,1.0,1.0,1.0,0.21568627450980393,0.18604651162790697,0.21502890173410405,1.0,0.28175950490399515,0.6274509803921569,,1.0,1.0,0.28175950490399515,0.28175950490399515,0.6274509803921569,0.6274509803921569,0.0,1.0,1.0,0.3055555555555555,0.15492957746478875,0.07142857142857142,0.028985507246376812,0.07223500778803758,0.23188405797101452,0.14492753623188406,0.08928571428571429,0.38461538461538464,0.0
db25_WSE_db25:49-en,0.0,0.0,0.0,0.028536885137262213,0.5259194362664421,0.5812934257185656,0.1380262631157473,0.0,0.0,0.0,0.0,0.20408163265306123,0.18496240601503755,0.3378378378378379,0.0,0.488923022434901,0.7777777777777778,,0.0,1.0,0.488923022434901,0.488923022434901,0.7777777777777778,0.7777777777777778,0.0,0.0,0.0,0.2878787878787879,0.19999999999999998,0.10937500000000001,0.04761904761904762,0.028536885137262213,0.14545454545454545,0.14545454545454545,0.08333333333333333,0.5714285714285714,0.3333333333333333
db25_WSE_db25:49-es,0.0,0.0,0.0,0.028536885137262213,0.5259194362664421,0.5812934257185656,0.1380262631157473,0.0,0.0,0.0,0.0,0.20408163265306123,0.18816388467374812,0.3378378378378379,0.0,0.22961813530951883,0.6111111111111112,,0.0,1.0,0.22961813530951883,0.22961813530951883,0.6111111111111112,0.6111111111111112,0.0,0.0,0.0,0.2878787878787879,0.19999999999999998,0.10937500000000001,0.04761904761904762,0.028536885137262213,0.14545454545454545,0.14545454545454545,0.08333333333333333,0.5714285714285714,0.3333333333333333
db25_WSE_db25:5-en,0.0,0.0,0.0,0.05678170484701192,0.34404238210220145,0.2,0.21712927295533244,0.0,0.0,0.0,0.0,0.13333333333333333,0.17021276595744683,0.33938172043010756,0.0,0.0628392861239482,0.0,,0.0,0.0,0.054305447428505634,0.054305447428505634,0.0,0.0,0.0,1.0,0.0,0.13793103448275862,0.0,0.0,0.0,0.0628392861239482,0.5714285714285715,0.380952380952381,0.3333333333333333,0.4444444444444444,0.0
db25_WSE_db25:5-es,0.0,0.0,0.0,0.07692375026049747,0.5535446630553205,0.5371642714714508,0.13367660240019172,0.0,0.0,0.0,0.0,0.19230769230769232,0.12944523470839264,0.5241187384044527,0.0,0.5133450480401704,0.5333333333333333,,0.0,1.0,0.5133450480401704,0.5133450480401704,0.5333333333333333,0.5333333333333333,0.0,1.0,0.0,0.2518518518518519,0.18045112781954886,0.10687022900763359,0.046511627906976744,0.07692375026049747,0.23333333333333334,0.23333333333333334,0.13725490196078433,0.7777777777777778,0.0
db25_WSE_db25:50-en,0.0,0.0,0.0,0.12101715869910856,0.5682977679356467,0.7046063332532472,0.14118784806383944,0.0,0.0,0.0,0.0,0.2127659574468085,0.20270270270270274,0.6412656805841602,0.0,1.0,1.0,,0.0,1.0,1.0,1.0,1.0,1.0,0.0,0.0,0.0,0.2773722627737226,0.2666666666666667,0.2556390977443609,0.24427480916030533,0.12101715869910856,0.2641509433962264,0.2641509433962264,0.15217391304347827,1.0,0.0
db25_WSE_db25:50-es,0.0,0.0,0.0,0.027431310235857216,0.5248762527753467,0.6202548123310405,0.13957875683699938,0.0,0.0,0.0,0.0,0.20833333333333334,0.16737588652482271,0.33185840707964603,0.0,0.6434588841607617,1.0,,0.0,1.0,1.0,1.0,1.0,1.0,0.0,0.0,0.0,0.2835820895522388,0.18181818181818182,0.0923076923076923,0.046875,0.027431310235857216,0.14035087719298248,0.14035087719298248,0.08,0.5714285714285714,0.0
db25_WSE_db25:51-en,1.0,1.0,1.0,0.019485870895668216,0.28176056230780266,0.5542188284975642,0.1365270594958143,1.0,1.0,1.0,1.0,0.2,0.19136690647482013,0.2871410736579276,1.0,0.14387961324274579,0.4489795918367347,,1.0,1.0,0.3552267518610884,0.3552267518610884,0.6122448979591836,0.6122448979591836,0.0,1.0,1.0,0.2957746478873239,0.14285714285714285,0.07246376811594203,0.029411764705882353,0.035796411724638065,0.27272727272727276,0.18181818181818182,0.11538461538461539,0.42857142857142855,0.0
db25_WSE_db25:51-es,1.0,1.0,1.0,0.020960138758152,0.2843559162852611,0.584413915854833,0.1365270594958143,1.0,1.0,1.0,1.0,0.21568627450980393,0.1908602150537635,0.34873289975330796,1.0,0.3636227046500071,0.48,,1.0,1.0,0.3552267518610884,0.3552267518610884,0.6122448979591836,0.6122448979591836,0.0,1.0,1.0,0.3221476510067115,0.19047619047619047,0.09655172413793103,0.04195804195804197,0.0763792214494763,0.2857142857142857,0.2,0.125,0.5,0.0
db25_WSE_db25:52-en,0.0,0.0,0.0,0.032958870060756665,0.2852632182373296,0.5965794739260117,0.13957875683699938,0.0,0.0,0.0,0.0,0.20833333333333334,0.18814814814814818,0.35377358490566035,0.0,1.0,1.0,,0.0,1.0,1.0,1.0,1.0,1.0,0.0,0.0,0.0,0.302158273381295,0.1605839416058394,0.07407407407407407,0.03007518796992481,0.04785492993377265,0.25396825396825395,0.19047619047619047,0.11764705882352941,0.5,0.0
db25_WSE_db25:52-es,0.0,0.0,0.0,0.031186950706570415,0.2832947061782961,0.6226970181408337,0.1380262631157473,0.0,0.0,0.0,0.0,0.20408163265306123,0.19080779944289694,0.34722222222222227,0.0,1.0,1.0,,0.0,1.0,1.0,1.0,1.0,1.0,0.0,0.0,0.0,0.31724137931034485,0.1958041958041958,0.09929078014184398,0.043165467625899276,0.04528217557700716,0.24242424242424243,0.1818181818181818,0.1111111111111111,0.5,0.0
db25_WSE_db25:53-en,0.9141856392294221,0.8419354838709677,1.0,0.020560844580406957,0.2837108202964983,0.6385648418464716,0.1482675827043134,0.0,0.9141856392294221,0.9141856392294221,1.0,0.35294117647058826,0.187039764359352,0.3078982597054887,1.0,0.6694048285186804,0.6222222222222222,,1.0,0.8419354838709677,0.6370964381207871,0.6370964381207871,0.8235294117647058,0.8235294117647058,0.0,1.0,1.0,0.38888888888888884,0.28169014084507044,0.19999999999999998,0.13043478260869565,0.09856825261343358,0.25806451612903225,0.1935483870967742,0.12244897959183673,0.46153846153846156,0.0
db25_WSE_db25:53-es,1.0,1.0,1.0,0.08750873255173235,0.5582408195015695,0.6808182676114922,0.15225881209433406,1.0,1.0,1.0,1.0,0.39215686274509803,0.17671232876712328,0.36700581395348836,1.0,0.6057224552983581,0.6274509803921569,,1.0,1.0,1.0,1.0,1.0,1.0,0.0,1.0,1.0,0.40522875816993464,0.304635761589404,0.22818791946308725,0.1496598639455782,0.08750873255173235,0.2352941176470588,0.2352941176470588,0.14545454545454545,0.6153846153846154,0.0
db25_WSE_db25:54-en,1.0,1.0,1.0,0.018947209250944407,0.277350636463614,0.6606437893829142,0.15022110482233483,1.0,1.0,1.0,1.0,0.37254901960784315,0.17422096317280455,0.26547619047619053,1.0,0.5700989414328735,0.6382978723404256,,1.0,1.0,0.6370964381207871,0.6370964381207871,0.8333333333333333,0.8333333333333333,0.0,1.0,1.0,0.3947368421052631,0.28,0.20270270270270271,0.136986301369863,0.09147827112247602,0.21875,0.15625000000000003,0.09803921568627451,0.38461538461538464,0.0
db25_WSE_db25:54-es,1.0,1.0,1.0,0.018947209250944407,0.277350636463614,0.6606437893829142,0.15022110482233483,1.0,1.0,1.0,1.0,0.37254901960784315,0.17489421720733422,0.26547619047619053,1.0,0.5700989414328735,0.6382978723404256,,1.0,1.0,0.6370964381207871,0.6370964381207871,0.8333333333333333,0.8333333333333333,0.0,1.0,1.0,0.3947368421052631,0.28,0.20270270270270271,0.136986301369863,0.09147827112247602,0.21875,0.15625000000000003,0.09803921568627451,0.38461538461538464,0.0
db25_WSE_db25:55-en,1.0,1.0,1.0,0.07692375026049747,0.5535446630553205,0.5681488791506196,0.13957875683699938,1.0,1.0,1.0,1.0,0.22448979591836735,0.12879884225759763,0.5241187384044527,1.0,1.0,1.0,,1.0,1.0,1.0,1.0,1.0,1.0,0.0,1.0,1.0,0.23255813953488372,0.15748031496062992,0.09599999999999999,0.04878048780487805,0.07692375026049747,0.23333333333333334,0.23333333333333334,0.13725490196078433,0.7777777777777778,0.0
db25_WSE_db25:55-es,1.0,1.0,1.0,0.019644710755984045,0.2784707156122686,0.5290564309087487,0.13957875683699938,1.0,1.0,1.0,1.0,0.20833333333333334,0.12990936555891242,0.34307692307692317,1.0,0.7825422900366437,1.0,,1.0,1.0,1.0,1.0,1.0,1.0,0.0,1.0,1.0,0.21138211382113822,0.11570247933884296,0.06722689075630252,0.034188034188034185,0.07581481309924488,0.24137931034482757,0.1724137931034483,0.10204081632653061,0.5555555555555556,0.0
db25_WSE_db25:56-en,0.8916876574307305,0.8232558139534883,0.9725274725274725,0.13801624159491693,0.3646927396440123,0.7392212709545728,0.1463924816619788,0.0,0.8916876574307305,0.8916876574307305,1.0,0.32,0.28260869565217395,0.5581824949337597,1.0,0.6298129992394241,0.8000000000000002,,1.0,0.8232558139534883,0.7691605673134586,0.7691605673134586,0.7894736842105263,0.7894736842105263,0.0,1.0,0.9725274725274725,0.37241379310344835,0.2937062937062937,0.22695035460992907,0.18705035971223022,0.2602841839413455,0.5599999999999999,0.45333333333333337,0.32075471698113206,0.7727272727272727,0.0
db25_WSE_db25:56-es,0.8916876574307305,0.8232558139534883,0.9725274725274725,0.13709157674241718,0.3660036634163735,0.7411142862716651,0.1463924816619788,0.0,0.8916876574307305,0.8916876574307305,1.0,0.32,0.2793053545586107,0.5604152249134947,1.0,0.46350238641438496,0.6153846153846154,,1.0,0.8232558139534883,0.7691605673134586,0.7691605673134586,0.7894736842105263,0.7894736842105263,0.0,1.0,0.9725274725274725,0.375,0.295774647887324,0.2285714285714286,0.1884057971014493,0.2156040308157474,0.5405405405405405,0.45945945945945943,0.3269230769230769,0.7727272727272727,0.0
db25_WSE_db25:57-en,0.18897637795275588,0.10434782608695652,1.0,0.0859761428938395,0.5592298847800636,0.5317460317460316,0.1380262631157473,0.0,0.18897637795275588,0.1889763779527559,0.0,0.20408163265306123,0.13817663817663817,0.5550699300699301,0.1,0.45723134461864345,0.3870967741935484,,0.0,0.10434782608695652,0.38827267775222324,0.38827267775222324,0.4,0.4,0.0,1.0,1.0,0.23622047244094488,0.16,0.0975609756097561,0.049586776859504134,0.0859761428938395,0.25396825396825395,0.25396825396825395,0.1509433962264151,0.8,0.0
db25_WSE_db25:57-es,0.04067796610169491,0.020761245674740483,1.0,0.07593264650782743,0.5622523923961876,0.5598835367066429,0.13957875683699938,0.0,0.04067796610169491,0.04067796610169491,0.0,0.20833333333333334,0.14525139664804465,0.5794644409667884,0.02,0.3636227046500071,0.3870967741935484,,0.0,0.020761245674740483,0.08030145708931037,0.08030145708931037,0.4666666666666666,0.4666666666666666,0.0,1.0,1.0,0.23076923076923078,0.171875,0.11111111111111112,0.06451612903225806,0.07593264650782743,0.2903225806451613,0.2903225806451613,0.17307692307692307,0.9,0.0
db25_WSE_db25:58-en,0.0,0.0,0.0,0.027431310235857216,0.5248762527753467,0.5691255418301746,0.13367660240019172,0.0,0.0,0.0,0.0,0.17647058823529413,0.17109144542772858,0.33185840707964603,0.0,0.13806117619808217,0.5365853658536586,,0.0,1.0,0.13806117619808217,0.13806117619808217,0.4390243902439025,0.4390243902439025,0.0,0.0,0.0,0.28358208955223885,0.16666666666666666,0.07692307692307693,0.03125,0.027431310235857216,0.14035087719298248,0.14035087719298248,0.08,0.5714285714285714,0.25
db25_WSE_db25:58-es,0.0,0.0,0.0,0.05284133043873052,0.5724658928206701,0.08111071056538127,0.21712927295533244,0.0,0.0,0.0,0.0,0.07142857142857142,0.07792207792207795,0.34074074074074073,0.0,0.05284133043873052,0.0,,0.0,0.0,0.04566525607137944,0.04566525607137944,0.0,0.0,0.0,1.0,0.0,0.06451612903225806,0.0,0.0,0.0,0.05284133043873052,0.3157894736842105,0.3157894736842105,0.25,0.42857142857142855,0.0
db25_WSE_db25:59-en,0.0,0.0,0.0,0.02810072130276062,0.36946851973899825,0.5983397735340374,0.13367660240019172,0.0,0.0,0.0,0.0,0.23636363636363636,0.1697892271662763,0.3058984910836763,0.0,0.18189587992135595,0.22580645161290322,,0.0,1.0,0.04942511228155363,0.04942511228155363,0.22580645161290322,0.22580645161290322,0.0,1.0,0.0,0.32298136645962733,0.2012578616352201,0.11464968152866242,0.03870967741935484,0.07090251712658449,0.29213483146067415,0.20224719101123595,0.125,0.5294117647058824,0.0
db25_WSE_db25:59-es,1.0,1.0,1.0,0.03350002988190188,0.37672094430644204,0.6056238055670623,0.1380262631157473,1.0,1.0,1.0,1.0,0.25,0.17639593908629436,0.3231322088912073,1.0,0.7819448965013119,0.8928571428571429,,1.0,1.0,0.44097745641432656,0.44097745641432656,0.6071428571428571,0.6071428571428571,0.0,1.0,1.0,0.335483870967742,0.2091503267973856,0.11920529801324503,0.04026845637583894,0.0970916333109176,0.33766233766233766,0.23376623376623373,0.15,0.5294117647058824,0.0
db25_WSE_db25:6-en,0.0,0.0,0.0,0.01940100054120307,0.28153334306505706,0.637696922494643,0.14285714285714285,0.0,0.0,0.0,0.0,0.34545454545454546,0.2470892626131953,0.2150636039169031,0.0,0.22702909778103497,0.18918918918918917,,0.0,1.0,0.05600374888575559,0.05600374888575559,0.2950819672131148,0.2950819672131148,0.0,1.0,0.0,0.39520958083832336,0.2545454545454546,0.18404907975460122,0.12422360248447205,0.06616259609591661,0.20253164556962025,0.17721518987341772,0.11475409836065574,0.3888888888888889,0.0
db25_WSE_db25:6-es,0.0,0.0,0.0,0.018522799400046388,0.28002363741522057,0.642065999272007,0.1482675827043134,0.0,0.0,0.0,0.0,0.37735849056603776,0.252112676056338,0.1964925755248336,0.0,0.24026767328685925,0.2,,0.0,0.0,0.284955776032203,0.284955776032203,0.375,0.375,0.0,1.0,0.0,0.4230769230769231,0.2337662337662338,0.1710526315789474,0.12,0.0695931335098971,0.2191780821917808,0.16438356164383564,0.10909090909090909,0.3333333333333333,0.0
db25_WSE_db25:60-en,1.0,1.0,1.0,0.06863984611226524,0.32848071624504743,0.6150231090435009,0.1365270594958143,1.0,1.0,1.0,1.0,0.23076923076923078,0.22759601706970123,0.535053888419273,1.0,0.855526185871245,0.918918918918919,,1.0,1.0,0.842362674378975,0.842362674378975,0.918918918918919,0.918918918918919,0.0,1.0,1.0,0.26470588235294124,0.19402985074626863,0.13636363636363635,0.0923076923076923,0.20299795364635256,0.47222222222222215,0.36111111111111105,0.24528301886792453,0.6842105263157895,0.0
db25_WSE_db25:60-es,1.0,1.0,1.0,0.0655556926587826,0.32408123085700336,0.6150231090435009,0.1365270594958143,1.0,1.0,1.0,1.0,0.23076923076923078,0.22475106685633006,0.48470976581963116,1.0,0.7705017416604484,0.918918918918919,,1.0,1.0,0.842362674378975,0.842362674378975,0.918918918918919,0.918918918918919,0.0,1.0,1.0,0.26470588235294124,0.19402985074626863,0.13636363636363635,0.0923076923076923,0.16595210814400777,0.4507042253521127,0.33802816901408445,0.23076923076923078,0.631578947368421,0.0
db25_WSE_db25:61-en,0.0,0.0,1.0,0.03740846994984485,0.3020644637441874,0.5807152622648539,0.1365270594958143,0.0,0.0,0.0,0.0,0.21568627450980393,0.1573187414500684,0.5186046511627908,0.0,0.38975749519739833,0.6666666666666666,,0.0,0.0,0.7700645773757425,0.7700645773757425,0.8125,0.8125,0.0,1.0,0.0,0.22222222222222218,0.15037593984962408,0.13740458015267176,0.12403100775193798,0.10534312981399521,0.3529411764705882,0.29411764705882354,0.18181818181818182,0.7692307692307693,0.0
db25_WSE_db25:61-es,0.0,0.0,1.0,0.04622701715716407,0.3028018193638626,0.5440147095616158,0.13507810593582123,0.0,0.0,0.0,0.0,0.21153846153846154,0.1514726507713885,0.541907514450867,0.0,0.4978857877447389,0.6666666666666666,,0.0,0.0,0.7700645773757425,0.7700645773757425,0.8125,0.8125,0.0,1.0,0.0,0.2272727272727273,0.13846153846153844,0.109375,0.07936507936507936,0.07312149273759587,0.34782608695652173,0.2898550724637681,0.17857142857142858,0.7692307692307693,0.0
db25_WSE_db25:62-en,0.0,0.0,0.0,0.05678170484701192,0.34404238210220145,0.20851441405707477,0.23166247903554,0.0,0.0,0.0,0.0,0.15384615384615385,0.16312056737588654,0.33938172043010756,0.0,0.12586898234382776,0.0,,0.0,0.0,0.054305447428505634,0.054305447428505634,0.0,0.0,0.0,1.0,0.0,0.14285714285714285,0.0,0.0,0.0,0.12586898234382776,0.5714285714285715,0.380952380952381,0.3333333333333333,0.4444444444444444,0.0
db25_WSE_db25:62-es,0.841897233201581,0.988399071925754,0.7332185886402753,0.018617634897091045,0.2768230120966833,0.5021692075819447,0.13367660240019172,0.0,0.841897233201581,0.841897233201581,1.0,0.17647058823529413,0.16028368794326242,0.3353383458646617,1.0,0.4089601472043678,0.3888888888888889,,1.0,0.988399071925754,0.44833867003844585,0.44833867003844585,0.5555555555555556,0.5555555555555556,0.0,1.0,0.7332185886402753,0.22727272727272727,0.15384615384615383,0.09375,0.047619047619047616,0.08966592262979808,0.22950819672131148,0.1639344262295082,0.09615384615384616,0.5555555555555556,0.0
db25_WSE_db25:63-en,0.0,0.0,0.0,0.022029452105714813,0.28630579435750075,0.5771064042287191,0.13957875683699938,0.0,0.0,0.0,0.0,0.22448979591836735,0.16279069767441856,0.35457758522403376,0.0,0.5333505353503044,0.65,,0.0,1.0,0.08918279161187746,0.08918279161187746,0.4000000000000001,0.4000000000000001,0.0,1.0,0.0,0.2647058823529412,0.1492537313432836,0.07575757575757576,0.030769230769230767,0.10578298543307849,0.3283582089552239,0.20895522388059704,0.1320754716981132,0.5,0.0
db25_WSE_db25:63-es,0.0,0.0,0.0,0.013268197899518568,0.2729101828440718,0.53081966103258,0.1111111111111111,0.0,0.0,0.0,0.0,0.1232876712328767,0.11228406909788868,0.2738990332975295,0.0,0.10874468978873314,0.0,,0.0,1.0,0.048086016746211484,0.048086016746211484,0.0,0.0,0.0,1.0,0.0,0.19318181818181815,0.11494252873563217,0.058139534883720936,0.023529411764705882,0.027245891248743555,0.22680412371134023,0.1443298969072165,0.08433734939759036,0.5,0.6666666666666666
db25_WSE_db25:64-en,0.0,0.0,0.0,0.01915332525573354,0.2811596778423745,0.5805247141455098,0.1365270594958143,0.0,0.0,0.0,0.0,0.21568627450980393,0.19154929577464785,0.3006535947712418,0.0,0.4428500142691474,0.7058823529411765,,0.0,1.0,0.5266403878479265,0.5266403878479265,0.7058823529411765,0.7058823529411765,0.0,1.0,0.0,0.3194444444444445,0.16901408450704228,0.09999999999999999,0.043478260869565216,0.07872924608228367,0.27272727272727276,0.18181818181818182,0.11320754716981132,0.46153846153846156,0.0
db25_WSE_db25:64-es,0.0,0.0,0.0,0.052241690397624094,0.3431861338391235,0.11704114719613057,0.21089672205953397,0.0,0.0,0.0,0.0,0.125,0.12442396313364057,0.2446705426356589,0.0,0.05781493421763247,0.0,,0.0,0.0,0.054305447428505634,0.054305447428505634,0.0,0.0,0.0,1.0,0.0,0.10256410256410257,0.0,0.0,0.0,0.05781493421763247,0.48000000000000004,0.32,0.3333333333333333,0.3076923076923077,0.0
db25_WSE_db25:65-en,1.0,1.0,1.0,0.018947209250944407,0.277350636463614,0.5356832289134412,0.1365270594958143,1.0,1.0,1.0,1.0,0.2,0.12765957446808507,0.33787878787878795,1.0,0.6606328636027614,0.7692307692307693,,1.0,1.0,0.6606328636027614,0.6606328636027614,0.7692307692307693,0.7692307692307693,0.0,1.0,1.0,0.2137404580152672,0.12403100775193798,0.06299212598425197,0.032,0.07692375026049747,0.23333333333333334,0.16666666666666669,0.09803921568627451,0.5555555555555556,0.0
db25_WSE_db25:65-es,1.0,1.0,1.0,0.020014189253724536,0.27906588156451123,0.5134901857710618,0.1380262631157473,1.0,1.0,1.0,1.0,0.20408163265306123,0.13082706766917296,0.3457364341085272,1.0,0.6606328636027614,0.7692307692307693,,1.0,1.0,0.6606328636027614,0.6606328636027614,0.7692307692307693,0.7692307692307693,0.0,1.0,1.0,0.22399999999999998,0.13008130081300812,0.06611570247933883,0.03361344537815126,0.0818893574657436,0.24561403508771928,0.1754385964912281,0.10416666666666667,0.5555555555555556,0.0
db25_WSE_db25:66-en,0.0,0.0,1.0,0.03020451711558112,0.29158817374299345,0.6689134075023986,0.1482675827043134,0.0,0.0,0.0,0.0,0.3888888888888889,0.16419919246298786,0.3721682847896441,0.0,0.18759202316167214,0.2181818181818182,,0.0,0.0,0.16056715438637692,0.16056715438637692,0.17391304347826086,0.17391304347826086,0.0,1.0,0.0,0.37662337662337664,0.23684210526315785,0.18666666666666668,0.13513513513513511,0.05353859558398922,0.28205128205128205,0.2307692307692308,0.14516129032258066,0.5625,0.0
db25_WSE_db25:66-es,0.0,0.0,1.0,0.0316850727436209,0.29370995598137184,0.6597348837806333,0.15225881209433406,0.0,0.0,0.0,0.0,0.40384615384615385,0.17360114777618363,0.3776683087027915,0.0,0.19138367678485674,0.19607843137254902,,0.0,0.0,0.6477832615546546,0.6477832615546546,0.6666666666666666,0.6666666666666666,0.0,1.0,0.0,0.3945578231292517,0.2482758620689655,0.19580419580419578,0.14184397163120566,0.05633294412316094,0.29333333333333333,0.24000000000000002,0.15254237288135594,0.5625,0.0
db25_WSE_db25:67-en,0.0,0.0,0.0,0.07692375026049747,0.5535446630553205,0.5681488791506195,0.13957875683699938,0.0,0.0,0.0,0.0,0.22448979591836735,0.13031550068587106,0.5241187384044527,0.0,0.6606328636027614,0.8421052631578947,,0.0,1.0,0.6606328636027614,0.6606328636027614,0.8421052631578947,0.8421052631578947,0.0,1.0,0.0,0.3076923076923077,0.24113475177304966,0.17266187050359713,0.11678832116788321,0.07692375026049747,0.23333333333333334,0.23333333333333334,0.13725490196078433,0.7777777777777778,0.0
db25_WSE_db25:67-es,0.0,0.0,0.0,0.016222432230252586,0.2737345556059409,0.5052272475500961,0.1365270594958143,0.0,0.0,0.0,0.0,0.1836734693877551,0.13589364844903984,0.24658203125000006,0.0,0.37707945965932077,0.7567567567567567,,0.0,1.0,0.6606328636027614,0.6606328636027614,0.8421052631578947,0.8421052631578947,0.0,1.0,0.0,0.2794117647058823,0.19402985074626866,0.15151515151515152,0.10769230769230768,0.03567034017866321,0.21428571428571427,0.14285714285714285,0.0851063829787234,0.4444444444444444,0.0
db25_WSE_db25:68-en,1.0,1.0,1.0,0.07692375026049747,0.5535446630553205,0.5681488791506196,0.13957875683699938,1.0,1.0,1.0,1.0,0.22448979591836735,0.12517985611510796,0.5241187384044527,1.0,1.0,1.0,,1.0,1.0,1.0,1.0,1.0,1.0,0.0,1.0,1.0,0.24427480916030533,0.17054263565891473,0.09448818897637794,0.047999999999999994,0.07692375026049747,0.23333333333333334,0.23333333333333334,0.13725490196078433,0.7777777777777778,0.0
db25_WSE_db25:68-es,0.5,1.0,0.3333333333333333,0.016868086497667856,0.274040447457754,0.5525484001544791,0.13507810593582123,0.0,0.5,0.5,1.0,0.19607843137254902,0.11740890688259109,0.32086330935251806,1.0,0.456083954535194,0.787878787878788,,1.0,1.0,0.49009410393069486,0.49009410393069486,0.787878787878788,0.787878787878788,0.0,1.0,0.3333333333333333,0.2074074074074074,0.12030075187969924,0.06106870229007634,0.031007751937984496,0.06373293648600634,0.208955223880597,0.1492537313432836,0.08620689655172414,0.5555555555555556,0.0
db25_WSE_db25:69-en,0.0,0.0,0.0,0.07692375026049747,0.5535446630553205,0.5600324665913249,0.1365270594958143,0.0,0.0,0.0,0.0,0.2,0.12482468443197758,0.5241187384044527,0.0,0.6606328636027614,0.7692307692307693,,0.0,0.0,0.6606328636027614,0.6606328636027614,0.7692307692307693,0.7692307692307693,0.0,1.0,0.0,0.22900763358778628,0.15503875968992248,0.09448818897637794,0.047999999999999994,0.07692375026049747,0.23333333333333334,0.23333333333333334,0.13725490196078433,0.7777777777777778,0.0
db25_WSE_db25:69-es,0.0,0.0,0.0,0.018947209250944407,0.277350636463614,0.5275668163541466,0.13367660240019172,0.0,0.0,0.0,0.0,0.17647058823529413,0.12184873949579833,0.33787878787878795,0.0,0.6606328636027614,0.7692307692307693,,0.0,0.0,0.6606328636027614,0.6606328636027614,0.7692307692307693,0.7692307692307693,0.0,1.0,0.0,0.1984732824427481,0.12403100775193798,0.06299212598425197,0.032,0.07692375026049747,0.23333333333333334,0.16666666666666669,0.09803921568627451,0.5555555555555556,0.0
db25_WSE_db25:7-en,0.0,0.0,0.0,0.038465747706471765,0.3000899587998562,0.6063478564220972,0.1380262631157473,0.0,0.0,0.0,0.0,0.23529411764705882,0.15909090909090906,0.4791666666666667,0.0,0.48442732379638637,0.6842105263157895,,0.0,1.0,0.48442732379638637,0.48442732379638637,0.6842105263157895,0.6842105263157895,0.0,1.0,0.0,0.2537313432835821,0.18181818181818182,0.12307692307692308,0.078125,0.10787871557407647,0.34374999999999994,0.28124999999999994,0.17307692307692307,0.75,0.0
db25_WSE_db25:7-es,0.0,0.0,0.0,0.025699564414803398,0.282924859996679,0.5488026562347053,0.12389934309929541,0.0,0.0,0.0,0.0,0.1935483870967742,0.12169312169312174,0.40998217468805703,0.0,0.12848668968362775,0.2040816326530612,,0.0,1.0,0.03413671953966924,0.03413671953966924,0.17391304347826086,0.17391304347826086,0.0,1.0,0.0,0.2,0.14285714285714285,0.09638554216867469,0.06097560975609756,0.03556260942822918,0.24175824175824176,0.19780219780219782,0.11392405063291139,0.75,0.0
db25_WSE_db25:70-en,0.0,0.0,1.0,0.03404782645793667,0.2941256358324218,0.49195203701447265,0.13100580420257674,0.0,0.0,0.0,0.0,0.18518518518518517,0.1397557666214383,0.46752244668911347,0.0,0.1835554260049945,0.23255813953488372,,0.0,0.0,0.4666173628195052,0.4666173628195052,0.35555555555555557,0.35555555555555557,0.0,1.0,0.0,0.2352941176470588,0.1044776119402985,0.0606060606060606,0.030769230769230767,0.05896003882471225,0.3055555555555555,0.25,0.15254237288135594,0.6923076923076923,0.0
db25_WSE_db25:70-es,0.0,0.0,1.0,0.08611595364619866,0.5646324366874118,0.5933311763397857,0.12973190755680383,0.0,0.0,0.0,0.0,0.18181818181818182,0.1333333333333333,0.5531428571428572,0.0,0.27854685173648897,0.05405405405405406,,0.0,0.0,0.5974970909115025,0.5974970909115025,0.358974358974359,0.358974358974359,0.0,1.0,0.0,0.2112676056338028,0.12857142857142856,0.05797101449275363,0.029411764705882356,0.08611595364619866,0.28169014084507044,0.28169014084507044,0.1724137931034483,0.7692307692307693,0.3333333333333333
db25_WSE_db25:71-en,1.0,1.0,1.0,0.07692375026049747,0.5535446630553205,0.5600324665913249,0.1365270594958143,1.0,1.0,1.0,1.0,0.2,0.1271428571428571,0.5241187384044527,1.0,0.6606328636027614,0.7692307692307693,,1.0,1.0,0.6606328636027614,0.6606328636027614,0.7692307692307693,0.7692307692307693,0.0,1.0,1.0,0.22900763358778628,0.15503875968992248,0.09448818897637794,0.047999999999999994,0.07692375026049747,0.23333333333333334,0.23333333333333334,0.13725490196078433,0.7777777777777778,0.0
db25_WSE_db25:71-es,1.0,1.0,1.0,0.018617634897091045,0.2768230120966833,0.5275668163541466,0.13367660240019172,1.0,1.0,1.0,1.0,0.17647058823529413,0.12430167597765363,0.3353383458646617,1.0,0.5555238068023582,0.7692307692307693,,1.0,1.0,0.6606328636027614,0.6606328636027614,0.7692307692307693,0.7692307692307693,0.0,1.0,1.0,0.1984732824427481,0.12403100775193798,0.06299212598425197,0.032,0.07130868363536949,0.22950819672131148,0.1639344262295082,0.09615384615384616,0.5555555555555556,0.0
db25_WSE_db25:72-en,0.0,0.0,0.0,0.05678170484701192,0.34404238210220145,0.20851441405707477,0.23166247903554,0.0,0.0,0.0,0.0,0.15384615384615385,0.19685039370078738,0.33938172043010756,0.0,0.0628392861239482,0.0,,0.0,0.0,0.054305447428505634,0.054305447428505634,0.0,0.0,0.0,1.0,0.0,0.15384615384615385,0.0,0.0,0.0,0.0628392861239482,0.5714285714285715,0.380952380952381,0.3333333333333333,0.4444444444444444,0.0
db25_WSE_db25:72-es,1.0,1.0,1.0,0.020014189253724536,0.27906588156451123,0.5134901857710618,0.1380262631157473,1.0,1.0,1.0,1.0,0.20408163265306123,0.1356184798807749,0.3457364341085272,1.0,1.0,1.0,,1.0,1.0,1.0,1.0,1.0,1.0,0.0,1.0,1.0,0.22399999999999998,0.13008130081300812,0.06611570247933883,0.03361344537815126,0.0818893574657436,0.24561403508771928,0.1754385964912281,0.10416666666666667,0.5555555555555556,0.0
db25_WSE_db25:73-en,1.0,1.0,1.0,0.07692375026049747,0.5535446630553205,0.5681488791506196,0.13957875683699938,1.0,1.0,1.0,1.0,0.22448979591836735,0.12735166425470335,0.5241187384044527,1.0,1.0,1.0,,1.0,1.0,1.0,1.0,1.0,1.0,0.0,1.0,1.0,0.23255813953488372,0.15748031496062992,0.09599999999999999,0.04878048780487805,0.07692375026049747,0.23333333333333334,0.23333333333333334,0.13725490196078433,0.7777777777777778,0.0
db25_WSE_db25:73-es,1.0,1.0,1.0,0.07692375026049747,0.5535446630553205,0.5681488791506196,0.13957875683699938,1.0,1.0,1.0,1.0,0.22448979591836735,0.12912482065997133,0.5241187384044527,1.0,1.0,1.0,,1.0,1.0,1.0,1.0,1.0,1.0,0.0,1.0,1.0,0.23255813953488372,0.15748031496062992,0.09599999999999999,0.04878048780487805,0.07692375026049747,0.23333333333333334,0.23333333333333334,0.13725490196078433,0.7777777777777778,0.0
db25_WSE_db25:74-en,0.0,0.0,0.0,0.09702083064346757,0.5681148567836739,0.5621400186432415,0.12973190755680383,0.0,0.0,0.0,0.0,0.19642857142857142,0.16870748299319727,0.5122950819672132,0.0,0.36615107686578496,0.38095238095238093,,0.0,1.0,0.01793443105390337,0.0,0.044776119402985065,0.0,0.0,0.0,0.0,0.31205673758865243,0.23021582733812948,0.14598540145985403,0.07407407407407408,0.09702083064346757,0.2816901408450704,0.2816901408450704,0.17543859649122806,0.7142857142857143,0.0
db25_WSE_db25:74-es,0.0,0.0,0.0,0.1064237135501698,0.5720604738420879,0.6065808231941159,0.1380262631157473,0.0,0.0,0.0,0.0,0.25,0.18528252299605785,0.5348066298342543,0.0,0.5484498092204758,0.5238095238095238,,0.0,1.0,0.09396664991825751,0.09396664991825751,0.3902439024390244,0.3902439024390244,0.0,1.0,0.0,0.3129251700680272,0.24827586206896549,0.18181818181818182,0.1276595744680851,0.1064237135501698,0.2898550724637682,0.2898550724637682,0.18181818181818182,0.7142857142857143,0.3333333333333333
db25_WSE_db25:75-en,0.0,0.0,0.0,0.02797289658108333,0.2753871303321642,0.46947625108889235,0.13367660240019172,0.0,0.0,0.0,0.0,0.17647058823529413,0.13994169096209907,0.18564356435643564,0.0,0.10418130752448972,0.4827586206896552,,0.0,1.0,0.12017990948265363,0.12017990948265363,0.4827586206896552,0.4827586206896552,0.0,0.0,0.0,0.183206106870229,0.10852713178294573,0.06299212598425197,0.032,0.02797289658108333,0.12121212121212122,0.12121212121212122,0.08163265306122448,0.23529411764705882,0.0
db25_WSE_db25:75-es,0.0,0.0,0.0,0.029737934465994483,0.27705396359568174,0.4547604889229419,0.12729683913915313,0.0,0.0,0.0,0.0,0.12962962962962962,0.12745098039215685,0.1884422110552764,0.0,0.04972361356337619,0.0,,0.0,1.0,0.05735942002640237,0.05735942002640237,0.0,0.0,0.0,0.0,0.0,0.14598540145985403,0.1185185185185185,0.07518796992481204,0.030534351145038167,0.029737934465994483,0.12698412698412698,0.12698412698412698,0.08695652173913043,0.23529411764705882,1.0
db25_WSE_db25:76-en,0.0,0.0,0.0,0.13991758926352116,0.5205563203928034,0.73868238928026,0.13367660240019172,0.0,0.0,0.0,0.0,0.38235294117647056,0.28645833333333337,0.24345268837153333,0.0,0.00630221318059181,0.07017543859649122,,0.0,1.0,0.0023757363400315878,0.0023757363400315878,0.1443298969072165,0.1443298969072165,0.0,1.0,0.0,0.4814814814814815,0.3925233644859813,0.32075471698113206,0.26666666666666666,0.13991758926352116,0.3538461538461538,0.3538461538461538,0.4423076923076923,0.2948717948717949,0.0
db25_WSE_db25:76-es,0.0,0.0,0.0,0.13285335519796804,0.37373058017880234,0.6891720356493085,0.122828568570857,0.0,0.0,0.0,0.0,0.32894736842105265,0.2844500632111252,0.23538011695906436,0.0,0.004350769837278707,0.016260162601626018,,0.0,1.0,0.0016628422523454057,0.0016628422523454057,0.0,0.0,0.0,1.0,0.0,0.42342342342342343,0.34545454545454546,0.30275229357798167,0.26851851851851855,0.14827453854173642,0.338235294117647,0.3088235294117647,0.3620689655172414,0.2692307692307692,0.75
db25_WSE_db25:77-en,1.0,1.0,1.0,0.17238232342989662,0.3569253680915167,0.7028442563176255,0.14459058185587106,1.0,1.0,1.0,1.0,0.2553191489361702,0.2093373493975904,0.6233638743455499,1.0,0.7788007830714049,0.923076923076923,,1.0,1.0,0.537845493675679,0.537845493675679,0.7586206896551724,0.7586206896551724,0.0,1.0,1.0,0.3053435114503817,0.2635658914728682,0.23622047244094488,0.208,0.2737039782253927,0.44444444444444436,0.380952380952381,0.2553191489361702,0.75,0.0
db25_WSE_db25:77-es,1.0,1.0,1.0,0.0787786656574886,0.32361623504182313,0.6921215630685956,0.13957875683699938,1.0,1.0,1.0,1.0,0.24,0.18142857142857138,0.5183301546937912,1.0,0.6716877364745231,0.8148148148148148,,1.0,1.0,0.537845493675679,0.537845493675679,0.7586206896551724,0.7586206896551724,0.0,1.0,1.0,0.27536231884057966,0.22058823529411764,0.17910447761194032,0.13636363636363638,0.10203142794275774,0.38805970149253727,0.3283582089552239,0.21568627450980393,0.6875,0.0
db25_WSE_db25:78-en,1.0,1.0,1.0,0.1511948992951931,0.524137522638006,0.6872159990924881,0.15022110482233483,1.0,1.0,1.0,1.0,0.38461538461538464,0.25755743651753327,0.5922951044932733,1.0,0.6066229224098699,0.4482758620689655,,1.0,1.0,1.0,1.0,1.0,1.0,0.0,1.0,1.0,0.4049079754601227,0.3354037267080745,0.25157232704402516,0.1910828025477707,0.22859475098643164,0.4470588235294118,0.39999999999999997,0.2786885245901639,0.7083333333333334,0.0
db25_WSE_db25:78-es,0.8333333333333333,1.0,0.7142857142857143,0.16692636135816175,0.6022154613072823,0.637515803998123,0.15022110482233483,0.0,0.8333333333333333,0.8333333333333334,1.0,0.39622641509433965,0.23629242819843344,0.529576338928857,1.0,0.5779465732474474,0.7714285714285715,,1.0,1.0,0.5643678132524065,0.5643678132524065,0.6399999999999999,0.6399999999999999,0.0,1.0,0.7142857142857143,0.4331210191082802,0.3225806451612903,0.23529411764705882,0.15894039735099338,0.16692636135816175,0.3488372093023256,0.3488372093023256,0.24193548387096775,0.625,0.0
db25_WSE_db25:79-en,1.0,1.0,1.0,0.020014189253724536,0.27906588156451123,0.5134901857710618,0.1380262631157473,1.0,1.0,1.0,1.0,0.20408163265306123,0.12917933130699089,0.3457364341085272,1.0,1.0,1.0,,1.0,1.0,1.0,1.0,1.0,1.0,0.0,1.0,1.0,0.22399999999999998,0.13008130081300812,0.06611570247933883,0.03361344537815126,0.0818893574657436,0.24561403508771928,0.1754385964912281,0.10416666666666667,0.5555555555555556,0.0
db25_WSE_db25:79-es,1.0,1.0,1.0,0.018947209250944407,0.277350636463614,0.5356832289134413,0.1365270594958143,1.0,1.0,1.0,1.0,0.2,0.12571428571428567,0.33787878787878795,1.0,1.0,1.0,,1.0,1.0,1.0,1.0,1.0,1.0,0.0,1.0,1.0,0.2137404580152672,0.12403100775193798,0.06299212598425197,0.032,0.07692375026049747,0.23333333333333334,0.16666666666666669,0.09803921568627451,0.5555555555555556,0.0
db25_WSE_db25:8-en,0.0,0.0,0.0,0.02797289658108333,0.5253871303321642,0.6202548123310405,0.13957875683699938,0.0,0.0,0.0,0.0,0.20833333333333334,0.15182481751824817,0.3348214285714286,0.0,1.0,1.0,,0.0,1.0,1.0,1.0,1.0,1.0,0.0,0.0,0.0,0.2727272727272727,0.1692307692307692,0.09375,0.047619047619047616,0.02797289658108333,0.14285714285714285,0.14285714285714285,0.08163265306122448,0.5714285714285714,0.0
db25_WSE_db25:8-es,0.0,0.0,0.0,0.02797289658108333,0.5253871303321642,0.6202548123310405,0.13957875683699938,0.0,0.0,0.0,0.0,0.20833333333333334,0.1523947750362845,0.3348214285714286,0.0,1.0,1.0,,0.0,1.0,1.0,1.0,1.0,1.0,0.0,0.0,0.0,0.2727272727272727,0.1692307692307692,0.09375,0.047619047619047616,0.02797289658108333,0.14285714285714285,0.14285714285714285,0.08163265306122448,0.5714285714285714,0.0
db25_WSE_db25:80-en,0.0,0.0,0.0,0.2888304680291803,0.6707991663030697,0.5154228343373184,0.1380262631157473,0.0,0.0,0.0,0.0,0.30357142857142855,0.22337662337662334,0.8272340217796855,0.0,0.6168454049762826,0.3947368421052631,,0.0,1.0,0.5637996415430047,0.5637996415430047,0.5,0.5,0.0,1.0,0.0,0.33766233766233766,0.2894736842105263,0.21333333333333335,0.16216216216216214,0.2888304680291803,0.5544554455445544,0.5544554455445544,0.39436619718309857,0.9333333333333333,0.0
db25_WSE_db25:80-es,0.6666666666666666,0.5,1.0,0.2493365052047101,0.6587626977297489,0.4704716167499672,0.1380262631157473,1.0,0.6666666666666666,1.0,1.0,0.30357142857142855,0.20607661822985468,0.7720588235294117,1.0,0.5392168749797542,0.3666666666666667,,1.0,0.5,0.3657482164956336,0.3657482164956336,0.30769230769230765,0.30769230769230765,0.0,1.0,1.0,0.33333333333333337,0.2567567567567568,0.1643835616438356,0.1388888888888889,0.2493365052047101,0.5399999999999999,0.5399999999999999,0.38571428571428573,0.9,0.0
db25_WSE_db25:81-en,0.0,0.0,0.0,0.021304244396149228,0.2849821777521536,0.6770496912954329,0.13231996486433337,0.0,0.0,0.0,0.0,0.17307692307692307,0.18719211822660098,0.35065960085691733,0.0,0.393755531055134,0.3111111111111111,,0.0,1.0,0.38503228868787126,0.38503228868787126,0.5909090909090909,0.5909090909090909,0.0,1.0,0.0,0.22666666666666668,0.16216216216216217,0.10958904109589042,0.06944444444444443,0.1064237135501698,0.2898550724637682,0.2028985507246377,0.12727272727272726,0.5,0.25
db25_WSE_db25:81-es,0.0,0.0,0.0,0.019238618571207056,0.2782562450825337,0.5629685231733658,0.12973190755680383,0.0,0.0,0.0,0.0,0.16666666666666666,0.15254237288135597,0.30405405405405406,0.0,0.12154467566643914,0.2173913043478261,,0.0,0.0,0.12623090722170346,0.12623090722170346,0.26666666666666666,0.26666666666666666,0.0,1.0,0.0,0.2206896551724138,0.13986013986013984,0.07092198581560283,0.02877697841726619,0.03495656621742578,0.273972602739726,0.16438356164383564,0.1016949152542373,0.42857142857142855,0.0
db25_WSE_db25:82-en,0.0,0.0,1.0,0.03404782645793667,0.2941256358324218,0.6026126267584284,0.1380262631157473,0.0,0.0,0.0,0.0,0.25,0.19252077562326875,0.38813184253435834,0.0,0.3570583512587401,0.5098039215686274,,0.0,0.0,0.2004446324449327,0.2004446324449327,0.5384615384615384,0.5384615384615384,0.0,1.0,0.0,0.3055555555555555,0.12676056338028172,0.07142857142857142,0.028985507246376812,0.05896003882471225,0.2894736842105263,0.23684210526315788,0.15254237288135594,0.5294117647058824,0.0
db25_WSE_db25:82-es,0.0,0.0,1.0,0.032456865897653,0.291983234142981,0.5975613002132258,0.1365270594958143,0.0,0.0,0.0,0.0,0.24528301886792453,0.1871657754010695,0.3827160493827161,0.0,0.26699675743024226,0.5263157894736842,,0.0,0.0,0.6529942057256104,0.6529942057256104,0.7931034482758621,0.7931034482758621,0.0,1.0,0.0,0.29931972789115646,0.12413793103448277,0.06993006993006994,0.028368794326241138,0.05603537545190613,0.2784810126582279,0.2278481012658228,0.14516129032258066,0.5294117647058824,0.0
db25_WSE_db25:83-en,1.0,1.0,1.0,0.0366680872415994,0.2942300041290807,0.6182671673084433,0.13957875683699938,1.0,1.0,1.0,1.0,0.24,0.16872427983539096,0.4189944134078212,1.0,1.0,1.0,,1.0,1.0,1.0,1.0,1.0,1.0,0.0,1.0,1.0,0.2937062937062937,0.21276595744680848,0.15827338129496402,0.11678832116788321,0.1289642143407592,0.3582089552238806,0.23880597014925373,0.1509433962264151,0.5714285714285714,0.0
db25_WSE_db25:83-es,0.0,0.0,0.0,0.018318390004217897,0.2795886367837953,0.5886124756277651,0.13231996486433337,0.0,0.0,0.0,0.0,0.2037037037037037,0.1430379746835443,0.25109520247889733,0.0,0.22816849039973935,0.2962962962962963,,0.0,1.0,0.049990386245572734,0.049990386245572734,0.27272727272727276,0.27272727272727276,0.0,1.0,0.0,0.2649006622516556,0.174496644295302,0.10884353741496598,0.055172413793103454,0.0755008929800767,0.2784810126582279,0.17721518987341772,0.1076923076923077,0.5,0.0
db25_WSE_db25:84-en,0.0,0.0,0.0,0.19029648573236688,0.6230458195462992,0.5772968973134602,0.1463924816619788,0.0,0.0,0.0,0.0,0.30612244897959184,0.24308588064046577,0.6579432671673819,0.0,0.43242270754632145,0.34782608695652173,,0.0,1.0,0.44833867003844585,0.44833867003844585,0.36363636363636365,0.36363636363636365,0.0,1.0,0.0,0.31654676258992803,0.218978102189781,0.1925925925925926,0.16541353383458648,0.19029648573236688,0.4383561643835617,0.4383561643835617,0.3018867924528302,0.8,0.0
db25_WSE_db25:84-es,0.3333333333333333,0.22727272727272727,0.625,0.11993418633737256,0.5819315985323951,0.6200116710802661,0.14285714285714285,0.0,0.3333333333333333,0.3333333333333333,1.0,0.29411764705882354,0.20444444444444443,0.5214159776264592,0.5,0.14860706919206243,0.20689655172413793,,0.0,0.22727272727272727,0.13410639648320277,0.13410639648320277,0.25,0.25,0.0,1.0,0.625,0.26347305389221554,0.19393939393939394,0.15950920245398773,0.13664596273291924,0.11993418633737256,0.32989690721649484,0.32989690721649484,0.2077922077922078,0.8,0.0
db25_WSE_db25:85-en,1.0,1.0,1.0,0.07692375026049747,0.5535446630553205,0.5681488791506194,0.13957875683699938,1.0,1.0,1.0,1.0,0.22448979591836735,0.12481857764876636,0.5241187384044527,1.0,1.0,1.0,,1.0,1.0,1.0,1.0,1.0,1.0,0.0,1.0,1.0,0.24427480916030533,0.17054263565891473,0.09448818897637794,0.047999999999999994,0.07692375026049747,0.23333333333333334,0.23333333333333334,0.13725490196078433,0.7777777777777778,0.0
db25_WSE_db25:85-es,1.0,1.0,1.0,0.019644710755984045,0.2784707156122686,0.5290564309087488,0.13957875683699938,1.0,1.0,1.0,1.0,0.20833333333333334,0.12366412213740463,0.34307692307692317,1.0,0.7825422900366437,1.0,,1.0,1.0,1.0,1.0,1.0,1.0,0.0,1.0,1.0,0.22399999999999998,0.13008130081300812,0.06611570247933883,0.03361344537815126,0.07581481309924488,0.24137931034482757,0.1724137931034483,0.10204081632653061,0.5555555555555556,0.0
db25_WSE_db25:86-en,0.0,0.0,0.0,0.017121960029749788,0.27751569966752526,0.580645298051196,0.1365270594958143,0.0,0.0,0.0,0.0,0.21568627450980393,0.15476190476190477,0.24089767733835532,0.0,0.2291421308389693,0.1702127659574468,,0.0,1.0,0.28339296176052864,0.28339296176052864,0.43478260869565216,0.43478260869565216,0.0,1.0,0.0,0.24285714285714283,0.13043478260869565,0.07352941176470588,0.029850746268656716,0.074473042608096,0.273972602739726,0.16438356164383564,0.1,0.46153846153846156,0.0
db25_WSE_db25:86-es,0.0,0.0,0.0,0.01793443105390337,0.27896752671035735,0.6013540508497549,0.1380262631157473,0.0,0.0,0.0,0.0,0.22,0.16245006657789618,0.2937420178799489,0.0,0.17365063499367026,0.3076923076923077,,0.0,0.0,0.22444186631273585,0.22444186631273585,0.46153846153846156,0.46153846153846156,0.0,1.0,0.0,0.24113475177304966,0.12949640287769787,0.072992700729927,0.029629629629629627,0.0361399441388575,0.2857142857142857,0.17142857142857143,0.10526315789473684,0.46153846153846156,0.0
db25_WSE_db25:87-en,0.47761194029850745,1.0,0.3137254901960784,0.09880177230676102,0.5693433002195474,0.5919765306282381,0.14285714285714285,0.0,0.47761194029850745,0.47761194029850745,1.0,0.2653061224489796,0.17486338797814205,0.45521978021978027,1.0,0.5312583871630396,0.6956521739130435,,1.0,1.0,0.6026080978557137,0.6026080978557137,0.7111111111111111,0.7111111111111111,0.0,1.0,0.3137254901960784,0.302158273381295,0.20437956204379562,0.11851851851851852,0.06015037593984962,0.09880177230676102,0.2857142857142857,0.2857142857142857,0.17857142857142858,0.7142857142857143,0.0
db25_WSE_db25:87-es,0.47761194029850745,1.0,0.3137254901960784,0.09880177230676102,0.5693433002195474,0.5919765306282381,0.14285714285714285,0.0,0.47761194029850745,0.47761194029850745,1.0,0.2653061224489796,0.17486338797814205,0.45521978021978027,1.0,0.5312583871630396,0.6956521739130435,,1.0,1.0,0.6026080978557137,0.6026080978557137,0.7111111111111111,0.7111111111111111,0.0,1.0,0.3137254901960784,0.302158273381295,0.20437956204379562,0.11851851851851852,0.06015037593984962,0.09880177230676102,0.2857142857142857,0.2857142857142857,0.17857142857142858,0.7142857142857143,0.0
db25_WSE_db25:88-en,1.0,1.0,1.0,0.01593264033818118,0.27689864982251067,0.6439590214282992,0.15022110482233483,1.0,1.0,1.0,1.0,0.37254901960784315,0.18279569892473113,0.22142857142857147,1.0,0.39133522157536826,0.5454545454545454,,1.0,1.0,0.6370964381207871,0.6370964381207871,0.8235294117647058,0.8235294117647058,0.0,1.0,1.0,0.3916083916083916,0.2695035460992908,0.20143884892086328,0.13138686131386862,0.05144201220913519,0.21875,0.15625000000000003,0.09803921568627451,0.38461538461538464,0.0
db25_WSE_db25:88-es,1.0,1.0,1.0,0.017153133663381115,0.2791947208048378,0.671945186650872,0.15022110482233483,1.0,1.0,1.0,1.0,0.37254901960784315,0.17725258493353024,0.22682926829268293,1.0,0.39133522157536826,0.5454545454545454,,1.0,1.0,0.6370964381207871,0.6370964381207871,0.8235294117647058,0.8235294117647058,0.0,1.0,1.0,0.3835616438356164,0.2916666666666667,0.23943661971830985,0.18571428571428572,0.055967009612738844,0.23333333333333334,0.16666666666666669,0.10638297872340426,0.38461538461538464,0.0
db25_WSE_db25:89-en,0.0,0.0,1.0,0.028878972907999567,0.28680648582268786,0.6468676317725662,0.1482675827043134,0.0,0.0,0.0,0.0,0.37735849056603776,0.1717171717171717,0.3392964975845411,0.0,0.4903047069202663,0.5090909090909091,,0.0,0.0,0.447316615087837,0.447316615087837,0.6666666666666666,0.6666666666666666,0.0,1.0,0.0,0.3841059602649006,0.2550335570469799,0.19047619047619047,0.12413793103448276,0.0810199268902557,0.27848101265822783,0.20253164556962025,0.12698412698412698,0.5,0.0
db25_WSE_db25:89-es,0.0,0.0,1.0,0.030765684205951868,0.28931091959073213,0.6427130836053315,0.1463924816619788,0.0,0.0,0.0,0.0,0.37037037037037035,0.1775147928994083,0.34598214285714285,0.0,0.5423782837718303,0.4583333333333333,,0.0,0.0,0.15888333500245655,0.15888333500245655,0.46153846153846156,0.46153846153846156,0.0,1.0,0.0,0.39455782312925175,0.2620689655172414,0.19580419580419578,0.1276595744680851,0.08141877941158632,0.26666666666666666,0.21333333333333335,0.13559322033898305,0.5,0.0
db25_WSE_db25:9-en,1.0,1.0,1.0,0.034950403717352765,0.28747917848269466,0.5593695752957625,0.13957875683699938,1.0,1.0,1.0,1.0,0.22448979591836735,0.13437057991513435,0.43604651162790703,1.0,1.0,1.0,,1.0,1.0,1.0,1.0,1.0,1.0,0.0,1.0,1.0,0.2307692307692308,0.171875,0.12698412698412698,0.09677419354838708,0.10538486915909825,0.2807017543859649,0.21052631578947367,0.125,0.6666666666666666,0.0
db25_WSE_db25:9-es,1.0,1.0,1.0,0.15952108192798922,0.5867552704819973,0.6056893789177084,0.14118784806383944,1.0,1.0,1.0,1.0,0.24489795918367346,0.18698060941828254,0.6971959039142502,1.0,1.0,1.0,,1.0,1.0,1.0,1.0,1.0,1.0,0.0,1.0,1.0,0.2556390977443609,0.24427480916030533,0.23255813953488372,0.2204724409448819,0.15952108192798922,0.3157894736842105,0.3157894736842105,0.1875,1.0,0.0
db25_WSE_db25:90-en,0.8,0.6666666666666666,1.0,0.020960138758152,0.2843559162852611,0.5985244299001046,0.1380262631157473,0.0,0.8,0.8,1.0,0.22,0.1695137976346912,0.34873289975330796,1.0,0.5333505353503044,0.65,,1.0,0.6666666666666666,0.5266403878479265,0.5266403878479265,0.65,0.65,0.0,1.0,1.0,0.2535211267605634,0.14285714285714285,0.07246376811594203,0.02941176470588235,0.09995754509875517,0.3142857142857143,0.2,0.125,0.5,0.0
db25_WSE_db25:90-es,0.8,0.6666666666666666,1.0,0.019485870895668216,0.28176056230780266,0.5712472518709595,0.1380262631157473,0.0,0.8,0.8,1.0,0.20408163265306123,0.1741573033707865,0.2871410736579276,1.0,0.3389230378253244,0.5641025641025641,,1.0,0.6666666666666666,0.07811954806502351,0.07811954806502351,0.41025641025641024,0.41025641025641024,0.0,1.0,1.0,0.2518518518518518,0.13533834586466167,0.07633587786259542,0.031007751937984496,0.0575197089516355,0.30303030303030304,0.18181818181818182,0.11538461538461539,0.42857142857142855,0.0
db25_WSE_db25:91-en,0.0,0.0,1.0,0.074473042608096,0.31861826065202403,0.654553159645978,0.13367660240019172,0.0,0.0,0.0,0.0,0.20754716981132076,0.2078239608801956,0.5298543028322441,0.0,0.28592291256793106,0.5238095238095238,,0.0,0.0,0.82459094086255,0.82459094086255,0.8636363636363636,0.8636363636363636,0.0,1.0,0.0,0.2585034013605442,0.1931034482758621,0.1678321678321678,0.14184397163120568,0.09516807405336351,0.39473684210526316,0.31578947368421056,0.2,0.75,0.0
db25_WSE_db25:91-es,0.0,0.0,1.0,0.0272450243339443,0.28735698050069103,0.5530240425960252,0.13367660240019172,0.0,0.0,0.0,0.0,0.20754716981132076,0.1590612777053455,0.2741552193821365,0.0,0.1289756083331201,0.2909090909090909,,0.0,0.0,0.10889082094929912,0.10889082094929912,0.21052631578947367,0.21052631578947367,0.0,1.0,0.0,0.24827586206896549,0.11188811188811189,0.07092198581560283,0.02877697841726619,0.034816040846391214,0.2823529411764706,0.2117647058823529,0.13043478260869565,0.5625,0.0
db25_WSE_db25:92-en,0.6666666666666666,0.5,1.0,0.017384054287628268,0.27798319618946205,0.6082196938756198,0.1380262631157473,1.0,0.6666666666666666,1.0,1.0,0.23529411764705882,0.17797695262483992,0.2410901467505241,0.5,0.24171945320008964,0.48148148148148145,,0.0,0.5,0.3008599739571096,0.3008599739571096,0.5185185185185185,0.5185185185185185,0.0,1.0,1.0,0.2875816993464052,0.15894039735099336,0.08053691275167787,0.0272108843537415,0.03253075037946073,0.2631578947368421,0.15789473684210525,0.1016949152542373,0.35294117647058826,0.0
db25_WSE_db25:92-es,1.0,1.0,1.0,0.018939623377806514,0.28405651217840633,0.6074587638219726,0.1380262631157473,1.0,1.0,1.0,1.0,0.23529411764705882,0.18340026773761708,0.27389903329752957,1.0,0.610034760894515,0.851063829787234,,1.0,1.0,0.36923024406355187,0.36923024406355187,0.553191489361702,0.553191489361702,0.0,1.0,1.0,0.2953020134228188,0.163265306122449,0.08275862068965517,0.02797202797202797,0.08797380862246937,0.3013698630136986,0.1917808219178082,0.125,0.4117647058823529,0.0
db25_WSE_db25:93-en,0.0,0.0,0.0,0.024284224794545974,0.27806484150214,0.6420322218470469,0.1482675827043134,0.0,0.0,0.0,0.0,0.37735849056603776,0.19849246231155782,0.25813692480359146,0.0,0.2255489037266197,0.5652173913043478,,0.0,1.0,0.2668173065178967,0.2668173065178967,0.4411764705882353,0.4411764705882353,0.0,0.0,0.0,0.407185628742515,0.23030303030303031,0.15950920245398775,0.11180124223602483,0.05009072254029601,0.23076923076923073,0.15384615384615385,0.09523809523809523,0.4,0.0
db25_WSE_db25:93-es,0.0,0.0,0.0,0.008006388824329778,0.2727285687363576,0.6378627769577861,0.14118784806383944,0.0,0.0,0.0,0.0,0.3148148148148148,0.20370370370370372,0.1295336787564767,0.0,0.1333834317871524,0.32,,0.0,1.0,0.24623953025272619,0.24623953025272619,0.4126984126984127,0.4126984126984127,0.0,0.0,0.0,0.3950617283950617,0.225,0.16455696202531644,0.11538461538461538,0.018348384325020145,0.19178082191780824,0.136986301369863,0.08620689655172414,0.3333333333333333,0.0
db25_WSE_db25:94-en,0.0,0.0,0.0,0.05284133043873052,0.32246589282067006,0.06063390625908324,0.21712927295533244,0.0,0.0,0.0,0.0,0.07142857142857142,0.08457711442786064,0.23023023023023023,0.0,0.06003934299439418,0.0,,0.0,0.0,0.05188574832299887,0.05188574832299887,0.0,0.0,0.0,1.0,0.0,0.05405405405405406,0.0,0.0,0.0,0.06003934299439418,0.43478260869565216,0.2608695652173913,0.25,0.2727272727272727,0.0
db25_WSE_db25:94-es,0.0,0.0,0.0,0.02555479957228917,0.2764352434522198,0.5781528615509525,0.13507810593582123,0.0,0.0,0.0,0.0,0.19607843137254902,0.18370165745856348,0.28589743589743594,0.0,0.20706193828327604,0.6666666666666667,,0.0,1.0,0.2204887282071633,0.2204887282071633,0.6666666666666667,0.6666666666666667,0.0,0.0,0.0,0.3055555555555556,0.16901408450704225,0.08571428571428572,0.028985507246376812,0.030762902058064322,0.20588235294117646,0.14705882352941174,0.08771929824561403,0.45454545454545453,0.0
db25_WSE_db25:95-en,0.33333333333333337,0.2,1.0,0.01713532288273814,0.2744634077910028,0.5178502054555778,0.13231996486433337,0.0,0.33333333333333337,0.3333333333333333,1.0,0.17307692307692307,0.14760638297872342,0.32318840579710145,0.25,0.3759663529467017,0.425531914893617,,0.0,0.2,0.44833867003844585,0.44833867003844585,0.5555555555555556,0.5555555555555556,0.0,1.0,1.0,0.21428571428571427,0.14492753623188406,0.08823529411764708,0.04477611940298508,0.08158446869302963,0.2121212121212121,0.1515151515151515,0.08771929824561403,0.5555555555555556,0.0
db25_WSE_db25:95-es,0.0,0.0,0.0,0.01829990656233648,0.27631536152065117,0.49705359838851915,0.13367660240019172,0.0,0.0,0.0,0.0,0.17647058823529413,0.15177304964539007,0.33283582089552244,0.0,0.4089601472043678,0.4347826086956521,,0.0,1.0,0.44833867003844585,0.44833867003844585,0.5555555555555556,0.5555555555555556,0.0,1.0,0.0,0.22556390977443608,0.15267175572519084,0.09302325581395349,0.047244094488188976,0.08792400740884215,0.22580645161290322,0.16129032258064518,0.09433962264150944,0.5555555555555556,0.0
db25_WSE_db25:96-en,0.4362357080035181,0.4019448946515397,0.47692307692307695,0.2192328376546184,0.6432697478751931,0.43327037088371767,0.1380262631157473,0.0,0.4362357080035181,0.4696969696969697,0.0,0.2641509433962264,0.18826405867970664,0.6858664344963714,0.006711409395973154,0.5639331823461216,0.4,0.37727304376809484,0.0,0.4019448946515397,0.294013234652382,0.294013234652382,0.22727272727272727,0.22727272727272727,0.0,1.0,0.47692307692307695,0.27999999999999997,0.20270270270270271,0.136986301369863,0.09722222222222222,0.2192328376546184,0.4946236559139785,0.4946236559139785,0.35384615384615387,0.8214285714285714,0.0
db25_WSE_db25:96-es,0.921169176262179,0.8538587848932676,1.0,0.23235860486211174,0.6450461729546584,0.4420045195067628,0.1380262631157473,1.0,0.921169176262179,1.0,1.0,0.2777777777777778,0.19281437125748502,0.6734596746278988,1.0,0.5801735820744289,0.5957446808510639,0.877197322923513,1.0,0.8538587848932676,0.2873811502491684,0.2873811502491684,0.3111111111111111,0.3111111111111111,0.0,1.0,1.0,0.28947368421052627,0.19999999999999998,0.14864864864864863,0.1095890410958904,0.23235860486211174,0.49484536082474223,0.49484536082474223,0.34782608695652173,0.8571428571428571,0.0
db25_WSE_db25:97-en,0.0,0.0,0.0,0.019830814995453593,0.28238507986951566,0.6724666615380583,0.1482675827043134,0.0,0.0,0.0,0.0,0.35294117647058826,0.21800281293952184,0.3042328042328043,0.0,0.32279203460361755,0.6551724137931035,,0.0,0.0,0.7348889200874658,0.7348889200874658,0.7894736842105263,0.7894736842105263,0.0,1.0,0.0,0.36486486486486486,0.2602739726027397,0.20833333333333334,0.15492957746478872,0.05715452490398436,0.25,0.1875,0.11764705882352941,0.46153846153846156,0.0
db25_WSE_db25:97-es,1.0,1.0,1.0,0.01915332525573354,0.2811596778423745,0.648979787298474,0.15225881209433406,1.0,1.0,1.0,1.0,0.38,0.1765557163531114,0.3006535947712418,1.0,0.5731224484094262,0.5199999999999999,,1.0,1.0,1.0,1.0,1.0,1.0,0.0,1.0,1.0,0.3835616438356164,0.2638888888888889,0.18309859154929578,0.12857142857142856,0.09799161222812973,0.27272727272727276,0.18181818181818182,0.11320754716981132,0.46153846153846156,0.0
db25_WSE_db25:98-en,0.0,0.0,0.0,0.0818893574657436,0.5569306726997693,0.5483030797216423,0.14118784806383944,0.0,0.0,0.0,0.0,0.22916666666666666,0.1294298921417566,0.5363075462743238,0.0,0.6606328636027614,0.75,,0.0,1.0,0.6606328636027614,0.6606328636027614,0.75,0.75,0.0,1.0,0.0,0.24390243902439027,0.16528925619834708,0.10084033613445378,0.05128205128205128,0.0818893574657436,0.24561403508771928,0.24561403508771928,0.14583333333333334,0.7777777777777778,0.5
db25_WSE_db25:98-es,0.0,0.0,0.0,0.016868086497667856,0.274040447457754,0.503472980977166,0.13100580420257674,0.0,0.0,0.0,0.0,0.16981132075471697,0.11925287356321834,0.32086330935251806,0.0,0.2680165156355778,0.48000000000000004,,0.0,1.0,0.09858437095371828,0.09858437095371828,0.24000000000000002,0.24000000000000002,0.0,1.0,0.0,0.1889763779527559,0.11199999999999999,0.06504065040650406,0.03305785123966942,0.06373293648600634,0.208955223880597,0.1492537313432836,0.08620689655172414,0.5555555555555556,0.0
db25_WSE_db25:99-en,0.0,0.0,0.0,0.016359053298835698,0.27323694044802127,0.5643093941470788,0.12973190755680383,0.0,0.0,0.0,0.0,0.18181818181818182,0.1936305732484076,0.11261261261261261,0.0,0.06531661674155022,0.24000000000000002,,0.0,1.0,0.0912093392292895,0.0912093392292895,0.20408163265306126,0.20408163265306126,0.0,1.0,0.0,0.2684563758389262,0.14965986394557826,0.09655172413793103,0.04195804195804196,0.01969305033957095,0.17948717948717952,0.1282051282051282,0.08333333333333333,0.2777777777777778,0.0
db25_WSE_db25:99-es,0.0,0.0,0.0,0.02182404973244282,0.29224409206268137,0.5372131112471094,0.13231996486433337,0.0,0.0,0.0,0.0,0.2037037037037037,0.18308080808080807,0.3665929203539823,0.0,0.11786054933954111,0.22641509433962265,,0.0,1.0,0.10610918370337025,0.10610918370337025,0.22641509433962265,0.22641509433962265,0.0,1.0,0.0,0.2602739726027397,0.125,0.07042253521126761,0.028571428571428574,0.04451683592643154,0.29268292682926833,0.24390243902439024,0.15625,0.5555555555555556,0.0
