metric,pearson,pearson_ci_low,pearson_ci_high,spearman,kendall_tau_b,pairwise_accuracy
exact_match_spinach,0.8180551909181046,0.7640781808105336,0.867105337499987,0.7741790379286275,0.7216662092174196,0.7767889368007143
qcan-rouge-4-strict,0.5971116847199808,0.5272645268371204,0.6600812548452882,0.5815135310422004,0.4853301765369685,0.8066219630340217
qcan-rouge-4-flex,0.5863648149061023,0.5152539303388742,0.6482393921809045,0.558130043259965,0.45747137276482475,0.797114526147826
qcan-bleu-strict,0.5608012353624566,0.48111722148642533,0.6327230675780846,0.5525521647794477,0.4610923743761166,0.7939897042341811
qcan-bleu-flex,0.5414508696661998,0.45552921772972244,0.6160325592221368,0.47331737822937514,0.3786534294027555,0.7536994472199533
rouge_4,0.4011657593376968,0.3133074335984873,0.4835145822494525,0.3925292424827293,0.317272850188273,0.7069600896605437
bleu,0.26062754761315116,0.16429258069480474,0.3538334829488965,0.2806209960128575,0.22122081017290557,0.6483388104781262
