metric,pearson,pearson_ci_low,pearson_ci_high,spearman,kendall_tau_b,pairwise_accuracy
answerset_f1,0.7398065388796291,0.7168686428166704,0.7628271216170878,0.6918619148807251,0.6524163600061678,0.8848629333506323
qcan-rouge-4-strict,0.4328713100937661,0.40108896647041997,0.4630263300255744,0.3791072359966203,0.32612354605565635,0.74872123384311
qcan-rouge-4-flex,0.4295375864170808,0.3984436119363318,0.4608564189083441,0.369428262432949,0.3138353007407817,0.7451911797300292
qcan-bleu-flex,0.4279417327446924,0.39489778193971403,0.45989653921969276,0.3383395280916748,0.27783328083653286,0.7282325042481381
qcan-bleu-strict,0.42786578889605437,0.3970465685581046,0.4600729013312249,0.3574382103248574,0.3063579917344979,0.7353708178589384
rouge_4,0.31360674376875625,0.2798578206121997,0.34545011465119113,0.28242351048747893,0.2389017267604338,0.6877920313398168
bleu,0.24772787703624088,0.212637334783524,0.2816009883736672,0.24734824794345903,0.2026518540470416,0.666875694883674
