metric,pearson,pearson_ci_low,pearson_ci_high,spearman,kendall_tau_b,pairwise_accuracy
exact_match_spinach,0.8304324192286379,0.7974505211794434,0.8606928683591967,0.8067176130137518,0.7406331684850835,0.7840811054885954
qcan-rouge-4-strict,0.45881912644218315,0.39674058049195843,0.5171539001549827,0.4371928386646175,0.3446334614215709,0.7079097527382436
qcan-rouge-4-flex,0.4515271045930656,0.39141193526929335,0.5099062885968915,0.4217737853429034,0.3287478990596328,0.6998047535202385
qcan-bleu-strict,0.42016538418229854,0.3553248798545577,0.4843462962538436,0.41045792021790056,0.3243912275498839,0.695692973649293
qcan-bleu-flex,0.4067300908751065,0.3400314910862031,0.47171107047019767,0.33845650107624836,0.2578473386976523,0.6578318055001993
rouge_4,0.4010395946039209,0.3341016396694346,0.46646537879844546,0.3390699180754386,0.26252298815361635,0.6601853580275565
bleu,0.323111802692412,0.2544536651184979,0.38817932696164087,0.24678309700776802,0.18233280386831963,0.6118202319750166
