metric,pearson,pearson_ci_low,pearson_ci_high,spearman,kendall_tau_b,pairwise_accuracy
exact_match_spinach,0.6637391119169859,0.6264253757974941,0.7008938480096825,0.6080826088529876,0.5860947661665515,0.7799653700798742
qcan-rouge-4-strict,0.65794584344181,0.623980871791425,0.691665310655227,0.605715243088903,0.5363337113388252,0.8792487666091588
qcan-rouge-4-flex,0.6515997848227236,0.617502575087072,0.6831834873879985,0.5815314904775248,0.506359682523159,0.873450498940124
qcan-bleu-strict,0.6325713329983779,0.5955955020587989,0.6681479516627354,0.5938404716987841,0.5199780099801417,0.873615925170984
qcan-bleu-flex,0.6266748475662866,0.5897505958200431,0.6634255876486375,0.5409842670549406,0.44065151809051895,0.8601042028699625
rouge_4,0.4135607910021398,0.3700902673666182,0.4543508214630674,0.4659577271044451,0.39469724441708604,0.7934489125182256
bleu,0.27643390329422546,0.22850901293806536,0.3212176555717934,0.3657788902969942,0.29046835133893073,0.7380436495635774
