better,baseline,delta_r,p_value
qcan-bleu-strict,bleu,0.13850590851232897,0.0003333333333333333
qcan-bleu-flex,bleu,0.13360361787295733,0.0
qcan-bleu-strict,answerset_f1,-0.5242241324023698,1.0
qcan-bleu-flex,answerset_f1,-0.5291264230417414,1.0
