metric,pearson,pearson_ci_low,pearson_ci_high,spearman,kendall_tau_b,pairwise_accuracy
exact_match_spinach,0.739806538879629,0.7159234124165921,0.7626804456360636,0.6918619148807251,0.6524163600061678,0.7764926613599786
qcan-rouge-4-strict,0.6081831006846283,0.5835638134249265,0.6328099255785105,0.5876380456569179,0.49877892259180173,0.8224241487446845
qcan-rouge-4-flex,0.6009264455113366,0.5756768713446886,0.6253995169536868,0.567562266531442,0.47488826769281095,0.8144729197347899
qcan-bleu-strict,0.5690329883880465,0.5409498237020741,0.5965708410102009,0.5606699867798074,0.47191832278385176,0.8073116353588643
qcan-bleu-flex,0.5589243851485056,0.5311897322037369,0.5862207139790857,0.4962412918650692,0.39679703526290405,0.7762806113254914
rouge_4,0.4377718858566031,0.4065517646206114,0.4669322900919967,0.45909507421049,0.37797868223710307,0.7518337538086154
bleu,0.3444687549183145,0.30930562848298015,0.37636888719564143,0.36292927172442496,0.28296834068447135,0.6975009165532626
