better,baseline,delta_r,p_value
qcan-bleu-strict,bleu,0.09705358148988652,0.001
qcan-bleu-flex,bleu,0.08361828818269446,0.005333333333333333
qcan-bleu-strict,answerset_f1,-0.5798346158177015,1.0
qcan-bleu-flex,answerset_f1,-0.5932699091248935,1.0
